timestamp,elapsed_seconds,left_ear,right_ear,average_ear,smoothed_ear,eye_state,blink_event,blink_duration,face_detected
2026-08-11T19:11:42.942206,0.5363,0.3968,0.365883,0.381341,0.381341,OPEN,0,0.0,1
2026-08-11T19:11:43.146845,0.7427,0.413786,0.385168,0.399477,0.387689,OPEN,0,0.0,1
2026-08-11T19:11:43.180679,0.7763,0.411152,0.386313,0.398732,0.391554,OPEN,0,0.0,1
2026-08-11T19:11:43.204684,0.8128,0.40825,0.386136,0.397193,0.393528,OPEN,0,0.0,1
2026-08-11T19:11:43.255023,0.861,0.395125,0.388229,0.391677,0.39288,OPEN,0,0.0,1
2026-08-11T19:11:43.286424,0.8956,0.391666,0.387298,0.389482,0.391691,OPEN,0,0.0,1
2026-08-11T19:11:43.312197,0.9164,0.390889,0.387288,0.389089,0.39078,OPEN,0,0.0,1
2026-08-11T19:11:43.353294,0.9583,0.398344,0.386583,0.392464,0.391369,OPEN,0,0.0,1
2026-08-11T19:11:43.369921,0.9783,0.401193,0.386073,0.393633,0.392162,OPEN,0,0.0,1
2026-08-11T19:11:43.405915,1.0135,0.402702,0.385115,0.393909,0.392773,OPEN,0,0.0,1
2026-08-11T19:11:43.448451,1.0542,0.404577,0.391284,0.39793,0.394578,OPEN,0,0.0,1
2026-08-11T19:11:43.482407,1.0874,0.404694,0.392976,0.398835,0.396068,OPEN,0,0.0,1
2026-08-11T19:11:43.502098,1.1072,0.405175,0.394209,0.399692,0.397336,OPEN,0,0.0,1
2026-08-11T19:11:43.543808,1.1502,0.408055,0.397033,0.402544,0.399159,OPEN,0,0.0,1
2026-08-11T19:11:43.565254,1.1713,0.409544,0.39718,0.403362,0.40063,OPEN,0,0.0,1
2026-08-11T19:11:43.599768,1.2054,0.409818,0.398111,0.403965,0.401797,OPEN,0,0.0,1
2026-08-11T19:11:43.655690,1.2629,0.408871,0.39884,0.403856,0.402518,OPEN,0,0.0,1
2026-08-11T19:11:43.697026,1.2986,0.409507,0.401792,0.40565,0.403614,OPEN,0,0.0,1
2026-08-11T19:11:43.724185,1.3313,0.410158,0.405306,0.407732,0.405055,OPEN,0,0.0,1
2026-08-11T19:11:43.757866,1.3647,0.409183,0.404209,0.406696,0.40563,OPEN,0,0.0,1
2026-08-11T19:11:43.798462,1.4019,0.410691,0.40376,0.407226,0.406188,OPEN,0,0.0,1
2026-08-11T19:11:43.830827,1.4347,0.414085,0.406441,0.410263,0.407614,OPEN,0,0.0,1
2026-08-11T19:11:43.856825,1.461,0.427376,0.41046,0.418918,0.41157,OPEN,0,0.0,1
2026-08-11T19:11:43.885452,1.4872,0.420603,0.407374,0.413988,0.412417,OPEN,0,0.0,1
2026-08-11T19:11:43.904044,1.5112,0.421335,0.406665,0.414,0.412971,OPEN,0,0.0,1
2026-08-11T19:11:43.941557,1.549,0.40855,0.415881,0.412216,0.412706,OPEN,0,0.0,1
2026-08-11T19:11:43.977106,1.5839,0.390454,0.403966,0.39721,0.407283,OPEN,0,0.0,1
2026-08-11T19:11:43.998795,1.6042,0.387086,0.399633,0.39336,0.40241,OPEN,0,0.0,1
2026-08-11T19:11:44.069189,1.6661,0.3698,0.38858,0.37919,0.394283,OPEN,0,0.0,1
2026-08-11T19:11:44.096019,1.6987,0.377637,0.389581,0.383609,0.390547,OPEN,0,0.0,1
2026-08-11T19:11:44.122331,1.7212,0.375357,0.385529,0.380443,0.38701,OPEN,0,0.0,1
2026-08-11T19:11:44.150738,1.7548,0.384308,0.391321,0.387815,0.387292,OPEN,0,0.0,1
2026-08-11T19:11:44.171545,1.7765,0.391829,0.380425,0.386127,0.386884,OPEN,0,0.0,1
2026-08-11T19:11:44.206619,1.8093,0.396566,0.380077,0.388322,0.387387,OPEN,0,0.0,1
2026-08-11T19:11:44.247193,1.8511,0.366331,0.383205,0.374768,0.382971,OPEN,0,0.0,1
2026-08-11T19:11:44.265614,1.8727,0.359337,0.374949,0.367143,0.377431,OPEN,0,0.0,1
2026-08-11T19:11:44.303479,1.9114,0.35527,0.368228,0.361749,0.371942,OPEN,0,0.0,1
2026-08-11T19:11:44.346792,1.9538,0.39779,0.404899,0.401344,0.382233,OPEN,0,0.0,1
2026-08-11T19:11:44.368022,1.9724,0.400503,0.400228,0.400365,0.388579,OPEN,0,0.0,1
2026-08-11T19:11:44.385468,1.993,0.403082,0.400031,0.401557,0.393121,OPEN,0,0.0,1
2026-08-11T19:11:44.452040,2.0605,0.409873,0.416154,0.413014,0.400084,OPEN,0,0.0,1
2026-08-11T19:11:44.476235,2.0821,0.398911,0.410173,0.404542,0.401644,OPEN,0,0.0,1
2026-08-11T19:11:44.496470,2.1019,0.396868,0.407308,0.402088,0.401799,OPEN,0,0.0,1
2026-08-11T19:11:44.546658,2.1557,0.397423,0.383958,0.39069,0.397911,OPEN,0,0.0,1
2026-08-11T19:11:44.568306,2.1738,0.380881,0.371115,0.375998,0.390242,OPEN,0,0.0,1
2026-08-11T19:11:44.601212,2.2076,0.365721,0.364418,0.36507,0.381431,OPEN,0,0.0,1
2026-08-11T19:11:44.650851,2.2592,0.341131,0.255781,0.298456,0.35239,OPEN,0,0.0,1
2026-08-11T19:11:44.692045,2.2929,0.318688,0.226995,0.272842,0.324548,OPEN,0,0.0,1
2026-08-11T19:11:44.722901,2.3269,0.309331,0.215458,0.262394,0.302794,OPEN,0,0.0,1
2026-08-11T19:11:44.757837,2.3651,0.0,0.0,0.0,0.302794,OPEN,0,0.0,0
2026-08-11T19:11:44.799089,2.4044,0.337979,0.198934,0.268457,0.290776,OPEN,0,0.0,1
2026-08-11T19:11:44.845420,2.4399,0.353778,0.242213,0.297995,0.293303,OPEN,0,0.0,1
2026-08-11T19:11:44.867296,2.4708,0.333292,0.333536,0.333414,0.307342,OPEN,0,0.0,1
2026-08-11T19:11:44.883386,2.4923,0.410314,0.302316,0.356315,0.324482,OPEN,0,0.0,1
2026-08-11T19:11:44.905110,2.5118,0.419383,0.329303,0.374343,0.341934,OPEN,0,0.0,1
2026-08-11T19:11:44.951277,2.5575,0.395275,0.338508,0.366892,0.350669,OPEN,0,0.0,1
2026-08-11T19:11:44.993443,2.5974,0.351383,0.252497,0.30194,0.333614,OPEN,0,0.0,1
2026-08-11T19:11:45.024853,2.6308,0.376372,0.300052,0.338212,0.335223,OPEN,0,0.0,1
2026-08-11T19:11:45.046704,2.6531,0.500804,0.429522,0.465163,0.380702,OPEN,0,0.0,1
2026-08-11T19:11:45.089194,2.6928,0.471056,0.389091,0.430074,0.397982,OPEN,0,0.0,1
2026-08-11T19:11:45.119726,2.726,0.441803,0.366093,0.403948,0.40007,OPEN,0,0.0,1
2026-08-11T19:11:45.163660,2.7708,0.355741,0.264601,0.310171,0.368606,OPEN,0,0.0,1
2026-08-11T19:11:45.194776,2.8041,0.366015,0.273039,0.319527,0.351428,OPEN,0,0.0,1
2026-08-11T19:11:45.214553,2.8216,0.375566,0.293516,0.334541,0.345517,OPEN,0,0.0,1
2026-08-11T19:11:45.249589,2.8585,0.335342,0.362425,0.348883,0.346696,OPEN,0,0.0,1
2026-08-11T19:11:45.265852,2.8755,0.399125,0.376683,0.387904,0.361119,OPEN,0,0.0,1
2026-08-11T19:11:45.289530,2.8947,0.392234,0.37318,0.382707,0.368675,OPEN,0,0.0,1
2026-08-11T19:11:45.353728,2.958,0.402256,0.333932,0.368094,0.368471,OPEN,0,0.0,1
2026-08-11T19:11:45.388834,2.9928,0.383335,0.323008,0.353172,0.363116,OPEN,0,0.0,1
2026-08-11T19:11:45.423894,3.0293,0.388584,0.325753,0.357168,0.361035,OPEN,0,0.0,1
2026-08-11T19:11:45.459632,3.0678,0.423172,0.35207,0.387621,0.37034,OPEN,0,0.0,1
2026-08-11T19:11:45.493333,3.1023,0.402127,0.344706,0.373416,0.371417,OPEN,0,0.0,1
2026-08-11T19:11:45.512144,3.1201,0.408369,0.340698,0.374533,0.372507,OPEN,0,0.0,1
2026-08-11T19:11:45.556961,3.1662,0.425895,0.41085,0.418373,0.38856,OPEN,0,0.0,1
2026-08-11T19:11:45.579000,3.1842,0.430728,0.417482,0.424105,0.401001,OPEN,0,0.0,1
2026-08-11T19:11:45.608861,3.2175,0.42142,0.405321,0.41337,0.40533,OPEN,0,0.0,1
2026-08-11T19:11:45.655170,3.2644,0.386991,0.387378,0.387184,0.398979,OPEN,0,0.0,1
2026-08-11T19:11:45.677158,3.2831,0.381261,0.37281,0.377036,0.391299,OPEN,0,0.0,1
2026-08-11T19:11:45.700722,3.3033,0.381329,0.369118,0.375223,0.385672,OPEN,0,0.0,1
2026-08-11T19:11:45.747061,3.3562,0.386662,0.388562,0.387612,0.386351,OPEN,0,0.0,1
2026-08-11T19:11:45.765428,3.3719,0.393772,0.392889,0.393331,0.388794,OPEN,0,0.0,1
2026-08-11T19:11:45.802084,3.4057,0.405319,0.397688,0.401504,0.393242,OPEN,0,0.0,1
2026-08-11T19:11:45.850216,3.4589,0.434898,0.417928,0.426413,0.404852,OPEN,0,0.0,1
2026-08-11T19:11:45.890971,3.4938,0.426413,0.401945,0.414179,0.408117,OPEN,0,0.0,1
2026-08-11T19:11:45.920170,3.5257,0.423427,0.399164,0.411295,0.409229,OPEN,0,0.0,1
2026-08-11T19:11:45.960560,3.5687,0.416996,0.404028,0.410512,0.409678,OPEN,0,0.0,1
2026-08-11T19:11:45.986638,3.5935,0.404864,0.387097,0.39598,0.404884,OPEN,0,0.0,1
2026-08-11T19:11:46.007089,3.6132,0.409589,0.390493,0.400041,0.403189,OPEN,0,0.0,1
2026-08-11T19:11:46.056714,3.6594,0.436483,0.42122,0.428851,0.412171,OPEN,0,0.0,1
2026-08-11T19:11:46.087590,3.6944,0.430671,0.413887,0.422279,0.415709,OPEN,0,0.0,1
2026-08-11T19:11:46.126172,3.7311,0.42283,0.405422,0.414126,0.415155,OPEN,0,0.0,1
2026-08-11T19:11:46.160443,3.7686,0.421259,0.406365,0.413812,0.414685,OPEN,0,0.0,1
2026-08-11T19:11:46.181083,3.7859,0.42342,0.408735,0.416078,0.415172,OPEN,0,0.0,1
2026-08-11T19:11:46.214268,3.8193,0.421501,0.407601,0.414551,0.414955,OPEN,0,0.0,1
2026-08-11T19:11:46.243496,3.8528,0.413641,0.408468,0.411055,0.41359,OPEN,0,0.0,1
2026-08-11T19:11:46.265580,3.8706,0.40387,0.403238,0.403554,0.410077,OPEN,0,0.0,1
2026-08-11T19:11:46.283204,3.8909,0.397038,0.402488,0.399763,0.406467,OPEN,0,0.0,1
2026-08-11T19:11:46.361597,3.9696,0.40609,0.409215,0.407653,0.406882,OPEN,0,0.0,1
2026-08-11T19:11:46.388338,3.9931,0.4037,0.406568,0.405134,0.40627,OPEN,0,0.0,1
2026-08-11T19:11:46.405702,4.0131,0.401491,0.404779,0.403135,0.405173,OPEN,0,0.0,1
2026-08-11T19:11:46.449655,4.0585,0.388332,0.400546,0.394439,0.401416,OPEN,0,0.0,1
2026-08-11T19:11:46.466677,4.0761,0.387258,0.395354,0.391306,0.397877,OPEN,0,0.0,1
2026-08-11T19:11:46.490226,4.0945,0.392808,0.394693,0.393751,0.396433,OPEN,0,0.0,1
2026-08-11T19:11:46.553808,4.1587,0.4174,0.396461,0.40693,0.400107,OPEN,0,0.0,1
2026-08-11T19:11:46.573755,4.1789,0.42176,0.396581,0.409171,0.403279,OPEN,0,0.0,1
2026-08-11T19:11:46.606432,4.2116,0.42227,0.39581,0.40904,0.405296,OPEN,0,0.0,1
2026-08-11T19:11:46.651193,4.2554,0.421091,0.400661,0.410876,0.407249,OPEN,0,0.0,1
2026-08-11T19:11:46.689970,4.2948,0.419219,0.399539,0.409379,0.407994,OPEN,0,0.0,1
2026-08-11T19:11:46.714577,4.3191,0.411984,0.398727,0.405355,0.407071,OPEN,0,0.0,1
2026-08-11T19:11:46.763921,4.3661,0.406904,0.390584,0.398744,0.404156,OPEN,0,0.0,1
2026-08-11T19:11:46.793445,4.3901,0.405526,0.389846,0.397686,0.401892,OPEN,0,0.0,1
2026-08-11T19:11:46.817121,4.4183,0.401687,0.385827,0.393757,0.399044,OPEN,0,0.0,1
2026-08-11T19:11:46.858822,4.4619,0.219859,0.177748,0.198804,0.32896,OPEN,0,0.0,1
2026-08-11T19:11:46.891544,4.4953,0.205249,0.14421,0.174729,0.274979,OPEN,0,0.0,1
2026-08-11T19:11:46.921202,4.5276,0.202778,0.138237,0.170507,0.238414,CLOSING,0,0.0,1
2026-08-11T19:11:46.954184,4.5616,0.2794,0.274585,0.276992,0.251917,OPEN,0,0.0,1
2026-08-11T19:11:46.994592,4.6016,0.324006,0.339293,0.33165,0.279823,OPEN,0,0.0,1
2026-08-11T19:11:47.027264,4.6354,0.346192,0.367145,0.356668,0.306719,OPEN,0,0.0,1
2026-08-11T19:11:47.059626,4.6691,0.412448,0.39434,0.403394,0.340555,OPEN,0,0.0,1
2026-08-11T19:11:47.084241,4.6901,0.430865,0.404517,0.417691,0.367553,OPEN,0,0.0,1
2026-08-11T19:11:47.122010,4.7263,0.438823,0.408746,0.423784,0.387234,OPEN,0,0.0,1
2026-08-11T19:11:47.167194,4.7761,0.448951,0.418937,0.433944,0.403582,OPEN,0,0.0,1
2026-08-11T19:11:47.184611,4.7943,0.453232,0.42401,0.438621,0.415846,OPEN,0,0.0,1
2026-08-11T19:11:47.208747,4.8123,0.454752,0.42675,0.440751,0.424563,OPEN,0,0.0,1
2026-08-11T19:11:47.251488,4.8602,0.44843,0.423256,0.435843,0.428511,OPEN,0,0.0,1
2026-08-11T19:11:47.268788,4.8774,0.446603,0.422484,0.434544,0.430622,OPEN,0,0.0,1
2026-08-11T19:11:47.289964,4.8944,0.445778,0.42216,0.433969,0.431794,OPEN,0,0.0,1
2026-08-11T19:11:47.351090,4.957,0.43753,0.419022,0.428276,0.430562,OPEN,0,0.0,1
2026-08-11T19:11:47.368780,4.9763,0.435239,0.413038,0.424139,0.428314,OPEN,0,0.0,1
2026-08-11T19:11:47.390465,4.9943,0.433872,0.409809,0.42184,0.426048,OPEN,0,0.0,1
2026-08-11T19:11:47.475639,5.078,0.44114,0.41756,0.42935,0.427204,OPEN,0,0.0,1
2026-08-11T19:11:47.506354,5.1108,0.441994,0.419198,0.430596,0.428391,OPEN,0,0.0,1
2026-08-11T19:11:47.529272,5.1319,0.442176,0.421186,0.431681,0.429543,OPEN,0,0.0,1
2026-08-11T19:11:47.569309,5.1702,0.442055,0.423958,0.433006,0.430755,OPEN,0,0.0,1
2026-08-11T19:11:47.593511,5.1953,0.44587,0.427267,0.436568,0.43279,OPEN,0,0.0,1
2026-08-11T19:11:47.620374,5.2187,0.44806,0.432775,0.440417,0.435459,OPEN,0,0.0,1
2026-08-11T19:11:47.656303,5.2607,0.445082,0.43014,0.437611,0.436212,OPEN,0,0.0,1
2026-08-11T19:11:47.676942,5.2842,0.439846,0.427271,0.433559,0.435284,OPEN,0,0.0,1
2026-08-11T19:11:47.713181,5.3187,0.435917,0.426188,0.431053,0.433803,OPEN,0,0.0,1
2026-08-11T19:11:47.749332,5.3584,0.43679,0.437474,0.437132,0.434968,OPEN,0,0.0,1
2026-08-11T19:11:47.768623,5.3768,0.437183,0.436158,0.436671,0.435564,OPEN,0,0.0,1
2026-08-11T19:11:47.789459,5.3947,0.436829,0.436018,0.436423,0.435865,OPEN,0,0.0,1
2026-08-11T19:11:47.867311,5.4703,0.437702,0.427723,0.432712,0.434761,OPEN,0,0.0,1
2026-08-11T19:11:47.885054,5.4928,0.436118,0.42471,0.430414,0.43324,OPEN,0,0.0,1
2026-08-11T19:11:47.906332,5.5111,0.432931,0.421648,0.427289,0.431157,OPEN,0,0.0,1
2026-08-11T19:11:47.961054,5.5689,0.420688,0.41483,0.417759,0.426468,OPEN,0,0.0,1
2026-08-11T19:11:47.980054,5.5853,0.415391,0.411894,0.413642,0.421979,OPEN,0,0.0,1
2026-08-11T19:11:48.013528,5.6183,0.411886,0.409896,0.410891,0.418098,OPEN,0,0.0,1
2026-08-11T19:11:48.050582,5.6589,0.412332,0.406749,0.409541,0.415103,OPEN,0,0.0,1
2026-08-11T19:11:48.090292,5.6954,0.412934,0.405158,0.409046,0.412983,OPEN,0,0.0,1
2026-08-11T19:11:48.109341,5.7148,0.413329,0.40399,0.408659,0.41147,OPEN,0,0.0,1
2026-08-11T19:11:48.150819,5.76,0.412408,0.404965,0.408687,0.410496,OPEN,0,0.0,1
2026-08-11T19:11:48.169639,5.7777,0.412447,0.404624,0.408535,0.40981,OPEN,0,0.0,1
2026-08-11T19:11:48.192657,5.7967,0.414092,0.405068,0.40958,0.409729,OPEN,0,0.0,1
2026-08-11T19:11:48.270019,5.8728,0.414729,0.406643,0.410686,0.410064,OPEN,0,0.0,1
2026-08-11T19:11:48.305328,5.9111,0.411108,0.408118,0.409613,0.409906,OPEN,0,0.0,1
2026-08-11T19:11:48.340055,5.9444,0.405206,0.407654,0.40643,0.408689,OPEN,0,0.0,1
2026-08-11T19:11:48.359519,5.9654,0.405915,0.403847,0.404881,0.407356,OPEN,0,0.0,1
2026-08-11T19:11:48.382149,5.9867,0.406628,0.40072,0.403674,0.406067,OPEN,0,0.0,1
2026-08-11T19:11:48.412433,6.0172,0.407056,0.397575,0.402316,0.404754,OPEN,0,0.0,1
2026-08-11T19:11:48.454640,6.0639,0.304312,0.273456,0.288884,0.3642,OPEN,0,0.0,1
2026-08-11T19:11:48.474863,6.0814,0.299494,0.259372,0.279433,0.334531,OPEN,0,0.0,1
2026-08-11T19:11:48.495913,6.1005,0.301199,0.247743,0.274471,0.31351,OPEN,0,0.0,1
2026-08-11T19:11:48.548460,6.1555,0.316648,0.28208,0.299364,0.308559,OPEN,0,0.0,1
2026-08-11T19:11:48.563865,6.1728,0.32204,0.28932,0.30568,0.307551,OPEN,0,0.0,1
2026-08-11T19:11:48.588871,6.1932,0.326181,0.295165,0.310673,0.308644,OPEN,0,0.0,1
2026-08-11T19:11:48.671351,6.2774,0.332333,0.324355,0.328344,0.315539,OPEN,0,0.0,1
2026-08-11T19:11:48.710286,6.3115,0.338466,0.330866,0.334666,0.322233,OPEN,0,0.0,1
2026-08-11T19:11:48.731897,6.3356,0.342593,0.333824,0.338209,0.327825,OPEN,0,0.0,1
2026-08-11T19:11:48.764990,6.3693,0.351299,0.356234,0.353767,0.336904,OPEN,0,0.0,1
2026-08-11T19:11:48.799312,6.4023,0.359675,0.369958,0.364816,0.346674,OPEN,0,0.0,1
2026-08-11T19:11:48.817445,6.4248,0.363619,0.376782,0.3702,0.354908,OPEN,0,0.0,1
2026-08-11T19:11:48.850516,6.4589,0.36553,0.380276,0.372903,0.361206,OPEN,0,0.0,1
2026-08-11T19:11:48.875590,6.4798,0.366674,0.381906,0.37429,0.365785,OPEN,0,0.0,1
2026-08-11T19:11:48.905484,6.5109,0.369216,0.388045,0.37863,0.370281,OPEN,0,0.0,1
2026-08-11T19:11:48.952510,6.5613,0.373003,0.389132,0.381068,0.374056,OPEN,0,0.0,1
2026-08-11T19:11:48.969823,6.5779,0.372099,0.386959,0.379529,0.375972,OPEN,0,0.0,1
2026-08-11T19:11:48.995005,6.5984,0.373743,0.384548,0.379146,0.377083,OPEN,0,0.0,1
2026-08-11T19:11:49.062531,6.6688,0.394814,0.39467,0.394742,0.383264,OPEN,0,0.0,1
2026-08-11T19:11:49.095760,6.7019,0.403281,0.399705,0.401493,0.389644,OPEN,0,0.0,1
2026-08-11T19:11:49.130944,6.7368,0.407602,0.401755,0.404679,0.394906,OPEN,0,0.0,1
2026-08-11T19:11:49.166083,6.7698,0.407572,0.402106,0.404839,0.398383,OPEN,0,0.0,1
2026-08-11T19:11:49.197815,6.8028,0.421475,0.408632,0.415053,0.404217,OPEN,0,0.0,1
2026-08-11T19:11:49.217967,6.8243,0.425338,0.41112,0.418229,0.409121,OPEN,0,0.0,1
2026-08-11T19:11:49.261057,6.8658,0.424,0.414343,0.419172,0.412639,OPEN,0,0.0,1
2026-08-11T19:11:49.280415,6.8864,0.424269,0.419462,0.421865,0.415868,OPEN,0,0.0,1
2026-08-11T19:11:49.295194,6.9049,0.424736,0.422753,0.423744,0.418625,OPEN,0,0.0,1
2026-08-11T19:11:49.369735,6.9735,0.405738,0.405711,0.405724,0.41411,OPEN,0,0.0,1
2026-08-11T19:11:49.405129,7.0063,0.403726,0.402477,0.403102,0.410257,OPEN,0,0.0,1
2026-08-11T19:11:49.425718,7.0309,0.402787,0.401523,0.402155,0.407421,OPEN,0,0.0,1
2026-08-11T19:11:49.462507,7.0715,0.406873,0.410188,0.40853,0.40781,OPEN,0,0.0,1
2026-08-11T19:11:49.495232,7.104,0.404231,0.409915,0.407073,0.407552,OPEN,0,0.0,1
2026-08-11T19:11:49.517862,7.1227,0.404932,0.410919,0.407926,0.407683,OPEN,0,0.0,1
2026-08-11T19:11:49.559972,7.167,0.40276,0.403294,0.403027,0.406053,OPEN,0,0.0,1
2026-08-11T19:11:49.592865,7.2015,0.403858,0.401108,0.402483,0.404803,OPEN,0,0.0,1
2026-08-11T19:11:49.615065,7.2202,0.404637,0.400557,0.402597,0.404031,OPEN,0,0.0,1
2026-08-11T19:11:49.666470,7.267,0.409471,0.403579,0.406525,0.404904,OPEN,0,0.0,1
2026-08-11T19:11:49.694784,7.2998,0.412434,0.40507,0.408752,0.406251,OPEN,0,0.0,1
2026-08-11T19:11:49.714844,7.3218,0.413128,0.406164,0.409646,0.407439,OPEN,0,0.0,1
2026-08-11T19:11:49.765622,7.3749,0.410665,0.399753,0.405209,0.406659,OPEN,0,0.0,1
2026-08-11T19:11:49.782926,7.3918,0.409857,0.397048,0.403453,0.405536,OPEN,0,0.0,1
2026-08-11T19:11:49.804568,7.4093,0.407499,0.394279,0.400889,0.40391,OPEN,0,0.0,1
2026-08-11T19:11:49.861716,7.4695,0.401798,0.393824,0.397811,0.401775,OPEN,0,0.0,1
2026-08-11T19:11:49.887054,7.4937,0.404028,0.39489,0.399459,0.400964,OPEN,0,0.0,1
2026-08-11T19:11:49.920003,7.5253,0.405491,0.39629,0.40089,0.400939,OPEN,0,0.0,1
2026-08-11T19:11:49.958378,7.5655,0.328687,0.283677,0.306182,0.367774,OPEN,0,0.0,1
2026-08-11T19:11:50.000888,7.6061,0.297955,0.255304,0.27663,0.335873,OPEN,0,0.0,1
2026-08-11T19:11:50.037550,7.6407,0.289708,0.248324,0.269016,0.312473,OPEN,0,0.0,1
2026-08-11T19:11:50.074061,7.6772,0.326042,0.275506,0.300774,0.308379,OPEN,0,0.0,1
2026-08-11T19:11:50.107528,7.7116,0.345571,0.291353,0.318462,0.311908,OPEN,0,0.0,1
2026-08-11T19:11:50.132495,7.7337,0.356833,0.299806,0.32832,0.317652,OPEN,0,0.0,1
2026-08-11T19:11:50.171327,7.7742,0.399972,0.378638,0.389305,0.34273,OPEN,0,0.0,1
2026-08-11T19:11:50.189935,7.7967,0.408116,0.396741,0.402429,0.363625,OPEN,0,0.0,1
2026-08-11T19:11:50.225317,7.8314,0.411699,0.405715,0.408707,0.379404,OPEN,0,0.0,1
2026-08-11T19:11:50.268016,7.8745,0.420993,0.409146,0.41507,0.391887,OPEN,0,0.0,1
2026-08-11T19:11:50.306607,7.9099,0.424069,0.408676,0.416373,0.400457,OPEN,0,0.0,1
2026-08-11T19:11:50.330204,7.9325,0.425043,0.407018,0.41603,0.405907,OPEN,0,0.0,1
2026-08-11T19:11:50.357533,7.9625,0.425457,0.406354,0.415906,0.409407,OPEN,0,0.0,1
2026-08-11T19:11:50.378739,7.9829,0.424603,0.408401,0.416502,0.41189,OPEN,0,0.0,1
2026-08-11T19:11:50.402566,8.0036,0.423781,0.409283,0.416532,0.413515,OPEN,0,0.0,1
2026-08-11T19:11:50.453608,8.0625,0.405266,0.398862,0.402064,0.409507,OPEN,0,0.0,1
2026-08-11T19:11:50.476374,8.0821,0.408834,0.398625,0.40373,0.407485,OPEN,0,0.0,1
2026-08-11T19:11:50.506890,8.1155,0.410354,0.397274,0.403814,0.4062,OPEN,0,0.0,1
2026-08-11T19:11:50.569972,8.1732,0.424114,0.398335,0.411225,0.407959,OPEN,0,0.0,1
2026-08-11T19:11:50.588847,8.1948,0.423249,0.398535,0.410892,0.408986,OPEN,0,0.0,1
2026-08-11T19:11:50.622398,8.2292,0.422761,0.3987,0.41073,0.409596,OPEN,0,0.0,1
2026-08-11T19:11:50.663143,8.2671,0.419014,0.394451,0.406732,0.408594,OPEN,0,0.0,1
2026-08-11T19:11:50.699987,8.3016,0.419793,0.393752,0.406772,0.407956,OPEN,0,0.0,1
2026-08-11T19:11:50.733882,8.3359,0.420755,0.393286,0.40702,0.407629,OPEN,0,0.0,1
2026-08-11T19:11:50.767553,8.3715,0.422785,0.39673,0.409758,0.408374,OPEN,0,0.0,1
2026-08-11T19:11:50.783331,8.3919,0.421004,0.397988,0.409496,0.408767,OPEN,0,0.0,1
2026-08-11T19:11:50.806353,8.4094,0.420442,0.399336,0.409889,0.409159,OPEN,0,0.0,1
2026-08-11T19:11:50.850736,8.4592,0.41842,0.404273,0.411347,0.409925,OPEN,0,0.0,1
2026-08-11T19:11:50.892156,8.4937,0.419095,0.405769,0.412432,0.410802,OPEN,0,0.0,1
2026-08-11T19:11:50.921076,8.5282,0.419483,0.407653,0.413568,0.41177,OPEN,0,0.0,1
2026-08-11T19:11:50.966541,8.5756,0.423249,0.404189,0.413719,0.412452,OPEN,0,0.0,1
2026-08-11T19:11:51.006894,8.6129,0.424246,0.399869,0.412058,0.412314,OPEN,0,0.0,1
2026-08-11T19:11:51.040035,8.6476,0.424317,0.39728,0.410798,0.411784,OPEN,0,0.0,1
2026-08-11T19:11:51.062118,8.6663,0.427328,0.401436,0.414382,0.412693,OPEN,0,0.0,1
2026-08-11T19:11:51.094658,8.6992,0.431046,0.403247,0.417147,0.414252,OPEN,0,0.0,1
2026-08-11T19:11:51.113563,8.7195,0.433152,0.404743,0.418948,0.415895,OPEN,0,0.0,1
2026-08-11T19:11:51.160571,8.7666,0.43333,0.404828,0.419079,0.417009,OPEN,0,0.0,1
2026-08-11T19:11:51.192467,8.8004,0.435275,0.405018,0.420147,0.418107,OPEN,0,0.0,1
2026-08-11T19:11:51.225711,8.8346,0.435943,0.405213,0.420578,0.418972,OPEN,0,0.0,1
2026-08-11T19:11:51.258818,8.8633,0.430119,0.404051,0.417085,0.418312,OPEN,0,0.0,1
2026-08-11T19:11:51.293235,8.9023,0.422669,0.402983,0.412826,0.416392,OPEN,0,0.0,1
2026-08-11T19:11:51.313657,8.9181,0.421066,0.40263,0.411848,0.414801,OPEN,0,0.0,1
2026-08-11T19:11:51.366398,8.9724,0.428664,0.417855,0.423259,0.417762,OPEN,0,0.0,1
2026-08-11T19:11:51.403660,9.006,0.433184,0.42263,0.427907,0.421313,OPEN,0,0.0,1
2026-08-11T19:11:51.436663,9.0407,0.436108,0.423863,0.429985,0.424348,OPEN,0,0.0,1
2026-08-11T19:11:51.469771,9.0739,0.433358,0.420968,0.427163,0.425333,OPEN,0,0.0,1
2026-08-11T19:11:51.490247,9.0952,0.434146,0.421204,0.427675,0.426153,OPEN,0,0.0,1
2026-08-11T19:11:51.522631,9.1291,0.434111,0.419231,0.426671,0.426334,OPEN,0,0.0,1
2026-08-11T19:11:51.562351,9.169,0.432251,0.415231,0.423741,0.425427,OPEN,0,0.0,1
2026-08-11T19:11:51.596449,9.201,0.425468,0.409476,0.417472,0.422643,OPEN,0,0.0,1
2026-08-11T19:11:51.626819,9.2353,0.422308,0.404663,0.413485,0.419438,OPEN,0,0.0,1
2026-08-11T19:11:51.674479,9.2765,0.424936,0.406609,0.415772,0.418155,OPEN,0,0.0,1
2026-08-11T19:11:51.703909,9.312,0.425851,0.407518,0.416684,0.41764,OPEN,0,0.0,1
2026-08-11T19:11:51.739349,9.3463,0.426258,0.407936,0.417097,0.41745,OPEN,0,0.0,1
2026-08-11T19:11:51.774837,9.3826,0.43465,0.392934,0.413792,0.41617,OPEN,0,0.0,1
2026-08-11T19:11:51.794684,9.4,0.428276,0.367948,0.398112,0.40985,OPEN,0,0.0,1
2026-08-11T19:11:51.830667,9.4346,0.427669,0.360177,0.393923,0.404275,OPEN,0,0.0,1
2026-08-11T19:11:51.864745,9.4675,0.423681,0.365463,0.394572,0.400879,OPEN,0,0.0,1
2026-08-11T19:11:51.898510,9.5014,0.416826,0.363308,0.390067,0.397095,OPEN,0,0.0,1
2026-08-11T19:11:51.933774,9.5358,0.411043,0.364496,0.387769,0.393831,OPEN,0,0.0,1
2026-08-11T19:11:51.966364,9.5695,0.40909,0.370501,0.389796,0.392419,OPEN,0,0.0,1
2026-08-11T19:11:52.007184,9.6105,0.410801,0.373418,0.39211,0.392311,OPEN,0,0.0,1
2026-08-11T19:11:52.026920,9.6316,0.412939,0.377369,0.395154,0.393306,OPEN,0,0.0,1
2026-08-11T19:11:52.076110,9.6836,0.424289,0.385681,0.404985,0.397393,OPEN,0,0.0,1
2026-08-11T19:11:52.109394,9.7181,0.422514,0.385498,0.404006,0.399708,OPEN,0,0.0,1
2026-08-11T19:11:52.132635,9.7369,0.422197,0.385682,0.40394,0.401189,OPEN,0,0.0,1
2026-08-11T19:11:52.168573,9.7734,0.420519,0.390616,0.405567,0.402721,OPEN,0,0.0,1
2026-08-11T19:11:52.202813,9.8081,0.420639,0.393371,0.407005,0.404221,OPEN,0,0.0,1
2026-08-11T19:11:52.237005,9.8413,0.420542,0.39451,0.407526,0.405378,OPEN,0,0.0,1
2026-08-11T19:11:52.268699,9.8744,0.416127,0.393806,0.404966,0.405234,OPEN,0,0.0,1
2026-08-11T19:11:52.302761,9.9088,0.414695,0.394133,0.404414,0.404947,OPEN,0,0.0,1
2026-08-11T19:11:52.344600,9.9482,0.413905,0.39438,0.404143,0.404665,OPEN,0,0.0,1
2026-08-11T19:11:52.372438,9.9808,0.418828,0.411069,0.414949,0.408264,OPEN,0,0.0,1
2026-08-11T19:11:52.406432,10.0143,0.422545,0.418721,0.420633,0.412593,OPEN,0,0.0,1
2026-08-11T19:11:52.422315,10.0303,0.423946,0.42171,0.422828,0.416176,OPEN,0,0.0,1
2026-08-11T19:11:52.466878,10.0753,0.425418,0.412675,0.419047,0.41718,OPEN,0,0.0,1
2026-08-11T19:11:52.484548,10.0926,0.425885,0.408925,0.417405,0.417259,OPEN,0,0.0,1
2026-08-11T19:11:52.508998,10.114,0.427226,0.406881,0.417054,0.417187,OPEN,0,0.0,1
2026-08-11T19:11:52.573805,10.1806,0.419227,0.399946,0.409587,0.414527,OPEN,0,0.0,1
2026-08-11T19:11:52.608423,10.2154,0.417121,0.399844,0.408482,0.412411,OPEN,0,0.0,1
2026-08-11T19:11:52.642244,10.2496,0.41578,0.401072,0.408426,0.411017,OPEN,0,0.0,1
2026-08-11T19:11:52.662062,10.267,0.41591,0.3991,0.407505,0.409788,OPEN,0,0.0,1
2026-08-11T19:11:52.696411,10.3002,0.416137,0.398188,0.407163,0.408869,OPEN,0,0.0,1
2026-08-11T19:11:52.727629,10.3329,0.416525,0.396926,0.406726,0.408119,OPEN,0,0.0,1
2026-08-11T19:11:52.759608,10.3685,0.419143,0.396731,0.407937,0.408055,OPEN,0,0.0,1
2026-08-11T19:11:52.875598,10.4781,0.430017,0.397697,0.413857,0.410086,OPEN,0,0.0,1
2026-08-11T19:11:52.905964,10.5129,0.429022,0.396505,0.412763,0.411023,OPEN,0,0.0,1
2026-08-11T19:11:52.967183,10.5739,0.422795,0.395339,0.409067,0.410338,OPEN,0,0.0,1
2026-08-11T19:11:52.996121,10.5996,0.420566,0.394664,0.407615,0.409385,OPEN,0,0.0,1
2026-08-11T19:11:53.020117,10.6237,0.420003,0.394796,0.4074,0.40869,OPEN,0,0.0,1
2026-08-11T19:11:53.069426,10.6737,0.426065,0.391987,0.409026,0.408808,OPEN,0,0.0,1
2026-08-11T19:11:53.103718,10.712,0.430381,0.391198,0.41079,0.409502,OPEN,0,0.0,1
2026-08-11T19:11:53.121440,10.7301,0.43263,0.391321,0.411975,0.410367,OPEN,0,0.0,1
2026-08-11T19:11:53.156549,10.7657,0.43225,0.393576,0.412913,0.411258,OPEN,0,0.0,1
2026-08-11T19:11:53.180396,10.7849,0.432198,0.394646,0.413422,0.412016,OPEN,0,0.0,1
2026-08-11T19:11:53.200191,10.8048,0.433061,0.395386,0.414224,0.412788,OPEN,0,0.0,1
2026-08-11T19:11:53.220796,10.8265,0.433705,0.39658,0.415142,0.413612,OPEN,0,0.0,1
2026-08-11T19:11:53.275602,10.8828,0.427202,0.393115,0.410159,0.412404,OPEN,0,0.0,1
2026-08-11T19:11:53.313781,10.9184,0.42571,0.394137,0.409924,0.411536,OPEN,0,0.0,1
2026-08-11T19:11:53.363583,10.9717,0.385144,0.324508,0.354826,0.391687,OPEN,0,0.0,1
2026-08-11T19:11:53.385403,10.9898,0.3751,0.314328,0.344714,0.375247,OPEN,0,0.0,1
2026-08-11T19:11:53.419355,11.0234,0.36862,0.308459,0.338539,0.362399,OPEN,0,0.0,1
2026-08-11T19:11:53.463437,11.0714,0.399895,0.34061,0.370252,0.365148,OPEN,0,0.0,1
2026-08-11T19:11:53.481254,11.0876,0.405472,0.344569,0.37502,0.368603,OPEN,0,0.0,1
2026-08-11T19:11:53.502917,11.1077,0.408988,0.348684,0.378836,0.372185,OPEN,0,0.0,1
2026-08-11T19:11:53.558097,11.167,0.415157,0.388007,0.401582,0.382474,OPEN,0,0.0,1
2026-08-11T19:11:53.577348,11.1849,0.419387,0.396939,0.408163,0.391465,OPEN,0,0.0,1
2026-08-11T19:11:53.599494,11.2036,0.421527,0.40304,0.412284,0.398752,OPEN,0,0.0,1
2026-08-11T19:11:53.631325,11.2397,0.422977,0.406907,0.414942,0.404418,OPEN,0,0.0,1
2026-08-11T19:11:53.677931,11.281,0.427551,0.406177,0.416864,0.408774,OPEN,0,0.0,1
2026-08-11T19:11:53.709559,11.3139,0.429013,0.405724,0.417368,0.411782,OPEN,0,0.0,1
2026-08-11T19:11:53.763960,11.371,0.434397,0.416779,0.425588,0.416614,OPEN,0,0.0,1
2026-08-11T19:11:53.799763,11.4046,0.437155,0.424127,0.430641,0.421524,OPEN,0,0.0,1
2026-08-11T19:11:53.831768,11.4369,0.438906,0.42684,0.432873,0.425496,OPEN,0,0.0,1
2026-08-11T19:11:53.866552,11.4738,0.441347,0.42858,0.434964,0.42881,OPEN,0,0.0,1
2026-08-11T19:11:53.896029,11.504,0.444817,0.429563,0.43719,0.431743,OPEN,0,0.0,1
2026-08-11T19:11:53.914319,11.5214,0.445843,0.429801,0.437822,0.433871,OPEN,0,0.0,1
2026-08-11T19:11:53.972756,11.5797,0.328244,0.324586,0.326415,0.396261,OPEN,0,0.0,1
2026-08-11T19:11:53.988688,11.5972,0.332448,0.319669,0.326058,0.37169,OPEN,0,0.0,1
2026-08-11T19:11:54.021372,11.6302,0.333809,0.318444,0.326126,0.355743,OPEN,0,0.0,1
2026-08-11T19:11:54.043733,11.6495,0.337573,0.31975,0.328661,0.346264,OPEN,0,0.0,1
2026-08-11T19:11:54.079628,11.6882,0.380013,0.358956,0.369485,0.354391,OPEN,0,0.0,1
2026-08-11T19:11:54.109668,11.7152,0.393233,0.373017,0.383125,0.364448,OPEN,0,0.0,1
2026-08-11T19:11:54.166829,11.7716,0.408909,0.389262,0.399085,0.376571,OPEN,0,0.0,1
2026-08-11T19:11:54.194793,11.7996,0.412172,0.392499,0.402336,0.385589,OPEN,0,0.0,1
2026-08-11T19:11:54.227158,11.8324,0.413505,0.394691,0.404098,0.392067,OPEN,0,0.0,1
2026-08-11T19:11:54.262683,11.8674,0.420945,0.413599,0.417272,0.400889,OPEN,0,0.0,1
2026-08-11T19:11:54.296677,11.902,0.423383,0.414101,0.418742,0.407137,OPEN,0,0.0,1
2026-08-11T19:11:54.315755,11.9211,0.423751,0.414552,0.419151,0.411342,OPEN,0,0.0,1
2026-08-11T19:11:54.385461,11.9875,0.435448,0.424279,0.429864,0.417825,OPEN,0,0.0,1
2026-08-11T19:11:54.413908,12.0214,0.43845,0.425203,0.431826,0.422725,OPEN,0,0.0,1
2026-08-11T19:11:54.448062,12.0563,0.43937,0.423483,0.431427,0.425771,OPEN,0,0.0,1
2026-08-11T19:11:54.470306,12.074,0.439922,0.422964,0.431443,0.427756,OPEN,0,0.0,1
2026-08-11T19:11:54.503407,12.1074,0.404964,0.360183,0.382573,0.411942,OPEN,0,0.0,1
2026-08-11T19:11:54.520876,12.1284,0.38221,0.335402,0.358806,0.393345,OPEN,0,0.0,1
2026-08-11T19:11:54.565142,12.1706,0.393339,0.36473,0.379035,0.388336,OPEN,0,0.0,1
2026-08-11T19:11:54.585855,12.1907,0.394079,0.36799,0.381034,0.38578,OPEN,0,0.0,1
2026-08-11T19:11:54.619680,12.2243,0.399907,0.375506,0.387706,0.386455,OPEN,0,0.0,1
2026-08-11T19:11:54.665822,12.2703,0.42488,0.406161,0.415521,0.396628,OPEN,0,0.0,1
2026-08-11T19:11:54.684945,12.2916,0.428092,0.405177,0.416634,0.40363,OPEN,0,0.0,1
2026-08-11T19:11:54.701676,12.3108,0.429276,0.401693,0.415484,0.407779,OPEN,0,0.0,1
2026-08-11T19:11:54.775131,12.3808,0.430195,0.400967,0.415581,0.41051,OPEN,0,0.0,1
2026-08-11T19:11:54.812566,12.4131,0.431091,0.399846,0.415468,0.412245,OPEN,0,0.0,1
2026-08-11T19:11:54.836960,12.4395,0.432543,0.399714,0.416128,0.413604,OPEN,0,0.0,1
2026-08-11T19:11:54.875959,12.4714,0.433936,0.400302,0.417119,0.414835,OPEN,0,0.0,1
2026-08-11T19:11:54.907482,12.509,0.442868,0.413608,0.428238,0.419526,OPEN,0,0.0,1
2026-08-11T19:11:54.927951,12.5344,0.445816,0.419912,0.432864,0.424194,OPEN,0,0.0,1
2026-08-11T19:11:54.962778,12.572,0.44162,0.420304,0.430962,0.426563,OPEN,0,0.0,1
2026-08-11T19:11:54.983449,12.5906,0.438855,0.419672,0.429264,0.427508,OPEN,0,0.0,1
2026-08-11T19:11:55.015870,12.6251,0.437475,0.418722,0.428098,0.427715,OPEN,0,0.0,1
2026-08-11T19:11:55.061998,12.6705,0.436589,0.419694,0.428142,0.427864,OPEN,0,0.0,1
2026-08-11T19:11:55.097583,12.7043,0.440754,0.420369,0.430561,0.428808,OPEN,0,0.0,1
2026-08-11T19:11:55.130370,12.7391,0.442423,0.420361,0.431392,0.429713,OPEN,0,0.0,1
2026-08-11T19:11:55.157135,12.7619,0.442884,0.420377,0.43163,0.430384,OPEN,0,0.0,1
2026-08-11T19:11:55.194179,12.8001,0.441579,0.420841,0.43121,0.430673,OPEN,0,0.0,1
2026-08-11T19:11:55.214536,12.8222,0.442618,0.420252,0.431435,0.43094,OPEN,0,0.0,1
2026-08-11T19:11:55.233315,12.8413,0.44286,0.420015,0.431437,0.431114,OPEN,0,0.0,1
2026-08-11T19:11:55.271422,12.8785,0.448409,0.42617,0.43729,0.433275,OPEN,0,0.0,1
2026-08-11T19:11:55.309659,12.9161,0.450719,0.428957,0.439838,0.435572,OPEN,0,0.0,1
2026-08-11T19:11:55.371136,12.977,0.231143,0.174409,0.202776,0.354094,OPEN,0,0.0,1
2026-08-11T19:11:55.408379,13.0123,0.230018,0.178322,0.20417,0.30162,OPEN,0,0.0,1
2026-08-11T19:11:55.440286,13.0449,0.243428,0.190948,0.217188,0.272069,OPEN,0,0.0,1
2026-08-11T19:11:55.476425,13.0792,0.275892,0.221768,0.24883,0.263935,OPEN,0,0.0,1
2026-08-11T19:11:55.575771,13.1831,0.374179,0.363738,0.368959,0.300694,OPEN,0,0.0,1
2026-08-11T19:11:55.613275,13.2165,0.392429,0.387175,0.389802,0.331882,OPEN,0,0.0,1
2026-08-11T19:11:55.633638,13.2381,0.401097,0.397528,0.399313,0.355483,OPEN,0,0.0,1
2026-08-11T19:11:55.673479,13.2765,0.424291,0.417497,0.420894,0.378377,OPEN,0,0.0,1
2026-08-11T19:11:55.711771,13.3165,0.440863,0.431638,0.43625,0.398632,OPEN,0,0.0,1
2026-08-11T19:11:55.763623,13.3704,0.456307,0.439698,0.448002,0.415912,OPEN,0,0.0,1
2026-08-11T19:11:55.796945,13.4034,0.458602,0.441795,0.450198,0.427912,OPEN,0,0.0,1
2026-08-11T19:11:55.830078,13.4377,0.461443,0.442998,0.45222,0.43642,OPEN,0,0.0,1
2026-08-11T19:11:55.866446,13.4728,0.458422,0.437161,0.447792,0.4404,OPEN,0,0.0,1
2026-08-11T19:11:55.896151,13.5023,0.45514,0.435588,0.445364,0.442138,OPEN,0,0.0,1
2026-08-11T19:11:55.927923,13.5356,0.452908,0.433492,0.4432,0.442509,OPEN,0,0.0,1
2026-08-11T19:11:55.963401,13.5696,0.451624,0.432196,0.44191,0.4423,OPEN,0,0.0,1
2026-08-11T19:11:55.989895,13.5913,0.444752,0.437954,0.441353,0.441968,OPEN,0,0.0,1
2026-08-11T19:11:56.021779,13.6255,0.441011,0.441551,0.441281,0.441728,OPEN,0,0.0,1
2026-08-11T19:11:56.056014,13.6587,0.439966,0.443001,0.441483,0.441642,OPEN,0,0.0,1
2026-08-11T19:11:56.081566,13.6818,0.452616,0.422863,0.43774,0.440276,OPEN,0,0.0,1
2026-08-11T19:11:56.103867,13.7079,0.440938,0.403583,0.42226,0.433971,OPEN,0,0.0,1
2026-08-11T19:11:56.167693,13.7749,0.387204,0.317906,0.352555,0.405475,OPEN,0,0.0,1
2026-08-11T19:11:56.199974,13.8082,0.377247,0.288889,0.333068,0.380133,OPEN,0,0.0,1
2026-08-11T19:11:56.223356,13.827,0.375095,0.282285,0.32869,0.362128,OPEN,0,0.0,1
2026-08-11T19:11:56.273393,13.8828,0.395231,0.345173,0.370202,0.364954,OPEN,0,0.0,1
2026-08-11T19:11:56.292615,13.9001,0.399225,0.352634,0.375929,0.368795,OPEN,0,0.0,1
2026-08-11T19:11:56.328664,13.934,0.404997,0.368716,0.386857,0.375117,OPEN,0,0.0,1
2026-08-11T19:11:56.363197,13.9675,0.407907,0.379221,0.393564,0.381573,OPEN,0,0.0,1
2026-08-11T19:11:56.394300,13.9988,0.433274,0.403639,0.418456,0.394482,OPEN,0,0.0,1
2026-08-11T19:11:56.431046,14.0366,0.434878,0.417514,0.426196,0.405582,OPEN,0,0.0,1
2026-08-11T19:11:56.465452,14.0707,0.43626,0.422232,0.429246,0.413865,OPEN,0,0.0,1
2026-08-11T19:11:56.498177,14.1062,0.432905,0.424618,0.428761,0.419078,OPEN,0,0.0,1
2026-08-11T19:11:56.531969,14.139,0.431376,0.426867,0.429122,0.422594,OPEN,0,0.0,1
2026-08-11T19:11:56.566210,14.1742,0.438563,0.432869,0.435716,0.427186,OPEN,0,0.0,1
2026-08-11T19:11:56.597844,14.2074,0.440519,0.432789,0.436654,0.4305,OPEN,0,0.0,1
2026-08-11T19:11:56.624063,14.226,0.442396,0.433974,0.438185,0.43319,OPEN,0,0.0,1
2026-08-11T19:11:56.684529,14.2868,0.441601,0.433159,0.43738,0.434656,OPEN,0,0.0,1
2026-08-11T19:11:56.702621,14.3099,0.443488,0.433545,0.438516,0.436007,OPEN,0,0.0,1
2026-08-11T19:11:56.739775,14.3434,0.444205,0.433747,0.438976,0.437046,OPEN,0,0.0,1
2026-08-11T19:11:56.779269,14.3829,0.444842,0.433747,0.439294,0.437833,OPEN,0,0.0,1
2026-08-11T19:11:56.800687,14.405,0.443096,0.433488,0.438292,0.437994,OPEN,0,0.0,1
2026-08-11T19:11:56.821353,14.4262,0.442707,0.433403,0.438055,0.438015,OPEN,0,0.0,1
2026-08-11T19:11:56.847738,14.4497,0.442351,0.433242,0.437797,0.437939,OPEN,0,0.0,1
2026-08-11T19:11:56.877445,14.4771,0.44641,0.434737,0.440574,0.438861,OPEN,0,0.0,1
2026-08-11T19:11:56.902303,14.5036,0.446382,0.435357,0.44087,0.439564,OPEN,0,0.0,1
2026-08-11T19:11:56.968651,14.5752,0.447791,0.436817,0.442304,0.440523,OPEN,0,0.0,1
2026-08-11T19:11:56.989912,14.5939,0.448185,0.436592,0.442388,0.441176,OPEN,0,0.0,1
2026-08-11T19:11:57.017890,14.6175,0.448271,0.436137,0.442204,0.441536,OPEN,0,0.0,1
2026-08-11T19:11:57.075711,14.6828,0.446655,0.427972,0.437313,0.440058,OPEN,0,0.0,1
2026-08-11T19:11:57.096279,14.7013,0.446426,0.426789,0.436608,0.43885,OPEN,0,0.0,1
2026-08-11T19:11:57.117529,14.7234,0.445727,0.425933,0.43583,0.437793,OPEN,0,0.0,1
2026-08-11T19:11:57.139253,14.743,0.445906,0.425224,0.435565,0.437013,OPEN,0,0.0,1
2026-08-11T19:11:57.180042,14.7842,0.447906,0.419279,0.433593,0.435816,OPEN,0,0.0,1
2026-08-11T19:11:57.215792,14.8215,0.447448,0.41769,0.432569,0.43468,OPEN,0,0.0,1
2026-08-11T19:11:57.249261,14.8548,0.44825,0.416808,0.432529,0.433927,OPEN,0,0.0,1
2026-08-11T19:11:57.281315,14.8888,0.370166,0.298143,0.334154,0.399006,OPEN,0,0.0,1
2026-08-11T19:11:57.303451,14.9071,0.35668,0.265323,0.311001,0.368205,OPEN,0,0.0,1
2026-08-11T19:11:57.368404,14.975,0.374828,0.307691,0.341259,0.358774,OPEN,0,0.0,1
2026-08-11T19:11:57.387021,14.9939,0.377416,0.320614,0.349015,0.355358,OPEN,0,0.0,1
2026-08-11T19:11:57.409859,15.0128,0.381011,0.325061,0.353036,0.354545,OPEN,0,0.0,1
2026-08-11T19:11:57.442626,15.0478,0.38374,0.338126,0.360933,0.356781,OPEN,0,0.0,1
2026-08-11T19:11:57.478793,15.0852,0.403198,0.385424,0.394311,0.369916,OPEN,0,0.0,1
2026-08-11T19:11:57.511833,15.1186,0.410579,0.407599,0.409089,0.383627,OPEN,0,0.0,1
2026-08-11T19:11:57.548456,15.1542,0.417856,0.416555,0.417205,0.395379,OPEN,0,0.0,1
2026-08-11T19:11:57.582103,15.1893,0.431621,0.433843,0.432732,0.408453,OPEN,0,0.0,1
2026-08-11T19:11:57.606493,15.2116,0.434495,0.439541,0.437018,0.418451,OPEN,0,0.0,1
2026-08-11T19:11:57.640942,15.2453,0.438622,0.441747,0.440185,0.426057,OPEN,0,0.0,1
2026-08-11T19:11:57.679806,15.283,0.44437,0.442615,0.443493,0.43216,OPEN,0,0.0,1
2026-08-11T19:11:57.718646,15.3238,0.446645,0.441284,0.443965,0.436292,OPEN,0,0.0,1
2026-08-11T19:11:57.766758,15.3741,0.44134,0.43058,0.43596,0.436176,OPEN,0,0.0,1
2026-08-11T19:11:57.787371,15.3914,0.440142,0.427987,0.434064,0.435437,OPEN,0,0.0,1
2026-08-11T19:11:57.803277,15.412,0.438968,0.425853,0.432411,0.434378,OPEN,0,0.0,1
2026-08-11T19:11:57.823722,15.4291,0.437857,0.424245,0.431051,0.433213,OPEN,0,0.0,1
2026-08-11T19:11:57.879244,15.488,0.434145,0.430636,0.432391,0.432925,OPEN,0,0.0,1
2026-08-11T19:11:57.899383,15.5056,0.432451,0.430501,0.431476,0.432418,OPEN,0,0.0,1
2026-08-11T19:11:57.936631,15.5411,0.429322,0.430247,0.429784,0.431496,OPEN,0,0.0,1
2026-08-11T19:11:57.977595,15.5808,0.426046,0.426668,0.426357,0.429697,OPEN,0,0.0,1
2026-08-11T19:11:58.010830,15.6152,0.42404,0.425285,0.424662,0.427935,OPEN,0,0.0,1
2026-08-11T19:11:58.042488,15.65,0.422704,0.423956,0.42333,0.426323,OPEN,0,0.0,1
2026-08-11T19:11:58.071409,15.6757,0.432939,0.425406,0.429173,0.427321,OPEN,0,0.0,1
2026-08-11T19:11:58.106950,15.7105,0.434693,0.424083,0.429388,0.428044,OPEN,0,0.0,1
2026-08-11T19:11:58.171549,15.7786,0.434191,0.424101,0.429146,0.42843,OPEN,0,0.0,1
2026-08-11T19:11:58.212632,15.8116,0.435138,0.424766,0.429952,0.428963,OPEN,0,0.0,1
2026-08-11T19:11:58.234110,15.8386,0.435686,0.425254,0.43047,0.42949,OPEN,0,0.0,1
2026-08-11T19:11:58.250173,15.8593,0.43578,0.425681,0.43073,0.429924,OPEN,0,0.0,1
2026-08-11T19:11:58.282877,15.8872,0.435822,0.422881,0.429352,0.429724,OPEN,0,0.0,1
2026-08-11T19:11:58.304239,15.9077,0.433382,0.419406,0.426394,0.428558,OPEN,0,0.0,1
2026-08-11T19:11:58.325880,15.9299,0.431761,0.416966,0.424363,0.42709,OPEN,0,0.0,1
2026-08-11T19:11:58.376920,15.9806,0.442371,0.42023,0.431301,0.428564,OPEN,0,0.0,1
2026-08-11T19:11:58.398532,16.003,0.446823,0.422815,0.434819,0.430753,OPEN,0,0.0,1
2026-08-11T19:11:58.434185,16.0374,0.451297,0.427368,0.439333,0.433756,OPEN,0,0.0,1
2026-08-11T19:11:58.475317,16.0796,0.370604,0.285741,0.328172,0.396802,OPEN,0,0.0,1
2026-08-11T19:11:58.507942,16.1113,0.350786,0.257903,0.304344,0.364442,OPEN,0,0.0,1
2026-08-11T19:11:58.579889,16.1873,0.371761,0.324549,0.348155,0.358741,OPEN,0,0.0,1
2026-08-11T19:11:58.601853,16.2053,0.376304,0.340451,0.358378,0.358614,OPEN,0,0.0,1
2026-08-11T19:11:58.635436,16.239,0.382985,0.359051,0.371018,0.362955,OPEN,0,0.0,1
2026-08-11T19:11:58.672350,16.2727,0.384737,0.368946,0.376841,0.367815,OPEN,0,0.0,1
2026-08-11T19:11:58.696371,16.3028,0.37957,0.370095,0.374832,0.370271,OPEN,0,0.0,1
2026-08-11T19:11:58.733981,16.3373,0.383155,0.370731,0.376943,0.372607,OPEN,0,0.0,1
2026-08-11T19:11:58.752989,16.3592,0.386559,0.374216,0.380388,0.37533,OPEN,0,0.0,1
2026-08-11T19:11:58.776399,16.3794,0.388068,0.375305,0.381687,0.377555,OPEN,0,0.0,1
2026-08-11T19:11:58.810009,16.4138,0.393128,0.38014,0.386634,0.380733,OPEN,0,0.0,1
2026-08-11T19:11:58.831424,16.4355,0.396112,0.383487,0.389799,0.383906,OPEN,0,0.0,1
2026-08-11T19:11:58.869096,16.4746,0.405047,0.398541,0.401794,0.390167,OPEN,0,0.0,1
2026-08-11T19:11:58.908697,16.5138,0.414444,0.405653,0.410048,0.397125,OPEN,0,0.0,1
2026-08-11T19:11:58.990738,16.5952,0.419871,0.414628,0.41725,0.404169,OPEN,0,0.0,1
2026-08-11T19:11:59.025446,16.6295,0.419331,0.416892,0.418112,0.409049,OPEN,0,0.0,1
2026-08-11T19:11:59.060520,16.6645,0.418426,0.417491,0.417958,0.412167,OPEN,0,0.0,1
2026-08-11T19:11:59.080222,16.6861,0.41825,0.418465,0.418358,0.414334,OPEN,0,0.0,1
2026-08-11T19:11:59.111557,16.7204,0.419764,0.419569,0.419666,0.4162,OPEN,0,0.0,1
2026-08-11T19:11:59.132674,16.7389,0.421004,0.419231,0.420117,0.417571,OPEN,0,0.0,1
2026-08-11T19:11:59.152900,16.7603,0.421467,0.419019,0.420243,0.418506,OPEN,0,0.0,1
2026-08-11T19:11:59.188529,16.794,0.416512,0.418317,0.417414,0.418124,OPEN,0,0.0,1
2026-08-11T19:11:59.226477,16.8312,0.416796,0.417771,0.417283,0.41783,OPEN,0,0.0,1
2026-08-11T19:11:59.265095,16.866,0.416779,0.417543,0.417161,0.417596,OPEN,0,0.0,1
2026-08-11T19:11:59.290273,16.8961,0.427953,0.419555,0.423754,0.419751,OPEN,0,0.0,1
2026-08-11T19:11:59.324214,16.9299,0.437886,0.42589,0.431888,0.423999,OPEN,0,0.0,1
2026-08-11T19:11:59.385313,16.9888,0.441151,0.426198,0.433674,0.427385,OPEN,0,0.0,1
2026-08-11T19:11:59.403281,17.0104,0.441802,0.426085,0.433944,0.429681,OPEN,0,0.0,1
2026-08-11T19:11:59.436281,17.0431,0.44299,0.424498,0.433744,0.431103,OPEN,0,0.0,1
2026-08-11T19:11:59.477522,17.0812,0.442485,0.42342,0.432953,0.43175,OPEN,0,0.0,1
2026-08-11T19:11:59.498007,17.1038,0.445155,0.434981,0.440068,0.434662,OPEN,0,0.0,1
2026-08-11T19:11:59.517733,17.1242,0.444969,0.441499,0.443234,0.437662,OPEN,0,0.0,1
2026-08-11T19:11:59.559367,17.1639,0.445367,0.441459,0.443413,0.439675,OPEN,0,0.0,1
2026-08-11T19:11:59.591740,17.1966,0.449514,0.439367,0.444441,0.441343,OPEN,0,0.0,1
2026-08-11T19:11:59.627036,17.2312,0.451693,0.432854,0.442273,0.441669,OPEN,0,0.0,1
2026-08-11T19:11:59.662409,17.2659,0.453129,0.428975,0.441052,0.441453,OPEN,0,0.0,1
2026-08-11T19:11:59.691636,17.2946,0.462049,0.440338,0.451193,0.444862,OPEN,0,0.0,1
2026-08-11T19:11:59.725735,17.3343,0.470707,0.446248,0.458478,0.449627,OPEN,0,0.0,1
2026-08-11T19:11:59.762837,17.3701,0.472768,0.449692,0.46123,0.453688,OPEN,0,0.0,1
2026-08-11T19:11:59.795634,17.4041,0.414235,0.361585,0.38791,0.430666,OPEN,0,0.0,1
2026-08-11T19:11:59.818742,17.4227,0.389664,0.332474,0.361069,0.406307,OPEN,0,0.0,1
2026-08-11T19:11:59.855576,17.4601,0.374341,0.320655,0.347498,0.385724,OPEN,0,0.0,1
2026-08-11T19:11:59.889249,17.4942,0.377912,0.266511,0.322211,0.363494,OPEN,0,0.0,1
2026-08-11T19:11:59.924586,17.5283,0.415343,0.287175,0.351259,0.359212,OPEN,0,0.0,1
2026-08-11T19:11:59.962482,17.5633,0.391472,0.30199,0.346731,0.354844,OPEN,0,0.0,1
2026-08-11T19:11:59.996218,17.6032,0.407044,0.359288,0.383166,0.364757,OPEN,0,0.0,1
2026-08-11T19:12:00.016963,17.6217,0.380088,0.354605,0.367346,0.365663,OPEN,0,0.0,1
2026-08-11T19:12:00.037632,17.643,0.387243,0.340322,0.363783,0.365005,OPEN,0,0.0,1
2026-08-11T19:12:00.066447,17.6751,0.461834,0.376554,0.419194,0.383971,OPEN,0,0.0,1
2026-08-11T19:12:00.100564,17.7078,0.50016,0.376769,0.438464,0.403044,OPEN,0,0.0,1
2026-08-11T19:12:00.140614,17.7431,0.475501,0.392487,0.433994,0.413876,OPEN,0,0.0,1
2026-08-11T19:12:00.187170,17.7951,0.517451,0.417795,0.467623,0.432688,OPEN,0,0.0,1
2026-08-11T19:12:00.226536,17.8294,0.514921,0.412633,0.463777,0.443569,OPEN,0,0.0,1
2026-08-11T19:12:00.257716,17.8631,0.522437,0.407163,0.4648,0.451,OPEN,0,0.0,1
2026-08-11T19:12:00.276504,17.884,0.484906,0.392315,0.43861,0.446664,OPEN,0,0.0,1
2026-08-11T19:12:00.299236,17.9039,0.471341,0.3845,0.427921,0.440104,OPEN,0,0.0,1
2026-08-11T19:12:00.332989,17.9419,0.496652,0.378302,0.437477,0.439184,OPEN,0,0.0,1
2026-08-11T19:12:00.377893,17.9826,0.577181,0.331452,0.454316,0.444481,OPEN,0,0.0,1
2026-08-11T19:12:00.410669,18.0189,0.530907,0.300162,0.415535,0.43435,OPEN,0,0.0,1
2026-08-11T19:12:00.443456,18.0515,0.493255,0.274351,0.383803,0.416658,OPEN,0,0.0,1
2026-08-11T19:12:00.482508,18.0911,0.488215,0.30186,0.395038,0.409091,OPEN,0,0.0,1
2026-08-11T19:12:00.504271,18.11,0.482753,0.320427,0.40159,0.406466,OPEN,0,0.0,1
2026-08-11T19:12:00.522193,18.1303,0.5126,0.326715,0.419658,0.411083,OPEN,0,0.0,1
2026-08-11T19:12:00.580436,18.1883,0.424266,0.311916,0.368091,0.396036,OPEN,0,0.0,1
2026-08-11T19:12:00.600035,18.2048,0.426745,0.323641,0.375193,0.388741,OPEN,0,0.0,1
2026-08-11T19:12:00.624693,18.2316,0.418048,0.324052,0.37105,0.382549,OPEN,0,0.0,1
2026-08-11T19:12:00.675418,18.283,0.373163,0.295926,0.334544,0.365747,OPEN,0,0.0,1
2026-08-11T19:12:00.713012,18.3165,0.384387,0.309232,0.34681,0.359119,OPEN,0,0.0,1
2026-08-11T19:12:00.741894,18.3492,0.388315,0.311866,0.350091,0.355959,OPEN,0,0.0,1
2026-08-11T19:12:00.784726,18.3875,0.420513,0.350379,0.385446,0.36628,OPEN,0,0.0,1
2026-08-11T19:12:00.815914,18.4196,0.431692,0.355143,0.393418,0.375778,OPEN,0,0.0,1
2026-08-11T19:12:00.847590,18.4538,0.433576,0.358122,0.395849,0.382803,OPEN,0,0.0,1
2026-08-11T19:12:00.883730,18.491,0.41095,0.358165,0.384558,0.383417,OPEN,0,0.0,1
2026-08-11T19:12:00.902599,18.5092,0.401138,0.357083,0.379111,0.38191,OPEN,0,0.0,1
2026-08-11T19:12:00.935979,18.5432,0.391026,0.356522,0.373774,0.379062,OPEN,0,0.0,1
2026-08-11T19:12:00.982628,18.5902,0.393937,0.367674,0.380805,0.379672,OPEN,0,0.0,1
2026-08-11T19:12:01.019061,18.6221,0.406027,0.372834,0.389431,0.383088,OPEN,0,0.0,1
2026-08-11T19:12:01.037357,18.6441,0.410597,0.375016,0.392806,0.386489,OPEN,0,0.0,1
2026-08-11T19:12:01.079309,18.6867,0.406714,0.390679,0.398696,0.390762,OPEN,0,0.0,1
2026-08-11T19:12:01.101464,18.7046,0.409117,0.393493,0.401305,0.394452,OPEN,0,0.0,1
2026-08-11T19:12:01.121420,18.7262,0.412265,0.395373,0.403819,0.39773,OPEN,0,0.0,1
2026-08-11T19:12:01.176637,18.782,0.411328,0.408521,0.409925,0.401998,OPEN,0,0.0,1
2026-08-11T19:12:01.214891,18.8208,0.412216,0.412672,0.412444,0.405654,OPEN,0,0.0,1
2026-08-11T19:12:01.237155,18.8407,0.412601,0.414263,0.413432,0.408377,OPEN,0,0.0,1
2026-08-11T19:12:01.286708,18.8948,0.430298,0.425802,0.42805,0.415262,OPEN,0,0.0,1
2026-08-11T19:12:01.323903,18.9285,0.436053,0.423188,0.429621,0.420288,OPEN,0,0.0,1
2026-08-11T19:12:01.354820,18.9604,0.440889,0.421403,0.431146,0.424088,OPEN,0,0.0,1
2026-08-11T19:12:01.391898,18.9964,0.455328,0.441928,0.448628,0.432677,OPEN,0,0.0,1
2026-08-11T19:12:01.425573,19.0314,0.45867,0.446383,0.452527,0.439624,OPEN,0,0.0,1
2026-08-11T19:12:01.458843,19.0639,0.457912,0.446954,0.452433,0.444107,OPEN,0,0.0,1
2026-08-11T19:12:01.493232,19.0997,0.457143,0.439418,0.44828,0.445568,OPEN,0,0.0,1
2026-08-11T19:12:01.527430,19.1355,0.456535,0.43284,0.444688,0.44526,OPEN,0,0.0,1
2026-08-11T19:12:01.565931,19.1707,0.455702,0.42829,0.441996,0.444118,OPEN,0,0.0,1
2026-08-11T19:12:01.596033,19.1993,0.169122,0.175083,0.172103,0.348912,OPEN,0,0.0,1
2026-08-11T19:12:01.614792,19.2228,0.107465,0.120744,0.114104,0.26673,OPEN,0,0.0,1
2026-08-11T19:12:01.649398,19.2558,0.088927,0.104724,0.096826,0.207263,CLOSING,0,0.0,1
2026-08-11T19:12:01.691474,19.2933,0.138933,0.114854,0.126894,0.179134,CLOSING,0,0.0,1
2026-08-11T19:12:01.718370,19.3255,0.162349,0.136578,0.149463,0.168749,CLOSED,0,0.0,1
2026-08-11T19:12:01.742905,19.3466,0.16991,0.143092,0.156501,0.164462,CLOSED,0,0.0,1
2026-08-11T19:12:01.788559,19.3928,0.323949,0.303037,0.313493,0.216623,CLOSED,0,0.0,1
2026-08-11T19:12:01.821459,19.4249,0.350236,0.330512,0.340374,0.259936,OPENING,0,0.0,1
2026-08-11T19:12:01.857500,19.4593,0.361526,0.343694,0.35261,0.292372,OPEN,1,0.203499,1
2026-08-11T19:12:01.891428,19.4946,0.371168,0.350182,0.360675,0.316278,OPEN,0,0.0,1
2026-08-11T19:12:01.923447,19.5286,0.376088,0.354331,0.36521,0.333404,OPEN,0,0.0,1
2026-08-11T19:12:01.956022,19.5608,0.375854,0.35333,0.364592,0.34432,OPEN,0,0.0,1
2026-08-11T19:12:01.990204,19.5942,0.383817,0.352582,0.368199,0.352678,OPEN,0,0.0,1
2026-08-11T19:12:02.007763,19.6146,0.38521,0.352625,0.368917,0.358362,OPEN,0,0.0,1
2026-08-11T19:12:02.029789,19.6369,0.385338,0.352385,0.368861,0.362037,OPEN,0,0.0,1
2026-08-11T19:12:02.083912,19.6927,0.392693,0.366374,0.379533,0.36816,OPEN,0,0.0,1
2026-08-11T19:12:02.103030,19.7111,0.393986,0.370616,0.382301,0.37311,OPEN,0,0.0,1
2026-08-11T19:12:02.126401,19.7299,0.394991,0.374527,0.384759,0.377187,OPEN,0,0.0,1
2026-08-11T19:12:02.181387,19.7881,0.403933,0.380526,0.39223,0.382452,OPEN,0,0.0,1
2026-08-11T19:12:02.212416,19.8215,0.405631,0.381883,0.393757,0.386409,OPEN,0,0.0,1
2026-08-11T19:12:02.234614,19.8399,0.407346,0.383253,0.3953,0.38952,OPEN,0,0.0,1
2026-08-11T19:12:02.280894,19.8885,0.409633,0.388248,0.398941,0.392818,OPEN,0,0.0,1
2026-08-11T19:12:02.314196,19.9226,0.409456,0.390346,0.399901,0.395297,OPEN,0,0.0,1
2026-08-11T19:12:02.337083,19.9413,0.409174,0.390771,0.399972,0.396933,OPEN,0,0.0,1
2026-08-11T19:12:02.376927,19.9812,0.419951,0.399479,0.409715,0.401407,OPEN,0,0.0,1
2026-08-11T19:12:02.409492,20.0161,0.424025,0.401969,0.412997,0.405463,OPEN,0,0.0,1
2026-08-11T19:12:02.442544,20.0506,0.425723,0.402929,0.414326,0.408565,OPEN,0,0.0,1
2026-08-11T19:12:02.487261,20.0955,0.433378,0.409964,0.421671,0.413152,OPEN,0,0.0,1
2026-08-11T19:12:02.525540,20.1299,0.434895,0.413377,0.424136,0.416997,OPEN,0,0.0,1
2026-08-11T19:12:02.561163,20.1666,0.435791,0.415214,0.425502,0.419974,OPEN,0,0.0,1
2026-08-11T19:12:02.591397,20.2002,0.424313,0.412917,0.418615,0.419498,OPEN,0,0.0,1
2026-08-11T19:12:02.613353,20.2192,0.418621,0.411912,0.415266,0.418017,OPEN,0,0.0,1
2026-08-11T19:12:02.643925,20.2526,0.415769,0.411926,0.413847,0.416558,OPEN,0,0.0,1
2026-08-11T19:12:02.675843,20.2838,0.409202,0.409807,0.409505,0.414089,OPEN,0,0.0,1
2026-08-11T19:12:02.714959,20.3238,0.413431,0.414152,0.413791,0.413985,OPEN,0,0.0,1
2026-08-11T19:12:02.736013,20.3419,0.411811,0.412978,0.412394,0.413428,OPEN,0,0.0,1
2026-08-11T19:12:02.777355,20.3847,0.40285,0.403986,0.403418,0.409925,OPEN,0,0.0,1
2026-08-11T19:12:02.812669,20.4214,0.401581,0.40352,0.402551,0.407344,OPEN,0,0.0,1
2026-08-11T19:12:02.836163,20.4403,0.400597,0.402529,0.401563,0.405321,OPEN,0,0.0,1
2026-08-11T19:12:02.885743,20.494,0.404542,0.394283,0.399413,0.403253,OPEN,0,0.0,1
2026-08-11T19:12:02.929102,20.5298,0.405848,0.39339,0.399619,0.401981,OPEN,0,0.0,1
2026-08-11T19:12:02.949912,20.5541,0.406327,0.392716,0.399522,0.40112,OPEN,0,0.0,1
2026-08-11T19:12:02.985384,20.5892,0.406867,0.393168,0.400017,0.400734,OPEN,0,0.0,1
2026-08-11T19:12:03.025268,20.6295,0.409562,0.395369,0.402466,0.40134,OPEN,0,0.0,1
2026-08-11T19:12:03.060814,20.6636,0.410357,0.396411,0.403384,0.402055,OPEN,0,0.0,1
2026-08-11T19:12:03.085286,20.6877,0.410359,0.396924,0.403641,0.402611,OPEN,0,0.0,1
2026-08-11T19:12:03.116200,20.7197,0.40957,0.397211,0.403391,0.402884,OPEN,0,0.0,1
2026-08-11T19:12:03.145589,20.7522,0.408615,0.397488,0.403051,0.402942,OPEN,0,0.0,1
2026-08-11T19:12:03.189055,20.7963,0.402618,0.393031,0.397825,0.401151,OPEN,0,0.0,1
2026-08-11T19:12:03.226569,20.8318,0.398516,0.389882,0.394199,0.398718,OPEN,0,0.0,1
2026-08-11T19:12:03.247410,20.8507,0.39675,0.388797,0.392773,0.396637,OPEN,0,0.0,1
2026-08-11T19:12:03.294013,20.8982,0.398916,0.390833,0.394874,0.39602,OPEN,0,0.0,1
2026-08-11T19:12:03.313524,20.9192,0.39926,0.390877,0.395068,0.395687,OPEN,0,0.0,1
2026-08-11T19:12:03.335175,20.9387,0.399379,0.390675,0.395027,0.395456,OPEN,0,0.0,1
2026-08-11T19:12:03.385874,20.9909,0.156695,0.136624,0.14666,0.308377,OPEN,0,0.0,1
2026-08-11T19:12:03.406255,21.0114,0.110485,0.097045,0.103765,0.236763,CLOSING,0,0.0,1
2026-08-11T19:12:03.429694,21.0342,0.095371,0.088416,0.091894,0.186059,CLOSING,0,0.0,1
2026-08-11T19:12:03.476626,21.0838,0.13976,0.13071,0.135235,0.16827,CLOSED,0,0.0,1
2026-08-11T19:12:03.512129,21.1175,0.148026,0.147954,0.14799,0.161172,CLOSED,0,0.0,1
2026-08-11T19:12:03.534431,21.1377,0.155674,0.154209,0.154942,0.158992,CLOSED,0,0.0,1
2026-08-11T19:12:03.589540,21.1982,0.319612,0.303901,0.311756,0.212459,CLOSED,0,0.0,1
2026-08-11T19:12:03.608033,21.2159,0.342861,0.330643,0.336752,0.255962,OPENING,0,0.0,1
2026-08-11T19:12:03.629889,21.2341,0.354571,0.345985,0.350278,0.288972,OPEN,1,0.222693,1
2026-08-11T19:12:03.687726,21.2918,0.376111,0.371765,0.373938,0.31871,OPEN,0,0.0,1
2026-08-11T19:12:03.710302,21.3139,0.380238,0.375847,0.378042,0.339477,OPEN,0,0.0,1
2026-08-11T19:12:03.732176,21.3371,0.381767,0.377865,0.379816,0.353595,OPEN,0,0.0,1
2026-08-11T19:12:03.779928,21.3887,0.381827,0.374647,0.378237,0.36222,OPEN,0,0.0,1
2026-08-11T19:12:03.804626,21.4114,0.381889,0.373629,0.377759,0.367659,OPEN,0,0.0,1
2026-08-11T19:12:03.822972,21.4301,0.382176,0.372901,0.377538,0.371116,OPEN,0,0.0,1
2026-08-11T19:12:03.880116,21.4885,0.384013,0.375948,0.379981,0.374219,OPEN,0,0.0,1
2026-08-11T19:12:03.904340,21.5067,0.384613,0.376071,0.380342,0.376362,OPEN,0,0.0,1
2026-08-11T19:12:03.940101,21.5452,0.385933,0.377033,0.381483,0.378154,OPEN,0,0.0,1
2026-08-11T19:12:03.988825,21.5964,0.390009,0.383011,0.38651,0.381079,OPEN,0,0.0,1
2026-08-11T19:12:04.024702,21.6317,0.392905,0.389714,0.39131,0.38466,OPEN,0,0.0,1
2026-08-11T19:12:04.058425,21.6659,0.393951,0.391596,0.392773,0.387499,OPEN,0,0.0,1
2026-08-11T19:12:04.094039,21.7022,0.394859,0.393899,0.394379,0.389907,OPEN,0,0.0,1
2026-08-11T19:12:04.132492,21.7401,0.396181,0.395248,0.395715,0.39194,OPEN,0,0.0,1
2026-08-11T19:12:04.174896,21.7784,0.397366,0.396475,0.39692,0.393683,OPEN,0,0.0,1
2026-08-11T19:12:04.204079,21.8103,0.395256,0.389563,0.392409,0.393237,OPEN,0,0.0,1
2026-08-11T19:12:04.239947,21.8448,0.394321,0.385441,0.389881,0.392062,OPEN,0,0.0,1
2026-08-11T19:12:04.276762,21.879,0.39371,0.382525,0.388118,0.390682,OPEN,0,0.0,1
2026-08-11T19:12:04.310040,21.9191,0.402947,0.386621,0.394784,0.392118,OPEN,0,0.0,1
2026-08-11T19:12:04.338215,21.9422,0.40509,0.388589,0.39684,0.39377,OPEN,0,0.0,1
2026-08-11T19:12:04.372272,21.9759,0.407694,0.390451,0.399072,0.395626,OPEN,0,0.0,1
2026-08-11T19:12:04.405546,22.0109,0.405446,0.391163,0.398305,0.396564,OPEN,0,0.0,1
2026-08-11T19:12:04.440154,22.0447,0.403158,0.391678,0.397418,0.396863,OPEN,0,0.0,1
2026-08-11T19:12:04.475635,22.0814,0.40199,0.392432,0.397211,0.396984,OPEN,0,0.0,1
2026-08-11T19:12:04.508127,22.1149,0.409028,0.395948,0.402488,0.398911,OPEN,0,0.0,1
2026-08-11T19:12:04.542213,22.1495,0.412912,0.400563,0.406738,0.40165,OPEN,0,0.0,1
2026-08-11T19:12:04.579487,22.1844,0.416269,0.402791,0.40953,0.404408,OPEN,0,0.0,1
2026-08-11T19:12:04.612348,22.2214,0.134162,0.146298,0.14023,0.311946,OPEN,0,0.0,1
2026-08-11T19:12:04.634297,22.2392,0.091454,0.106318,0.098886,0.237375,CLOSING,0,0.0,1
2026-08-11T19:12:04.671772,22.2732,0.089229,0.085395,0.087312,0.184853,CLOSING,0,0.0,1
2026-08-11T19:12:04.705123,22.3112,0.163982,0.14496,0.154471,0.174219,CLOSED,0,0.0,1
2026-08-11T19:12:04.736511,22.3444,0.184978,0.161876,0.173427,0.173942,CLOSED,0,0.0,1
2026-08-11T19:12:04.760512,22.3638,0.189314,0.164489,0.176901,0.174978,CLOSED,0,0.0,1
2026-08-11T19:12:04.792808,22.3991,0.309816,0.286043,0.29793,0.218011,CLOSED,0,0.0,1
2026-08-11T19:12:04.821860,22.4305,0.350997,0.33039,0.340694,0.26095,OPENING,0,0.0,1
2026-08-11T19:12:04.840235,22.4481,0.364669,0.346316,0.355492,0.29404,OPEN,1,0.208822,1
2026-08-11T19:12:04.882792,22.4905,0.396476,0.382884,0.38968,0.327514,OPEN,0,0.0,1
2026-08-11T19:12:04.921803,22.5249,0.407235,0.3916,0.399418,0.35268,OPEN,0,0.0,1
2026-08-11T19:12:04.956600,22.5597,0.410778,0.394927,0.402853,0.370241,OPEN,0,0.0,1
2026-08-11T19:12:04.990307,22.5935,0.416106,0.3909,0.403503,0.381882,OPEN,0,0.0,1
2026-08-11T19:12:05.020815,22.6265,0.417582,0.391695,0.404638,0.389847,OPEN,0,0.0,1
2026-08-11T19:12:05.055308,22.6605,0.418124,0.392747,0.405435,0.395303,OPEN,0,0.0,1
2026-08-11T19:12:05.091148,22.6989,0.417406,0.399043,0.408225,0.399826,OPEN,0,0.0,1
2026-08-11T19:12:05.125226,22.734,0.416977,0.400697,0.408837,0.402979,OPEN,0,0.0,1
2026-08-11T19:12:05.159552,22.7674,0.41662,0.402135,0.409378,0.405219,OPEN,0,0.0,1
2026-08-11T19:12:05.194022,22.802,0.408334,0.396458,0.402396,0.404231,OPEN,0,0.0,1
2026-08-11T19:12:05.226349,22.8353,0.405548,0.393583,0.399565,0.402598,OPEN,0,0.0,1
2026-08-11T19:12:05.246428,22.8524,0.404507,0.39243,0.398468,0.401153,OPEN,0,0.0,1
2026-08-11T19:12:05.287744,22.8935,0.404264,0.395975,0.40012,0.400791,OPEN,0,0.0,1
2026-08-11T19:12:05.307871,22.9132,0.404672,0.398204,0.401438,0.401018,OPEN,0,0.0,1
2026-08-11T19:12:05.341611,22.9481,0.404966,0.40054,0.402753,0.401625,OPEN,0,0.0,1
2026-08-11T19:12:05.383945,22.9912,0.406997,0.402463,0.40473,0.402712,OPEN,0,0.0,1
2026-08-11T19:12:05.425006,23.0283,0.408223,0.403848,0.406035,0.403875,OPEN,0,0.0,1
2026-08-11T19:12:05.455328,23.0621,0.409095,0.404744,0.406919,0.40494,OPEN,0,0.0,1
2026-08-11T19:12:05.495012,23.1039,0.413544,0.409449,0.411496,0.407235,OPEN,0,0.0,1
2026-08-11T19:12:05.516937,23.1216,0.414341,0.409252,0.411796,0.408831,OPEN,0,0.0,1
2026-08-11T19:12:05.554823,23.16,0.415106,0.408423,0.411764,0.409858,OPEN,0,0.0,1
2026-08-11T19:12:05.594766,23.2033,0.416637,0.414498,0.415567,0.411856,OPEN,0,0.0,1
2026-08-11T19:12:05.632138,23.2412,0.417975,0.416117,0.417046,0.413673,OPEN,0,0.0,1
2026-08-11T19:12:05.651039,23.2589,0.418429,0.416358,0.417393,0.414975,OPEN,0,0.0,1
2026-08-11T19:12:05.685522,23.2938,0.154152,0.153772,0.153962,0.32362,OPEN,0,0.0,1
2026-08-11T19:12:05.719037,23.3277,0.099561,0.11889,0.109225,0.248582,CLOSING,0,0.0,1
2026-08-11T19:12:05.742850,23.3512,0.08781,0.111042,0.099426,0.196378,CLOSING,0,0.0,1
2026-08-11T19:12:05.781770,23.3889,0.205352,0.22319,0.214271,0.20264,CLOSED,0,0.0,1
2026-08-11T19:12:05.821800,23.4228,0.25873,0.27479,0.26676,0.225082,CLOSED,0,0.0,1
2026-08-11T19:12:05.850852,23.4537,0.293262,0.30054,0.296901,0.250219,OPENING,0,0.0,1
2026-08-11T19:12:05.901382,23.5102,0.373494,0.349457,0.361476,0.289159,OPEN,1,0.182465,1
2026-08-11T19:12:05.922466,23.5293,0.381762,0.36355,0.372656,0.318383,OPEN,0,0.0,1
2026-08-11T19:12:05.955507,23.5626,0.389498,0.378383,0.383941,0.341328,OPEN,0,0.0,1
2026-08-11T19:12:05.986972,23.5952,0.393387,0.393199,0.393293,0.359516,OPEN,0,0.0,1
2026-08-11T19:12:06.003914,23.6116,0.393595,0.395271,0.394433,0.371737,OPEN,0,0.0,1
2026-08-11T19:12:06.025587,23.6309,0.39409,0.397958,0.396024,0.380237,OPEN,0,0.0,1
2026-08-11T19:12:06.087083,23.6916,0.399036,0.404376,0.401706,0.387751,OPEN,0,0.0,1
2026-08-11T19:12:06.106412,23.7133,0.40211,0.404374,0.403242,0.393173,OPEN,0,0.0,1
2026-08-11T19:12:06.128747,23.7334,0.403199,0.403526,0.403363,0.396739,OPEN,0,0.0,1
2026-08-11T19:12:06.185820,23.7926,0.408712,0.402528,0.40562,0.399848,OPEN,0,0.0,1
2026-08-11T19:12:06.227945,23.8342,0.410493,0.400776,0.405635,0.401873,OPEN,0,0.0,1
2026-08-11T19:12:06.258632,23.867,0.410638,0.399803,0.405221,0.403045,OPEN,0,0.0,1
2026-08-11T19:12:06.294576,23.9032,0.409106,0.398835,0.403971,0.403369,OPEN,0,0.0,1
2026-08-11T19:12:06.321403,23.9259,0.409303,0.398555,0.403929,0.403565,OPEN,0,0.0,1
2026-08-11T19:12:06.353662,23.9589,0.40921,0.398358,0.403784,0.403641,OPEN,0,0.0,1
2026-08-11T19:12:06.393851,24.0017,0.406522,0.395466,0.400994,0.402715,OPEN,0,0.0,1
2026-08-11T19:12:06.426815,24.0356,0.406269,0.394524,0.400396,0.401903,OPEN,0,0.0,1
2026-08-11T19:12:06.448671,24.0528,0.406181,0.39415,0.400166,0.401295,OPEN,0,0.0,1
2026-08-11T19:12:06.488702,24.0937,0.406246,0.392124,0.399185,0.400557,OPEN,0,0.0,1
2026-08-11T19:12:06.520972,24.1266,0.406795,0.391392,0.399093,0.400044,OPEN,0,0.0,1
2026-08-11T19:12:06.556106,24.1593,0.406841,0.390454,0.398648,0.399556,OPEN,0,0.0,1
2026-08-11T19:12:06.589044,24.1924,0.407153,0.392352,0.399752,0.399624,OPEN,0,0.0,1
2026-08-11T19:12:06.609707,24.2143,0.405915,0.393329,0.399622,0.399624,OPEN,0,0.0,1
2026-08-11T19:12:06.630638,24.2355,0.405234,0.394081,0.399657,0.399635,OPEN,0,0.0,1
2026-08-11T19:12:06.691352,24.2987,0.396289,0.389618,0.392954,0.397297,OPEN,0,0.0,1
2026-08-11T19:12:06.714985,24.3178,0.395028,0.38202,0.388524,0.394226,OPEN,0,0.0,1
2026-08-11T19:12:06.735291,24.3413,0.393513,0.374473,0.383993,0.390645,OPEN,0,0.0,1
2026-08-11T19:12:06.793041,24.3989,0.116968,0.123244,0.120106,0.295956,OPEN,0,0.0,1
2026-08-11T19:12:06.828124,24.4342,0.086392,0.08235,0.084371,0.221901,CLOSING,0,0.0,1
2026-08-11T19:12:06.861425,24.4673,0.082819,0.076796,0.079807,0.172168,CLOSING,0,0.0,1
2026-08-11T19:12:06.892188,24.4964,0.206236,0.158286,0.182261,0.175701,CLOSED,0,0.0,1
2026-08-11T19:12:06.914877,24.518,0.249238,0.207878,0.228558,0.194201,CLOSED,0,0.0,1
2026-08-11T19:12:06.950502,24.5538,0.273375,0.238552,0.255964,0.215818,CLOSED,0,0.0,1
2026-08-11T19:12:06.986527,24.5924,0.366415,0.315444,0.34093,0.259607,OPENING,0,0.0,1
2026-08-11T19:12:07.004448,24.612,0.379443,0.334212,0.356827,0.293634,OPEN,1,0.17776,1
2026-08-11T19:12:07.029166,24.6335,0.386411,0.34745,0.366931,0.319288,OPEN,0,0.0,1
2026-08-11T19:12:07.102396,24.7074,0.402636,0.381324,0.39198,0.34473,OPEN,0,0.0,1
2026-08-11T19:12:07.135140,24.7383,0.406443,0.389406,0.397924,0.363348,OPEN,0,0.0,1
2026-08-11T19:12:07.169250,24.7731,0.409311,0.392789,0.40105,0.376544,OPEN,0,0.0,1
2026-08-11T19:12:07.188881,24.7958,0.409821,0.394462,0.402141,0.385503,OPEN,0,0.0,1
2026-08-11T19:12:07.221736,24.8289,0.411483,0.397352,0.404417,0.392123,OPEN,0,0.0,1
2026-08-11T19:12:07.239882,24.8472,0.412277,0.39902,0.405649,0.396857,OPEN,0,0.0,1
2026-08-11T19:12:07.281752,24.8901,0.415293,0.400928,0.408111,0.400796,OPEN,0,0.0,1
2026-08-11T19:12:07.304325,24.9123,0.416386,0.400806,0.408596,0.403526,OPEN,0,0.0,1
2026-08-11T19:12:07.339292,24.9479,0.417023,0.401198,0.40911,0.40548,OPEN,0,0.0,1
2026-08-11T19:12:07.387318,24.9929,0.417889,0.401183,0.409536,0.4069,OPEN,0,0.0,1
2026-08-11T19:12:07.422946,25.027,0.417388,0.400097,0.408743,0.407545,OPEN,0,0.0,1
2026-08-11T19:12:07.457057,25.0636,0.417362,0.39984,0.408601,0.407914,OPEN,0,0.0,1
2026-08-11T19:12:07.493799,25.1018,0.420228,0.401076,0.410652,0.408873,OPEN,0,0.0,1
2026-08-11T19:12:07.527437,25.1359,0.42196,0.402043,0.412002,0.409968,OPEN,0,0.0,1
2026-08-11T19:12:07.550481,25.153,0.422529,0.402527,0.412528,0.410864,OPEN,0,0.0,1
2026-08-11T19:12:07.591611,25.1977,0.409648,0.382187,0.395918,0.405633,OPEN,0,0.0,1
2026-08-11T19:12:07.611569,25.216,0.403324,0.370202,0.386763,0.399028,OPEN,0,0.0,1
2026-08-11T19:12:07.643271,25.2501,0.397013,0.360756,0.378884,0.391978,OPEN,0,0.0,1
2026-08-11T19:12:07.687518,25.2941,0.316803,0.321904,0.319354,0.366559,OPEN,0,0.0,1
2026-08-11T19:12:07.709469,25.3131,0.298196,0.312808,0.305502,0.345189,OPEN,0,0.0,1
2026-08-11T19:12:07.730502,25.3354,0.288635,0.308205,0.29842,0.32882,OPEN,0,0.0,1
2026-08-11T19:12:07.799093,25.4036,0.297285,0.310523,0.303904,0.320099,OPEN,0,0.0,1
2026-08-11T19:12:07.836736,25.4424,0.301297,0.313064,0.30718,0.315578,OPEN,0,0.0,1
2026-08-11T19:12:07.872224,25.4761,0.303589,0.31358,0.308584,0.31313,OPEN,0,0.0,1
2026-08-11T19:12:07.907448,25.5137,0.170334,0.157993,0.164163,0.260992,OPEN,0,0.0,1
2026-08-11T19:12:07.943265,25.5478,0.1414,0.138488,0.139944,0.218625,CLOSING,0,0.0,1
2026-08-11T19:12:07.975541,25.5813,0.136859,0.130034,0.133447,0.188813,CLOSING,0,0.0,1
2026-08-11T19:12:08.011659,25.6173,0.08124,0.065442,0.073341,0.148398,CLOSED,0,0.0,1
2026-08-11T19:12:08.031140,25.6381,0.067845,0.052967,0.060406,0.1176,CLOSED,0,0.0,1
2026-08-11T19:12:08.068747,25.6718,0.065694,0.046253,0.055974,0.096031,CLOSED,0,0.0,1
2026-08-11T19:12:08.107904,25.7098,0.228686,0.213239,0.220962,0.139757,CLOSED,0,0.0,1
2026-08-11T19:12:08.142179,25.7512,0.282014,0.265483,0.273749,0.186654,CLOSED,0,0.0,1
2026-08-11T19:12:08.165102,25.7698,0.295991,0.280804,0.288397,0.222264,CLOSED,0,0.0,1
2026-08-11T19:12:08.202392,25.8076,0.37734,0.345361,0.36135,0.270944,OPENING,0,0.0,1
2026-08-11T19:12:08.238446,25.8429,0.401821,0.378007,0.389914,0.312584,OPEN,1,0.295111,1
2026-08-11T19:12:08.259900,25.8641,0.410458,0.390441,0.400449,0.343337,OPEN,0,0.0,1
2026-08-11T19:12:08.295547,25.8988,0.413793,0.386882,0.400338,0.363287,OPEN,0,0.0,1
2026-08-11T19:12:08.314504,25.9211,0.407175,0.382858,0.395017,0.374392,OPEN,0,0.0,1
2026-08-11T19:12:08.352011,25.9554,0.40304,0.380307,0.391673,0.380441,OPEN,0,0.0,1
2026-08-11T19:12:08.392763,25.9979,0.110997,0.086788,0.098892,0.281899,OPEN,0,0.0,1
2026-08-11T19:12:08.414629,26.019,0.059781,0.046395,0.053088,0.201815,CLOSING,0,0.0,1
2026-08-11T19:12:08.450663,26.0538,0.04459,0.029206,0.036898,0.144094,CLOSING,0,0.0,1
2026-08-11T19:12:08.490717,26.0961,0.077398,0.084768,0.081083,0.12204,CLOSED,0,0.0,1
2026-08-11T19:12:08.512066,26.1161,0.117682,0.119672,0.118677,0.120863,CLOSED,0,0.0,1
2026-08-11T19:12:08.544997,26.1509,0.146908,0.156354,0.151631,0.131632,CLOSED,0,0.0,1
2026-08-11T19:12:08.596903,26.2032,0.355725,0.339823,0.347774,0.207282,CLOSED,0,0.0,1
2026-08-11T19:12:08.630905,26.2367,0.387427,0.380205,0.383816,0.269069,OPENING,0,0.0,1
2026-08-11T19:12:08.647672,26.2563,0.396985,0.390267,0.393626,0.312664,OPEN,1,0.237269,1
2026-08-11T19:12:08.699169,26.3021,0.405404,0.402617,0.40401,0.344635,OPEN,0,0.0,1
2026-08-11T19:12:08.716699,26.3249,0.407086,0.410909,0.408997,0.367162,OPEN,0,0.0,1
2026-08-11T19:12:08.738461,26.343,0.407395,0.415108,0.411251,0.382593,OPEN,0,0.0,1
2026-08-11T19:12:08.789945,26.3977,0.431506,0.427844,0.429675,0.399072,OPEN,0,0.0,1
2026-08-11T19:12:08.834565,26.433,0.437352,0.431707,0.434529,0.411482,OPEN,0,0.0,1
2026-08-11T19:12:08.867264,26.4663,0.439137,0.432295,0.435716,0.419964,OPEN,0,0.0,1
2026-08-11T19:12:08.888504,26.4954,0.201159,0.195991,0.198575,0.342478,OPEN,0,0.0,1
2026-08-11T19:12:08.909224,26.5152,0.165968,0.13803,0.151999,0.27581,OPEN,0,0.0,1
2026-08-11T19:12:08.944806,26.5494,0.146637,0.119249,0.132943,0.225807,CLOSING,0,0.0,1
2026-08-11T19:12:08.999163,26.6061,0.142049,0.149826,0.145938,0.197852,CLOSED,0,0.0,1
2026-08-11T19:12:09.038460,26.6434,0.162266,0.168245,0.165256,0.186444,CLOSED,0,0.0,1
2026-08-11T19:12:09.072758,26.6784,0.178202,0.180821,0.179511,0.184017,CLOSED,0,0.0,1
2026-08-11T19:12:09.104607,26.7118,0.32621,0.315322,0.320766,0.231879,CLOSED,0,0.0,1
2026-08-11T19:12:09.138295,26.7458,0.368651,0.360376,0.364513,0.278301,OPENING,0,0.0,1
2026-08-11T19:12:09.174855,26.7796,0.378787,0.373173,0.37598,0.312489,OPEN,1,0.230161,1
2026-08-11T19:12:09.197403,26.802,0.229138,0.258409,0.243773,0.288438,OPEN,0,0.0,1
2026-08-11T19:12:09.213143,26.822,0.160047,0.217484,0.188765,0.253553,OPEN,0,0.0,1
2026-08-11T19:12:09.236914,26.8415,0.137264,0.206156,0.17171,0.224908,CLOSING,0,0.0,1
2026-08-11T19:12:09.284032,26.892,0.105976,0.107054,0.106515,0.18347,CLOSED,0,0.0,1
2026-08-11T19:12:09.301498,26.9091,0.097039,0.092825,0.094932,0.152482,CLOSED,0,0.0,1
2026-08-11T19:12:09.325033,26.9302,0.094869,0.085374,0.090121,0.130656,CLOSED,0,0.0,1
2026-08-11T19:12:09.407642,27.012,0.347976,0.295348,0.321662,0.197508,CLOSED,0,0.0,1
2026-08-11T19:12:09.427779,27.0329,0.368599,0.320926,0.344762,0.249047,CLOSED,0,0.0,1
2026-08-11T19:12:09.463959,27.0715,0.383822,0.343291,0.363557,0.289125,OPENING,0,0.0,1
2026-08-11T19:12:09.503301,27.1054,0.30734,0.293759,0.30055,0.293124,OPEN,1,0.263909,1
2026-08-11T19:12:09.522033,27.1291,0.290344,0.27867,0.284507,0.290108,OPEN,0,0.0,1
2026-08-11T19:12:09.542760,27.147,0.281954,0.267664,0.274809,0.284753,OPEN,0,0.0,1
2026-08-11T19:12:09.589565,27.1979,0.242888,0.229047,0.235967,0.267678,OPEN,0,0.0,1
2026-08-11T19:12:09.610153,27.2163,0.240435,0.225201,0.232818,0.255477,OPEN,0,0.0,1
2026-08-11T19:12:09.629498,27.2357,0.238388,0.222882,0.230635,0.246782,CLOSING,0,0.0,1
2026-08-11T19:12:09.690204,27.2975,0.366727,0.332542,0.349635,0.282781,OPEN,0,0.0,1
2026-08-11T19:12:09.724577,27.3306,0.392286,0.358332,0.375309,0.315166,OPEN,0,0.0,1
2026-08-11T19:12:09.756711,27.3642,0.401247,0.367098,0.384172,0.339318,OPEN,0,0.0,1
2026-08-11T19:12:09.799342,27.4036,0.326003,0.293541,0.309772,0.328977,OPEN,0,0.0,1
2026-08-11T19:12:09.838998,27.4409,0.316675,0.271413,0.294044,0.31675,OPEN,0,0.0,1
2026-08-11T19:12:09.871130,27.4752,0.300192,0.253239,0.276716,0.302738,OPEN,0,0.0,1
2026-08-11T19:12:09.905856,27.5089,0.173173,0.120222,0.146698,0.248124,CLOSING,0,0.0,1
2026-08-11T19:12:09.940537,27.547,0.127325,0.086788,0.107056,0.19875,CLOSING,0,0.0,1
2026-08-11T19:12:09.973857,27.5795,0.118957,0.086118,0.102538,0.165076,CLOSED,0,0.0,1
2026-08-11T19:12:09.999837,27.602,0.298589,0.276229,0.287409,0.207892,CLOSED,0,0.0,1
2026-08-11T19:12:10.031813,27.6363,0.364748,0.359139,0.361943,0.26181,OPENING,0,0.0,1
2026-08-11T19:12:10.065833,27.6692,0.381843,0.383507,0.382675,0.304113,OPEN,1,0.160244,1
2026-08-11T19:12:10.102957,27.7071,0.395067,0.382439,0.388753,0.333737,OPEN,0,0.0,1
2026-08-11T19:12:10.135419,27.7409,0.39781,0.383437,0.390623,0.353647,OPEN,0,0.0,1
2026-08-11T19:12:10.169794,27.7749,0.397645,0.381069,0.389357,0.366146,OPEN,0,0.0,1
2026-08-11T19:12:10.204745,27.8087,0.114865,0.110724,0.112794,0.277473,OPEN,0,0.0,1
2026-08-11T19:12:10.238230,27.8424,0.085715,0.058756,0.072236,0.20564,CLOSING,0,0.0,1
2026-08-11T19:12:10.260555,27.8637,0.079805,0.056437,0.068121,0.157508,CLOSING,0,0.0,1
2026-08-11T19:12:10.294672,27.8989,0.137534,0.085159,0.111346,0.141351,CLOSED,0,0.0,1
2026-08-11T19:12:10.312817,27.9198,0.15883,0.096668,0.127749,0.13659,CLOSED,0,0.0,1
2026-08-11T19:12:10.349640,27.9542,0.1757,0.103224,0.139462,0.137596,CLOSED,0,0.0,1
2026-08-11T19:12:10.390386,27.9963,0.318737,0.261022,0.28988,0.190895,CLOSED,0,0.0,1
2026-08-11T19:12:10.412561,28.0161,0.348726,0.297069,0.322897,0.237096,CLOSED,0,0.0,1
2026-08-11T19:12:10.447009,28.0499,0.363548,0.32329,0.343419,0.274309,OPENING,0,0.0,1
2026-08-11T19:12:10.504833,28.1119,0.384791,0.371953,0.378372,0.310731,OPEN,1,0.26951,1
2026-08-11T19:12:10.525738,28.13,0.386739,0.37644,0.38159,0.335531,OPEN,0,0.0,1
2026-08-11T19:12:10.546840,28.1515,0.384348,0.376562,0.380455,0.351255,OPEN,0,0.0,1
2026-08-11T19:12:10.600292,28.2048,0.399554,0.395376,0.397465,0.367428,OPEN,0,0.0,1
2026-08-11T19:12:10.634995,28.2408,0.401861,0.400255,0.401058,0.379199,OPEN,0,0.0,1
2026-08-11T19:12:10.669478,28.2747,0.40247,0.400851,0.401661,0.38706,OPEN,0,0.0,1
2026-08-11T19:12:10.703178,28.3108,0.394694,0.393677,0.394186,0.389554,OPEN,0,0.0,1
2026-08-11T19:12:10.728737,28.3341,0.389905,0.389576,0.38974,0.389619,OPEN,0,0.0,1
2026-08-11T19:12:10.767844,28.3694,0.384451,0.385951,0.385201,0.388073,OPEN,0,0.0,1
2026-08-11T19:12:10.803842,28.41,0.398843,0.401722,0.400283,0.392346,OPEN,0,0.0,1
2026-08-11T19:12:10.910778,28.5094,0.410322,0.404963,0.407642,0.3977,OPEN,0,0.0,1
2026-08-11T19:12:10.929694,28.5362,0.410787,0.404568,0.407677,0.401192,OPEN,0,0.0,1
2026-08-11T19:12:10.997038,28.6043,0.420845,0.410087,0.415466,0.406188,OPEN,0,0.0,1
2026-08-11T19:12:11.013103,28.6216,0.425439,0.414237,0.419838,0.410965,OPEN,0,0.0,1
2026-08-11T19:12:11.039199,28.641,0.428548,0.417164,0.422856,0.415127,OPEN,0,0.0,1
2026-08-11T19:12:11.093984,28.7036,0.43269,0.42548,0.429085,0.420012,OPEN,0,0.0,1
2026-08-11T19:12:11.118190,28.7238,0.433412,0.426265,0.429838,0.423451,OPEN,0,0.0,1
2026-08-11T19:12:11.155182,28.7633,0.434448,0.427445,0.430947,0.426075,OPEN,0,0.0,1
2026-08-11T19:12:11.192808,28.8004,0.444997,0.434137,0.439567,0.430797,OPEN,0,0.0,1
2026-08-11T19:12:11.219238,28.8234,0.447894,0.436296,0.442095,0.434751,OPEN,0,0.0,1
2026-08-11T19:12:11.250640,28.8557,0.450089,0.437797,0.443943,0.437968,OPEN,0,0.0,1
2026-08-11T19:12:11.267191,28.8748,0.450374,0.438128,0.444251,0.440167,OPEN,0,0.0,1
2026-08-11T19:12:11.306560,28.9127,0.45292,0.439881,0.446401,0.442349,OPEN,0,0.0,1
2026-08-11T19:12:11.325841,28.9319,0.453907,0.440466,0.447187,0.444042,OPEN,0,0.0,1
2026-08-11T19:12:11.400871,29.0043,0.460683,0.448629,0.454656,0.447757,OPEN,0,0.0,1
2026-08-11T19:12:11.419962,29.026,0.460438,0.446191,0.453315,0.449702,OPEN,0,0.0,1
2026-08-11T19:12:11.454050,29.0606,0.459467,0.445015,0.452241,0.450591,OPEN,0,0.0,1
2026-08-11T19:12:11.489774,29.0983,0.454667,0.429574,0.442121,0.447626,OPEN,0,0.0,1
2026-08-11T19:12:11.523564,29.1315,0.451241,0.42526,0.43825,0.444345,OPEN,0,0.0,1
2026-08-11T19:12:11.559784,29.1669,0.449632,0.42231,0.435971,0.441414,OPEN,0,0.0,1
2026-08-11T19:12:11.596109,29.2025,0.196525,0.194504,0.195515,0.355349,OPEN,0,0.0,1
2026-08-11T19:12:11.631043,29.2352,0.139884,0.146378,0.143131,0.281073,OPEN,0,0.0,1
2026-08-11T19:12:11.665593,29.2708,0.136334,0.141828,0.139081,0.231376,CLOSING,0,0.0,1
2026-08-11T19:12:11.700719,29.3046,0.138749,0.143192,0.14097,0.199734,CLOSING,0,0.0,1
2026-08-11T19:12:11.734779,29.3405,0.101665,0.124443,0.113054,0.169396,CLOSED,0,0.0,1
2026-08-11T19:12:11.768790,29.3741,0.089314,0.096639,0.092976,0.142649,CLOSED,0,0.0,1
2026-08-11T19:12:11.808221,29.4134,0.108573,0.079818,0.094195,0.12569,CLOSED,0,0.0,1
2026-08-11T19:12:11.842220,29.451,0.109432,0.08121,0.095321,0.115061,CLOSED,0,0.0,1
2026-08-11T19:12:11.867692,29.4735,0.11077,0.081684,0.096227,0.108469,CLOSED,0,0.0,1
2026-08-11T19:12:11.903684,29.5114,0.11516,0.086343,0.100751,0.105768,CLOSED,0,0.0,1
2026-08-11T19:12:11.936558,29.5442,0.116549,0.091956,0.104252,0.105237,CLOSED,0,0.0,1
2026-08-11T19:12:11.973833,29.5811,0.117052,0.096564,0.106808,0.105787,CLOSED,0,0.0,1
2026-08-11T19:12:12.009474,29.6163,0.116772,0.085962,0.101367,0.10424,CLOSED,0,0.0,1
2026-08-11T19:12:12.115673,29.7187,0.1259,0.081239,0.103569,0.104005,CLOSED,0,0.0,1
2026-08-11T19:12:12.137585,29.7413,0.127566,0.082239,0.104903,0.104319,CLOSED,0,0.0,1
2026-08-11T19:12:12.198988,29.8043,0.122051,0.072025,0.097038,0.101771,CLOSED,0,0.0,1
2026-08-11T19:12:12.233196,29.8396,0.120437,0.068049,0.094243,0.099136,CLOSED,0,0.0,1
2026-08-11T19:12:12.269432,29.8728,0.119887,0.06811,0.093998,0.097338,CLOSED,0,0.0,1
2026-08-11T19:12:12.318593,29.9138,0.111329,0.079902,0.095616,0.096735,CLOSED,0,0.0,1
2026-08-11T19:12:12.349415,29.9443,0.11729,0.087564,0.102427,0.098727,CLOSED,0,0.0,1
2026-08-11T19:12:12.374745,29.9754,0.116419,0.088283,0.102351,0.099996,CLOSED,0,0.0,1
2026-08-11T19:12:12.417320,30.0175,0.137657,0.108592,0.123124,0.108091,CLOSED,0,0.0,1
2026-08-11T19:12:12.445201,30.0431,0.149371,0.116879,0.133125,0.116853,CLOSED,0,0.0,1
2026-08-11T19:12:12.466428,30.0713,0.155165,0.121215,0.13819,0.124321,CLOSED,0,0.0,1
2026-08-11T19:12:12.497315,30.0941,0.156738,0.122713,0.139726,0.129713,CLOSED,0,0.0,1
2026-08-11T19:12:12.521820,30.128,0.135741,0.116148,0.125944,0.128394,CLOSED,0,0.0,1
2026-08-11T19:12:12.542981,30.1495,0.129118,0.11605,0.122584,0.12636,CLOSED,0,0.0,1
2026-08-11T19:12:12.605761,30.211,0.123065,0.107677,0.115371,0.122514,CLOSED,0,0.0,1
2026-08-11T19:12:12.638708,30.246,0.120123,0.106368,0.113246,0.11927,CLOSED,0,0.0,1
2026-08-11T19:12:12.671633,30.2793,0.117728,0.105099,0.111414,0.11652,CLOSED,0,0.0,1
2026-08-11T19:12:12.698799,30.3024,0.119732,0.11179,0.115761,0.116255,CLOSED,0,0.0,1
2026-08-11T19:12:12.734633,30.3398,0.118794,0.114521,0.116658,0.116396,CLOSED,0,0.0,1
2026-08-11T19:12:12.767354,30.3721,0.117135,0.118629,0.117882,0.116916,CLOSED,0,0.0,1
2026-08-11T19:12:12.806386,30.4126,0.116041,0.104238,0.11014,0.114544,CLOSED,0,0.0,1
2026-08-11T19:12:12.837453,30.4458,0.11567,0.096145,0.105907,0.111521,CLOSED,0,0.0,1
2026-08-11T19:12:12.857639,30.464,0.115465,0.092521,0.103993,0.108886,CLOSED,0,0.0,1
2026-08-11T19:12:12.878583,30.4832,0.115315,0.090663,0.102989,0.106822,CLOSED,0,0.0,1
2026-08-11T19:12:12.912799,30.516,0.108038,0.089933,0.098986,0.10408,CLOSED,0,0.0,1
2026-08-11T19:12:12.928860,30.5374,0.104583,0.089868,0.097226,0.101681,CLOSED,0,0.0,1
2026-08-11T19:12:12.994785,30.6031,0.116906,0.094907,0.105907,0.10316,CLOSED,0,0.0,1
2026-08-11T19:12:13.013702,30.6216,0.120958,0.097258,0.109108,0.105242,CLOSED,0,0.0,1
2026-08-11T19:12:13.038053,30.6405,0.124342,0.098874,0.111608,0.10747,CLOSED,0,0.0,1
2026-08-11T19:12:13.096281,30.7047,0.150256,0.11542,0.132838,0.116349,CLOSED,0,0.0,1
2026-08-11T19:12:13.114247,30.7229,0.153019,0.117911,0.135465,0.123039,CLOSED,0,0.0,1
2026-08-11T19:12:13.139109,30.7425,0.155684,0.12024,0.137962,0.128262,CLOSED,0,0.0,1
2026-08-11T19:12:13.159009,30.7642,0.158033,0.122307,0.14017,0.13243,CLOSED,0,0.0,1
2026-08-11T19:12:13.204617,30.8134,0.157135,0.122497,0.139816,0.135015,CLOSED,0,0.0,1
2026-08-11T19:12:13.227430,30.8306,0.155934,0.115292,0.135613,0.135224,CLOSED,0,0.0,1
2026-08-11T19:12:13.244864,30.8523,0.154994,0.110504,0.132749,0.134358,CLOSED,0,0.0,1
2026-08-11T19:12:13.306847,30.9136,0.135321,0.097011,0.116166,0.127991,CLOSED,0,0.0,1
2026-08-11T19:12:13.328498,30.9329,0.131822,0.093913,0.112868,0.122698,CLOSED,0,0.0,1
2026-08-11T19:12:13.404864,31.0101,0.129575,0.09309,0.111332,0.11872,CLOSED,0,0.0,1
2026-08-11T19:12:13.427830,31.0304,0.126896,0.090946,0.108921,0.11529,CLOSED,0,0.0,1
2026-08-11T19:12:13.463349,31.0646,0.126649,0.089941,0.108295,0.112842,CLOSED,0,0.0,1
2026-08-11T19:12:13.494722,31.1001,0.137289,0.118369,0.127829,0.118087,CLOSED,0,0.0,1
2026-08-11T19:12:13.532455,31.1347,0.143691,0.130411,0.137051,0.124725,CLOSED,0,0.0,1
2026-08-11T19:12:13.567419,31.1683,0.148451,0.137796,0.143124,0.131164,CLOSED,0,0.0,1
2026-08-11T19:12:13.604936,31.2069,0.151342,0.142665,0.147003,0.136708,CLOSED,0,0.0,1
2026-08-11T19:12:13.637379,31.2458,0.139412,0.124457,0.131935,0.135037,CLOSED,0,0.0,1
2026-08-11T19:12:13.659264,31.2639,0.132139,0.119558,0.125849,0.131821,CLOSED,0,0.0,1
2026-08-11T19:12:13.675151,31.2842,0.126408,0.113214,0.119811,0.127618,CLOSED,0,0.0,1
2026-08-11T19:12:13.702541,31.3093,0.129808,0.113171,0.121489,0.125473,CLOSED,0,0.0,1
2026-08-11T19:12:13.734989,31.3434,0.132369,0.11427,0.12332,0.124719,CLOSED,0,0.0,1
2026-08-11T19:12:13.805651,31.4057,0.113063,0.099813,0.106438,0.118321,CLOSED,0,0.0,1
2026-08-11T19:12:13.829645,31.4316,0.107223,0.097463,0.102343,0.112729,CLOSED,0,0.0,1
2026-08-11T19:12:13.849866,31.4559,0.103988,0.096414,0.100201,0.108344,CLOSED,0,0.0,1
2026-08-11T19:12:13.894598,31.5034,0.097714,0.112757,0.105235,0.107256,CLOSED,0,0.0,1
2026-08-11T19:12:13.939631,31.5414,0.097592,0.11075,0.104171,0.106176,CLOSED,0,0.0,1
2026-08-11T19:12:13.968189,31.5755,0.095965,0.109483,0.102724,0.104968,CLOSED,0,0.0,1
2026-08-11T19:12:14.008363,31.6143,0.09614,0.10814,0.10214,0.103978,CLOSED,0,0.0,1
2026-08-11T19:12:14.039569,31.6483,0.096338,0.115565,0.105952,0.104669,CLOSED,0,0.0,1
2026-08-11T19:12:14.060857,31.6655,0.095195,0.115159,0.105177,0.104847,CLOSED,0,0.0,1
2026-08-11T19:12:14.095588,31.6987,0.09475,0.116241,0.105496,0.105074,CLOSED,0,0.0,1
2026-08-11T19:12:14.113150,31.7213,0.102718,0.116619,0.109668,0.106682,CLOSED,0,0.0,1
2026-08-11T19:12:14.146127,31.7545,0.105061,0.116248,0.110654,0.108072,CLOSED,0,0.0,1
2026-08-11T19:12:14.201017,31.8087,0.112637,0.10714,0.109888,0.108708,CLOSED,0,0.0,1
2026-08-11T19:12:14.237378,31.8432,0.117987,0.106281,0.112134,0.109907,CLOSED,0,0.0,1
2026-08-11T19:12:14.275471,31.8833,0.116139,0.10585,0.110995,0.110288,CLOSED,0,0.0,1
2026-08-11T19:12:14.307474,31.9165,0.121398,0.107078,0.114238,0.11167,CLOSED,0,0.0,1
2026-08-11T19:12:14.419864,32.0231,0.12039,0.085389,0.102889,0.108597,CLOSED,0,0.0,1
2026-08-11T19:12:14.443789,32.0461,0.122615,0.090414,0.106515,0.107868,CLOSED,0,0.0,1
2026-08-11T19:12:14.470942,32.075,0.125748,0.097718,0.111733,0.109221,CLOSED,0,0.0,1
2026-08-11T19:12:14.508024,32.1153,0.117565,0.101896,0.10973,0.109399,CLOSED,0,0.0,1
2026-08-11T19:12:14.545341,32.1507,0.114991,0.107501,0.111246,0.110045,CLOSED,0,0.0,1
2026-08-11T19:12:14.598330,32.2042,0.10855,0.101023,0.104786,0.108205,CLOSED,0,0.0,1
2026-08-11T19:12:14.633769,32.2393,0.106818,0.10084,0.103829,0.106673,CLOSED,0,0.0,1
2026-08-11T19:12:14.668838,32.2732,0.105943,0.100387,0.103165,0.105445,CLOSED,0,0.0,1
2026-08-11T19:12:14.714138,32.3205,0.111231,0.105188,0.108209,0.106413,CLOSED,0,0.0,1
2026-08-11T19:12:14.748011,32.3527,0.107248,0.096608,0.101928,0.104843,CLOSED,0,0.0,1
2026-08-11T19:12:14.779859,32.3843,0.106147,0.095161,0.100654,0.103377,CLOSED,0,0.0,1
2026-08-11T19:12:14.817260,32.422,0.122922,0.098107,0.110515,0.105875,CLOSED,0,0.0,1
2026-08-11T19:12:14.904194,32.5091,0.109834,0.076537,0.093185,0.101434,CLOSED,0,0.0,1
2026-08-11T19:12:14.941213,32.5451,0.101565,0.073253,0.087409,0.096525,CLOSED,0,0.0,1
2026-08-11T19:12:15.005232,32.6134,0.131587,0.078969,0.105278,0.099589,CLOSED,0,0.0,1
2026-08-11T19:12:15.039525,32.6473,0.136531,0.080554,0.108542,0.102722,CLOSED,0,0.0,1
2026-08-11T19:12:15.072878,32.6817,0.139173,0.083046,0.111109,0.105658,CLOSED,0,0.0,1
2026-08-11T19:12:15.105912,32.7148,0.210945,0.162082,0.186514,0.133957,CLOSED,0,0.0,1
2026-08-11T19:12:15.124915,32.7315,0.232276,0.184748,0.208512,0.160051,CLOSED,0,0.0,1
2026-08-11T19:12:15.161056,32.77,0.249718,0.203129,0.226424,0.183282,CLOSED,0,0.0,1
2026-08-11T19:12:15.179544,32.7878,0.254198,0.208542,0.23137,0.200113,CLOSED,0,0.0,1
2026-08-11T19:12:15.209030,32.8167,0.333566,0.31958,0.326573,0.244374,CLOSED,0,0.0,1
2026-08-11T19:12:15.231591,32.8354,0.351362,0.338787,0.345074,0.279619,OPENING,0,0.0,1
2026-08-11T19:12:15.259482,32.8683,0.360489,0.346951,0.35372,0.305554,OPEN,0,3.597531,1
2026-08-11T19:12:15.300610,32.9088,0.368752,0.335664,0.352208,0.321883,OPEN,0,0.0,1
2026-08-11T19:12:15.324863,32.9301,0.366886,0.333025,0.349956,0.331709,OPEN,0,0.0,1
2026-08-11T19:12:15.407475,33.0132,0.383123,0.343648,0.363386,0.342795,OPEN,0,0.0,1
2026-08-11T19:12:15.426072,33.0319,0.382589,0.344081,0.363335,0.349984,OPEN,0,0.0,1
2026-08-11T19:12:15.460992,33.0649,0.379599,0.34442,0.362009,0.354193,OPEN,0,0.0,1
2026-08-11T19:12:15.494342,33.0977,0.377176,0.343788,0.360482,0.356394,OPEN,0,0.0,1
2026-08-11T19:12:15.525736,33.1313,0.372867,0.344112,0.358489,0.357128,OPEN,0,0.0,1
2026-08-11T19:12:15.544289,33.1515,0.371177,0.343256,0.357217,0.357159,OPEN,0,0.0,1
2026-08-11T19:12:15.579420,33.1871,0.368646,0.342061,0.355353,0.356527,OPEN,0,0.0,1
2026-08-11T19:12:15.615109,33.2197,0.368317,0.344428,0.356373,0.356473,OPEN,0,0.0,1
2026-08-11T19:12:15.650157,33.2544,0.368928,0.344114,0.356521,0.35649,OPEN,0,0.0,1
2026-08-11T19:12:15.681802,33.287,0.369413,0.343912,0.356662,0.35655,OPEN,0,0.0,1
2026-08-11T19:12:15.718768,33.3225,0.370682,0.348944,0.359813,0.357692,OPEN,0,0.0,1
2026-08-11T19:12:15.751849,33.36,0.370875,0.351979,0.361427,0.358999,OPEN,0,0.0,1
2026-08-11T19:12:15.792885,33.4024,0.376168,0.354494,0.365331,0.361215,OPEN,0,0.0,1
2026-08-11T19:12:15.810999,33.4197,0.377434,0.354901,0.366168,0.362949,OPEN,0,0.0,1
2026-08-11T19:12:15.834118,33.4382,0.377978,0.355028,0.366503,0.364193,OPEN,0,0.0,1
2026-08-11T19:12:15.866343,33.4711,0.378499,0.355177,0.366838,0.365118,OPEN,0,0.0,1
2026-08-11T19:12:15.909439,33.5182,0.37836,0.356368,0.367364,0.365904,OPEN,0,0.0,1
2026-08-11T19:12:15.925730,33.535,0.377958,0.35601,0.366984,0.366282,OPEN,0,0.0,1
2026-08-11T19:12:15.950141,33.5543,0.377904,0.355938,0.366921,0.366506,OPEN,0,0.0,1
2026-08-11T19:12:16.003430,33.6114,0.374395,0.358007,0.366201,0.366399,OPEN,0,0.0,1
2026-08-11T19:12:16.038529,33.6461,0.374103,0.359916,0.36701,0.366613,OPEN,0,0.0,1
2026-08-11T19:12:16.071891,33.6802,0.373545,0.360848,0.367196,0.366817,OPEN,0,0.0,1
2026-08-11T19:12:16.104483,33.7099,0.373678,0.361729,0.367703,0.367127,OPEN,0,0.0,1
2026-08-11T19:12:16.135086,33.7435,0.374084,0.36248,0.368282,0.367531,OPEN,0,0.0,1
2026-08-11T19:12:16.206621,33.8126,0.333913,0.270326,0.302119,0.344637,OPEN,0,0.0,1
2026-08-11T19:12:16.232347,33.8377,0.330925,0.269241,0.300083,0.329043,OPEN,0,0.0,1
2026-08-11T19:12:16.268774,33.875,0.326796,0.259044,0.29292,0.3164,OPEN,0,0.0,1
2026-08-11T19:12:16.301484,33.909,0.323555,0.25952,0.291538,0.307698,OPEN,0,0.0,1
2026-08-11T19:12:16.334905,33.9428,0.130241,0.101027,0.115634,0.240476,CLOSING,0,0.0,1
2026-08-11T19:12:16.369503,33.9766,0.0889,0.068101,0.078501,0.183784,CLOSING,0,0.0,1
2026-08-11T19:12:16.406108,34.0135,0.086616,0.065436,0.076026,0.146069,CLOSED,0,0.0,1
2026-08-11T19:12:16.431162,34.037,0.116337,0.085607,0.100972,0.130285,CLOSED,0,0.0,1
2026-08-11T19:12:16.465410,34.0708,0.135489,0.098714,0.117102,0.125671,CLOSED,0,0.0,1
2026-08-11T19:12:16.503059,34.1059,0.149401,0.106274,0.127837,0.126429,CLOSED,0,0.0,1
2026-08-11T19:12:16.534123,34.1419,0.118004,0.104368,0.111186,0.121094,CLOSED,0,0.0,1
2026-08-11T19:12:16.571631,34.1796,0.111082,0.102639,0.106861,0.116112,CLOSED,0,0.0,1
2026-08-11T19:12:16.599967,34.2034,0.113312,0.10496,0.109136,0.113671,CLOSED,0,0.0,1
2026-08-11T19:12:16.628288,34.2345,0.118153,0.107487,0.11282,0.113373,CLOSED,0,0.0,1
2026-08-11T19:12:16.665656,34.2711,0.118893,0.109271,0.114082,0.113621,CLOSED,0,0.0,1
2026-08-11T19:12:16.703548,34.3053,0.120125,0.111824,0.115975,0.114445,CLOSED,0,0.0,1
2026-08-11T19:12:16.727071,34.333,0.122265,0.106279,0.114272,0.114384,CLOSED,0,0.0,1
2026-08-11T19:12:16.762309,34.3675,0.123848,0.100041,0.111945,0.11353,CLOSED,0,0.0,1
2026-08-11T19:12:16.798884,34.4046,0.125248,0.095614,0.110431,0.112446,CLOSED,0,0.0,1
2026-08-11T19:12:16.830714,34.4356,0.112657,0.091112,0.101884,0.108749,CLOSED,0,0.0,1
2026-08-11T19:12:16.862750,34.4683,0.10471,0.088569,0.096639,0.104511,CLOSED,0,0.0,1
2026-08-11T19:12:16.897647,34.5024,0.100092,0.08736,0.093726,0.100736,CLOSED,0,0.0,1
2026-08-11T19:12:16.932218,34.5377,0.094658,0.092044,0.093351,0.098151,CLOSED,0,0.0,1
2026-08-11T19:12:16.966471,34.5708,0.096086,0.101322,0.098704,0.098345,CLOSED,0,0.0,1
2026-08-11T19:12:17.019858,34.6258,0.095924,0.100984,0.098454,0.098383,CLOSED,0,0.0,1
2026-08-11T19:12:17.049235,34.6555,0.093619,0.101296,0.097457,0.098059,CLOSED,0,0.0,1
2026-08-11T19:12:17.085213,34.6915,0.09242,0.099091,0.095755,0.097253,CLOSED,0,0.0,1
2026-08-11T19:12:17.118690,34.7265,0.08801,0.099447,0.093728,0.096019,CLOSED,0,0.0,1
2026-08-11T19:12:17.209919,34.8127,0.094731,0.112895,0.103813,0.098747,CLOSED,0,0.0,1
2026-08-11T19:12:17.248309,34.8467,0.100389,0.117104,0.108747,0.102247,CLOSED,0,0.0,1
2026-08-11T19:12:17.274614,34.8788,0.103516,0.120028,0.111772,0.105581,CLOSED,0,0.0,1
2026-08-11T19:12:17.309047,34.913,0.100689,0.109838,0.105263,0.10547,CLOSED,0,0.0,1
2026-08-11T19:12:17.341067,34.9452,0.095231,0.097754,0.096492,0.102328,CLOSED,0,0.0,1
2026-08-11T19:12:17.419512,35.0211,0.090898,0.097495,0.094197,0.099482,CLOSED,0,0.0,1
2026-08-11T19:12:17.439537,35.0444,0.090174,0.099829,0.095001,0.097914,CLOSED,0,0.0,1
2026-08-11T19:12:17.473182,35.0773,0.090103,0.10344,0.096771,0.097514,CLOSED,0,0.0,1
2026-08-11T19:12:17.506541,35.1115,0.090528,0.105909,0.098218,0.09776,CLOSED,0,0.0,1
2026-08-11T19:12:17.530972,35.1367,0.094569,0.097395,0.095982,0.097138,CLOSED,0,0.0,1
2026-08-11T19:12:17.565280,35.1706,0.094811,0.089723,0.092267,0.095433,CLOSED,0,0.0,1
2026-08-11T19:12:17.599436,35.2043,0.095249,0.085848,0.090548,0.093723,CLOSED,0,0.0,1
2026-08-11T19:12:17.635527,35.2426,0.093311,0.080121,0.086716,0.091271,CLOSED,0,0.0,1
2026-08-11T19:12:17.668158,35.2765,0.095013,0.081454,0.088234,0.090208,CLOSED,0,0.0,1
2026-08-11T19:12:17.711877,35.3167,0.096776,0.082141,0.089458,0.089945,CLOSED,0,0.0,1
2026-08-11T19:12:17.749397,35.3537,0.095819,0.079226,0.087522,0.089097,CLOSED,0,0.0,1
2026-08-11T19:12:17.785501,35.3939,0.095548,0.074752,0.08515,0.087716,CLOSED,0,0.0,1
2026-08-11T19:12:17.806387,35.4111,0.095235,0.072532,0.083884,0.086375,CLOSED,0,0.0,1
2026-08-11T19:12:17.830328,35.4336,0.099962,0.086231,0.093097,0.088727,CLOSED,0,0.0,1
2026-08-11T19:12:17.863996,35.4716,0.106241,0.096382,0.101312,0.093132,CLOSED,0,0.0,1
2026-08-11T19:12:17.906397,35.5098,0.110173,0.103381,0.106777,0.097908,CLOSED,0,0.0,1
2026-08-11T19:12:17.930879,35.5374,0.106406,0.097653,0.10203,0.09935,CLOSED,0,0.0,1
2026-08-11T19:12:17.949356,35.5553,0.100083,0.095208,0.097645,0.098754,CLOSED,0,0.0,1
2026-08-11T19:12:17.983950,35.5908,0.094461,0.090777,0.092619,0.096606,CLOSED,0,0.0,1
2026-08-11T19:12:18.012212,35.6158,0.105173,0.090917,0.098045,0.09711,CLOSED,0,0.0,1
2026-08-11T19:12:18.047879,35.6507,0.11101,0.089237,0.100123,0.098165,CLOSED,0,0.0,1
2026-08-11T19:12:18.082593,35.6845,0.113615,0.086808,0.100211,0.098881,CLOSED,0,0.0,1
2026-08-11T19:12:18.101649,35.7073,0.117915,0.096016,0.106966,0.101711,CLOSED,0,0.0,1
2026-08-11T19:12:18.124561,35.7281,0.109987,0.096681,0.103334,0.102279,CLOSED,0,0.0,1
2026-08-11T19:12:18.144384,35.75,0.105008,0.097463,0.101236,0.101914,CLOSED,0,0.0,1
2026-08-11T19:12:18.215526,35.8226,0.09324,0.080541,0.086891,0.096656,CLOSED,0,0.0,1
2026-08-11T19:12:18.252671,35.8571,0.087972,0.072844,0.080408,0.090969,CLOSED,0,0.0,1
2026-08-11T19:12:18.274580,35.8772,0.086616,0.071077,0.078846,0.086726,CLOSED,0,0.0,1
2026-08-11T19:12:18.309790,35.9147,0.108425,0.081239,0.094832,0.089563,CLOSED,0,0.0,1
2026-08-11T19:12:18.344710,35.9484,0.118537,0.083291,0.100914,0.093536,CLOSED,0,0.0,1
2026-08-11T19:12:18.381770,35.9838,0.124229,0.088125,0.106177,0.09796,CLOSED,0,0.0,1
2026-08-11T19:12:18.415473,36.0234,0.103469,0.094217,0.098843,0.098269,CLOSED,0,0.0,1
2026-08-11T19:12:18.450142,36.0573,0.092173,0.093427,0.0928,0.096355,CLOSED,0,0.0,1
2026-08-11T19:12:18.485802,36.0928,0.086632,0.094824,0.090728,0.094385,CLOSED,0,0.0,1
2026-08-11T19:12:18.513816,36.1194,0.082016,0.090818,0.086417,0.091596,CLOSED,0,0.0,1
2026-08-11T19:12:18.549221,36.1543,0.080026,0.08705,0.083538,0.088776,CLOSED,0,0.0,1
2026-08-11T19:12:18.588546,36.1951,0.078159,0.082944,0.080551,0.085897,CLOSED,0,0.0,1
2026-08-11T19:12:18.624242,36.2331,0.101666,0.08977,0.095718,0.089335,CLOSED,0,0.0,1
2026-08-11T19:12:18.642403,36.2513,0.108799,0.090593,0.099696,0.092961,CLOSED,0,0.0,1
2026-08-11T19:12:18.667593,36.2707,0.112753,0.090908,0.101831,0.096065,CLOSED,0,0.0,1
2026-08-11T19:12:18.710000,36.3159,0.108804,0.090421,0.099612,0.097307,CLOSED,0,0.0,1
2026-08-11T19:12:18.749393,36.3503,0.10515,0.091858,0.098504,0.097726,CLOSED,0,0.0,1
2026-08-11T19:12:18.780781,36.3851,0.10049,0.089158,0.094824,0.09671,CLOSED,0,0.0,1
2026-08-11T19:12:18.817230,36.4252,0.097857,0.081978,0.089918,0.094333,CLOSED,0,0.0,1
2026-08-11T19:12:18.851411,36.459,0.094479,0.081396,0.087938,0.092094,CLOSED,0,0.0,1
2026-08-11T19:12:18.877720,36.4812,0.092886,0.079617,0.086252,0.090049,CLOSED,0,0.0,1
2026-08-11T19:12:18.902495,36.5079,0.222287,0.176096,0.199192,0.128249,CLOSED,0,0.0,1
2026-08-11T19:12:18.937349,36.5438,0.257992,0.228974,0.243483,0.168581,CLOSED,0,0.0,1
2026-08-11T19:12:18.956420,36.5632,0.262797,0.244394,0.253596,0.198336,CLOSED,0,0.0,1
2026-08-11T19:12:19.016847,36.6256,0.327238,0.312229,0.319733,0.240825,CLOSED,0,0.0,1
2026-08-11T19:12:19.051401,36.6584,0.341972,0.323989,0.332981,0.27308,OPENING,0,0.0,1
2026-08-11T19:12:19.084694,36.6935,0.344547,0.323777,0.334162,0.294458,OPEN,0,2.750663,1
2026-08-11T19:12:19.113518,36.7147,0.349841,0.350956,0.350399,0.314037,OPEN,0,0.0,1
2026-08-11T19:12:19.146182,36.7508,0.351135,0.355424,0.353279,0.327772,OPEN,0,0.0,1
2026-08-11T19:12:19.180159,36.7829,0.351026,0.356464,0.353745,0.336863,OPEN,0,0.0,1
2026-08-11T19:12:19.218009,36.8209,0.358994,0.353607,0.356301,0.343666,OPEN,0,0.0,1
2026-08-11T19:12:19.251657,36.8543,0.361443,0.354647,0.358045,0.348699,OPEN,0,0.0,1
2026-08-11T19:12:19.290981,36.891,0.362126,0.353918,0.358022,0.351962,OPEN,0,0.0,1
2026-08-11T19:12:19.323616,36.9272,0.360765,0.352429,0.356597,0.353584,OPEN,0,0.0,1
2026-08-11T19:12:19.354418,36.9583,0.356883,0.350557,0.35372,0.353632,OPEN,0,0.0,1
2026-08-11T19:12:19.386540,36.9902,0.35481,0.350064,0.352437,0.353213,OPEN,0,0.0,1
2026-08-11T19:12:19.416850,37.0253,0.352348,0.349615,0.350981,0.352432,OPEN,0,0.0,1
2026-08-11T19:12:19.438458,37.044,0.352413,0.349322,0.350867,0.351885,OPEN,0,0.0,1
2026-08-11T19:12:19.474146,37.0789,0.352603,0.349018,0.35081,0.351509,OPEN,0,0.0,1
2026-08-11T19:12:19.517368,37.1195,0.352022,0.314,0.333011,0.345035,OPEN,0,0.0,1
2026-08-11T19:12:19.549939,37.1538,0.349028,0.300037,0.324532,0.337859,OPEN,0,0.0,1
2026-08-11T19:12:19.573130,37.1757,0.347949,0.295254,0.321602,0.332169,OPEN,0,0.0,1
2026-08-11T19:12:19.612629,37.215,0.128471,0.117666,0.123069,0.258984,OPEN,0,0.0,1
2026-08-11T19:12:19.633119,37.2389,0.079586,0.074238,0.076912,0.195259,CLOSING,0,0.0,1
2026-08-11T19:12:19.672183,37.2738,0.06779,0.07026,0.069025,0.151077,CLOSING,0,0.0,1
2026-08-11T19:12:19.717977,37.3249,0.076555,0.061162,0.068858,0.1223,CLOSED,0,0.0,1
2026-08-11T19:12:19.753204,37.3595,0.084817,0.061607,0.073212,0.105119,CLOSED,0,0.0,1
2026-08-11T19:12:19.778752,37.3794,0.087521,0.064616,0.076068,0.094952,CLOSED,0,0.0,1
2026-08-11T19:12:19.820848,37.4221,0.184949,0.20506,0.195005,0.12997,CLOSED,0,0.0,1
2026-08-11T19:12:19.853022,37.4563,0.230694,0.249541,0.240118,0.168522,CLOSED,0,0.0,1
2026-08-11T19:12:19.886926,37.4925,0.247125,0.265055,0.25609,0.199171,CLOSED,0,0.0,1
2026-08-11T19:12:19.912281,37.5153,0.331036,0.327663,0.329349,0.244733,CLOSED,0,0.0,1
2026-08-11T19:12:19.948207,37.5527,0.365349,0.364942,0.365145,0.286877,OPENING,0,0.0,1
2026-08-11T19:12:19.972732,37.5746,0.373212,0.376093,0.374653,0.317599,OPEN,1,0.335625,1
2026-08-11T19:12:20.013516,37.6178,0.398751,0.396039,0.397395,0.345528,OPEN,0,0.0,1
2026-08-11T19:12:20.046105,37.6492,0.400893,0.397176,0.399035,0.364255,OPEN,0,0.0,1
2026-08-11T19:12:20.064685,37.6706,0.400583,0.397159,0.398871,0.376371,OPEN,0,0.0,1
2026-08-11T19:12:20.120844,37.7269,0.398113,0.398595,0.398354,0.384065,OPEN,0,0.0,1
2026-08-11T19:12:20.154087,37.7616,0.39742,0.396909,0.397165,0.38865,OPEN,0,0.0,1
2026-08-11T19:12:20.177364,37.7806,0.397472,0.396414,0.396943,0.391552,OPEN,0,0.0,1
2026-08-11T19:12:20.217161,37.8216,0.403199,0.403279,0.403239,0.395643,OPEN,0,0.0,1
2026-08-11T19:12:20.250423,37.8579,0.404511,0.402969,0.40374,0.398477,OPEN,0,0.0,1
2026-08-11T19:12:20.272952,37.8765,0.405821,0.402454,0.404137,0.400458,OPEN,0,0.0,1
2026-08-11T19:12:20.315438,37.919,0.403157,0.40012,0.401638,0.400871,OPEN,0,0.0,1
2026-08-11T19:12:20.348068,37.9512,0.40239,0.398287,0.400338,0.400685,OPEN,0,0.0,1
2026-08-11T19:12:20.382844,37.985,0.40154,0.39591,0.398725,0.399999,OPEN,0,0.0,1
2026-08-11T19:12:20.414449,38.0191,0.403145,0.399286,0.401216,0.400425,OPEN,0,0.0,1
2026-08-11T19:12:20.451095,38.0529,0.401693,0.398883,0.400288,0.400377,OPEN,0,0.0,1
2026-08-11T19:12:20.483106,38.0879,0.401135,0.39942,0.400277,0.400342,OPEN,0,0.0,1
2026-08-11T19:12:20.525442,38.1311,0.402008,0.410314,0.406161,0.402379,OPEN,0,0.0,1
2026-08-11T19:12:20.562931,38.1653,0.404135,0.413464,0.408799,0.404626,OPEN,0,0.0,1
2026-08-11T19:12:20.595632,38.1986,0.405857,0.415474,0.410665,0.40674,OPEN,0,0.0,1
2026-08-11T19:12:20.632772,38.2334,0.414086,0.416281,0.415183,0.409695,OPEN,0,0.0,1
2026-08-11T19:12:20.664840,38.2725,0.419018,0.41964,0.419329,0.413067,OPEN,0,0.0,1
2026-08-11T19:12:20.699728,38.3058,0.419796,0.421397,0.420596,0.415702,OPEN,0,0.0,1
2026-08-11T19:12:20.734359,38.3405,0.420419,0.421384,0.420901,0.417522,OPEN,0,0.0,1
2026-08-11T19:12:20.767020,38.3755,0.421468,0.422673,0.42207,0.419114,OPEN,0,0.0,1
2026-08-11T19:12:20.805791,38.4109,0.422087,0.422735,0.422411,0.420268,OPEN,0,0.0,1
2026-08-11T19:12:20.838320,38.4475,0.296515,0.267243,0.281879,0.371832,OPEN,0,0.0,1
2026-08-11T19:12:20.863991,38.4695,0.274652,0.252377,0.263515,0.333921,OPEN,0,0.0,1
2026-08-11T19:12:20.882074,38.4892,0.264328,0.239433,0.25188,0.305207,OPEN,0,0.0,1
2026-08-11T19:12:20.919359,38.5239,0.142537,0.136923,0.13973,0.24729,CLOSING,0,0.0,1
2026-08-11T19:12:20.947454,38.557,0.111354,0.110317,0.110836,0.199531,CLOSING,0,0.0,1
2026-08-11T19:12:20.966339,38.5738,0.104839,0.10538,0.10511,0.166483,CLOSING,0,0.0,1
2026-08-11T19:12:21.014160,38.6212,0.092207,0.074728,0.083468,0.137428,CLOSED,0,0.0,1
2026-08-11T19:12:21.050984,38.6582,0.098608,0.079997,0.089303,0.120584,CLOSED,0,0.0,1
2026-08-11T19:12:21.075431,38.679,0.098028,0.079336,0.088682,0.109419,CLOSED,0,0.0,1
2026-08-11T19:12:21.114389,38.7198,0.099944,0.077664,0.088804,0.102203,CLOSED,0,0.0,1
2026-08-11T19:12:21.149240,38.7524,0.101969,0.082829,0.092399,0.098772,CLOSED,0,0.0,1
2026-08-11T19:12:21.180482,38.7874,0.105678,0.084558,0.095118,0.097493,CLOSED,0,0.0,1
2026-08-11T19:12:21.216370,38.8233,0.105369,0.092031,0.0987,0.097915,CLOSED,0,0.0,1
2026-08-11T19:12:21.252234,38.857,0.103876,0.091321,0.097599,0.097805,CLOSED,0,0.0,1
2026-08-11T19:12:21.272924,38.8771,0.103402,0.091312,0.097357,0.097648,CLOSED,0,0.0,1
2026-08-11T19:12:21.320958,38.9292,0.100347,0.098374,0.099361,0.098247,CLOSED,0,0.0,1
2026-08-11T19:12:21.343118,38.9465,0.096452,0.091954,0.094203,0.096832,CLOSED,0,0.0,1
2026-08-11T19:12:21.375819,38.9804,0.094551,0.086321,0.090436,0.094593,CLOSED,0,0.0,1
2026-08-11T19:12:21.416699,39.0221,0.101172,0.090494,0.095833,0.095027,CLOSED,0,0.0,1
2026-08-11T19:12:21.450088,39.0579,0.105881,0.092216,0.099049,0.096435,CLOSED,0,0.0,1
2026-08-11T19:12:21.483432,39.0917,0.11038,0.093744,0.102062,0.098404,CLOSED,0,0.0,1
2026-08-11T19:12:21.513549,39.1161,0.345825,0.28851,0.317167,0.174971,CLOSED,0,0.0,1
2026-08-11T19:12:21.532610,39.1391,0.393268,0.342069,0.367669,0.242415,CLOSED,0,0.0,1
2026-08-11T19:12:21.558314,39.162,0.398208,0.35914,0.378674,0.290106,OPENING,0,0.0,1
2026-08-11T19:12:21.623253,39.2309,0.435821,0.425821,0.430821,0.339356,OPEN,1,0.706961,1
2026-08-11T19:12:21.641788,39.248,0.438988,0.434682,0.436835,0.373474,OPEN,0,0.0,1
2026-08-11T19:12:21.678044,39.2811,0.439896,0.435635,0.437766,0.395976,OPEN,0,0.0,1
2026-08-11T19:12:21.716857,39.3244,0.442345,0.442593,0.442469,0.412248,OPEN,0,0.0,1
2026-08-11T19:12:21.750871,39.3591,0.439837,0.441604,0.44072,0.422214,OPEN,0,0.0,1
2026-08-11T19:12:21.769970,39.3755,0.438732,0.441522,0.440127,0.428483,OPEN,0,0.0,1
2026-08-11T19:12:21.813160,39.42,0.443612,0.445529,0.444571,0.434114,OPEN,0,0.0,1
2026-08-11T19:12:21.851484,39.4565,0.449262,0.448838,0.44905,0.439341,OPEN,0,0.0,1
2026-08-11T19:12:21.883350,39.4904,0.450818,0.450094,0.450456,0.443231,OPEN,0,0.0,1
2026-08-11T19:12:21.916162,39.5194,0.449797,0.446282,0.448039,0.444914,OPEN,0,0.0,1
2026-08-11T19:12:21.944345,39.5524,0.448409,0.443395,0.445902,0.44526,OPEN,0,0.0,1
2026-08-11T19:12:21.964890,39.572,0.447731,0.442028,0.444879,0.445127,OPEN,0,0.0,1
2026-08-11T19:12:22.021787,39.6289,0.451069,0.447538,0.449304,0.446589,OPEN,0,0.0,1
2026-08-11T19:12:22.044912,39.6488,0.452355,0.450202,0.451279,0.44823,OPEN,0,0.0,1
2026-08-11T19:12:22.078024,39.6826,0.453216,0.453199,0.453208,0.449972,OPEN,0,0.0,1
2026-08-11T19:12:22.121835,39.7302,0.44827,0.450291,0.449281,0.44973,OPEN,0,0.0,1
2026-08-11T19:12:22.153852,39.7628,0.444999,0.447569,0.446284,0.448524,OPEN,0,0.0,1
2026-08-11T19:12:22.177482,39.7813,0.443519,0.446289,0.444904,0.447257,OPEN,0,0.0,1
2026-08-11T19:12:22.214180,39.8199,0.443449,0.44328,0.443364,0.445895,OPEN,0,0.0,1
2026-08-11T19:12:22.246575,39.8538,0.4427,0.441505,0.442103,0.444567,OPEN,0,0.0,1
2026-08-11T19:12:22.284666,39.8922,0.442516,0.440055,0.441285,0.443419,OPEN,0,0.0,1
2026-08-11T19:12:22.319904,39.9272,0.18291,0.190745,0.186828,0.353612,OPEN,0,0.0,1
2026-08-11T19:12:22.352304,39.9613,0.126513,0.142472,0.134493,0.27692,OPEN,0,0.0,1
2026-08-11T19:12:22.375113,39.9787,0.117467,0.132232,0.12485,0.223695,CLOSING,0,0.0,1
2026-08-11T19:12:22.419254,40.0278,0.080743,0.105567,0.093155,0.178006,CLOSING,0,0.0,1
2026-08-11T19:12:22.442768,40.0458,0.085717,0.102188,0.093953,0.148588,CLOSED,0,0.0,1
2026-08-11T19:12:22.475619,40.0792,0.087026,0.09595,0.091488,0.128603,CLOSED,0,0.0,1
2026-08-11T19:12:22.518023,40.1258,0.087317,0.073097,0.080207,0.111664,CLOSED,0,0.0,1
2026-08-11T19:12:22.553054,40.1571,0.08426,0.081676,0.082968,0.101621,CLOSED,0,0.0,1
2026-08-11T19:12:22.584267,40.1925,0.084717,0.078526,0.081622,0.094621,CLOSED,0,0.0,1
2026-08-11T19:12:22.618467,40.2272,0.095804,0.090916,0.09336,0.09418,CLOSED,0,0.0,1
2026-08-11T19:12:22.640875,40.2452,0.101063,0.094214,0.097638,0.09539,CLOSED,0,0.0,1
2026-08-11T19:12:22.677191,40.2802,0.105985,0.099835,0.10291,0.098022,CLOSED,0,0.0,1
2026-08-11T19:12:22.711944,40.3153,0.096337,0.077944,0.08714,0.094214,CLOSED,0,0.0,1
2026-08-11T19:12:22.747377,40.3546,0.100371,0.083345,0.091858,0.093389,CLOSED,0,0.0,1
2026-08-11T19:12:22.782781,40.3886,0.101683,0.080774,0.091229,0.092633,CLOSED,0,0.0,1
2026-08-11T19:12:22.822050,40.43,0.083942,0.081148,0.082545,0.089102,CLOSED,0,0.0,1
2026-08-11T19:12:22.862598,40.4673,0.058659,0.080008,0.069334,0.082183,CLOSED,0,0.0,1
2026-08-11T19:12:22.896518,40.4998,0.055576,0.080394,0.067985,0.077214,CLOSED,0,0.0,1
2026-08-11T19:12:22.917774,40.5239,0.06928,0.054164,0.061722,0.071792,CLOSED,0,0.0,1
2026-08-11T19:12:22.963316,40.5671,0.078881,0.044731,0.061806,0.068297,CLOSED,0,0.0,1
2026-08-11T19:12:22.997577,40.6014,0.081843,0.038992,0.060418,0.065539,CLOSED,0,0.0,1
2026-08-11T19:12:23.028799,40.6346,0.35201,0.301636,0.326823,0.156988,CLOSED,0,0.0,1
2026-08-11T19:12:23.064012,40.6693,0.405591,0.373612,0.389602,0.238403,CLOSED,0,0.0,1
2026-08-11T19:12:23.101868,40.7043,0.412825,0.38791,0.400368,0.295091,OPENING,0,0.0,1
2026-08-11T19:12:23.130561,40.7355,0.459726,0.429668,0.444697,0.347453,OPEN,1,0.756722,1
2026-08-11T19:12:23.163514,40.7727,0.463465,0.440944,0.452205,0.384116,OPEN,0,0.0,1
2026-08-11T19:12:23.201105,40.805,0.463936,0.443621,0.453778,0.408498,OPEN,0,0.0,1
2026-08-11T19:12:23.232565,40.8393,0.451233,0.447981,0.449607,0.422886,OPEN,0,0.0,1
2026-08-11T19:12:23.264418,40.8732,0.444449,0.446381,0.445415,0.430771,OPEN,0,0.0,1
2026-08-11T19:12:23.285362,40.8912,0.440502,0.444971,0.442737,0.434959,OPEN,0,0.0,1
2026-08-11T19:12:23.318876,40.9246,0.435784,0.445064,0.440424,0.436872,OPEN,0,0.0,1
2026-08-11T19:12:23.348701,40.958,0.436709,0.44751,0.442109,0.438705,OPEN,0,0.0,1
2026-08-11T19:12:23.371475,40.9769,0.437658,0.448828,0.443243,0.440293,OPEN,0,0.0,1
2026-08-11T19:12:23.420602,41.027,0.434263,0.442816,0.43854,0.43968,OPEN,0,0.0,1
2026-08-11T19:12:23.452835,41.061,0.431239,0.439489,0.435364,0.438169,OPEN,0,0.0,1
2026-08-11T19:12:23.474521,41.0788,0.429859,0.438254,0.434056,0.43673,OPEN,0,0.0,1
2026-08-11T19:12:23.512041,41.1169,0.424956,0.432358,0.428657,0.433904,OPEN,0,0.0,1
2026-08-11T19:12:23.549389,41.1519,0.422367,0.427235,0.424801,0.430718,OPEN,0,0.0,1
2026-08-11T19:12:23.583096,41.1869,0.420183,0.42264,0.421412,0.427461,OPEN,0,0.0,1
2026-08-11T19:12:23.625804,41.2332,0.432001,0.424285,0.428143,0.4277,OPEN,0,0.0,1
2026-08-11T19:12:23.661089,41.2656,0.438067,0.427207,0.432637,0.429428,OPEN,0,0.0,1
2026-08-11T19:12:23.680455,41.2867,0.44105,0.429286,0.435168,0.431437,OPEN,0,0.0,1
2026-08-11T19:12:23.716013,41.324,0.438543,0.430257,0.4344,0.432474,OPEN,0,0.0,1
2026-08-11T19:12:23.749899,41.3567,0.439081,0.434513,0.436797,0.433987,OPEN,0,0.0,1
2026-08-11T19:12:23.784082,41.3912,0.439128,0.436221,0.437674,0.435278,OPEN,0,0.0,1
2026-08-11T19:12:23.816498,41.42,0.446492,0.439742,0.443117,0.438021,OPEN,0,0.0,1
2026-08-11T19:12:23.855894,41.4595,0.450047,0.442273,0.44616,0.44087,OPEN,0,0.0,1
2026-08-11T19:12:23.886418,41.4898,0.451857,0.443832,0.447845,0.443311,OPEN,0,0.0,1
2026-08-11T19:12:23.932726,41.5365,0.399759,0.343153,0.371456,0.418162,OPEN,0,0.0,1
2026-08-11T19:12:23.970382,41.5715,0.381747,0.34271,0.362229,0.398585,OPEN,0,0.0,1
2026-08-11T19:12:23.999263,41.5957,0.370209,0.340079,0.355144,0.383381,OPEN,0,0.0,1
2026-08-11T19:12:24.029565,41.6294,0.155544,0.138792,0.147168,0.300706,OPEN,0,0.0,1
2026-08-11T19:12:24.058559,41.6628,0.095434,0.100278,0.097856,0.229709,CLOSING,0,0.0,1
2026-08-11T19:12:24.095879,41.7008,0.077952,0.082372,0.080162,0.177367,CLOSING,0,0.0,1
2026-08-11T19:12:24.131417,41.7348,0.045431,0.05544,0.050436,0.132941,CLOSED,0,0.0,1
2026-08-11T19:12:24.152608,41.7576,0.045081,0.04896,0.047021,0.102869,CLOSED,0,0.0,1
2026-08-11T19:12:24.173116,41.7783,0.047612,0.048244,0.047928,0.08364,CLOSED,0,0.0,1
2026-08-11T19:12:24.216256,41.8236,0.070288,0.064267,0.067277,0.077913,CLOSED,0,0.0,1
2026-08-11T19:12:24.249465,41.8549,0.078774,0.063669,0.071221,0.075571,CLOSED,0,0.0,1
2026-08-11T19:12:24.281685,41.8899,0.080398,0.065414,0.072906,0.074638,CLOSED,0,0.0,1
2026-08-11T19:12:24.324905,41.9335,0.058071,0.032039,0.045055,0.064284,CLOSED,0,0.0,1
2026-08-11T19:12:24.366525,41.9687,0.044418,0.022118,0.033268,0.053428,CLOSED,0,0.0,1
2026-08-11T19:12:24.398958,42.0015,0.04023,0.019082,0.029656,0.045108,CLOSED,0,0.0,1
2026-08-11T19:12:24.431277,42.0323,0.038812,0.028064,0.033438,0.041024,CLOSED,0,0.0,1
2026-08-11T19:12:24.458956,42.0616,0.036945,0.032903,0.034924,0.038889,CLOSED,0,0.0,1
2026-08-11T19:12:24.495982,42.0958,0.037006,0.036442,0.036724,0.038131,CLOSED,0,0.0,1
2026-08-11T19:12:24.522927,42.1231,0.093767,0.089491,0.091629,0.056855,CLOSED,0,0.0,1
2026-08-11T19:12:24.544788,42.1494,0.121062,0.117113,0.119087,0.078637,CLOSED,0,0.0,1
2026-08-11T19:12:24.579940,42.1842,0.135522,0.132754,0.134138,0.098062,CLOSED,0,0.0,1
2026-08-11T19:12:24.622725,42.2272,0.361408,0.345942,0.353675,0.187526,CLOSED,0,0.0,1
2026-08-11T19:12:24.655057,42.2591,0.388786,0.375491,0.382139,0.255641,OPENING,0,0.0,1
2026-08-11T19:12:24.675516,42.2811,0.392241,0.379901,0.386071,0.301291,OPEN,1,0.618317,1
2026-08-11T19:12:24.727698,42.3338,0.412055,0.406181,0.409118,0.339031,OPEN,0,0.0,1
2026-08-11T19:12:24.764123,42.3681,0.41096,0.412205,0.411583,0.364424,OPEN,0,0.0,1
2026-08-11T19:12:24.801871,42.4026,0.411169,0.415081,0.413125,0.381469,OPEN,0,0.0,1
2026-08-11T19:12:24.826275,42.4274,0.433188,0.426218,0.429703,0.398351,OPEN,0,0.0,1
2026-08-11T19:12:24.857656,42.4604,0.443789,0.434134,0.438961,0.412565,OPEN,0,0.0,1
2026-08-11T19:12:24.880453,42.483,0.44679,0.434828,0.440809,0.42245,OPEN,0,0.0,1
2026-08-11T19:12:24.922827,42.5313,0.445272,0.44327,0.444271,0.430087,OPEN,0,0.0,1
2026-08-11T19:12:24.958364,42.5652,0.445112,0.442084,0.443598,0.434816,OPEN,0,0.0,1
2026-08-11T19:12:24.981834,42.5854,0.444895,0.441245,0.44307,0.437705,OPEN,0,0.0,1
2026-08-11T19:12:25.017688,42.6244,0.456322,0.439515,0.447918,0.44128,OPEN,0,0.0,1
2026-08-11T19:12:25.051554,42.6607,0.45838,0.439334,0.448857,0.443932,OPEN,0,0.0,1
2026-08-11T19:12:25.074264,42.6791,0.458908,0.439835,0.449372,0.445836,OPEN,0,0.0,1
2026-08-11T19:12:25.128497,42.7367,0.44948,0.441883,0.445682,0.445782,OPEN,0,0.0,1
2026-08-11T19:12:25.150213,42.7542,0.445846,0.441015,0.443431,0.444959,OPEN,0,0.0,1
2026-08-11T19:12:25.175557,42.7766,0.443692,0.440584,0.442138,0.443972,OPEN,0,0.0,1
2026-08-11T19:12:25.220831,42.8278,0.442022,0.439653,0.440838,0.442875,OPEN,0,0.0,1
2026-08-11T19:12:25.261846,42.8631,0.442445,0.43939,0.440918,0.44219,OPEN,0,0.0,1
2026-08-11T19:12:25.292321,42.8963,0.442832,0.438752,0.440792,0.441701,OPEN,0,0.0,1
2026-08-11T19:12:25.327691,42.9304,0.443922,0.439276,0.441599,0.441665,OPEN,0,0.0,1
2026-08-11T19:12:25.360335,42.9641,0.443984,0.438136,0.44106,0.441453,OPEN,0,0.0,1
2026-08-11T19:12:25.395180,42.9989,0.444474,0.437739,0.441107,0.441332,OPEN,0,0.0,1
2026-08-11T19:12:25.430002,43.0341,0.440797,0.432999,0.436898,0.43978,OPEN,0,0.0,1
2026-08-11T19:12:25.468659,43.0748,0.439119,0.432439,0.435779,0.43838,OPEN,0,0.0,1
2026-08-11T19:12:25.501890,43.1085,0.437868,0.432063,0.434965,0.437185,OPEN,0,0.0,1
2026-08-11T19:12:25.527574,43.1313,0.144949,0.139623,0.142286,0.33397,OPEN,0,0.0,1
2026-08-11T19:12:25.560760,43.1637,0.065448,0.066125,0.065787,0.240106,CLOSING,0,0.0,1
2026-08-11T19:12:25.597534,43.2032,0.062711,0.054225,0.058468,0.176533,CLOSING,0,0.0,1
2026-08-11T19:12:25.636765,43.2424,0.091732,0.048177,0.069955,0.13923,CLOSED,0,0.0,1
2026-08-11T19:12:25.673766,43.2776,0.105562,0.051144,0.078353,0.117923,CLOSED,0,0.0,1
2026-08-11T19:12:25.712330,43.3109,0.107963,0.053977,0.08097,0.10499,CLOSED,0,0.0,1
2026-08-11T19:12:25.736872,43.3429,0.345774,0.288558,0.317166,0.179251,CLOSED,0,0.0,1
2026-08-11T19:12:25.759685,43.3631,0.392552,0.34753,0.370041,0.246028,CLOSED,0,0.0,1
2026-08-11T19:12:25.782307,43.3856,0.401922,0.371696,0.386809,0.295301,OPENING,0,0.0,1
2026-08-11T19:12:25.829686,43.4353,0.414139,0.396102,0.405121,0.333738,OPEN,1,0.271654,1
2026-08-11T19:12:25.861775,43.4682,0.415904,0.41128,0.413592,0.361687,OPEN,0,0.0,1
2026-08-11T19:12:25.895355,43.5017,0.415517,0.414747,0.415132,0.380393,OPEN,0,0.0,1
2026-08-11T19:12:25.930162,43.5391,0.430322,0.433351,0.431837,0.398398,OPEN,0,0.0,1
2026-08-11T19:12:25.958284,43.5621,0.434619,0.438662,0.43664,0.411783,OPEN,0,0.0,1
2026-08-11T19:12:25.997640,43.6016,0.436837,0.442473,0.439655,0.421538,OPEN,0,0.0,1
2026-08-11T19:12:26.027541,43.6344,0.442835,0.439075,0.440955,0.428334,OPEN,0,0.0,1
2026-08-11T19:12:26.048876,43.6545,0.442484,0.437776,0.44013,0.432463,OPEN,0,0.0,1
2026-08-11T19:12:26.087838,43.6894,0.442913,0.435358,0.439136,0.434798,OPEN,0,0.0,1
2026-08-11T19:12:26.121021,43.7253,0.10837,0.099937,0.104153,0.319073,OPEN,0,0.0,1
2026-08-11T19:12:26.158434,43.7596,0.052816,0.037697,0.045257,0.223237,CLOSING,0,0.0,1
2026-08-11T19:12:26.192183,43.7929,0.042431,0.028937,0.035684,0.157593,CLOSING,0,0.0,1
2026-08-11T19:12:26.235793,43.8426,0.082889,0.059874,0.071382,0.127419,CLOSED,0,0.0,1
2026-08-11T19:12:26.269647,43.8762,0.095995,0.069032,0.082513,0.111702,CLOSED,0,0.0,1
2026-08-11T19:12:26.304149,43.9098,0.098956,0.06854,0.083748,0.101918,CLOSED,0,0.0,1
2026-08-11T19:12:26.334672,43.9418,0.303742,0.269237,0.28649,0.166518,CLOSED,0,0.0,1
2026-08-11T19:12:26.371370,43.9797,0.36174,0.325363,0.343552,0.22848,CLOSED,0,0.0,1
2026-08-11T19:12:26.388807,43.9977,0.371858,0.337096,0.354477,0.272579,OPENING,0,0.0,1
2026-08-11T19:12:26.424020,44.0289,0.417094,0.397183,0.407139,0.319675,OPEN,1,0.269261,1
2026-08-11T19:12:26.458164,44.0632,0.425601,0.421196,0.423398,0.355978,OPEN,0,0.0,1
2026-08-11T19:12:26.500771,44.1028,0.422722,0.426695,0.424709,0.380034,OPEN,0,0.0,1
2026-08-11T19:12:26.533657,44.1411,0.450986,0.443273,0.44713,0.403517,OPEN,0,0.0,1
2026-08-11T19:12:26.555291,44.1593,0.45602,0.447509,0.451765,0.420404,OPEN,0,0.0,1
2026-08-11T19:12:26.576379,44.1815,0.457736,0.449363,0.45355,0.432005,OPEN,0,0.0,1
2026-08-11T19:12:26.627906,44.2362,0.455339,0.465058,0.460198,0.441873,OPEN,0,0.0,1
2026-08-11T19:12:26.663926,44.2682,0.453706,0.454905,0.454305,0.446224,OPEN,0,0.0,1
2026-08-11T19:12:26.695208,44.3032,0.45284,0.450222,0.451531,0.448082,OPEN,0,0.0,1
2026-08-11T19:12:26.732208,44.3372,0.453074,0.444904,0.448989,0.448399,OPEN,0,0.0,1
2026-08-11T19:12:26.764084,44.3724,0.45356,0.442573,0.448066,0.448283,OPEN,0,0.0,1
2026-08-11T19:12:26.798673,44.4066,0.454773,0.441766,0.448269,0.448278,OPEN,0,0.0,1
2026-08-11T19:12:26.833914,44.4408,0.445651,0.436956,0.441304,0.445837,OPEN,0,0.0,1
2026-08-11T19:12:26.865804,44.4744,0.440179,0.43481,0.437495,0.442917,OPEN,0,0.0,1
2026-08-11T19:12:26.885880,44.4913,0.437727,0.433852,0.435789,0.440422,OPEN,0,0.0,1
2026-08-11T19:12:26.926286,44.5289,0.440794,0.441477,0.441135,0.440672,OPEN,0,0.0,1
2026-08-11T19:12:26.942451,44.5499,0.441921,0.443465,0.442693,0.441379,OPEN,0,0.0,1
2026-08-11T19:12:26.966987,44.5713,0.442712,0.44351,0.443111,0.441985,OPEN,0,0.0,1
2026-08-11T19:12:27.025329,44.6342,0.382352,0.321383,0.351867,0.410444,OPEN,0,0.0,1
2026-08-11T19:12:27.067108,44.6718,0.362969,0.281993,0.322481,0.379657,OPEN,0,0.0,1
2026-08-11T19:12:27.086208,44.6923,0.354775,0.272055,0.313415,0.356472,OPEN,0,0.0,1
2026-08-11T19:12:27.126546,44.7307,0.192082,0.212222,0.202152,0.30246,OPEN,0,0.0,1
2026-08-11T19:12:27.160087,44.7661,0.167167,0.185002,0.176084,0.258229,OPEN,0,0.0,1
2026-08-11T19:12:27.196437,44.8014,0.16675,0.183289,0.175019,0.229105,CLOSING,0,0.0,1
2026-08-11T19:12:27.233054,44.8417,0.245111,0.25693,0.251021,0.236776,CLOSING,0,0.0,1
2026-08-11T19:12:27.255129,44.8605,0.271346,0.281955,0.276651,0.250732,OPEN,0,0.0,1
2026-08-11T19:12:27.292651,44.8967,0.29816,0.308501,0.303331,0.269141,OPEN,0,0.0,1
2026-08-11T19:12:27.326101,44.9328,0.353143,0.351427,0.352285,0.298242,OPEN,0,0.0,1
2026-08-11T19:12:27.343132,44.9515,0.371631,0.367621,0.369626,0.323226,OPEN,0,0.0,1
2026-08-11T19:12:27.368280,44.9746,0.383243,0.384037,0.38364,0.344371,OPEN,0,0.0,1
2026-08-11T19:12:27.439700,45.0438,0.407524,0.402413,0.404968,0.36558,OPEN,0,0.0,1
2026-08-11T19:12:27.459657,45.0658,0.412886,0.405332,0.409109,0.380815,OPEN,0,0.0,1
2026-08-11T19:12:27.482882,45.0855,0.416081,0.407079,0.41158,0.391583,OPEN,0,0.0,1
2026-08-11T19:12:27.528096,45.133,0.419982,0.406347,0.413164,0.399136,OPEN,0,0.0,1
2026-08-11T19:12:27.563160,45.1664,0.418953,0.406286,0.41262,0.403855,OPEN,0,0.0,1
2026-08-11T19:12:27.596229,45.1997,0.41806,0.405623,0.411842,0.406651,OPEN,0,0.0,1
2026-08-11T19:12:27.629094,45.2337,0.166784,0.169679,0.168232,0.323204,OPEN,0,0.0,1
2026-08-11T19:12:27.661496,45.2667,0.099606,0.107689,0.103648,0.246359,CLOSING,0,0.0,1
2026-08-11T19:12:27.696327,45.3013,0.079387,0.087275,0.083331,0.189299,CLOSING,0,0.0,1
2026-08-11T19:12:27.737038,45.3422,0.130537,0.11027,0.120404,0.165186,CLOSED,0,0.0,1
2026-08-11T19:12:27.772801,45.3763,0.157168,0.123509,0.140338,0.156489,CLOSED,0,0.0,1
2026-08-11T19:12:27.807662,45.4109,0.173839,0.135164,0.154502,0.155794,CLOSED,0,0.0,1
2026-08-11T19:12:27.842247,45.4449,0.268769,0.283295,0.276032,0.197877,CLOSED,0,0.0,1
2026-08-11T19:12:27.876468,45.4786,0.301942,0.333934,0.317938,0.239898,CLOSED,0,0.0,1
2026-08-11T19:12:27.911553,45.5131,0.315468,0.348582,0.332025,0.272143,OPENING,0,0.0,1
2026-08-11T19:12:27.942595,45.5463,0.328819,0.358124,0.343472,0.297108,OPEN,1,0.279643,1
2026-08-11T19:12:27.976357,45.5804,0.336203,0.358715,0.347459,0.314731,OPEN,0,0.0,1
2026-08-11T19:12:28.013032,45.6141,0.34234,0.360538,0.351439,0.327579,OPEN,0,0.0,1
2026-08-11T19:12:28.041739,45.6472,0.345575,0.365575,0.355575,0.337377,OPEN,0,0.0,1
2026-08-11T19:12:28.075175,45.6819,0.348224,0.369515,0.35887,0.3449,OPEN,0,0.0,1
2026-08-11T19:12:28.110935,45.7149,0.349532,0.36967,0.359601,0.350045,OPEN,0,0.0,1
2026-08-11T19:12:28.144413,45.75,0.356911,0.367594,0.362252,0.354317,OPEN,0,0.0,1
2026-08-11T19:12:28.184160,45.7923,0.359129,0.363223,0.361176,0.356718,OPEN,0,0.0,1
2026-08-11T19:12:28.220949,45.8264,0.358996,0.361825,0.36041,0.35801,OPEN,0,0.0,1
2026-08-11T19:12:28.243994,45.8508,0.361165,0.362698,0.361931,0.359383,OPEN,0,0.0,1
2026-08-11T19:12:28.276784,45.8843,0.362263,0.366441,0.364352,0.361122,OPEN,0,0.0,1
2026-08-11T19:12:28.296271,45.9015,0.363198,0.368076,0.365637,0.362702,OPEN,0,0.0,1
2026-08-11T19:12:28.327220,45.9341,0.360337,0.367228,0.363782,0.36308,OPEN,0,0.0,1
2026-08-11T19:12:28.349408,45.9545,0.359198,0.366315,0.362756,0.362967,OPEN,0,0.0,1
2026-08-11T19:12:28.384121,45.9879,0.357265,0.364941,0.361103,0.362315,OPEN,0,0.0,1
2026-08-11T19:12:28.421991,46.0281,0.356599,0.359313,0.357956,0.360789,OPEN,0,0.0,1
2026-08-11T19:12:28.439833,46.0469,0.356648,0.35825,0.357449,0.35962,OPEN,0,0.0,1
2026-08-11T19:12:28.462695,46.0655,0.356699,0.358175,0.357437,0.358856,OPEN,0,0.0,1
2026-08-11T19:12:28.534587,46.142,0.366419,0.359723,0.363071,0.360331,OPEN,0,0.0,1
2026-08-11T19:12:28.570113,46.1768,0.367433,0.360204,0.363818,0.361552,OPEN,0,0.0,1
2026-08-11T19:12:28.614133,46.2157,0.369272,0.360999,0.365136,0.362806,OPEN,0,0.0,1
2026-08-11T19:12:28.644070,46.2493,0.370398,0.361745,0.366071,0.363949,OPEN,0,0.0,1
2026-08-11T19:12:28.666400,46.2717,0.370715,0.363273,0.366994,0.365015,OPEN,0,0.0,1
2026-08-11T19:12:28.704393,46.3093,0.37026,0.364206,0.367233,0.365791,OPEN,0,0.0,1
2026-08-11T19:12:28.725224,46.3328,0.374478,0.368612,0.371545,0.367805,OPEN,0,0.0,1
2026-08-11T19:12:28.764998,46.3701,0.376933,0.372076,0.374504,0.37015,OPEN,0,0.0,1
2026-08-11T19:12:28.785528,46.3916,0.377787,0.373593,0.37569,0.372089,OPEN,0,0.0,1
2026-08-11T19:12:28.833017,46.4394,0.37096,0.368256,0.369608,0.371221,OPEN,0,0.0,1
2026-08-11T19:12:28.853135,46.4591,0.369578,0.366758,0.368168,0.370152,OPEN,0,0.0,1
2026-08-11T19:12:28.871337,46.4802,0.367343,0.365065,0.366204,0.36877,OPEN,0,0.0,1
2026-08-11T19:12:28.933972,46.5419,0.195223,0.185652,0.190437,0.306354,OPEN,0,0.0,1
2026-08-11T19:12:28.967835,46.5754,0.155307,0.135906,0.145606,0.250092,OPEN,0,0.0,1
2026-08-11T19:12:29.006980,46.6145,0.152738,0.126818,0.139778,0.211482,CLOSING,0,0.0,1
2026-08-11T19:12:29.038156,46.6442,0.197564,0.161238,0.179401,0.200254,CLOSING,0,0.0,1
2026-08-11T19:12:29.073262,46.6784,0.211006,0.172179,0.191593,0.197222,CLOSED,0,0.0,1
2026-08-11T19:12:29.088634,46.6976,0.223921,0.186356,0.205138,0.199993,CLOSED,0,0.0,1
2026-08-11T19:12:29.123934,46.7319,0.287355,0.282664,0.285009,0.229749,CLOSED,0,0.0,1
2026-08-11T19:12:29.158087,46.7656,0.317178,0.317674,0.317426,0.260436,OPENING,0,0.0,1
2026-08-11T19:12:29.195014,46.8003,0.331735,0.331751,0.331743,0.285393,OPEN,1,0.185826,1
2026-08-11T19:12:29.232099,46.835,0.342518,0.345724,0.344121,0.305948,OPEN,0,0.0,1
2026-08-11T19:12:29.263669,46.868,0.348595,0.352417,0.350506,0.321543,OPEN,0,0.0,1
2026-08-11T19:12:29.294545,46.9019,0.352908,0.355793,0.354351,0.333026,OPEN,0,0.0,1
2026-08-11T19:12:29.331508,46.9399,0.36094,0.364993,0.362966,0.343505,OPEN,0,0.0,1
2026-08-11T19:12:29.357709,46.9617,0.364634,0.366423,0.365528,0.351213,OPEN,0,0.0,1
2026-08-11T19:12:29.391791,46.9955,0.369786,0.369709,0.369747,0.3577,OPEN,0,0.0,1
2026-08-11T19:12:29.429207,47.0358,0.368307,0.373065,0.370686,0.362245,OPEN,0,0.0,1
2026-08-11T19:12:29.461934,47.0676,0.367836,0.374287,0.371062,0.365331,OPEN,0,0.0,1
2026-08-11T19:12:29.494237,47.1021,0.367825,0.373043,0.370434,0.367117,OPEN,0,0.0,1
2026-08-11T19:12:29.532911,47.1392,0.371793,0.371133,0.371463,0.368638,OPEN,0,0.0,1
2026-08-11T19:12:29.557250,47.1623,0.373798,0.369686,0.371742,0.369724,OPEN,0,0.0,1
2026-08-11T19:12:29.573637,47.1817,0.375052,0.36879,0.371921,0.370493,OPEN,0,0.0,1
2026-08-11T19:12:29.623008,47.2286,0.372319,0.367436,0.369878,0.370278,OPEN,0,0.0,1
2026-08-11T19:12:29.643297,47.251,0.37157,0.366744,0.369157,0.369886,OPEN,0,0.0,1
2026-08-11T19:12:29.664306,47.2697,0.370974,0.36621,0.368592,0.369433,OPEN,0,0.0,1
2026-08-11T19:12:29.742341,47.3466,0.370424,0.37123,0.370827,0.369921,OPEN,0,0.0,1
2026-08-11T19:12:29.760399,47.3672,0.370179,0.371991,0.371085,0.370328,OPEN,0,0.0,1
2026-08-11T19:12:29.792770,47.4016,0.369862,0.372033,0.370947,0.370545,OPEN,0,0.0,1
2026-08-11T19:12:29.829898,47.437,0.370618,0.372599,0.371608,0.370917,OPEN,0,0.0,1
2026-08-11T19:12:29.866701,47.4721,0.370528,0.371696,0.371112,0.370985,OPEN,0,0.0,1
2026-08-11T19:12:29.892885,47.4926,0.370211,0.370789,0.3705,0.370815,OPEN,0,0.0,1
2026-08-11T19:12:29.928816,47.5332,0.370107,0.369425,0.369766,0.370448,OPEN,0,0.0,1
2026-08-11T19:12:29.965219,47.572,0.370393,0.368888,0.369641,0.370166,OPEN,0,0.0,1
2026-08-11T19:12:29.999930,47.6047,0.370207,0.368316,0.369261,0.369849,OPEN,0,0.0,1
2026-08-11T19:12:30.033545,47.6376,0.36932,0.367497,0.368409,0.369345,OPEN,0,0.0,1
2026-08-11T19:12:30.063211,47.6721,0.368531,0.367784,0.368158,0.368929,OPEN,0,0.0,1
2026-08-11T19:12:30.085677,47.6906,0.368164,0.367916,0.36804,0.368618,OPEN,0,0.0,1
2026-08-11T19:12:30.134243,47.7423,0.369794,0.370299,0.370047,0.369118,OPEN,0,0.0,1
2026-08-11T19:12:30.166366,47.7754,0.370704,0.372267,0.371485,0.369947,OPEN,0,0.0,1
2026-08-11T19:12:30.189580,47.7943,0.370909,0.373503,0.372206,0.370737,OPEN,0,0.0,1
2026-08-11T19:12:30.229531,47.837,0.37463,0.369673,0.372152,0.371232,OPEN,0,0.0,1
2026-08-11T19:12:30.264300,47.871,0.372534,0.36516,0.368847,0.370398,OPEN,0,0.0,1
2026-08-11T19:12:30.283308,47.8898,0.372184,0.364242,0.368213,0.369633,OPEN,0,0.0,1
2026-08-11T19:12:30.325614,47.9344,0.36137,0.359862,0.360616,0.366477,OPEN,0,0.0,1
2026-08-11T19:12:30.345906,47.9527,0.358749,0.358851,0.3588,0.36379,OPEN,0,0.0,1
2026-08-11T19:12:30.382600,47.9866,0.35575,0.357511,0.356631,0.361284,OPEN,0,0.0,1
2026-08-11T19:12:30.442671,48.0462,0.371598,0.37018,0.370889,0.364646,OPEN,0,0.0,1
2026-08-11T19:12:30.464957,48.0694,0.371854,0.37142,0.371637,0.367093,OPEN,0,0.0,1
2026-08-11T19:12:30.486381,48.0926,0.371693,0.371167,0.37143,0.368611,OPEN,0,0.0,1
2026-08-11T19:12:30.541196,48.1464,0.377224,0.37304,0.375132,0.370893,OPEN,0,0.0,1
2026-08-11T19:12:30.576405,48.1808,0.37822,0.374127,0.376173,0.372741,OPEN,0,0.0,1
2026-08-11T19:12:30.607960,48.2141,0.378831,0.374712,0.376771,0.374152,OPEN,0,0.0,1
2026-08-11T19:12:30.642313,48.248,0.37912,0.375989,0.377555,0.375343,OPEN,0,0.0,1
2026-08-11T19:12:30.677263,48.2821,0.378635,0.376366,0.3775,0.376098,OPEN,0,0.0,1
2026-08-11T19:12:30.716164,48.3233,0.377962,0.376003,0.376982,0.376407,OPEN,0,0.0,1
2026-08-11T19:12:30.748348,48.3571,0.374556,0.370871,0.372714,0.375115,OPEN,0,0.0,1
2026-08-11T19:12:30.771493,48.3754,0.372373,0.367974,0.370173,0.373385,OPEN,0,0.0,1
2026-08-11T19:12:30.810604,48.4137,0.370468,0.364992,0.36773,0.371406,OPEN,0,0.0,1
2026-08-11T19:12:30.846418,48.4497,0.368457,0.366422,0.36744,0.370018,OPEN,0,0.0,1
2026-08-11T19:12:30.879198,48.4834,0.367562,0.368601,0.368082,0.36934,OPEN,0,0.0,1
2026-08-11T19:12:30.914194,48.5182,0.366456,0.369781,0.368118,0.368912,OPEN,0,0.0,1
2026-08-11T19:12:30.946572,48.5518,0.361284,0.362947,0.362116,0.366534,OPEN,0,0.0,1
2026-08-11T19:12:30.979604,48.5847,0.358888,0.360501,0.359694,0.36414,OPEN,0,0.0,1
2026-08-11T19:12:31.016284,48.6228,0.357076,0.358937,0.358007,0.361993,OPEN,0,0.0,1
2026-08-11T19:12:31.033612,48.6404,0.151092,0.118451,0.134772,0.282466,OPEN,0,0.0,1
2026-08-11T19:12:31.054845,48.6589,0.089557,0.052841,0.071199,0.208522,CLOSING,0,0.0,1
2026-08-11T19:12:31.090659,48.6931,0.070846,0.034511,0.052678,0.153977,CLOSING,0,0.0,1
2026-08-11T19:12:31.130478,48.7354,0.099249,0.086498,0.092873,0.132591,CLOSED,0,0.0,1
2026-08-11T19:12:31.149721,48.7549,0.104163,0.097444,0.100804,0.121465,CLOSED,0,0.0,1
2026-08-11T19:12:31.170950,48.7789,0.105002,0.101993,0.103498,0.115177,CLOSED,0,0.0,1
2026-08-11T19:12:31.242253,48.8455,0.160851,0.187002,0.173926,0.135739,CLOSED,0,0.0,1
2026-08-11T19:12:31.276450,48.8788,0.182636,0.226153,0.204395,0.159768,CLOSED,0,0.0,1
2026-08-11T19:12:31.295093,48.9026,0.195089,0.243698,0.219394,0.180637,CLOSED,0,0.0,1
2026-08-11T19:12:31.334631,48.9433,0.260067,0.297636,0.278852,0.215012,CLOSED,0,0.0,1
2026-08-11T19:12:31.350727,48.9599,0.278257,0.308884,0.29357,0.242508,CLOSED,0,0.0,1
2026-08-11T19:12:31.373550,48.978,0.293415,0.318828,0.306121,0.264772,OPENING,0,0.0,1
2026-08-11T19:12:31.430524,49.0371,0.32339,0.334837,0.329114,0.287292,OPEN,1,0.378238,1
2026-08-11T19:12:31.450399,49.055,0.330205,0.339633,0.334919,0.303961,OPEN,0,0.0,1
2026-08-11T19:12:31.485186,49.0889,0.337721,0.344634,0.341178,0.316987,OPEN,0,0.0,1
2026-08-11T19:12:31.530032,49.1357,0.344768,0.348444,0.346606,0.327354,OPEN,0,0.0,1
2026-08-11T19:12:31.561440,49.1696,0.348304,0.350674,0.349489,0.335101,OPEN,0,0.0,1
2026-08-11T19:12:31.592139,49.1959,0.349767,0.351827,0.350797,0.340595,OPEN,0,0.0,1
2026-08-11T19:12:31.612763,49.2183,0.351104,0.352693,0.351898,0.344551,OPEN,0,0.0,1
2026-08-11T19:12:31.639256,49.2471,0.333167,0.343618,0.338392,0.342395,OPEN,0,0.0,1
2026-08-11T19:12:31.674112,49.2798,0.320359,0.337311,0.328835,0.337649,OPEN,0,0.0,1
2026-08-11T19:12:31.737018,49.3414,0.331085,0.342823,0.336954,0.337406,OPEN,0,0.0,1
2026-08-11T19:12:31.752900,49.3617,0.332681,0.344578,0.338629,0.337834,OPEN,0,0.0,1
2026-08-11T19:12:31.777356,49.3808,0.333161,0.344309,0.338735,0.338149,OPEN,0,0.0,1
2026-08-11T19:12:31.829521,49.4382,0.326396,0.339576,0.332986,0.336342,OPEN,0,0.0,1
2026-08-11T19:12:31.850758,49.4567,0.324553,0.33725,0.330901,0.334438,OPEN,0,0.0,1
2026-08-11T19:12:31.885423,49.4905,0.322971,0.335107,0.329039,0.332548,OPEN,0,0.0,1
2026-08-11T19:12:31.927961,49.534,0.125458,0.130417,0.127938,0.260934,OPEN,0,0.0,1
2026-08-11T19:12:31.961157,49.567,0.091082,0.099124,0.095103,0.202894,CLOSING,0,0.0,1
2026-08-11T19:12:31.995295,49.6012,0.090528,0.092807,0.091668,0.163965,CLOSING,0,0.0,1
2026-08-11T19:12:32.036574,49.6366,0.085869,0.088729,0.087299,0.137132,CLOSED,0,0.0,1
2026-08-11T19:12:32.066512,49.6641,0.080366,0.084651,0.082509,0.118014,CLOSED,0,0.0,1
2026-08-11T19:12:32.092601,49.6991,0.076365,0.075738,0.076052,0.103327,CLOSED,0,0.0,1
2026-08-11T19:12:32.132036,49.7409,0.125715,0.144021,0.134868,0.114366,CLOSED,0,0.0,1
2026-08-11T19:12:32.155533,49.7601,0.149316,0.177033,0.163174,0.131449,CLOSED,0,0.0,1
2026-08-11T19:12:32.189722,49.7943,0.172075,0.208279,0.190177,0.152004,CLOSED,0,0.0,1
2026-08-11T19:12:32.232158,49.8396,0.246415,0.286828,0.266622,0.19212,CLOSED,0,0.0,1
2026-08-11T19:12:32.256234,49.8614,0.266895,0.300506,0.2837,0.224173,CLOSED,0,0.0,1
2026-08-11T19:12:32.290204,49.8957,0.285427,0.310669,0.298048,0.250029,OPENING,0,0.0,1
2026-08-11T19:12:32.331764,49.9379,0.305223,0.327881,0.316552,0.273312,OPEN,1,0.37083,1
2026-08-11T19:12:32.356028,49.9609,0.311426,0.34012,0.325773,0.291673,OPEN,0,0.0,1
2026-08-11T19:12:32.390462,49.9951,0.315802,0.346533,0.331167,0.305496,OPEN,0,0.0,1
2026-08-11T19:12:32.426097,50.0293,0.318681,0.350322,0.334501,0.315648,OPEN,0,0.0,1
2026-08-11T19:12:32.443529,50.051,0.324421,0.352149,0.338285,0.323571,OPEN,0,0.0,1
2026-08-11T19:12:32.476156,50.0853,0.328523,0.361397,0.34496,0.331057,OPEN,0,0.0,1
2026-08-11T19:12:32.495136,50.1016,0.3303,0.364884,0.347592,0.336844,OPEN,0,0.0,1
2026-08-11T19:12:32.534786,50.1401,0.323795,0.357662,0.340729,0.338204,OPEN,0,0.0,1
2026-08-11T19:12:32.552984,50.1617,0.321687,0.35619,0.338938,0.338461,OPEN,0,0.0,1
2026-08-11T19:12:32.644364,50.2473,0.323881,0.35544,0.33966,0.338881,OPEN,0,0.0,1
2026-08-11T19:12:32.679804,50.2819,0.324021,0.353498,0.338759,0.338838,OPEN,0,0.0,1
2026-08-11T19:12:32.710619,50.3158,0.324245,0.352518,0.338382,0.338678,OPEN,0,0.0,1
2026-08-11T19:12:32.744278,50.3499,0.317951,0.347486,0.332719,0.336592,OPEN,0,0.0,1
2026-08-11T19:12:32.852148,50.4553,0.313228,0.340045,0.326637,0.333108,OPEN,0,0.0,1
2026-08-11T19:12:32.886856,50.4882,0.315442,0.340915,0.328178,0.331383,OPEN,0,0.0,1
2026-08-11T19:12:32.920662,50.5231,0.31714,0.341553,0.329346,0.33067,OPEN,0,0.0,1
2026-08-11T19:12:32.938741,50.5469,0.311031,0.332437,0.321734,0.327542,OPEN,0,0.0,1
2026-08-11T19:12:32.960429,50.5644,0.30769,0.324935,0.316313,0.323612,OPEN,0,0.0,1
2026-08-11T19:12:33.026259,50.6347,0.301266,0.323163,0.312215,0.319623,OPEN,0,0.0,1
2026-08-11T19:12:33.070493,50.6692,0.303284,0.324337,0.31381,0.317589,OPEN,0,0.0,1
2026-08-11T19:12:33.088705,50.6954,0.305524,0.32524,0.315382,0.316816,OPEN,0,0.0,1
2026-08-11T19:12:33.145687,50.7508,0.295391,0.317003,0.306197,0.313099,OPEN,0,0.0,1
2026-08-11T19:12:33.186792,50.7873,0.292778,0.311786,0.302282,0.309313,OPEN,0,0.0,1
2026-08-11T19:12:33.206718,50.8125,0.291906,0.309086,0.300496,0.306227,OPEN,0,0.0,1
2026-08-11T19:12:33.232290,50.8335,0.291732,0.307098,0.299415,0.303843,OPEN,0,0.0,1
2026-08-11T19:12:33.251546,50.8579,0.286653,0.29604,0.291346,0.299469,OPEN,0,0.0,1
2026-08-11T19:12:33.285117,50.8905,0.285243,0.289303,0.287273,0.2952,OPEN,0,0.0,1
2026-08-11T19:12:33.332051,50.9411,0.27822,0.28629,0.282255,0.290669,OPEN,0,0.0,1
2026-08-11T19:12:33.354608,50.9592,0.273993,0.286829,0.280411,0.287079,OPEN,0,0.0,1
2026-08-11T19:12:33.387934,50.9931,0.268151,0.28507,0.276611,0.283415,OPEN,0,0.0,1
2026-08-11T19:12:33.432166,51.0412,0.274945,0.296551,0.285748,0.284232,OPEN,0,0.0,1
2026-08-11T19:12:33.451056,51.0575,0.27884,0.299208,0.289024,0.285909,OPEN,0,0.0,1
2026-08-11T19:12:33.465899,51.0755,0.281065,0.301854,0.291459,0.287852,OPEN,0,0.0,1
2026-08-11T19:12:33.547529,51.1503,0.293581,0.308875,0.301228,0.292533,OPEN,0,0.0,1
2026-08-11T19:12:33.571821,51.1727,0.298064,0.311016,0.30454,0.296736,OPEN,0,0.0,1
2026-08-11T19:12:33.600077,51.2057,0.30187,0.313329,0.3076,0.300538,OPEN,0,0.0,1
2026-08-11T19:12:33.616890,51.2259,0.304003,0.314663,0.309333,0.303616,OPEN,0,0.0,1
2026-08-11T19:12:33.648528,51.2568,0.306828,0.319992,0.31341,0.307044,OPEN,0,0.0,1
2026-08-11T19:12:33.683382,51.2903,0.307939,0.324616,0.316277,0.310276,OPEN,0,0.0,1
2026-08-11T19:12:33.734175,51.3421,0.307189,0.320128,0.313658,0.31146,OPEN,0,0.0,1
2026-08-11T19:12:33.776990,51.3773,0.306086,0.317525,0.311806,0.311581,OPEN,0,0.0,1
2026-08-11T19:12:33.807421,51.4115,0.304441,0.314673,0.309557,0.310872,OPEN,0,0.0,1
2026-08-11T19:12:33.840671,51.4461,0.305545,0.316382,0.310964,0.310904,OPEN,0,0.0,1
2026-08-11T19:12:33.950130,51.5513,0.308287,0.310945,0.309616,0.310454,OPEN,0,0.0,1
2026-08-11T19:12:33.971923,51.5767,0.302343,0.311078,0.30671,0.309143,OPEN,0,0.0,1
2026-08-11T19:12:33.996783,51.5993,0.297109,0.310472,0.30379,0.30727,OPEN,0,0.0,1
2026-08-11T19:12:34.035554,51.6441,0.298993,0.318186,0.308589,0.307732,OPEN,0,0.0,1
2026-08-11T19:12:34.056044,51.663,0.299292,0.321789,0.31054,0.308715,OPEN,0,0.0,1
2026-08-11T19:12:34.143491,51.7475,0.291784,0.319025,0.305404,0.307556,OPEN,0,0.0,1
2026-08-11T19:12:34.162391,51.7678,0.289248,0.316739,0.302994,0.305959,OPEN,0,0.0,1
2026-08-11T19:12:34.181774,51.7877,0.288663,0.316064,0.302364,0.304701,OPEN,0,0.0,1
2026-08-11T19:12:34.230560,51.837,0.290983,0.279914,0.285448,0.297962,OPEN,0,0.0,1
2026-08-11T19:12:34.262456,51.8702,0.292799,0.272454,0.282627,0.292595,OPEN,0,0.0,1
2026-08-11T19:12:34.295194,51.904,0.292876,0.266344,0.27961,0.28805,OPEN,0,0.0,1
2026-08-11T19:12:34.316530,51.9212,0.293421,0.26532,0.279371,0.285012,OPEN,0,0.0,1
2026-08-11T19:12:34.344375,51.9512,0.144433,0.142373,0.143403,0.235449,CLOSING,0,0.0,1
2026-08-11T19:12:34.366469,51.9727,0.101896,0.101241,0.101568,0.188591,CLOSING,0,0.0,1
2026-08-11T19:12:34.406574,52.0123,0.078061,0.074097,0.076079,0.149212,CLOSED,0,0.0,1
2026-08-11T19:12:34.440011,52.0456,0.101987,0.092548,0.097268,0.131031,CLOSED,0,0.0,1
2026-08-11T19:12:34.458528,52.0656,0.110923,0.096019,0.103471,0.121385,CLOSED,0,0.0,1
2026-08-11T19:12:34.534679,52.14,0.187524,0.186912,0.187218,0.144427,CLOSED,0,0.0,1
2026-08-11T19:12:34.552691,52.1609,0.200649,0.201377,0.201013,0.164232,CLOSED,0,0.0,1
2026-08-11T19:12:34.575076,52.1785,0.211246,0.21203,0.211638,0.180824,CLOSED,0,0.0,1
2026-08-11T19:12:34.633725,52.2423,0.289956,0.290289,0.290122,0.219078,CLOSED,0,0.0,1
2026-08-11T19:12:34.677031,52.2757,0.301912,0.316776,0.309344,0.250671,OPENING,0,0.0,1
2026-08-11T19:12:34.695596,52.3016,0.305493,0.326888,0.31619,0.273603,OPEN,1,0.350357,1
2026-08-11T19:12:34.717007,52.3224,0.308174,0.332302,0.320238,0.289925,OPEN,0,0.0,1
2026-08-11T19:12:34.757869,52.3626,0.307509,0.336244,0.321877,0.301108,OPEN,0,0.0,1
2026-08-11T19:12:34.789833,52.3961,0.3064,0.337384,0.321892,0.308382,OPEN,0,0.0,1
2026-08-11T19:12:34.826532,52.4296,0.305399,0.337279,0.321339,0.312917,OPEN,0,0.0,1
2026-08-11T19:12:34.857698,52.4639,0.308317,0.335167,0.321742,0.316006,OPEN,0,0.0,1
2026-08-11T19:12:34.893295,52.4993,0.309748,0.335935,0.322842,0.318398,OPEN,0,0.0,1
2026-08-11T19:12:34.934037,52.5425,0.309233,0.333406,0.32132,0.319421,OPEN,0,0.0,1
2026-08-11T19:12:34.972023,52.5756,0.310463,0.332388,0.321426,0.320123,OPEN,0,0.0,1
2026-08-11T19:12:35.005744,52.6099,0.311691,0.331344,0.321517,0.320611,OPEN,0,0.0,1
2026-08-11T19:12:35.045507,52.6536,0.312738,0.332174,0.322456,0.321257,OPEN,0,0.0,1
2026-08-11T19:12:35.062968,52.6711,0.312273,0.33216,0.322216,0.321593,OPEN,0,0.0,1
2026-08-11T19:12:35.098304,52.7044,0.310585,0.331971,0.321278,0.321482,OPEN,0,0.0,1
2026-08-11T19:12:35.140182,52.7382,0.309395,0.331714,0.320554,0.321158,OPEN,0,0.0,1
2026-08-11T19:12:35.165385,52.7711,0.310938,0.33262,0.321779,0.321375,OPEN,0,0.0,1
2026-08-11T19:12:35.202256,52.8056,0.312245,0.334276,0.32326,0.322035,OPEN,0,0.0,1
2026-08-11T19:12:35.238320,52.8405,0.314395,0.3353,0.324848,0.323019,OPEN,0,0.0,1
2026-08-11T19:12:35.276642,52.8796,0.350806,0.350535,0.35067,0.332697,OPEN,0,0.0,1
2026-08-11T19:12:35.307785,52.9133,0.355049,0.347369,0.351209,0.339176,OPEN,0,0.0,1
2026-08-11T19:12:35.340830,52.948,0.382494,0.371128,0.376811,0.352348,OPEN,0,0.0,1
2026-08-11T19:12:35.374993,52.9801,0.375644,0.377475,0.376559,0.360822,OPEN,0,0.0,1
2026-08-11T19:12:35.409769,53.015,0.370948,0.375922,0.373435,0.365237,OPEN,0,0.0,1
2026-08-11T19:12:35.449964,53.0575,0.369274,0.37562,0.372447,0.36776,OPEN,0,0.0,1
2026-08-11T19:12:35.489019,53.0931,0.368356,0.374867,0.371612,0.369108,OPEN,0,0.0,1
2026-08-11T19:12:35.526805,53.1309,0.368547,0.374998,0.371773,0.370041,OPEN,0,0.0,1
2026-08-11T19:12:35.561821,53.1694,0.368293,0.369852,0.369072,0.369702,OPEN,0,0.0,1
2026-08-11T19:12:35.642854,53.2461,0.373292,0.36821,0.370751,0.370069,OPEN,0,0.0,1
2026-08-11T19:12:35.662780,53.2678,0.370543,0.362397,0.36647,0.368809,OPEN,0,0.0,1
2026-08-11T19:12:35.739663,53.3459,0.3885,0.375553,0.382027,0.373435,OPEN,0,0.0,1
2026-08-11T19:12:35.757672,53.3644,0.383411,0.370727,0.377069,0.374707,OPEN,0,0.0,1
2026-08-11T19:12:35.919256,53.5162,0.383732,0.374566,0.379149,0.376262,OPEN,0,0.0,1
2026-08-11T19:12:35.947562,53.554,0.383235,0.372062,0.377649,0.376747,OPEN,0,0.0,1
2026-08-11T19:12:35.969647,53.5739,0.384027,0.372117,0.378072,0.377211,OPEN,0,0.0,1
2026-08-11T19:12:35.995814,53.5985,0.384259,0.372319,0.378289,0.377588,OPEN,0,0.0,1
2026-08-11T19:12:36.025827,53.6304,0.384284,0.372849,0.378567,0.377931,OPEN,0,0.0,1
2026-08-11T19:12:36.043699,53.6515,0.38689,0.372837,0.379864,0.378607,OPEN,0,0.0,1
2026-08-11T19:12:36.079838,53.6859,0.392909,0.374238,0.383574,0.380345,OPEN,0,0.0,1
2026-08-11T19:12:36.141999,53.7501,0.391529,0.373889,0.382709,0.381173,OPEN,0,0.0,1
2026-08-11T19:12:36.159779,53.7692,0.392397,0.374623,0.38351,0.381991,OPEN,0,0.0,1
2026-08-11T19:12:36.183818,53.7876,0.393544,0.37534,0.384442,0.382849,OPEN,0,0.0,1
2026-08-11T19:12:36.212576,53.8211,0.393788,0.375367,0.384577,0.383454,OPEN,0,0.0,1
2026-08-11T19:12:36.244969,53.8537,0.288041,0.278817,0.283429,0.348445,OPEN,0,0.0,1
2026-08-11T19:12:36.262577,53.8711,0.272295,0.263022,0.267658,0.32017,OPEN,0,0.0,1
2026-08-11T19:12:36.283626,53.8897,0.263847,0.251545,0.257696,0.298304,OPEN,0,0.0,1
2026-08-11T19:12:36.337380,53.9469,0.101807,0.113943,0.107875,0.231654,CLOSING,0,0.0,1
2026-08-11T19:12:36.363805,53.9698,0.074772,0.09964,0.087206,0.181097,CLOSING,0,0.0,1
2026-08-11T19:12:36.397749,54.0018,0.072648,0.097624,0.085136,0.147511,CLOSED,0,0.0,1
2026-08-11T19:12:36.438722,54.0474,0.125487,0.145721,0.135604,0.143343,CLOSED,0,0.0,1
2026-08-11T19:12:36.471846,54.0804,0.154094,0.180165,0.16713,0.151669,CLOSED,0,0.0,1
2026-08-11T19:12:36.537108,54.1415,0.333677,0.323789,0.328733,0.213641,CLOSED,0,0.0,1
2026-08-11T19:12:36.561154,54.1622,0.348022,0.340411,0.344216,0.259342,OPENING,0,0.0,1
2026-08-11T19:12:36.588233,54.1946,0.352683,0.345531,0.349107,0.29076,OPEN,1,0.247695,1
2026-08-11T19:12:36.609402,54.2164,0.354183,0.347746,0.350965,0.311832,OPEN,0,0.0,1
2026-08-11T19:12:36.650072,54.2579,0.359474,0.357959,0.358717,0.328241,OPEN,0,0.0,1
2026-08-11T19:12:36.677160,54.2808,0.364114,0.361552,0.362833,0.340349,OPEN,0,0.0,1
2026-08-11T19:12:36.710430,54.3144,0.362599,0.359487,0.361043,0.347592,OPEN,0,0.0,1
2026-08-11T19:12:36.739355,54.3461,0.363577,0.357615,0.360596,0.352143,OPEN,0,0.0,1
2026-08-11T19:12:36.760651,54.3666,0.364632,0.357014,0.360823,0.355181,OPEN,0,0.0,1
2026-08-11T19:12:36.792025,54.4014,0.3652,0.354941,0.36007,0.356892,OPEN,0,0.0,1
2026-08-11T19:12:36.835343,54.4441,0.364861,0.358664,0.361762,0.358597,OPEN,0,0.0,1
2026-08-11T19:12:36.854360,54.4613,0.365799,0.363747,0.364773,0.360758,OPEN,0,0.0,1
2026-08-11T19:12:36.943508,54.5479,0.366526,0.367851,0.367189,0.363009,OPEN,0,0.0,1
2026-08-11T19:12:36.984359,54.5829,0.365747,0.369959,0.367853,0.364704,OPEN,0,0.0,1
2026-08-11T19:12:37.014050,54.6197,0.365259,0.370549,0.367904,0.365824,OPEN,0,0.0,1
2026-08-11T19:12:37.047049,54.6537,0.365818,0.372014,0.368916,0.366907,OPEN,0,0.0,1
2026-08-11T19:12:37.146801,54.7511,0.362141,0.366274,0.364208,0.365962,OPEN,0,0.0,1
2026-08-11T19:12:37.163010,54.7721,0.361342,0.365085,0.363214,0.365,OPEN,0,0.0,1
2026-08-11T19:12:37.184837,54.7923,0.360781,0.364261,0.362521,0.364132,OPEN,0,0.0,1
2026-08-11T19:12:37.236501,54.8454,0.35164,0.360813,0.356226,0.361365,OPEN,0,0.0,1
2026-08-11T19:12:37.263346,54.8683,0.349773,0.359968,0.354871,0.359092,OPEN,0,0.0,1
2026-08-11T19:12:37.355795,54.958,0.353263,0.362394,0.357829,0.35865,OPEN,0,0.0,1
2026-08-11T19:12:37.373787,54.9812,0.355495,0.363802,0.359648,0.358999,OPEN,0,0.0,1
2026-08-11T19:12:37.416279,55.0224,0.359033,0.364952,0.361992,0.360047,OPEN,0,0.0,1
2026-08-11T19:12:37.459126,55.0633,0.360844,0.365718,0.363281,0.361179,OPEN,0,0.0,1
2026-08-11T19:12:37.480547,55.0858,0.362111,0.365453,0.363782,0.36209,OPEN,0,0.0,1
2026-08-11T19:12:37.512757,55.1196,0.362452,0.364447,0.36345,0.362566,OPEN,0,0.0,1
2026-08-11T19:12:37.544857,55.1509,0.366063,0.371075,0.368569,0.364667,OPEN,0,0.0,1
2026-08-11T19:12:37.643895,55.2466,0.362036,0.366518,0.364277,0.36453,OPEN,0,0.0,1
2026-08-11T19:12:37.666220,55.2692,0.361426,0.365433,0.36343,0.364145,OPEN,0,0.0,1
2026-08-11T19:12:37.753268,55.3588,0.363064,0.367257,0.365161,0.364501,OPEN,0,0.0,1
2026-08-11T19:12:37.786027,55.3927,0.363925,0.368143,0.366034,0.365037,OPEN,0,0.0,1
2026-08-11T19:12:37.820259,55.4257,0.364332,0.368387,0.36636,0.3655,OPEN,0,0.0,1
2026-08-11T19:12:37.855026,55.4601,0.364998,0.367814,0.366406,0.365817,OPEN,0,0.0,1
2026-08-11T19:12:37.941716,55.5492,0.360798,0.364785,0.362791,0.364758,OPEN,0,0.0,1
2026-08-11T19:12:37.963044,55.571,0.35955,0.364317,0.361934,0.363769,OPEN,0,0.0,1
2026-08-11T19:12:37.985671,55.5889,0.35859,0.363756,0.361173,0.362861,OPEN,0,0.0,1
2026-08-11T19:12:38.036580,55.6455,0.357795,0.356013,0.356904,0.360776,OPEN,0,0.0,1
2026-08-11T19:12:38.069742,55.6783,0.358892,0.353996,0.356444,0.35926,OPEN,0,0.0,1
2026-08-11T19:12:38.154157,55.7565,0.133239,0.100207,0.116723,0.274372,OPEN,0,0.0,1
2026-08-11T19:12:38.180681,55.7861,0.095947,0.075893,0.08592,0.208414,CLOSING,0,0.0,1
2026-08-11T19:12:38.214427,55.8186,0.097042,0.07711,0.087076,0.165945,CLOSING,0,0.0,1
2026-08-11T19:12:38.250177,55.8562,0.099162,0.078888,0.089025,0.139023,CLOSED,0,0.0,1
2026-08-11T19:12:38.269788,55.8746,0.111727,0.099476,0.105602,0.127326,CLOSED,0,0.0,1
2026-08-11T19:12:38.289494,55.8972,0.120212,0.115826,0.118019,0.124068,CLOSED,0,0.0,1
2026-08-11T19:12:38.323763,55.93,0.123332,0.128362,0.125847,0.124691,CLOSED,0,0.0,1
2026-08-11T19:12:38.339863,55.949,0.247429,0.228999,0.238214,0.164424,CLOSED,0,0.0,1
2026-08-11T19:12:38.364709,55.9691,0.28772,0.272309,0.280015,0.204881,CLOSED,0,0.0,1
2026-08-11T19:12:38.393989,56.0022,0.31596,0.302197,0.309079,0.24135,CLOSED,0,0.0,1
2026-08-11T19:12:38.437999,56.0463,0.351786,0.343668,0.347727,0.278582,OPENING,0,0.0,1
2026-08-11T19:12:38.470588,56.0783,0.355401,0.351614,0.353508,0.304806,OPEN,1,0.292279,1
2026-08-11T19:12:38.502223,56.1108,0.352536,0.352191,0.352364,0.321451,OPEN,0,0.0,1
2026-08-11T19:12:38.548423,56.1554,0.349667,0.353737,0.351702,0.332039,OPEN,0,0.0,1
2026-08-11T19:12:38.582770,56.1892,0.347625,0.351513,0.349569,0.338174,OPEN,0,0.0,1
2026-08-11T19:12:38.607535,56.2121,0.34617,0.349688,0.347929,0.341588,OPEN,0,0.0,1
2026-08-11T19:12:38.647970,56.2539,0.364566,0.359143,0.361855,0.348682,OPEN,0,0.0,1
2026-08-11T19:12:38.681288,56.2875,0.365088,0.362415,0.363751,0.353956,OPEN,0,0.0,1
2026-08-11T19:12:38.699824,56.3058,0.364582,0.364074,0.364328,0.357586,OPEN,0,0.0,1
2026-08-11T19:12:38.743308,56.3522,0.364304,0.369391,0.366847,0.360828,OPEN,0,0.0,1
2026-08-11T19:12:38.780353,56.3859,0.365246,0.372077,0.368661,0.363569,OPEN,0,0.0,1
2026-08-11T19:12:38.821747,56.4265,0.364883,0.371066,0.367974,0.365111,OPEN,0,0.0,1
2026-08-11T19:12:38.852269,56.4609,0.368538,0.367245,0.367891,0.366084,OPEN,0,0.0,1
2026-08-11T19:12:38.879185,56.4805,0.369561,0.365447,0.367504,0.366581,OPEN,0,0.0,1
2026-08-11T19:12:38.899619,56.5048,0.370317,0.364095,0.367206,0.3668,OPEN,0,0.0,1
2026-08-11T19:12:38.950962,56.5589,0.357988,0.360004,0.358996,0.364068,OPEN,0,0.0,1
2026-08-11T19:12:38.985879,56.5942,0.354349,0.35877,0.356559,0.36144,OPEN,0,0.0,1
2026-08-11T19:12:39.005189,56.6108,0.353202,0.358657,0.355929,0.359511,OPEN,0,0.0,1
2026-08-11T19:12:39.046209,56.6524,0.353081,0.356568,0.354824,0.357871,OPEN,0,0.0,1
2026-08-11T19:12:39.082704,56.6869,0.351833,0.355221,0.353527,0.356351,OPEN,0,0.0,1
2026-08-11T19:12:39.113872,56.7198,0.351472,0.354365,0.352918,0.355149,OPEN,0,0.0,1
2026-08-11T19:12:39.143244,56.7497,0.352213,0.353387,0.3528,0.354327,OPEN,0,0.0,1
2026-08-11T19:12:39.178967,56.7831,0.355081,0.353328,0.354204,0.354284,OPEN,0,0.0,1
2026-08-11T19:12:39.213142,56.8192,0.355775,0.352715,0.354245,0.35427,OPEN,0,0.0,1
2026-08-11T19:12:39.252567,56.8615,0.361325,0.35562,0.358472,0.355741,OPEN,0,0.0,1
2026-08-11T19:12:39.279766,56.884,0.364254,0.357281,0.360767,0.3575,OPEN,0,0.0,1
2026-08-11T19:12:39.312761,56.9178,0.365964,0.358551,0.362257,0.359165,OPEN,0,0.0,1
2026-08-11T19:12:39.350280,56.9566,0.359459,0.356835,0.358147,0.358809,OPEN,0,0.0,1
2026-08-11T19:12:39.383371,56.9918,0.35593,0.355303,0.355617,0.357692,OPEN,0,0.0,1
2026-08-11T19:12:39.406085,57.0104,0.354806,0.354539,0.354672,0.356635,OPEN,0,0.0,1
2026-08-11T19:12:39.448389,57.0525,0.352679,0.357383,0.355031,0.356074,OPEN,0,0.0,1
2026-08-11T19:12:39.482933,57.0905,0.353299,0.361129,0.357214,0.356473,OPEN,0,0.0,1
2026-08-11T19:12:39.516746,57.1249,0.35343,0.363126,0.358278,0.357105,OPEN,0,0.0,1
2026-08-11T19:12:39.552579,57.1614,0.35401,0.362897,0.358454,0.357577,OPEN,0,0.0,1
2026-08-11T19:12:39.579188,57.1842,0.354765,0.363523,0.359144,0.358125,OPEN,0,0.0,1
2026-08-11T19:12:39.612425,57.2181,0.354563,0.363171,0.358867,0.358385,OPEN,0,0.0,1
2026-08-11T19:12:39.652248,57.2602,0.357292,0.362572,0.359932,0.358926,OPEN,0,0.0,1
2026-08-11T19:12:39.677160,57.2829,0.358109,0.362309,0.360209,0.359375,OPEN,0,0.0,1
2026-08-11T19:12:39.712165,57.3172,0.358139,0.361078,0.359608,0.359457,OPEN,0,0.0,1
2026-08-11T19:12:39.755294,57.3631,0.366328,0.359555,0.362942,0.360677,OPEN,0,0.0,1
2026-08-11T19:12:39.800954,57.4051,0.374911,0.360834,0.367872,0.363195,OPEN,0,0.0,1
2026-08-11T19:12:39.834245,57.4418,0.379307,0.362998,0.371152,0.36598,OPEN,0,0.0,1
2026-08-11T19:12:39.867775,57.4759,0.136024,0.16614,0.151082,0.290766,OPEN,0,0.0,1
2026-08-11T19:12:39.902628,57.5106,0.084479,0.097488,0.090983,0.220842,CLOSING,0,0.0,1
2026-08-11T19:12:39.936498,57.5451,0.081141,0.08012,0.08063,0.171768,CLOSING,0,0.0,1
2026-08-11T19:12:39.958568,57.5622,0.107449,0.095371,0.10141,0.147143,CLOSED,0,0.0,1
2026-08-11T19:12:39.994446,57.5962,0.1078,0.110556,0.109178,0.133855,CLOSED,0,0.0,1
2026-08-11T19:12:40.028386,57.6303,0.1154,0.121583,0.118492,0.128478,CLOSED,0,0.0,1
2026-08-11T19:12:40.058615,57.6623,0.210823,0.239875,0.225349,0.162383,CLOSED,0,0.0,1
2026-08-11T19:12:40.092180,57.6959,0.250352,0.281012,0.265682,0.198538,CLOSED,0,0.0,1
2026-08-11T19:12:40.127878,57.73,0.272762,0.295621,0.284191,0.228516,CLOSED,0,0.0,1
2026-08-11T19:12:40.151751,57.7554,0.320507,0.332244,0.326375,0.262767,OPENING,0,0.0,1
2026-08-11T19:12:40.173893,57.7793,0.329149,0.344376,0.336762,0.288665,OPEN,1,0.268675,1
2026-08-11T19:12:40.193413,57.7997,0.337377,0.349024,0.3432,0.307753,OPEN,0,0.0,1
2026-08-11T19:12:40.249682,57.8537,0.339741,0.344201,0.341971,0.319729,OPEN,0,0.0,1
2026-08-11T19:12:40.270439,57.8753,0.340446,0.343672,0.342059,0.327545,OPEN,0,0.0,1
2026-08-11T19:12:40.303573,57.909,0.341644,0.344243,0.342943,0.332934,OPEN,0,0.0,1
2026-08-11T19:12:40.343717,57.9512,0.354721,0.3567,0.355711,0.340906,OPEN,0,0.0,1
2026-08-11T19:12:40.378046,57.9848,0.359876,0.361995,0.360935,0.347916,OPEN,0,0.0,1
2026-08-11T19:12:40.412428,58.0182,0.362045,0.365549,0.363797,0.353474,OPEN,0,0.0,1
2026-08-11T19:12:40.452293,58.0609,0.35986,0.362098,0.360979,0.356101,OPEN,0,0.0,1
2026-08-11T19:12:40.485220,58.0942,0.356041,0.360273,0.358157,0.356821,OPEN,0,0.0,1
2026-08-11T19:12:40.512284,58.117,0.35458,0.359098,0.356839,0.356827,OPEN,0,0.0,1
2026-08-11T19:12:40.553723,58.1623,0.357303,0.359796,0.35855,0.35743,OPEN,0,0.0,1
2026-08-11T19:12:40.586262,58.1953,0.358383,0.360097,0.35924,0.358063,OPEN,0,0.0,1
2026-08-11T19:12:40.610602,58.2167,0.359268,0.360254,0.359761,0.358658,OPEN,0,0.0,1
2026-08-11T19:12:40.648650,58.2531,0.361145,0.358739,0.359942,0.359107,OPEN,0,0.0,1
2026-08-11T19:12:40.680730,58.2879,0.362204,0.357982,0.360093,0.359452,OPEN,0,0.0,1
2026-08-11T19:12:40.715448,58.322,0.362673,0.357246,0.35996,0.35963,OPEN,0,0.0,1
2026-08-11T19:12:40.752251,58.3612,0.36407,0.358667,0.361368,0.360238,OPEN,0,0.0,1
2026-08-11T19:12:40.775617,58.3799,0.364576,0.360427,0.362501,0.36103,OPEN,0,0.0,1
2026-08-11T19:12:40.810182,58.4146,0.36551,0.363305,0.364408,0.362212,OPEN,0,0.0,1
2026-08-11T19:12:40.854145,58.4619,0.365116,0.361927,0.363521,0.362671,OPEN,0,0.0,1
2026-08-11T19:12:40.885550,58.4944,0.364945,0.360984,0.362965,0.362773,OPEN,0,0.0,1
2026-08-11T19:12:40.908675,58.5129,0.364738,0.360599,0.362669,0.362737,OPEN,0,0.0,1
2026-08-11T19:12:40.948509,58.5557,0.365216,0.362609,0.363912,0.363148,OPEN,0,0.0,1
2026-08-11T19:12:40.982277,58.5896,0.36802,0.369436,0.368728,0.365101,OPEN,0,0.0,1
2026-08-11T19:12:41.007699,58.6123,0.370197,0.373183,0.37169,0.367407,OPEN,0,0.0,1
2026-08-11T19:12:41.053088,58.6589,0.368166,0.370581,0.369374,0.368096,OPEN,0,0.0,1
2026-08-11T19:12:41.085508,58.6941,0.367289,0.369296,0.368292,0.368164,OPEN,0,0.0,1
2026-08-11T19:12:41.114775,58.7165,0.366726,0.368642,0.367684,0.367996,OPEN,0,0.0,1
2026-08-11T19:12:41.143981,58.7507,0.364761,0.365778,0.365269,0.367042,OPEN,0,0.0,1
2026-08-11T19:12:41.164329,58.7717,0.362695,0.364442,0.363568,0.365826,OPEN,0,0.0,1
2026-08-11T19:12:41.185809,58.79,0.36086,0.363615,0.362238,0.36457,OPEN,0,0.0,1
2026-08-11T19:12:41.264591,58.8667,0.362113,0.361776,0.361945,0.363651,OPEN,0,0.0,1
2026-08-11T19:12:41.289727,58.8942,0.362433,0.360901,0.361667,0.362957,OPEN,0,0.0,1
2026-08-11T19:12:41.306343,58.9146,0.362561,0.360244,0.361403,0.362413,OPEN,0,0.0,1
2026-08-11T19:12:41.350091,58.9557,0.359504,0.35974,0.359622,0.361436,OPEN,0,0.0,1
2026-08-11T19:12:41.369867,58.9755,0.35951,0.359893,0.359702,0.360829,OPEN,0,0.0,1
2026-08-11T19:12:41.404953,59.0091,0.360548,0.359718,0.360133,0.360585,OPEN,0,0.0,1
2026-08-11T19:12:41.449850,59.0535,0.361424,0.361068,0.361246,0.360816,OPEN,0,0.0,1
2026-08-11T19:12:41.470088,59.0751,0.361191,0.359116,0.360154,0.360584,OPEN,0,0.0,1
2026-08-11T19:12:41.486699,59.0953,0.361099,0.358087,0.359593,0.360238,OPEN,0,0.0,1
2026-08-11T19:12:41.548426,59.1544,0.359364,0.355052,0.357208,0.359177,OPEN,0,0.0,1
2026-08-11T19:12:41.569412,59.1742,0.359013,0.353866,0.35644,0.358219,OPEN,0,0.0,1
2026-08-11T19:12:41.599309,59.2079,0.358525,0.352473,0.355499,0.357267,OPEN,0,0.0,1
2026-08-11T19:12:41.655945,59.2606,0.369238,0.360453,0.364846,0.35992,OPEN,0,0.0,1
2026-08-11T19:12:41.694385,59.2942,0.3739,0.36369,0.368795,0.363026,OPEN,0,0.0,1
2026-08-11T19:12:41.714902,59.3204,0.376139,0.365542,0.370841,0.365761,OPEN,0,0.0,1
2026-08-11T19:12:41.748802,59.3558,0.374065,0.36445,0.369258,0.366985,OPEN,0,0.0,1
2026-08-11T19:12:41.781156,59.39,0.372816,0.362767,0.367792,0.367267,OPEN,0,0.0,1
2026-08-11T19:12:41.802195,59.4066,0.372075,0.36224,0.367158,0.367229,OPEN,0,0.0,1
2026-08-11T19:12:41.850093,59.4585,0.373271,0.363216,0.368243,0.367584,OPEN,0,0.0,1
2026-08-11T19:12:41.884633,59.4933,0.372529,0.361567,0.367048,0.367396,OPEN,0,0.0,1
2026-08-11T19:12:41.905788,59.5102,0.372391,0.361367,0.366879,0.367215,OPEN,0,0.0,1
2026-08-11T19:12:41.960492,59.5675,0.381303,0.364909,0.373106,0.369277,OPEN,0,0.0,1
2026-08-11T19:12:41.976596,59.5849,0.382441,0.365869,0.374155,0.370984,OPEN,0,0.0,1
2026-08-11T19:12:42.003955,59.6042,0.383302,0.366759,0.37503,0.3724,OPEN,0,0.0,1
2026-08-11T19:12:42.055011,59.664,0.382246,0.365951,0.374098,0.372995,OPEN,0,0.0,1
2026-08-11T19:12:42.073433,59.6826,0.382397,0.365924,0.374161,0.373403,OPEN,0,0.0,1
2026-08-11T19:12:42.097738,59.7011,0.382637,0.365835,0.374236,0.373694,OPEN,0,0.0,1
2026-08-11T19:12:42.148446,59.7565,0.381253,0.368038,0.374646,0.374027,OPEN,0,0.0,1
2026-08-11T19:12:42.183322,59.7908,0.380663,0.371072,0.375867,0.374671,OPEN,0,0.0,1
2026-08-11T19:12:42.216985,59.8257,0.380731,0.373077,0.376904,0.375453,OPEN,0,0.0,1
2026-08-11T19:12:42.246558,59.8516,0.383697,0.377459,0.380578,0.377247,OPEN,0,0.0,1
2026-08-11T19:12:42.262769,59.8703,0.384281,0.377611,0.380946,0.378541,OPEN,0,0.0,1
2026-08-11T19:12:42.299052,59.9044,0.38583,0.378675,0.382253,0.37984,OPEN,0,0.0,1
2026-08-11T19:12:42.370055,59.9721,0.37952,0.372884,0.376202,0.378567,OPEN,0,0.0,1
2026-08-11T19:12:42.401457,60.0075,0.378899,0.372189,0.375544,0.377509,OPEN,0,0.0,1
