timestamp,elapsed,face_detected,left_ear,right_ear,average_ear,smoothed_ear,closing_threshold,opening_threshold,eye_state,closure_duration,blink_event,blink_count
0.0038,0.0038,1,0.35307,0.3211,0.33708,0.33708,0.27368,0.32197,OPEN,,0,0
0.0634,0.0634,1,0.35306,0.32386,0.33846,0.33777,0.27368,0.32197,OPEN,,0,0
0.0946,0.0946,1,0.34569,0.3214,0.33355,0.33708,0.27368,0.32197,OPEN,,0,0
0.1223,0.1223,1,0.34831,0.32858,0.33845,0.33845,0.27368,0.32197,OPEN,,0,0
0.1521,0.1521,1,0.34761,0.3251,0.33635,0.33635,0.27368,0.32197,OPEN,,0,0
0.1781,0.1781,1,0.3498,0.32922,0.33951,0.33845,0.27368,0.32197,OPEN,,0,0
0.2097,0.2097,1,0.35137,0.32916,0.34027,0.33951,0.27368,0.32197,OPEN,,0,0
0.2455,0.2455,1,0.35082,0.32717,0.339,0.33951,0.27368,0.32197,OPEN,,0,0
0.2783,0.2783,1,0.34492,0.32545,0.33518,0.339,0.27368,0.32197,OPEN,,0,0
0.3059,0.3059,1,0.34519,0.32318,0.33418,0.33518,0.27368,0.32197,OPEN,,0,0
0.3389,0.3389,1,0.34553,0.32182,0.33367,0.33418,0.27368,0.32197,OPEN,,0,0
0.3651,0.3651,1,0.34389,0.32295,0.33342,0.33367,0.27368,0.32197,OPEN,,0,0
0.3936,0.3936,1,0.3461,0.32666,0.33638,0.33367,0.27368,0.32197,OPEN,,0,0
0.4197,0.4197,1,0.34687,0.32685,0.33686,0.33638,0.27368,0.32197,OPEN,,0,0
0.4536,0.4536,1,0.34613,0.3268,0.33646,0.33646,0.27368,0.32197,OPEN,,0,0
0.4812,0.4812,1,0.34612,0.32515,0.33564,0.33646,0.27368,0.32197,OPEN,,0,0
0.5174,0.5174,1,0.34694,0.32548,0.33621,0.33621,0.27368,0.32197,OPEN,,0,0
0.5453,0.5453,1,0.34859,0.32644,0.33751,0.33621,0.27368,0.32197,OPEN,,0,0
0.5759,0.5759,1,0.35233,0.32742,0.33987,0.33751,0.27368,0.32197,OPEN,,0,0
0.614,0.614,1,0.35248,0.32763,0.34005,0.33987,0.27368,0.32197,OPEN,,0,0
0.6501,0.6501,1,0.36218,0.33813,0.35015,0.34005,0.27368,0.32197,OPEN,,0,0
0.6795,0.6795,1,0.35677,0.33945,0.34811,0.34811,0.27368,0.32197,OPEN,,0,0
0.7133,0.7133,1,0.35339,0.33993,0.34666,0.34811,0.27368,0.32197,OPEN,,0,0
0.7396,0.7396,1,0.35355,0.34027,0.34691,0.34691,0.27368,0.32197,OPEN,,0,0
0.7675,0.7675,1,0.35203,0.33952,0.34577,0.34666,0.27368,0.32197,OPEN,,0,0
0.7918,0.7918,1,0.35436,0.33952,0.34694,0.34691,0.27368,0.32197,OPEN,,0,0
0.8236,0.8236,1,0.35381,0.33581,0.34481,0.34577,0.27368,0.32197,OPEN,,0,0
0.882,0.882,1,0.36933,0.34193,0.35563,0.34694,0.27368,0.32197,OPEN,,0,0
0.9134,0.9134,1,0.37849,0.35004,0.36427,0.35563,0.27368,0.32197,OPEN,,0,0
0.9472,0.9472,1,0.39616,0.36373,0.37995,0.36427,0.27368,0.32197,OPEN,,0,0
0.9756,0.9756,1,0.40175,0.37028,0.38602,0.37995,0.27368,0.32197,OPEN,,0,0
1.0079,1.0079,1,0.39329,0.36542,0.37935,0.37995,0.27368,0.32197,OPEN,,0,0
1.0403,1.0403,1,0.40275,0.37073,0.38674,0.38602,0.27368,0.32197,OPEN,,0,0
1.0711,1.0711,1,0.40117,0.37156,0.38637,0.38637,0.27368,0.32197,OPEN,,0,0
1.1027,1.1027,1,0.40043,0.37212,0.38628,0.38637,0.27368,0.32197,OPEN,,0,0
1.1257,1.1257,1,0.40264,0.37408,0.38836,0.38637,0.27368,0.32197,OPEN,,0,0
1.1552,1.1552,1,0.40282,0.37445,0.38863,0.38836,0.27368,0.32197,OPEN,,0,0
1.1848,1.1848,1,0.40465,0.37617,0.39041,0.38863,0.27368,0.32197,OPEN,,0,0
1.2166,1.2166,1,0.40283,0.3764,0.38962,0.38962,0.27368,0.32197,OPEN,,0,0
1.2805,1.2805,1,0.40628,0.38009,0.39318,0.39041,0.27368,0.32197,OPEN,,0,0
1.3125,1.3125,1,0.40811,0.3809,0.39451,0.39318,0.27368,0.32197,OPEN,,0,0
1.3444,1.3444,1,0.41024,0.38265,0.39644,0.39451,0.27368,0.32197,OPEN,,0,0
1.3789,1.3789,1,0.41437,0.38397,0.39917,0.39644,0.27368,0.32197,OPEN,,0,0
1.4077,1.4077,1,0.41525,0.38612,0.40068,0.39917,0.27368,0.32197,OPEN,,0,0
1.4402,1.4402,1,0.41389,0.3845,0.39919,0.39919,0.27368,0.32197,OPEN,,0,0
1.4716,1.4716,1,0.41385,0.38689,0.40037,0.40037,0.27368,0.32197,OPEN,,0,0
1.5042,1.5042,1,0.41211,0.38668,0.39939,0.39939,0.27368,0.32197,OPEN,,0,0
1.5346,1.5346,1,0.41448,0.38863,0.40156,0.40037,0.27368,0.32197,OPEN,,0,0
1.5639,1.5639,1,0.41559,0.38933,0.40246,0.40156,0.27368,0.32197,OPEN,,0,0
1.5993,1.5993,1,0.41582,0.39078,0.4033,0.40246,0.27368,0.32197,OPEN,,0,0
1.6256,1.6256,1,0.42168,0.39327,0.40747,0.4033,0.27368,0.32197,OPEN,,0,0
1.681,1.681,1,0.41506,0.3956,0.40533,0.40533,0.27368,0.32197,OPEN,,0,0
1.7131,1.7131,1,0.41108,0.39633,0.40371,0.40533,0.27368,0.32197,OPEN,,0,0
1.7449,1.7449,1,0.42311,0.4004,0.41176,0.40533,0.27368,0.32197,OPEN,,0,0
1.7767,1.7767,1,0.42269,0.40101,0.41185,0.41176,0.27368,0.32197,OPEN,,0,0
1.8131,1.8131,1,0.28403,0.21621,0.25012,0.41176,0.27368,0.32197,OPEN,,0,0
1.8397,1.8397,1,0.10414,0.07585,0.09,,0.27368,0.32197,OPEN,,0,0
1.8719,1.8719,1,0.08767,0.06034,0.07401,,0.27368,0.32197,OPEN,,0,0
1.905,1.905,1,0.13263,0.11643,0.12453,0.25012,0.27368,0.32197,CLOSING,,0,0
1.9375,1.9375,1,0.2183,0.2201,0.2192,0.2192,0.27368,0.32197,CLOSING,0.03249,0,0
1.9706,1.9706,1,0.29803,0.29396,0.29599,0.2192,0.27368,0.32197,CLOSED,0.06552,0,0
1.9963,1.9963,1,0.32899,0.32145,0.32522,0.29599,0.27368,0.32197,CLOSED,0.09129,0,0
2.0289,2.0289,1,0.35743,0.35438,0.3559,0.32522,0.27368,0.32197,OPENING,0.12382,0,0
2.0821,2.0821,1,0.41836,0.39619,0.40727,0.3559,0.27368,0.32197,OPEN,0.17709,1,1
2.1122,2.1122,1,0.43281,0.40617,0.41949,0.40727,0.27368,0.32197,OPEN,,0,1
2.1458,2.1458,1,0.44126,0.42203,0.43165,0.41949,0.27368,0.32197,OPEN,,0,1
2.1768,2.1768,1,0.44407,0.42082,0.43244,0.43165,0.27368,0.32197,OPEN,,0,1
2.2075,2.2075,1,0.44214,0.42066,0.4314,0.43165,0.27368,0.32197,OPEN,,0,1
2.2436,2.2436,1,0.45203,0.4316,0.44182,0.43244,0.27368,0.32197,OPEN,,0,1
2.271,2.271,1,0.45081,0.43343,0.44212,0.44182,0.27368,0.32197,OPEN,,0,1
2.3031,2.3031,1,0.46215,0.43864,0.4504,0.44212,0.27368,0.32197,OPEN,,0,1
2.3368,2.3368,1,0.46252,0.43987,0.45119,0.4504,0.27368,0.32197,OPEN,,0,1
2.368,2.368,1,0.46372,0.4445,0.45411,0.45119,0.27368,0.32197,OPEN,,0,1
2.3934,2.3934,1,0.4647,0.44659,0.45565,0.45411,0.27368,0.32197,OPEN,,0,1
2.4183,2.4183,1,0.46407,0.44704,0.45555,0.45555,0.27368,0.32197,OPEN,,0,1
2.4826,2.4826,1,0.46397,0.4451,0.45454,0.45555,0.27368,0.32197,OPEN,,0,1
2.5121,2.5121,1,0.46516,0.44492,0.45504,0.45504,0.27368,0.32197,OPEN,,0,1
2.5436,2.5436,1,0.46093,0.44441,0.45267,0.45454,0.27368,0.32197,OPEN,,0,1
2.5762,2.5762,1,0.46243,0.44345,0.45294,0.45294,0.27368,0.32197,OPEN,,0,1
2.6084,2.6084,1,0.46272,0.44327,0.453,0.45294,0.27368,0.32197,OPEN,,0,1
2.6402,2.6402,1,0.46384,0.44465,0.45425,0.453,0.27368,0.32197,OPEN,,0,1
2.675,2.675,1,0.46581,0.44622,0.45601,0.45425,0.27368,0.32197,OPEN,,0,1
2.7032,2.7032,1,0.4673,0.44702,0.45716,0.45601,0.27368,0.32197,OPEN,,0,1
2.7352,2.7352,1,0.46672,0.44766,0.45719,0.45716,0.27368,0.32197,OPEN,,0,1
2.7684,2.7684,1,0.46829,0.44831,0.4583,0.45719,0.27368,0.32197,OPEN,,0,1
2.8003,2.8003,1,0.46864,0.44847,0.45856,0.4583,0.27368,0.32197,OPEN,,0,1
2.8255,2.8255,1,0.46899,0.44936,0.45918,0.45856,0.27368,0.32197,OPEN,,0,1
2.888,2.888,1,0.46027,0.44087,0.45057,0.45856,0.27368,0.32197,OPEN,,0,1
2.9142,2.9142,1,0.46108,0.44027,0.45067,0.45067,0.27368,0.32197,OPEN,,0,1
2.9446,2.9446,1,0.46449,0.44341,0.45395,0.45067,0.27368,0.32197,OPEN,,0,1
2.9757,2.9757,1,0.46258,0.44255,0.45256,0.45256,0.27368,0.32197,OPEN,,0,1
3.009,3.009,1,0.45884,0.43999,0.44942,0.45256,0.27368,0.32197,OPEN,,0,1
3.0401,3.0401,1,0.45335,0.43588,0.44462,0.44942,0.27368,0.32197,OPEN,,0,1
3.073,3.073,1,0.45643,0.43721,0.44682,0.44682,0.27368,0.32197,OPEN,,0,1
3.1085,3.1085,1,0.45557,0.43794,0.44675,0.44675,0.27368,0.32197,OPEN,,0,1
3.1358,3.1358,1,0.45732,0.43816,0.44774,0.44682,0.27368,0.32197,OPEN,,0,1
3.1679,3.1679,1,0.45731,0.43749,0.4474,0.4474,0.27368,0.32197,OPEN,,0,1
3.2009,3.2009,1,0.45736,0.43788,0.44762,0.44762,0.27368,0.32197,OPEN,,0,1
3.2333,3.2333,1,0.45776,0.43658,0.44717,0.4474,0.27368,0.32197,OPEN,,0,1
3.2652,3.2652,1,0.45593,0.43642,0.44618,0.44717,0.27368,0.32197,OPEN,,0,1
3.3145,3.3145,1,0.45863,0.43631,0.44747,0.44717,0.27368,0.32197,OPEN,,0,1
3.3451,3.3451,1,0.45848,0.43428,0.44638,0.44638,0.27368,0.32197,OPEN,,0,1
3.3752,3.3752,1,0.45779,0.43339,0.44559,0.44638,0.27368,0.32197,OPEN,,0,1
3.407,3.407,1,0.45581,0.43113,0.44347,0.44559,0.27368,0.32197,OPEN,,0,1
3.4394,3.4394,1,0.45487,0.42938,0.44213,0.44347,0.27368,0.32197,OPEN,,0,1
3.4713,3.4713,1,0.45472,0.42949,0.4421,0.44213,0.27368,0.32197,OPEN,,0,1
3.5037,3.5037,1,0.45501,0.4297,0.44235,0.44213,0.27368,0.32197,OPEN,,0,1
3.5379,3.5379,1,0.45378,0.42799,0.44089,0.4421,0.27368,0.32197,OPEN,,0,1
3.569,3.569,1,0.45283,0.42833,0.44058,0.44089,0.27368,0.32197,OPEN,,0,1
3.5999,3.5999,1,0.45228,0.4296,0.44094,0.44089,0.27368,0.32197,OPEN,,0,1
3.6318,3.6318,1,0.45446,0.42855,0.4415,0.44094,0.27368,0.32197,OPEN,,0,1
3.6659,3.6659,1,0.45476,0.42925,0.442,0.4415,0.27368,0.32197,OPEN,,0,1
3.6954,3.6954,1,0.45485,0.42908,0.44197,0.44197,0.27368,0.32197,OPEN,,0,1
3.7523,3.7523,1,0.45333,0.42794,0.44063,0.44197,0.27368,0.32197,OPEN,,0,1
3.7782,3.7782,1,0.45208,0.42632,0.4392,0.44063,0.27368,0.32197,OPEN,,0,1
3.8072,3.8072,1,0.45193,0.42737,0.43965,0.43965,0.27368,0.32197,OPEN,,0,1
3.8404,3.8404,1,0.45043,0.42695,0.43869,0.4392,0.27368,0.32197,OPEN,,0,1
3.9223,3.9223,1,0.45031,0.42744,0.43888,0.43888,0.27368,0.32197,OPEN,,0,1
3.9534,3.9534,1,0.45048,0.42782,0.43915,0.43888,0.27368,0.32197,OPEN,,0,1
3.9835,3.9835,1,0.44985,0.42754,0.43869,0.43888,0.27368,0.32197,OPEN,,0,1
4.0096,4.0096,1,0.45066,0.42801,0.43933,0.43915,0.27368,0.32197,OPEN,,0,1
4.041,4.041,1,0.45004,0.42835,0.43919,0.43919,0.27368,0.32197,OPEN,,0,1
4.0712,4.0712,1,0.44987,0.42876,0.43932,0.43932,0.27368,0.32197,OPEN,,0,1
4.098,4.098,1,0.44955,0.42874,0.43914,0.43919,0.27368,0.32197,OPEN,,0,1
4.1237,4.1237,1,0.44935,0.42729,0.43832,0.43914,0.27368,0.32197,OPEN,,0,1
4.1521,4.1521,1,0.44945,0.42622,0.43783,0.43832,0.27368,0.32197,OPEN,,0,1
4.1795,4.1795,1,0.44841,0.4267,0.43756,0.43783,0.27368,0.32197,OPEN,,0,1
4.2085,4.2085,1,0.44966,0.42719,0.43842,0.43783,0.27368,0.32197,OPEN,,0,1
4.2399,4.2399,1,0.45167,0.42694,0.43931,0.43842,0.27368,0.32197,OPEN,,0,1
4.2733,4.2733,1,0.44912,0.42512,0.43712,0.43842,0.27368,0.32197,OPEN,,0,1
4.3042,4.3042,1,0.44834,0.42532,0.43683,0.43712,0.27368,0.32197,OPEN,,0,1
4.3371,4.3371,1,0.44826,0.42386,0.43606,0.43683,0.27368,0.32197,OPEN,,0,1
4.3687,4.3687,1,0.44715,0.42264,0.4349,0.43606,0.27368,0.32197,OPEN,,0,1
4.4037,4.4037,1,0.45037,0.42302,0.43669,0.43606,0.27368,0.32197,OPEN,,0,1
4.4317,4.4317,1,0.45042,0.42332,0.43687,0.43669,0.27368,0.32197,OPEN,,0,1
4.4634,4.4634,1,0.44964,0.4234,0.43652,0.43669,0.27368,0.32197,OPEN,,0,1
4.4954,4.4954,1,0.44842,0.42319,0.43581,0.43652,0.27368,0.32197,OPEN,,0,1
4.5279,4.5279,1,0.44902,0.42287,0.43594,0.43594,0.27368,0.32197,OPEN,,0,1
4.5778,4.5778,1,0.44521,0.42314,0.43418,0.43581,0.27368,0.32197,OPEN,,0,1
4.6136,4.6136,1,0.4438,0.42243,0.43311,0.43418,0.27368,0.32197,OPEN,,0,1
4.6393,4.6393,1,0.44092,0.41974,0.43033,0.43311,0.27368,0.32197,OPEN,,0,1
4.6708,4.6708,1,0.44659,0.42086,0.43372,0.43311,0.27368,0.32197,OPEN,,0,1
4.704,4.704,1,0.44449,0.41786,0.43117,0.43117,0.27368,0.32197,OPEN,,0,1
4.7373,4.7373,1,0.44592,0.42055,0.43324,0.43324,0.27368,0.32197,OPEN,,0,1
4.7673,4.7673,1,0.44675,0.41998,0.43336,0.43324,0.27368,0.32197,OPEN,,0,1
4.8005,4.8005,1,0.44538,0.41936,0.43237,0.43324,0.27368,0.32197,OPEN,,0,1
4.8352,4.8352,1,0.4402,0.41662,0.42841,0.43237,0.27368,0.32197,OPEN,,0,1
4.8689,4.8689,1,0.43977,0.41577,0.42777,0.42841,0.27368,0.32197,OPEN,,0,1
4.8958,4.8958,1,0.43884,0.41456,0.4267,0.42777,0.27368,0.32197,OPEN,,0,1
4.9279,4.9279,1,0.43732,0.41447,0.4259,0.4267,0.27368,0.32197,OPEN,,0,1
4.961,4.961,1,0.438,0.41488,0.42644,0.42644,0.27368,0.32197,OPEN,,0,1
5.0083,5.0083,1,0.43703,0.41349,0.42526,0.4259,0.27368,0.32197,OPEN,,0,1
5.0424,5.0424,1,0.44024,0.41413,0.42719,0.42644,0.27368,0.32197,OPEN,,0,1
5.0731,5.0731,1,0.44224,0.41515,0.42869,0.42719,0.27368,0.32197,OPEN,,0,1
5.1037,5.1037,1,0.44229,0.41461,0.42845,0.42845,0.27368,0.32197,OPEN,,0,1
5.1352,5.1352,1,0.44019,0.41427,0.42723,0.42845,0.27368,0.32197,OPEN,,0,1
5.1683,5.1683,1,0.43942,0.41412,0.42677,0.42723,0.27368,0.32197,OPEN,,0,1
5.2003,5.2003,1,0.43897,0.41449,0.42673,0.42677,0.27368,0.32197,OPEN,,0,1
5.2321,5.2321,1,0.43779,0.41514,0.42647,0.42673,0.27368,0.32197,OPEN,,0,1
5.2706,5.2706,1,0.43842,0.41599,0.4272,0.42673,0.27368,0.32197,OPEN,,0,1
5.2973,5.2973,1,0.43823,0.41581,0.42702,0.42702,0.27368,0.32197,OPEN,,0,1
5.3295,5.3295,1,0.43826,0.41598,0.42712,0.42712,0.27368,0.32197,OPEN,,0,1
5.3593,5.3593,1,0.43748,0.41551,0.42649,0.42702,0.27368,0.32197,OPEN,,0,1
5.4105,5.4105,1,0.43768,0.41513,0.42641,0.42649,0.27368,0.32197,OPEN,,0,1
5.442,5.442,1,0.43811,0.41566,0.42689,0.42649,0.27368,0.32197,OPEN,,0,1
5.4741,5.4741,1,0.43759,0.41626,0.42692,0.42689,0.27368,0.32197,OPEN,,0,1
5.5038,5.5038,1,0.44346,0.41733,0.4304,0.42692,0.27368,0.32197,OPEN,,0,1
5.5374,5.5374,1,0.44103,0.41749,0.42926,0.42926,0.27368,0.32197,OPEN,,0,1
5.568,5.568,1,0.43968,0.4173,0.42849,0.42926,0.27368,0.32197,OPEN,,0,1
5.5997,5.5997,1,0.43876,0.41722,0.42799,0.42849,0.27368,0.32197,OPEN,,0,1
5.6316,5.6316,1,0.43708,0.41633,0.42671,0.42799,0.27368,0.32197,OPEN,,0,1
5.6637,5.6637,1,0.43854,0.41692,0.42773,0.42773,0.27368,0.32197,OPEN,,0,1
5.6983,5.6983,1,0.43814,0.41609,0.42711,0.42711,0.27368,0.32197,OPEN,,0,1
5.7324,5.7324,1,0.44167,0.41719,0.42943,0.42773,0.27368,0.32197,OPEN,,0,1
5.7665,5.7665,1,0.44301,0.41826,0.43064,0.42943,0.27368,0.32197,OPEN,,0,1
5.7925,5.7925,1,0.44313,0.41703,0.43008,0.43008,0.27368,0.32197,OPEN,,0,1
5.8415,5.8415,1,0.44061,0.41349,0.42705,0.43008,0.27368,0.32197,OPEN,,0,1
5.8716,5.8716,1,0.43902,0.41296,0.42599,0.42705,0.27368,0.32197,OPEN,,0,1
5.9091,5.9091,1,0.43761,0.41178,0.4247,0.42599,0.27368,0.32197,OPEN,,0,1
5.9433,5.9433,1,0.43752,0.41264,0.42508,0.42508,0.27368,0.32197,OPEN,,0,1
5.9683,5.9683,1,0.43444,0.40976,0.4221,0.4247,0.27368,0.32197,OPEN,,0,1
6.0018,6.0018,1,0.43923,0.41607,0.42765,0.42508,0.27368,0.32197,OPEN,,0,1
6.0306,6.0306,1,0.44069,0.41669,0.42869,0.42765,0.27368,0.32197,OPEN,,0,1
6.0666,6.0666,1,0.44261,0.41713,0.42987,0.42869,0.27368,0.32197,OPEN,,0,1
6.0952,6.0952,1,0.43641,0.41287,0.42464,0.42869,0.27368,0.32197,OPEN,,0,1
6.1314,6.1314,1,0.43203,0.40417,0.4181,0.42464,0.27368,0.32197,OPEN,,0,1
6.1599,6.1599,1,0.43027,0.40525,0.41776,0.4181,0.27368,0.32197,OPEN,,0,1
6.1909,6.1909,1,0.43198,0.40709,0.41953,0.4181,0.27368,0.32197,OPEN,,0,1
6.2244,6.2244,1,0.43174,0.40428,0.41801,0.41801,0.27368,0.32197,OPEN,,0,1
6.2717,6.2717,1,0.43085,0.4045,0.41767,0.41801,0.27368,0.32197,OPEN,,0,1
6.3032,6.3032,1,0.43482,0.4083,0.42156,0.41801,0.27368,0.32197,OPEN,,0,1
6.3397,6.3397,1,0.43274,0.40719,0.41997,0.41997,0.27368,0.32197,OPEN,,0,1
6.3673,6.3673,1,0.43312,0.4064,0.41976,0.41997,0.27368,0.32197,OPEN,,0,1
6.3999,6.3999,1,0.43288,0.40336,0.41812,0.41976,0.27368,0.32197,OPEN,,0,1
6.4366,6.4366,1,0.43043,0.40099,0.41571,0.41812,0.27368,0.32197,OPEN,,0,1
6.4656,6.4656,1,0.43059,0.40063,0.41561,0.41571,0.27368,0.32197,OPEN,,0,1
6.4955,6.4955,1,0.42765,0.404,0.41582,0.41571,0.27368,0.32197,OPEN,,0,1
6.529,6.529,1,0.43139,0.41088,0.42114,0.41582,0.27368,0.32197,OPEN,,0,1
6.5718,6.5718,1,0.43098,0.41642,0.4237,0.42114,0.27368,0.32197,OPEN,,0,1
6.5958,6.5958,1,0.43006,0.41139,0.42072,0.42114,0.27368,0.32197,OPEN,,0,1
6.6238,6.6238,1,0.42895,0.4077,0.41833,0.42072,0.27368,0.32197,OPEN,,0,1
6.6559,6.6559,1,0.42921,0.40723,0.41822,0.41833,0.27368,0.32197,OPEN,,0,1
6.7053,6.7053,1,0.42803,0.40449,0.41626,0.41822,0.27368,0.32197,OPEN,,0,1
6.7396,6.7396,1,0.42992,0.41006,0.41999,0.41822,0.27368,0.32197,OPEN,,0,1
6.7755,6.7755,1,0.43384,0.41284,0.42334,0.41999,0.27368,0.32197,OPEN,,0,1
6.809,6.809,1,0.43004,0.41066,0.42035,0.42035,0.27368,0.32197,OPEN,,0,1
6.8434,6.8434,1,0.43451,0.41181,0.42316,0.42316,0.27368,0.32197,OPEN,,0,1
6.8673,6.8673,1,0.43773,0.41249,0.42511,0.42316,0.27368,0.32197,OPEN,,0,1
6.8977,6.8977,1,0.43621,0.41202,0.42411,0.42411,0.27368,0.32197,OPEN,,0,1
6.9298,6.9298,1,0.43516,0.41181,0.42349,0.42411,0.27368,0.32197,OPEN,,0,1
6.9622,6.9622,1,0.43528,0.41096,0.42312,0.42349,0.27368,0.32197,OPEN,,0,1
6.9998,6.9998,1,0.43639,0.40685,0.42162,0.42312,0.27368,0.32197,OPEN,,0,1
7.0344,7.0344,1,0.4443,0.4122,0.42825,0.42312,0.27368,0.32197,OPEN,,0,1
7.0555,7.0555,1,0.44499,0.41577,0.43038,0.42825,0.27368,0.32197,OPEN,,0,1
7.1068,7.1068,1,0.44533,0.41421,0.42977,0.42977,0.27368,0.32197,OPEN,,0,1
7.1361,7.1361,1,0.44635,0.41637,0.43136,0.43038,0.27368,0.32197,OPEN,,0,1
7.1691,7.1691,1,0.44555,0.41601,0.43078,0.43078,0.27368,0.32197,OPEN,,0,1
7.2053,7.2053,1,0.45408,0.4191,0.43659,0.43136,0.27368,0.32197,OPEN,,0,1
7.2405,7.2405,1,0.45071,0.42222,0.43647,0.43647,0.27368,0.32197,OPEN,,0,1
7.2646,7.2646,1,0.44513,0.41784,0.43149,0.43647,0.27368,0.32197,OPEN,,0,1
7.2984,7.2984,1,0.44698,0.41752,0.43225,0.43225,0.27368,0.32197,OPEN,,0,1
7.3318,7.3318,1,0.44273,0.41817,0.43045,0.43149,0.27368,0.32197,OPEN,,0,1
7.3603,7.3603,1,0.43759,0.42135,0.42947,0.43045,0.27368,0.32197,OPEN,,0,1
7.3939,7.3939,1,0.43735,0.41898,0.42817,0.42947,0.27368,0.32197,OPEN,,0,1
7.4302,7.4302,1,0.44247,0.42141,0.43194,0.42947,0.27368,0.32197,OPEN,,0,1
7.4571,7.4571,1,0.4431,0.42151,0.43231,0.43194,0.27368,0.32197,OPEN,,0,1
7.4914,7.4914,1,0.44038,0.42083,0.4306,0.43194,0.27368,0.32197,OPEN,,0,1
7.5389,7.5389,1,0.44446,0.42446,0.43446,0.43231,0.27368,0.32197,OPEN,,0,1
7.5689,7.5689,1,0.43173,0.41733,0.42453,0.4306,0.27368,0.32197,OPEN,,0,1
7.6036,7.6036,1,0.44052,0.42096,0.43074,0.43074,0.27368,0.32197,OPEN,,0,1
7.6383,7.6383,1,0.4403,0.42035,0.43033,0.43033,0.27368,0.32197,OPEN,,0,1
7.6727,7.6727,1,0.44881,0.42285,0.43583,0.43074,0.27368,0.32197,OPEN,,0,1
7.697,7.697,1,0.44392,0.41651,0.43022,0.43033,0.27368,0.32197,OPEN,,0,1
7.7303,7.7303,1,0.44963,0.42006,0.43485,0.43485,0.27368,0.32197,OPEN,,0,1
7.7639,7.7639,1,0.44486,0.41822,0.43154,0.43154,0.27368,0.32197,OPEN,,0,1
7.7998,7.7998,1,0.44648,0.42112,0.4338,0.4338,0.27368,0.32197,OPEN,,0,1
7.8256,7.8256,1,0.4463,0.42039,0.43335,0.43335,0.27368,0.32197,OPEN,,0,1
7.8592,7.8592,1,0.44667,0.42059,0.43363,0.43363,0.27368,0.32197,OPEN,,0,1
7.887,7.887,1,0.45205,0.41936,0.4357,0.43363,0.27368,0.32197,OPEN,,0,1
7.921,7.921,1,0.44878,0.41918,0.43398,0.43398,0.27368,0.32197,OPEN,,0,1
7.9671,7.9671,1,0.44891,0.4186,0.43375,0.43398,0.27368,0.32197,OPEN,,0,1
8.0016,8.0016,1,0.44684,0.4186,0.43272,0.43375,0.27368,0.32197,OPEN,,0,1
8.0319,8.0319,1,0.44369,0.41819,0.43094,0.43272,0.27368,0.32197,OPEN,,0,1
8.0675,8.0675,1,0.45714,0.42877,0.44296,0.43272,0.27368,0.32197,OPEN,,0,1
8.0975,8.0975,1,0.45548,0.42837,0.44193,0.44193,0.27368,0.32197,OPEN,,0,1
8.1332,8.1332,1,0.45915,0.43039,0.44477,0.44296,0.27368,0.32197,OPEN,,0,1
8.1665,8.1665,1,0.45516,0.43013,0.44265,0.44265,0.27368,0.32197,OPEN,,0,1
8.1904,8.1904,1,0.45655,0.43097,0.44376,0.44376,0.27368,0.32197,OPEN,,0,1
8.2248,8.2248,1,0.45177,0.4285,0.44014,0.44265,0.27368,0.32197,OPEN,,0,1
8.2581,8.2581,1,0.4436,0.42241,0.43301,0.44014,0.27368,0.32197,OPEN,,0,1
8.2945,8.2945,1,0.44754,0.4246,0.43607,0.43607,0.27368,0.32197,OPEN,,0,1
8.3282,8.3282,1,0.44687,0.42352,0.43519,0.43519,0.27368,0.32197,OPEN,,0,1
8.3632,8.3632,1,0.44755,0.42013,0.43384,0.43519,0.27368,0.32197,OPEN,,0,1
8.401,8.401,1,0.44785,0.42006,0.43395,0.43395,0.27368,0.32197,OPEN,,0,1
8.4332,8.4332,1,0.44316,0.41852,0.43084,0.43384,0.27368,0.32197,OPEN,,0,1
8.4642,8.4642,1,0.44319,0.41845,0.43082,0.43084,0.27368,0.32197,OPEN,,0,1
8.4993,8.4993,1,0.43615,0.4185,0.42732,0.43082,0.27368,0.32197,OPEN,,0,1
8.5303,8.5303,1,0.41909,0.39487,0.40698,0.42732,0.27368,0.32197,OPEN,,0,1
8.5608,8.5608,1,0.40134,0.37653,0.38893,0.40698,0.27368,0.32197,OPEN,,0,1
8.5936,8.5936,1,0.4004,0.36741,0.3839,0.38893,0.27368,0.32197,OPEN,,0,1
8.627,8.627,1,0.39735,0.36731,0.38233,0.3839,0.27368,0.32197,OPEN,,0,1
8.6606,8.6606,1,0.39506,0.37036,0.38271,0.38271,0.27368,0.32197,OPEN,,0,1
8.6947,8.6947,1,0.39861,0.3729,0.38575,0.38271,0.27368,0.32197,OPEN,,0,1
8.7312,8.7312,1,0.39528,0.37198,0.38363,0.38363,0.27368,0.32197,OPEN,,0,1
8.7638,8.7638,1,0.38895,0.36834,0.37865,0.38363,0.27368,0.32197,OPEN,,0,1
8.8007,8.8007,1,0.39224,0.37158,0.38191,0.38191,0.27368,0.32197,OPEN,,0,1
8.8346,8.8346,1,0.39388,0.37542,0.38465,0.38191,0.27368,0.32197,OPEN,,0,1
8.8653,8.8653,1,0.39464,0.37627,0.38545,0.38465,0.27368,0.32197,OPEN,,0,1
8.897,8.897,1,0.39593,0.37827,0.3871,0.38545,0.27368,0.32197,OPEN,,0,1
8.9325,8.9325,1,0.40426,0.38347,0.39386,0.3871,0.27368,0.32197,OPEN,,0,1
8.9634,8.9634,1,0.39764,0.37948,0.38856,0.38856,0.27368,0.32197,OPEN,,0,1
8.9968,8.9968,1,0.40634,0.38858,0.39746,0.39386,0.27368,0.32197,OPEN,,0,1
9.0307,9.0307,1,0.40821,0.38969,0.39895,0.39746,0.27368,0.32197,OPEN,,0,1
9.0629,9.0629,1,0.40912,0.38879,0.39896,0.39895,0.27368,0.32197,OPEN,,0,1
9.0983,9.0983,1,0.40786,0.38866,0.39826,0.39895,0.27368,0.32197,OPEN,,0,1
9.1209,9.1209,1,0.40885,0.38778,0.39832,0.39832,0.27368,0.32197,OPEN,,0,1
9.1565,9.1565,1,0.40845,0.39063,0.39954,0.39832,0.27368,0.32197,OPEN,,0,1
9.1907,9.1907,1,0.41006,0.39053,0.40029,0.39954,0.27368,0.32197,OPEN,,0,1
9.2344,9.2344,1,0.41155,0.38899,0.40027,0.40027,0.27368,0.32197,OPEN,,0,1
9.2661,9.2661,1,0.41945,0.38997,0.40471,0.40029,0.27368,0.32197,OPEN,,0,1
9.2975,9.2975,1,0.42144,0.39353,0.40748,0.40471,0.27368,0.32197,OPEN,,0,1
9.3306,9.3306,1,0.42071,0.3946,0.40765,0.40748,0.27368,0.32197,OPEN,,0,1
9.3634,9.3634,1,0.4352,0.4056,0.4204,0.40765,0.27368,0.32197,OPEN,,0,1
9.3986,9.3986,1,0.45094,0.42368,0.43731,0.4204,0.27368,0.32197,OPEN,,0,1
9.4236,9.4236,1,0.47407,0.44238,0.45822,0.43731,0.27368,0.32197,OPEN,,0,1
9.458,9.458,1,0.48499,0.46173,0.47336,0.45822,0.27368,0.32197,OPEN,,0,1
9.4923,9.4923,1,0.49562,0.46964,0.48263,0.47336,0.27368,0.32197,OPEN,,0,1
9.5209,9.5209,1,0.5068,0.47843,0.49262,0.48263,0.27368,0.32197,OPEN,,0,1
9.5542,9.5542,1,0.50771,0.47888,0.4933,0.49262,0.27368,0.32197,OPEN,,0,1
9.5952,9.5952,1,0.47936,0.42453,0.45194,0.49262,0.27368,0.32197,OPEN,,0,1
9.616,9.616,1,0.16221,0.15121,0.15671,0.45194,0.27368,0.32197,OPEN,,0,1
9.6651,9.6651,1,0.0321,0.02763,0.02987,,0.27368,0.32197,OPEN,,0,1
9.6971,9.6971,1,0.0293,0.02196,0.02563,,0.27368,0.32197,OPEN,,0,1
9.7297,9.7297,1,0.04388,0.0241,0.03399,,0.27368,0.32197,OPEN,,0,1
9.7616,9.7616,1,0.05908,0.05488,0.05698,,0.27368,0.32197,OPEN,,0,1
9.7949,9.7949,1,0.26451,0.2552,0.25985,0.25985,0.27368,0.32197,CLOSING,,0,1
9.8292,9.8292,1,0.38563,0.36238,0.374,0.25985,0.27368,0.32197,CLOSING,0.03427,0,1
9.856,9.856,1,0.43905,0.41582,0.42744,0.374,0.27368,0.32197,OPEN,,0,1
9.8896,9.8896,1,0.46735,0.43672,0.45203,0.42744,0.27368,0.32197,OPEN,,0,1
9.9234,9.9234,1,0.48465,0.4588,0.47172,0.45203,0.27368,0.32197,OPEN,,0,1
9.9534,9.9534,1,0.48225,0.46099,0.47162,0.47162,0.27368,0.32197,OPEN,,0,1
9.9859,9.9859,1,0.49817,0.47459,0.48638,0.47172,0.27368,0.32197,OPEN,,0,1
10.0232,10.0232,1,0.50564,0.47855,0.49209,0.48638,0.27368,0.32197,OPEN,,0,1
10.0568,10.0568,1,0.50277,0.4734,0.48809,0.48809,0.27368,0.32197,OPEN,,0,1
10.0978,10.0978,1,0.49915,0.46912,0.48413,0.48809,0.27368,0.32197,OPEN,,0,1
10.1299,10.1299,1,0.49334,0.46937,0.48136,0.48413,0.27368,0.32197,OPEN,,0,1
10.1639,10.1639,1,0.49633,0.47006,0.4832,0.4832,0.27368,0.32197,OPEN,,0,1
10.197,10.197,1,0.49855,0.47065,0.4846,0.4832,0.27368,0.32197,OPEN,,0,1
10.2287,10.2287,1,0.49824,0.47048,0.48436,0.48436,0.27368,0.32197,OPEN,,0,1
10.2604,10.2604,1,0.4997,0.47151,0.48561,0.4846,0.27368,0.32197,OPEN,,0,1
10.2941,10.2941,1,0.50119,0.47068,0.48594,0.48561,0.27368,0.32197,OPEN,,0,1
10.3274,10.3274,1,0.50402,0.47066,0.48734,0.48594,0.27368,0.32197,OPEN,,0,1
10.3516,10.3516,1,0.5035,0.47055,0.48702,0.48702,0.27368,0.32197,OPEN,,0,1
10.3851,10.3851,1,0.5037,0.47054,0.48712,0.48712,0.27368,0.32197,OPEN,,0,1
10.4173,10.4173,1,0.49963,0.46848,0.48406,0.48702,0.27368,0.32197,OPEN,,0,1
10.4538,10.4538,1,0.50214,0.47025,0.48619,0.48619,0.27368,0.32197,OPEN,,0,1
10.4981,10.4981,1,0.5013,0.46894,0.48512,0.48512,0.27368,0.32197,OPEN,,0,1
10.5289,10.5289,1,0.501,0.46878,0.48489,0.48512,0.27368,0.32197,OPEN,,0,1
10.5618,10.5618,1,0.49951,0.46943,0.48447,0.48489,0.27368,0.32197,OPEN,,0,1
10.5958,10.5958,1,0.49976,0.47023,0.485,0.48489,0.27368,0.32197,OPEN,,0,1
10.6288,10.6288,1,0.49896,0.46955,0.48426,0.48447,0.27368,0.32197,OPEN,,0,1
10.662,10.662,1,0.49841,0.46916,0.48379,0.48426,0.27368,0.32197,OPEN,,0,1
10.6945,10.6945,1,0.49676,0.46826,0.48251,0.48379,0.27368,0.32197,OPEN,,0,1
10.7207,10.7207,1,0.49685,0.46803,0.48244,0.48251,0.27368,0.32197,OPEN,,0,1
10.7522,10.7522,1,0.49701,0.46984,0.48343,0.48251,0.27368,0.32197,OPEN,,0,1
10.7857,10.7857,1,0.49736,0.46999,0.48368,0.48343,0.27368,0.32197,OPEN,,0,1
10.8175,10.8175,1,0.49686,0.46989,0.48338,0.48343,0.27368,0.32197,OPEN,,0,1
10.8487,10.8487,1,0.49638,0.46985,0.48312,0.48338,0.27368,0.32197,OPEN,,0,1
10.8851,10.8851,1,0.49942,0.47051,0.48497,0.48338,0.27368,0.32197,OPEN,,0,1
10.9307,10.9307,1,0.49888,0.47111,0.48499,0.48497,0.27368,0.32197,OPEN,,0,1
10.9635,10.9635,1,0.49936,0.47122,0.48529,0.48499,0.27368,0.32197,OPEN,,0,1
10.9952,10.9952,1,0.49711,0.47003,0.48357,0.48499,0.27368,0.32197,OPEN,,0,1
11.026,11.026,1,0.49718,0.47046,0.48382,0.48382,0.27368,0.32197,OPEN,,0,1
11.0566,11.0566,1,0.49714,0.47048,0.48381,0.48381,0.27368,0.32197,OPEN,,0,1
11.0892,11.0892,1,0.49656,0.46993,0.48324,0.48381,0.27368,0.32197,OPEN,,0,1
11.1248,11.1248,1,0.4995,0.4714,0.48545,0.48381,0.27368,0.32197,OPEN,,0,1
11.1519,11.1519,1,0.5,0.4713,0.48565,0.48545,0.27368,0.32197,OPEN,,0,1
11.1845,11.1845,1,0.49924,0.47133,0.48528,0.48545,0.27368,0.32197,OPEN,,0,1
11.2176,11.2176,1,0.49848,0.47114,0.48481,0.48528,0.27368,0.32197,OPEN,,0,1
11.2829,11.2829,1,0.50429,0.47733,0.49081,0.48528,0.27368,0.32197,OPEN,,0,1
11.3032,11.3032,1,0.50439,0.47739,0.49089,0.49081,0.27368,0.32197,OPEN,,0,1
11.3297,11.3297,1,0.51024,0.48011,0.49518,0.49089,0.27368,0.32197,OPEN,,0,1
11.3644,11.3644,1,0.51008,0.48001,0.49505,0.49505,0.27368,0.32197,OPEN,,0,1
11.3933,11.3933,1,0.51109,0.48077,0.49593,0.49518,0.27368,0.32197,OPEN,,0,1
11.4264,11.4264,1,0.5119,0.48059,0.49625,0.49593,0.27368,0.32197,OPEN,,0,1
11.4604,11.4604,1,0.5124,0.48127,0.49684,0.49625,0.27368,0.32197,OPEN,,0,1
11.4955,11.4955,1,0.5126,0.48472,0.49866,0.49684,0.27368,0.32197,OPEN,,0,1
11.521,11.521,1,0.51579,0.49113,0.50346,0.49866,0.27368,0.32197,OPEN,,0,1
11.5608,11.5608,1,0.51556,0.49065,0.5031,0.5031,0.27368,0.32197,OPEN,,0,1
11.5961,11.5961,1,0.5151,0.49067,0.50288,0.5031,0.27368,0.32197,OPEN,,0,1
11.618,11.618,1,0.51558,0.49095,0.50327,0.5031,0.27368,0.32197,OPEN,,0,1
11.6808,11.6808,1,0.51655,0.49553,0.50604,0.50327,0.27368,0.32197,OPEN,,0,1
11.715,11.715,1,0.51689,0.49544,0.50617,0.50604,0.27368,0.32197,OPEN,,0,1
11.7597,11.7597,1,0.51701,0.4954,0.5062,0.50617,0.27368,0.32197,OPEN,,0,1
11.7781,11.7781,1,0.50748,0.48701,0.49725,0.50617,0.27368,0.32197,OPEN,,0,1
11.795,11.795,1,0.24803,0.23283,0.24043,0.49725,0.27368,0.32197,OPEN,,0,1
11.8243,11.8243,1,0.03584,0.03785,0.03685,,0.27368,0.32197,OPEN,,0,1
11.8583,11.8583,1,0.03581,0.04096,0.03839,,0.27368,0.32197,OPEN,,0,1
11.8879,11.8879,1,0.0339,0.02572,0.02981,,0.27368,0.32197,OPEN,,0,1
11.921,11.921,1,0.05919,0.02844,0.04381,,0.27368,0.32197,OPEN,,0,1
11.952,11.952,1,0.10515,0.07767,0.09141,,0.27368,0.32197,OPEN,,0,1
11.9894,11.9894,1,0.24634,0.22652,0.23643,0.24043,0.27368,0.32197,CLOSING,,0,1
12.0159,12.0159,1,0.33684,0.30788,0.32236,0.24043,0.27368,0.32197,CLOSING,0.02646,0,1
12.0825,12.0825,1,0.43318,0.40447,0.41882,0.32236,0.27368,0.32197,OPEN,,0,1
12.1137,12.1137,1,0.45407,0.42571,0.43989,0.41882,0.27368,0.32197,OPEN,,0,1
12.1473,12.1473,1,0.47169,0.44987,0.46078,0.43989,0.27368,0.32197,OPEN,,0,1
12.1678,12.1678,1,0.47684,0.45389,0.46536,0.46078,0.27368,0.32197,OPEN,,0,1
12.21,12.21,1,0.49581,0.47054,0.48318,0.46536,0.27368,0.32197,OPEN,,0,1
12.2451,12.2451,1,0.50014,0.47253,0.48634,0.48318,0.27368,0.32197,OPEN,,0,1
12.278,12.278,1,0.49689,0.46971,0.4833,0.4833,0.27368,0.32197,OPEN,,0,1
12.3111,12.3111,1,0.50018,0.47103,0.48561,0.48561,0.27368,0.32197,OPEN,,0,1
12.3444,12.3444,1,0.49783,0.46988,0.48386,0.48386,0.27368,0.32197,OPEN,,0,1
12.3627,12.3627,1,0.50304,0.47542,0.48923,0.48561,0.27368,0.32197,OPEN,,0,1
12.3954,12.3954,1,0.50348,0.47532,0.4894,0.48923,0.27368,0.32197,OPEN,,0,1
12.4183,12.4183,1,0.51038,0.48258,0.49648,0.4894,0.27368,0.32197,OPEN,,0,1
12.4472,12.4472,1,0.50687,0.47901,0.49294,0.49294,0.27368,0.32197,OPEN,,0,1
12.4976,12.4976,1,0.5038,0.47659,0.4902,0.49294,0.27368,0.32197,OPEN,,0,1
12.5277,12.5277,1,0.49918,0.47488,0.48703,0.4902,0.27368,0.32197,OPEN,,0,1
12.5607,12.5607,1,0.49823,0.47591,0.48707,0.48707,0.27368,0.32197,OPEN,,0,1
12.6063,12.6063,1,0.49919,0.47762,0.4884,0.48707,0.27368,0.32197,OPEN,,0,1
12.6449,12.6449,1,0.50225,0.47713,0.48969,0.4884,0.27368,0.32197,OPEN,,0,1
12.6772,12.6772,1,0.49616,0.4708,0.48348,0.4884,0.27368,0.32197,OPEN,,0,1
12.7099,12.7099,1,0.49511,0.47012,0.48262,0.48348,0.27368,0.32197,OPEN,,0,1
12.7528,12.7528,1,0.49418,0.46873,0.48145,0.48262,0.27368,0.32197,OPEN,,0,1
12.7777,12.7777,1,0.49328,0.46821,0.48075,0.48145,0.27368,0.32197,OPEN,,0,1
12.8141,12.8141,1,0.49594,0.46897,0.48246,0.48145,0.27368,0.32197,OPEN,,0,1
12.834,12.834,1,0.49635,0.46903,0.48269,0.48246,0.27368,0.32197,OPEN,,0,1
12.902,12.902,1,0.49422,0.47055,0.48239,0.48246,0.27368,0.32197,OPEN,,0,1
12.9283,12.9283,1,0.4954,0.47294,0.48417,0.48269,0.27368,0.32197,OPEN,,0,1
12.9633,12.9633,1,0.49448,0.47224,0.48336,0.48336,0.27368,0.32197,OPEN,,0,1
12.994,12.994,1,0.49389,0.46897,0.48143,0.48336,0.27368,0.32197,OPEN,,0,1
13.0128,13.0128,1,0.49348,0.46822,0.48085,0.48143,0.27368,0.32197,OPEN,,0,1
13.0396,13.0396,1,0.4928,0.46732,0.48006,0.48085,0.27368,0.32197,OPEN,,0,1
13.0766,13.0766,1,0.48977,0.46751,0.47864,0.48006,0.27368,0.32197,OPEN,,0,1
13.1061,13.1061,1,0.30935,0.30416,0.30676,0.47864,0.27368,0.32197,OPEN,,0,1
13.1391,13.1391,1,0.03791,0.05651,0.04721,,0.27368,0.32197,OPEN,,0,1
13.1604,13.1604,1,0.03271,0.03529,0.034,,0.27368,0.32197,OPEN,,0,1
13.1931,13.1931,1,0.0352,0.03152,0.03336,,0.27368,0.32197,OPEN,,0,1
13.2207,13.2207,1,0.04251,0.03683,0.03967,,0.27368,0.32197,OPEN,,0,1
13.288,13.288,1,0.03167,0.03134,0.03151,,0.27368,0.32197,OPEN,,0,1
13.3132,13.3132,1,0.04727,0.02834,0.0378,,0.27368,0.32197,OPEN,,0,1
13.3461,13.3461,1,0.20555,0.1725,0.18902,0.30676,0.27368,0.32197,OPEN,,0,1
13.3758,13.3758,1,0.33569,0.29827,0.31698,0.30676,0.27368,0.32197,OPEN,,0,1
13.409,13.409,1,0.40119,0.38088,0.39104,0.31698,0.27368,0.32197,OPEN,,0,1
13.4419,13.4419,1,0.42661,0.4027,0.41466,0.39104,0.27368,0.32197,OPEN,,0,1
13.4721,13.4721,1,0.43765,0.42193,0.42979,0.41466,0.27368,0.32197,OPEN,,0,1
13.5115,13.5115,1,0.44913,0.43216,0.44064,0.42979,0.27368,0.32197,OPEN,,0,1
13.5359,13.5359,1,0.45997,0.43621,0.44809,0.44064,0.27368,0.32197,OPEN,,0,1
13.5691,13.5691,1,0.46581,0.44055,0.45318,0.44809,0.27368,0.32197,OPEN,,0,1
13.589,13.589,1,0.46693,0.44213,0.45453,0.45318,0.27368,0.32197,OPEN,,0,1
13.6233,13.6233,1,0.46943,0.44246,0.45594,0.45453,0.27368,0.32197,OPEN,,0,1
13.682,13.682,1,0.47567,0.45191,0.46379,0.45594,0.27368,0.32197,OPEN,,0,1
13.7199,13.7199,1,0.47308,0.44912,0.4611,0.4611,0.27368,0.32197,OPEN,,0,1
13.7528,13.7528,1,0.47612,0.45133,0.46372,0.46372,0.27368,0.32197,OPEN,,0,1
13.7874,13.7874,1,0.47339,0.44886,0.46113,0.46113,0.27368,0.32197,OPEN,,0,1
13.821,13.821,1,0.47545,0.4496,0.46253,0.46253,0.27368,0.32197,OPEN,,0,1
13.8551,13.8551,1,0.47542,0.44983,0.46262,0.46253,0.27368,0.32197,OPEN,,0,1
13.8733,13.8733,1,0.4757,0.45019,0.46295,0.46262,0.27368,0.32197,OPEN,,0,1
13.9038,13.9038,1,0.47741,0.45038,0.4639,0.46295,0.27368,0.32197,OPEN,,0,1
13.9389,13.9389,1,0.47844,0.45115,0.4648,0.4639,0.27368,0.32197,OPEN,,0,1
13.9664,13.9664,1,0.47807,0.44957,0.46382,0.4639,0.27368,0.32197,OPEN,,0,1
13.9987,13.9987,1,0.47649,0.44702,0.46176,0.46382,0.27368,0.32197,OPEN,,0,1
14.027,14.027,1,0.47606,0.445,0.46053,0.46176,0.27368,0.32197,OPEN,,0,1
14.081,14.081,1,0.45912,0.43188,0.4455,0.46053,0.27368,0.32197,OPEN,,0,1
14.1133,14.1133,1,0.45426,0.42829,0.44128,0.4455,0.27368,0.32197,OPEN,,0,1
14.1511,14.1511,1,0.45484,0.42982,0.44233,0.44233,0.27368,0.32197,OPEN,,0,1
14.1763,14.1763,1,0.45615,0.43189,0.44402,0.44233,0.27368,0.32197,OPEN,,0,1
14.2068,14.2068,1,0.45597,0.43115,0.44356,0.44356,0.27368,0.32197,OPEN,,0,1
14.242,14.242,1,0.45944,0.43147,0.44545,0.44402,0.27368,0.32197,OPEN,,0,1
14.2754,14.2754,1,0.45995,0.43239,0.44617,0.44545,0.27368,0.32197,OPEN,,0,1
14.3103,14.3103,1,0.459,0.43196,0.44548,0.44548,0.27368,0.32197,OPEN,,0,1
14.3438,14.3438,1,0.17516,0.14672,0.16094,0.44548,0.27368,0.32197,OPEN,,0,1
14.3776,14.3776,1,0.04206,0.03294,0.0375,,0.27368,0.32197,OPEN,,0,1
14.4103,14.4103,1,0.0375,0.02986,0.03368,,0.27368,0.32197,OPEN,,0,1
14.4435,14.4435,1,0.04309,0.0315,0.03729,,0.27368,0.32197,OPEN,,0,1
14.4817,14.4817,1,0.17494,0.14113,0.15804,0.16094,0.27368,0.32197,CLOSING,,0,1
14.5139,14.5139,1,0.28092,0.27049,0.27571,0.16094,0.27368,0.32197,CLOSING,0.03219,0,1
14.5448,14.5448,1,0.3346,0.32863,0.33161,0.27571,0.27368,0.32197,CLOSING,,0,1
14.5817,14.5817,1,0.37407,0.35431,0.36419,0.33161,0.27368,0.32197,OPEN,,0,1
14.6102,14.6102,1,0.39369,0.37171,0.3827,0.36419,0.27368,0.32197,OPEN,,0,1
14.6429,14.6429,1,0.41653,0.38644,0.40149,0.3827,0.27368,0.32197,OPEN,,0,1
14.677,14.677,1,0.4375,0.40064,0.41907,0.40149,0.27368,0.32197,OPEN,,0,1
14.7107,14.7107,1,0.44509,0.41881,0.43195,0.41907,0.27368,0.32197,OPEN,,0,1
14.7362,14.7362,1,0.46191,0.43345,0.44768,0.43195,0.27368,0.32197,OPEN,,0,1
14.771,14.771,1,0.46704,0.43681,0.45192,0.44768,0.27368,0.32197,OPEN,,0,1
14.8051,14.8051,1,0.46832,0.43753,0.45292,0.45192,0.27368,0.32197,OPEN,,0,1
14.839,14.839,1,0.47312,0.44711,0.46011,0.45292,0.27368,0.32197,OPEN,,0,1
14.8627,14.8627,1,0.48888,0.46272,0.4758,0.46011,0.27368,0.32197,OPEN,,0,1
14.9118,14.9118,1,0.48192,0.46359,0.47275,0.47275,0.27368,0.32197,OPEN,,0,1
14.9486,14.9486,1,0.47536,0.45625,0.46581,0.47275,0.27368,0.32197,OPEN,,0,1
14.9832,14.9832,1,0.47426,0.45188,0.46307,0.46581,0.27368,0.32197,OPEN,,0,1
15.0132,15.0132,1,0.47524,0.44927,0.46225,0.46307,0.27368,0.32197,OPEN,,0,1
15.0469,15.0469,1,0.47927,0.45409,0.46668,0.46307,0.27368,0.32197,OPEN,,0,1
15.0801,15.0801,1,0.46268,0.44128,0.45198,0.46225,0.27368,0.32197,OPEN,,0,1
15.1135,15.1135,1,0.17619,0.14914,0.16266,0.45198,0.27368,0.32197,OPEN,,0,1
15.1353,15.1353,1,0.05151,0.03094,0.04122,,0.27368,0.32197,OPEN,,0,1
15.1682,15.1682,1,0.03196,0.023,0.02748,,0.27368,0.32197,OPEN,,0,1
15.2014,15.2014,1,0.03191,0.02091,0.02641,,0.27368,0.32197,OPEN,,0,1
15.2393,15.2393,1,0.02883,0.02233,0.02558,,0.27368,0.32197,OPEN,,0,1
15.2735,15.2735,1,0.03153,0.02561,0.02857,,0.27368,0.32197,OPEN,,0,1
15.2956,15.2956,1,0.04944,0.02506,0.03725,,0.27368,0.32197,OPEN,,0,1
15.3472,15.3472,1,0.15383,0.12877,0.1413,0.16266,0.27368,0.32197,CLOSING,,0,1
15.3814,15.3814,1,0.27593,0.2716,0.27377,0.16266,0.27368,0.32197,CLOSING,0.03427,0,1
15.416,15.416,1,0.3511,0.34576,0.34843,0.27377,0.27368,0.32197,CLOSING,,0,1
15.4585,15.4585,1,0.38196,0.37245,0.3772,0.34843,0.27368,0.32197,OPEN,,0,1
15.4932,15.4932,1,0.39719,0.38368,0.39044,0.3772,0.27368,0.32197,OPEN,,0,1
15.5281,15.5281,1,0.40954,0.40119,0.40536,0.39044,0.27368,0.32197,OPEN,,0,1
15.5622,15.5622,1,0.43198,0.41311,0.42254,0.40536,0.27368,0.32197,OPEN,,0,1
15.5969,15.5969,1,0.44037,0.42461,0.43249,0.42254,0.27368,0.32197,OPEN,,0,1
15.6326,15.6326,1,0.45303,0.43684,0.44493,0.43249,0.27368,0.32197,OPEN,,0,1
15.67,15.67,1,0.4586,0.43925,0.44892,0.44493,0.27368,0.32197,OPEN,,0,1
15.7036,15.7036,1,0.46114,0.43898,0.45006,0.44892,0.27368,0.32197,OPEN,,0,1
15.7391,15.7391,1,0.46403,0.43906,0.45155,0.45006,0.27368,0.32197,OPEN,,0,1
15.7615,15.7615,1,0.46353,0.43852,0.45102,0.45102,0.27368,0.32197,OPEN,,0,1
15.7957,15.7957,1,0.46935,0.45159,0.46047,0.45155,0.27368,0.32197,OPEN,,0,1
15.818,15.818,1,0.48349,0.45917,0.47133,0.46047,0.27368,0.32197,OPEN,,0,1
15.8387,15.8387,1,0.48331,0.46338,0.47334,0.47133,0.27368,0.32197,OPEN,,0,1
15.8787,15.8787,1,0.47537,0.45396,0.46466,0.47133,0.27368,0.32197,OPEN,,0,1
15.9122,15.9122,1,0.47211,0.452,0.46205,0.46466,0.27368,0.32197,OPEN,,0,1
15.9464,15.9464,1,0.47366,0.45158,0.46262,0.46262,0.27368,0.32197,OPEN,,0,1
15.9797,15.9797,1,0.47534,0.45328,0.46431,0.46262,0.27368,0.32197,OPEN,,0,1
15.9996,15.9996,1,0.47284,0.45051,0.46167,0.46262,0.27368,0.32197,OPEN,,0,1
16.0318,16.0318,1,0.47274,0.44857,0.46066,0.46167,0.27368,0.32197,OPEN,,0,1
16.0633,16.0633,1,0.46615,0.44254,0.45434,0.46066,0.27368,0.32197,OPEN,,0,1
16.1007,16.1007,1,0.46514,0.44349,0.45432,0.45434,0.27368,0.32197,OPEN,,0,1
16.1282,16.1282,1,0.46434,0.43602,0.45018,0.45432,0.27368,0.32197,OPEN,,0,1
16.1811,16.1811,1,0.45167,0.42353,0.4376,0.45018,0.27368,0.32197,OPEN,,0,1
16.2076,16.2076,1,0.4566,0.43047,0.44353,0.44353,0.27368,0.32197,OPEN,,0,1
16.2405,16.2405,1,0.46691,0.44194,0.45442,0.44353,0.27368,0.32197,OPEN,,0,1
16.2737,16.2737,1,0.46718,0.44257,0.45488,0.45442,0.27368,0.32197,OPEN,,0,1
16.3046,16.3046,1,0.46803,0.44869,0.45836,0.45488,0.27368,0.32197,OPEN,,0,1
16.3434,16.3434,1,0.45914,0.44536,0.45225,0.45488,0.27368,0.32197,OPEN,,0,1
16.3684,16.3684,1,0.46471,0.44874,0.45672,0.45672,0.27368,0.32197,OPEN,,0,1
16.4001,16.4001,1,0.47985,0.45595,0.4679,0.45672,0.27368,0.32197,OPEN,,0,1
16.432,16.432,1,0.46434,0.43643,0.45038,0.45672,0.27368,0.32197,OPEN,,0,1
16.4645,16.4645,1,0.462,0.43739,0.44969,0.45038,0.27368,0.32197,OPEN,,0,1
16.496,16.496,1,0.46247,0.43782,0.45015,0.45015,0.27368,0.32197,OPEN,,0,1
16.5345,16.5345,1,0.46297,0.43903,0.451,0.45015,0.27368,0.32197,OPEN,,0,1
16.569,16.569,1,0.46438,0.43886,0.45162,0.451,0.27368,0.32197,OPEN,,0,1
16.6106,16.6106,1,0.47136,0.44089,0.45613,0.45162,0.27368,0.32197,OPEN,,0,1
16.6405,16.6405,1,0.47144,0.44231,0.45687,0.45613,0.27368,0.32197,OPEN,,0,1
16.6759,16.6759,1,0.47093,0.4402,0.45557,0.45613,0.27368,0.32197,OPEN,,0,1
16.7052,16.7052,1,0.47065,0.44028,0.45546,0.45557,0.27368,0.32197,OPEN,,0,1
16.7373,16.7373,1,0.47412,0.44742,0.46077,0.45557,0.27368,0.32197,OPEN,,0,1
16.774,16.774,1,0.47503,0.44955,0.46229,0.46077,0.27368,0.32197,OPEN,,0,1
16.7998,16.7998,1,0.47169,0.44585,0.45877,0.46077,0.27368,0.32197,OPEN,,0,1
16.8338,16.8338,1,0.47202,0.44577,0.45889,0.45889,0.27368,0.32197,OPEN,,0,1
16.867,16.867,1,0.47125,0.44394,0.45759,0.45877,0.27368,0.32197,OPEN,,0,1
16.8953,16.8953,1,0.46577,0.44175,0.45376,0.45759,0.27368,0.32197,OPEN,,0,1
16.929,16.929,1,0.46279,0.43874,0.45076,0.45376,0.27368,0.32197,OPEN,,0,1
16.9658,16.9658,1,0.46534,0.44161,0.45347,0.45347,0.27368,0.32197,OPEN,,0,1
16.9917,16.9917,1,0.46503,0.43879,0.45191,0.45191,0.27368,0.32197,OPEN,,0,1
17.0404,17.0404,1,0.45999,0.43561,0.4478,0.45191,0.27368,0.32197,OPEN,,0,1
17.0747,17.0747,1,0.46171,0.43435,0.44803,0.44803,0.27368,0.32197,OPEN,,0,1
17.104,17.104,1,0.45803,0.43039,0.44421,0.4478,0.27368,0.32197,OPEN,,0,1
17.1354,17.1354,1,0.4593,0.43012,0.44471,0.44471,0.27368,0.32197,OPEN,,0,1
17.1673,17.1673,1,0.46016,0.42822,0.44419,0.44421,0.27368,0.32197,OPEN,,0,1
17.2032,17.2032,1,0.45837,0.4275,0.44293,0.44419,0.27368,0.32197,OPEN,,0,1
17.2369,17.2369,1,0.461,0.43011,0.44555,0.44419,0.27368,0.32197,OPEN,,0,1
17.2644,17.2644,1,0.45088,0.42119,0.43604,0.44293,0.27368,0.32197,OPEN,,0,1
17.296,17.296,1,0.43424,0.40965,0.42194,0.43604,0.27368,0.32197,OPEN,,0,1
17.3292,17.3292,1,0.42145,0.39764,0.40954,0.42194,0.27368,0.32197,OPEN,,0,1
17.3637,17.3637,1,0.42446,0.40064,0.41255,0.41255,0.27368,0.32197,OPEN,,0,1
17.4004,17.4004,1,0.42389,0.39891,0.4114,0.4114,0.27368,0.32197,OPEN,,0,1
17.4418,17.4418,1,0.42528,0.3968,0.41104,0.4114,0.27368,0.32197,OPEN,,0,1
17.4753,17.4753,1,0.4211,0.39417,0.40763,0.41104,0.27368,0.32197,OPEN,,0,1
17.5041,17.5041,1,0.42169,0.39505,0.40837,0.40837,0.27368,0.32197,OPEN,,0,1
17.5383,17.5383,1,0.42571,0.39695,0.41133,0.40837,0.27368,0.32197,OPEN,,0,1
17.5675,17.5675,1,0.42629,0.39834,0.41231,0.41133,0.27368,0.32197,OPEN,,0,1
17.6022,17.6022,1,0.42517,0.39887,0.41202,0.41202,0.27368,0.32197,OPEN,,0,1
17.637,17.637,1,0.41974,0.39869,0.40921,0.41202,0.27368,0.32197,OPEN,,0,1
17.6638,17.6638,1,0.42445,0.40415,0.4143,0.41202,0.27368,0.32197,OPEN,,0,1
17.6974,17.6974,1,0.42491,0.40333,0.41412,0.41412,0.27368,0.32197,OPEN,,0,1
17.7283,17.7283,1,0.42535,0.40398,0.41466,0.4143,0.27368,0.32197,OPEN,,0,1
17.7614,17.7614,1,0.42523,0.40395,0.41459,0.41459,0.27368,0.32197,OPEN,,0,1
17.7952,17.7952,1,0.42657,0.40412,0.41534,0.41466,0.27368,0.32197,OPEN,,0,1
17.8292,17.8292,1,0.42689,0.40322,0.41506,0.41506,0.27368,0.32197,OPEN,,0,1
17.8742,17.8742,1,0.42747,0.40296,0.41521,0.41521,0.27368,0.32197,OPEN,,0,1
17.9094,17.9094,1,0.43114,0.40687,0.419,0.41521,0.27368,0.32197,OPEN,,0,1
17.9418,17.9418,1,0.43179,0.40904,0.42042,0.419,0.27368,0.32197,OPEN,,0,1
17.9754,17.9754,1,0.43394,0.41217,0.42306,0.42042,0.27368,0.32197,OPEN,,0,1
18.0092,18.0092,1,0.43597,0.41234,0.42416,0.42306,0.27368,0.32197,OPEN,,0,1
18.041,18.041,1,0.43586,0.41184,0.42385,0.42385,0.27368,0.32197,OPEN,,0,1
18.0741,18.0741,1,0.43846,0.41193,0.42519,0.42416,0.27368,0.32197,OPEN,,0,1
18.0956,18.0956,1,0.43921,0.41187,0.42554,0.42519,0.27368,0.32197,OPEN,,0,1
18.1284,18.1284,1,0.44019,0.41568,0.42793,0.42554,0.27368,0.32197,OPEN,,0,1
18.1603,18.1603,1,0.44485,0.42007,0.43246,0.42793,0.27368,0.32197,OPEN,,0,1
18.1916,18.1916,1,0.46194,0.43307,0.4475,0.43246,0.27368,0.32197,OPEN,,0,1
18.2239,18.2239,1,0.47339,0.44489,0.45914,0.4475,0.27368,0.32197,OPEN,,0,1
18.2631,18.2631,1,0.50478,0.47431,0.48955,0.45914,0.27368,0.32197,OPEN,,0,1
18.3059,18.3059,1,0.50606,0.47819,0.49212,0.48955,0.27368,0.32197,OPEN,,0,1
18.3406,18.3406,1,0.50445,0.47614,0.49029,0.49029,0.27368,0.32197,OPEN,,0,1
18.3688,18.3688,1,0.50398,0.47422,0.4891,0.49029,0.27368,0.32197,OPEN,,0,1
18.4039,18.4039,1,0.5076,0.47507,0.49133,0.49029,0.27368,0.32197,OPEN,,0,1
18.4369,18.4369,1,0.51063,0.4795,0.49507,0.49133,0.27368,0.32197,OPEN,,0,1
18.4706,18.4706,1,0.52032,0.49166,0.50599,0.49507,0.27368,0.32197,OPEN,,0,1
18.501,18.501,1,0.51979,0.49553,0.50766,0.50599,0.27368,0.32197,OPEN,,0,1
18.5287,18.5287,1,0.52018,0.49482,0.5075,0.5075,0.27368,0.32197,OPEN,,0,1
18.5633,18.5633,1,0.524,0.49309,0.50854,0.50766,0.27368,0.32197,OPEN,,0,1
18.5968,18.5968,1,0.52051,0.48856,0.50454,0.5075,0.27368,0.32197,OPEN,,0,1
18.6303,18.6303,1,0.50418,0.46428,0.48423,0.50454,0.27368,0.32197,OPEN,,0,1
18.6641,18.6641,1,0.20664,0.17142,0.18903,0.48423,0.27368,0.32197,OPEN,,0,1
18.6925,18.6925,1,0.04402,0.03489,0.03946,,0.27368,0.32197,OPEN,,0,1
18.7367,18.7367,1,0.0303,0.02776,0.02903,,0.27368,0.32197,OPEN,,0,1
18.7711,18.7711,1,0.05099,0.02639,0.03869,,0.27368,0.32197,OPEN,,0,1
18.7994,18.7994,1,0.07784,0.05478,0.06631,,0.27368,0.32197,OPEN,,0,1
18.8313,18.8313,1,0.1151,0.10327,0.10918,0.18903,0.27368,0.32197,CLOSING,,0,1
18.8652,18.8652,1,0.20755,0.2194,0.21347,0.18903,0.27368,0.32197,CLOSING,0.03382,0,1
18.8991,18.8991,1,0.28414,0.28334,0.28374,0.21347,0.27368,0.32197,CLOSED,0.0678,0,1
18.9447,18.9447,1,0.35434,0.34386,0.3491,0.28374,0.27368,0.32197,CLOSED,0.11341,0,1
18.9781,18.9781,1,0.38564,0.37276,0.3792,0.3491,0.27368,0.32197,OPENING,0.14676,0,1
19.013,19.013,1,0.41823,0.39987,0.40905,0.3792,0.27368,0.32197,OPEN,0.18163,1,2
19.0463,19.0463,1,0.45405,0.43628,0.44516,0.40905,0.27368,0.32197,OPEN,,0,2
19.0642,19.0642,1,0.46999,0.45565,0.46282,0.44516,0.27368,0.32197,OPEN,,0,2
19.0873,19.0873,1,0.46629,0.45354,0.45992,0.45992,0.27368,0.32197,OPEN,,0,2
19.1433,19.1433,1,0.46861,0.44899,0.4588,0.45992,0.27368,0.32197,OPEN,,0,2
19.1767,19.1767,1,0.47183,0.44578,0.4588,0.4588,0.27368,0.32197,OPEN,,0,2
19.2106,19.2106,1,0.48025,0.44636,0.46331,0.4588,0.27368,0.32197,OPEN,,0,2
19.2369,19.2369,1,0.48961,0.45846,0.47403,0.46331,0.27368,0.32197,OPEN,,0,2
19.2635,19.2635,1,0.50166,0.46443,0.48305,0.47403,0.27368,0.32197,OPEN,,0,2
19.2962,19.2962,1,0.50051,0.4664,0.48345,0.48305,0.27368,0.32197,OPEN,,0,2
19.3282,19.3282,1,0.49841,0.46643,0.48242,0.48305,0.27368,0.32197,OPEN,,0,2
19.3642,19.3642,1,0.50612,0.46875,0.48744,0.48345,0.27368,0.32197,OPEN,,0,2
19.3935,19.3935,1,0.50413,0.46858,0.48635,0.48635,0.27368,0.32197,OPEN,,0,2
19.4266,19.4266,1,0.50144,0.46917,0.4853,0.48635,0.27368,0.32197,OPEN,,0,2
19.4575,19.4575,1,0.49997,0.47053,0.48525,0.4853,0.27368,0.32197,OPEN,,0,2
19.489,19.489,1,0.49958,0.46742,0.4835,0.48525,0.27368,0.32197,OPEN,,0,2
19.5241,19.5241,1,0.49895,0.46602,0.48249,0.4835,0.27368,0.32197,OPEN,,0,2
19.5716,19.5716,1,0.49818,0.46597,0.48208,0.48249,0.27368,0.32197,OPEN,,0,2
19.6006,19.6006,1,0.49455,0.45641,0.47548,0.48208,0.27368,0.32197,OPEN,,0,2
19.6349,19.6349,1,0.48894,0.45559,0.47226,0.47548,0.27368,0.32197,OPEN,,0,2
19.6694,19.6694,1,0.48845,0.45546,0.47195,0.47226,0.27368,0.32197,OPEN,,0,2
19.6956,19.6956,1,0.48783,0.45416,0.471,0.47195,0.27368,0.32197,OPEN,,0,2
19.7294,19.7294,1,0.48862,0.45445,0.47154,0.47154,0.27368,0.32197,OPEN,,0,2
19.7617,19.7617,1,0.48838,0.45417,0.47128,0.47128,0.27368,0.32197,OPEN,,0,2
19.7995,19.7995,1,0.48947,0.45452,0.47199,0.47154,0.27368,0.32197,OPEN,,0,2
19.8345,19.8345,1,0.48431,0.4516,0.46795,0.47128,0.27368,0.32197,OPEN,,0,2
19.8578,19.8578,1,0.48394,0.45139,0.46767,0.46795,0.27368,0.32197,OPEN,,0,2
19.8892,19.8892,1,0.48543,0.45311,0.46927,0.46795,0.27368,0.32197,OPEN,,0,2
19.9249,19.9249,1,0.48319,0.45231,0.46775,0.46775,0.27368,0.32197,OPEN,,0,2
19.9581,19.9581,1,0.48644,0.45223,0.46933,0.46927,0.27368,0.32197,OPEN,,0,2
20.0066,20.0066,1,0.48974,0.45477,0.47225,0.46933,0.27368,0.32197,OPEN,,0,2
20.0323,20.0323,1,0.4893,0.45443,0.47186,0.47186,0.27368,0.32197,OPEN,,0,2
20.0644,20.0644,1,0.48958,0.45676,0.47317,0.47225,0.27368,0.32197,OPEN,,0,2
20.0986,20.0986,1,0.49312,0.46125,0.47719,0.47317,0.27368,0.32197,OPEN,,0,2
20.1325,20.1325,1,0.49494,0.46356,0.47925,0.47719,0.27368,0.32197,OPEN,,0,2
20.167,20.167,1,0.5001,0.46919,0.48465,0.47925,0.27368,0.32197,OPEN,,0,2
20.1927,20.1927,1,0.4987,0.46575,0.48223,0.48223,0.27368,0.32197,OPEN,,0,2
20.2289,20.2289,1,0.49383,0.46299,0.47841,0.48223,0.27368,0.32197,OPEN,,0,2
20.2556,20.2556,1,0.22522,0.20301,0.21412,0.47841,0.27368,0.32197,OPEN,,0,2
20.2878,20.2878,1,0.06863,0.05593,0.06228,,0.27368,0.32197,OPEN,,0,2
20.3196,20.3196,1,0.03406,0.02565,0.02986,,0.27368,0.32197,OPEN,,0,2
20.3523,20.3523,1,0.03609,0.02089,0.02849,,0.27368,0.32197,OPEN,,0,2
20.3856,20.3856,1,0.03629,0.02091,0.0286,,0.27368,0.32197,OPEN,,0,2
20.4433,20.4433,1,0.04082,0.06531,0.05306,,0.27368,0.32197,OPEN,,0,2
20.4652,20.4652,1,0.16967,0.16247,0.16607,0.21412,0.27368,0.32197,CLOSING,,0,2
20.4963,20.4963,1,0.3043,0.30086,0.30258,0.21412,0.27368,0.32197,CLOSING,0.03109,0,2
20.5295,20.5295,1,0.38218,0.36479,0.37349,0.30258,0.27368,0.32197,CLOSING,,0,2
20.5632,20.5632,1,0.41807,0.40201,0.41004,0.37349,0.27368,0.32197,OPEN,,0,2
20.592,20.592,1,0.44021,0.41257,0.42639,0.41004,0.27368,0.32197,OPEN,,0,2
20.6252,20.6252,1,0.43222,0.41843,0.42532,0.42532,0.27368,0.32197,OPEN,,0,2
20.6626,20.6626,1,0.44522,0.41763,0.43143,0.42639,0.27368,0.32197,OPEN,,0,2
20.6959,20.6959,1,0.43902,0.41434,0.42668,0.42668,0.27368,0.32197,OPEN,,0,2
20.7285,20.7285,1,0.44036,0.41838,0.42937,0.42937,0.27368,0.32197,OPEN,,0,2
20.763,20.763,1,0.44123,0.4241,0.43266,0.42937,0.27368,0.32197,OPEN,,0,2
20.7834,20.7834,1,0.44549,0.42684,0.43616,0.43266,0.27368,0.32197,OPEN,,0,2
20.831,20.831,1,0.44589,0.42891,0.4374,0.43616,0.27368,0.32197,OPEN,,0,2
20.8691,20.8691,1,0.44543,0.42917,0.4373,0.4373,0.27368,0.32197,OPEN,,0,2
20.9026,20.9026,1,0.45394,0.43112,0.44253,0.4374,0.27368,0.32197,OPEN,,0,2
20.9366,20.9366,1,0.46471,0.43299,0.44885,0.44253,0.27368,0.32197,OPEN,,0,2
20.9709,20.9709,1,0.46347,0.43361,0.44854,0.44854,0.27368,0.32197,OPEN,,0,2
20.9917,20.9917,1,0.4635,0.43394,0.44872,0.44872,0.27368,0.32197,OPEN,,0,2
21.0261,21.0261,1,0.46318,0.43641,0.4498,0.44872,0.27368,0.32197,OPEN,,0,2
21.0572,21.0572,1,0.4678,0.4383,0.45305,0.4498,0.27368,0.32197,OPEN,,0,2
21.093,21.093,1,0.46694,0.43849,0.45272,0.45272,0.27368,0.32197,OPEN,,0,2
21.1232,21.1232,1,0.46686,0.43996,0.45341,0.45305,0.27368,0.32197,OPEN,,0,2
21.152,21.152,1,0.467,0.44098,0.45399,0.45341,0.27368,0.32197,OPEN,,0,2
21.1863,21.1863,1,0.46675,0.44028,0.45352,0.45352,0.27368,0.32197,OPEN,,0,2
21.2159,21.2159,1,0.46773,0.44197,0.45485,0.45399,0.27368,0.32197,OPEN,,0,2
21.2639,21.2639,1,0.47701,0.45112,0.46406,0.45485,0.27368,0.32197,OPEN,,0,2
21.2951,21.2951,1,0.47649,0.45116,0.46382,0.46382,0.27368,0.32197,OPEN,,0,2
21.3279,21.3279,1,0.47755,0.45165,0.4646,0.46406,0.27368,0.32197,OPEN,,0,2
21.3601,21.3601,1,0.47859,0.45038,0.46449,0.46449,0.27368,0.32197,OPEN,,0,2
21.3954,21.3954,1,0.47685,0.45081,0.46383,0.46449,0.27368,0.32197,OPEN,,0,2
21.4257,21.4257,1,0.47701,0.45231,0.46466,0.46449,0.27368,0.32197,OPEN,,0,2
21.4562,21.4562,1,0.47854,0.45221,0.46538,0.46466,0.27368,0.32197,OPEN,,0,2
21.4889,21.4889,1,0.481,0.45243,0.46672,0.46538,0.27368,0.32197,OPEN,,0,2
21.5236,21.5236,1,0.47988,0.45124,0.46556,0.46556,0.27368,0.32197,OPEN,,0,2
21.5569,21.5569,1,0.48004,0.45215,0.4661,0.4661,0.27368,0.32197,OPEN,,0,2
21.5847,21.5847,1,0.47792,0.45074,0.46433,0.46556,0.27368,0.32197,OPEN,,0,2
21.6195,21.6195,1,0.43695,0.37646,0.4067,0.46433,0.27368,0.32197,OPEN,,0,2
21.6469,21.6469,1,0.1412,0.1113,0.12625,0.4067,0.27368,0.32197,OPEN,,0,2
21.6963,21.6963,1,0.04418,0.03556,0.03987,,0.27368,0.32197,OPEN,,0,2
21.7304,21.7304,1,0.02781,0.02247,0.02514,,0.27368,0.32197,OPEN,,0,2
21.7591,21.7591,1,0.04444,0.0251,0.03477,,0.27368,0.32197,OPEN,,0,2
21.7918,21.7918,1,0.04282,0.0309,0.03686,,0.27368,0.32197,OPEN,,0,2
21.8247,21.8247,1,0.0698,0.06032,0.06506,,0.27368,0.32197,OPEN,,0,2
21.8592,21.8592,1,0.20907,0.1918,0.20043,0.20043,0.27368,0.32197,CLOSING,,0,2
21.8938,21.8938,1,0.30284,0.30298,0.30291,0.20043,0.27368,0.32197,CLOSING,0.03457,0,2
21.9191,21.9191,1,0.36672,0.34917,0.35794,0.30291,0.27368,0.32197,CLOSING,,0,2
21.9573,21.9573,1,0.40058,0.38062,0.3906,0.35794,0.27368,0.32197,OPEN,,0,2
21.9906,21.9906,1,0.42309,0.39769,0.41039,0.3906,0.27368,0.32197,OPEN,,0,2
22.0162,22.0162,1,0.42309,0.40577,0.41443,0.41039,0.27368,0.32197,OPEN,,0,2
22.0492,22.0492,1,0.43911,0.42016,0.42963,0.41443,0.27368,0.32197,OPEN,,0,2
22.0813,22.0813,1,0.44735,0.42907,0.43821,0.42963,0.27368,0.32197,OPEN,,0,2
22.1301,22.1301,1,0.46809,0.44909,0.45859,0.43821,0.27368,0.32197,OPEN,,0,2
22.1669,22.1669,1,0.47297,0.45577,0.46437,0.45859,0.27368,0.32197,OPEN,,0,2
22.2001,22.2001,1,0.47224,0.45575,0.464,0.464,0.27368,0.32197,OPEN,,0,2
22.2259,22.2259,1,0.4679,0.4509,0.4594,0.464,0.27368,0.32197,OPEN,,0,2
22.2588,22.2588,1,0.47078,0.45079,0.46078,0.46078,0.27368,0.32197,OPEN,,0,2
22.2874,22.2874,1,0.46957,0.44882,0.4592,0.4594,0.27368,0.32197,OPEN,,0,2
22.3223,22.3223,1,0.47209,0.44868,0.46039,0.46039,0.27368,0.32197,OPEN,,0,2
22.3558,22.3558,1,0.47217,0.45203,0.4621,0.46039,0.27368,0.32197,OPEN,,0,2
22.3888,22.3888,1,0.47931,0.45367,0.46649,0.4621,0.27368,0.32197,OPEN,,0,2
22.4217,22.4217,1,0.48208,0.4561,0.46909,0.46649,0.27368,0.32197,OPEN,,0,2
22.4801,22.4801,1,0.48794,0.45639,0.47216,0.46909,0.27368,0.32197,OPEN,,0,2
22.4974,22.4974,1,0.49016,0.45755,0.47385,0.47216,0.27368,0.32197,OPEN,,0,2
22.5285,22.5285,1,0.49092,0.4603,0.47561,0.47385,0.27368,0.32197,OPEN,,0,2
22.5611,22.5611,1,0.49127,0.465,0.47814,0.47561,0.27368,0.32197,OPEN,,0,2
22.5968,22.5968,1,0.49289,0.4671,0.48,0.47814,0.27368,0.32197,OPEN,,0,2
22.6255,22.6255,1,0.49144,0.46652,0.47898,0.47898,0.27368,0.32197,OPEN,,0,2
22.6582,22.6582,1,0.49052,0.46642,0.47847,0.47898,0.27368,0.32197,OPEN,,0,2
22.6893,22.6893,1,0.48832,0.46558,0.47695,0.47847,0.27368,0.32197,OPEN,,0,2
22.7234,22.7234,1,0.48711,0.46698,0.47704,0.47704,0.27368,0.32197,OPEN,,0,2
22.7556,22.7556,1,0.48382,0.46765,0.47573,0.47695,0.27368,0.32197,OPEN,,0,2
22.7847,22.7847,1,0.47736,0.46589,0.47163,0.47573,0.27368,0.32197,OPEN,,0,2
22.8199,22.8199,1,0.47066,0.46161,0.46614,0.47163,0.27368,0.32197,OPEN,,0,2
22.8823,22.8823,1,0.46232,0.45356,0.45794,0.46614,0.27368,0.32197,OPEN,,0,2
22.916,22.916,1,0.46403,0.45962,0.46183,0.46183,0.27368,0.32197,OPEN,,0,2
22.9591,22.9591,1,0.45455,0.44955,0.45205,0.45794,0.27368,0.32197,OPEN,,0,2
22.9876,22.9876,1,0.44473,0.4473,0.44601,0.45205,0.27368,0.32197,OPEN,,0,2
23.0218,23.0218,1,0.42499,0.4413,0.43315,0.44601,0.27368,0.32197,OPEN,,0,2
23.0498,23.0498,1,0.36422,0.38632,0.37527,0.43315,0.27368,0.32197,OPEN,,0,2
23.0687,23.0687,1,0.32974,0.35563,0.34269,0.37527,0.27368,0.32197,OPEN,,0,2
23.0885,23.0885,1,0.32816,0.34536,0.33676,0.34269,0.27368,0.32197,OPEN,,0,2
23.1203,23.1203,1,0.31874,0.33959,0.32917,0.33676,0.27368,0.32197,OPEN,,0,2
23.1562,23.1562,1,0.33546,0.36189,0.34868,0.33676,0.27368,0.32197,OPEN,,0,2
23.1895,23.1895,1,0.35183,0.37505,0.36344,0.34868,0.27368,0.32197,OPEN,,0,2
23.2242,23.2242,1,0.3607,0.38525,0.37298,0.36344,0.27368,0.32197,OPEN,,0,2
23.2832,23.2832,1,0.3827,0.40547,0.39408,0.37298,0.27368,0.32197,OPEN,,0,2
23.3144,23.3144,1,0.39043,0.41054,0.40049,0.39408,0.27368,0.32197,OPEN,,0,2
23.3371,23.3371,1,0.39097,0.41246,0.40172,0.40049,0.27368,0.32197,OPEN,,0,2
23.3723,23.3723,1,0.40125,0.42277,0.41201,0.40172,0.27368,0.32197,OPEN,,0,2
23.3945,23.3945,1,0.40594,0.42736,0.41665,0.41201,0.27368,0.32197,OPEN,,0,2
23.4263,23.4263,1,0.41205,0.42942,0.42073,0.41665,0.27368,0.32197,OPEN,,0,2
23.4734,23.4734,1,0.41497,0.43154,0.42325,0.42073,0.27368,0.32197,OPEN,,0,2
23.4958,23.4958,1,0.4174,0.43375,0.42557,0.42325,0.27368,0.32197,OPEN,,0,2
23.5218,23.5218,1,0.42004,0.43402,0.42703,0.42557,0.27368,0.32197,OPEN,,0,2
23.5559,23.5559,1,0.41951,0.43562,0.42756,0.42703,0.27368,0.32197,OPEN,,0,2
23.5893,23.5893,1,0.42133,0.43741,0.42937,0.42756,0.27368,0.32197,OPEN,,0,2
23.6225,23.6225,1,0.41922,0.43862,0.42892,0.42892,0.27368,0.32197,OPEN,,0,2
23.6859,23.6859,1,0.41984,0.43196,0.4259,0.42892,0.27368,0.32197,OPEN,,0,2
23.7139,23.7139,1,0.19756,0.17238,0.18497,0.4259,0.27368,0.32197,OPEN,,0,2
23.7452,23.7452,1,0.11693,0.06824,0.09258,,0.27368,0.32197,OPEN,,0,2
23.7727,23.7727,1,0.10664,0.05777,0.0822,,0.27368,0.32197,OPEN,,0,2
23.8058,23.8058,1,0.06805,0.03585,0.05195,,0.27368,0.32197,OPEN,,0,2
23.8305,23.8305,1,0.0806,0.06428,0.07244,,0.27368,0.32197,OPEN,,0,2
23.8582,23.8582,1,0.15618,0.1548,0.15549,0.18497,0.27368,0.32197,CLOSING,,0,2
23.8952,23.8952,1,0.22129,0.25515,0.23822,0.18497,0.27368,0.32197,CLOSING,0.03696,0,2
23.9212,23.9212,1,0.29175,0.33299,0.31237,0.23822,0.27368,0.32197,CLOSED,0.06299,0,2
23.9547,23.9547,1,0.35905,0.39305,0.37605,0.31237,0.27368,0.32197,CLOSED,0.09649,0,2
23.9888,23.9888,1,0.37392,0.40482,0.38937,0.37605,0.27368,0.32197,OPENING,0.13058,0,2
24.0152,24.0152,1,0.38905,0.41971,0.40438,0.38937,0.27368,0.32197,OPEN,0.15699,1,3
24.0797,24.0797,1,0.39834,0.43253,0.41544,0.40438,0.27368,0.32197,OPEN,,0,3
24.1199,24.1199,1,0.40105,0.42744,0.41425,0.41425,0.27368,0.32197,OPEN,,0,3
24.1546,24.1546,1,0.40495,0.43362,0.41928,0.41544,0.27368,0.32197,OPEN,,0,3
24.1879,24.1879,1,0.4018,0.43039,0.41609,0.41609,0.27368,0.32197,OPEN,,0,3
24.2062,24.2062,1,0.40004,0.42857,0.4143,0.41609,0.27368,0.32197,OPEN,,0,3
24.2245,24.2245,1,0.39866,0.42601,0.41233,0.4143,0.27368,0.32197,OPEN,,0,3
24.2579,24.2579,1,0.40003,0.42385,0.41194,0.41233,0.27368,0.32197,OPEN,,0,3
24.2908,24.2908,1,0.40176,0.42205,0.41191,0.41194,0.27368,0.32197,OPEN,,0,3
24.3277,24.3277,1,0.40923,0.42693,0.41808,0.41194,0.27368,0.32197,OPEN,,0,3
24.3546,24.3546,1,0.41483,0.43383,0.42433,0.41808,0.27368,0.32197,OPEN,,0,3
24.3843,24.3843,1,0.41719,0.4343,0.42575,0.42433,0.27368,0.32197,OPEN,,0,3
24.4179,24.4179,1,0.41532,0.43255,0.42394,0.42433,0.27368,0.32197,OPEN,,0,3
24.4803,24.4803,1,0.41421,0.43182,0.42301,0.42394,0.27368,0.32197,OPEN,,0,3
24.5123,24.5123,1,0.41172,0.43162,0.42167,0.42301,0.27368,0.32197,OPEN,,0,3
24.5479,24.5479,1,0.40972,0.43072,0.42022,0.42167,0.27368,0.32197,OPEN,,0,3
24.5817,24.5817,1,0.40686,0.43008,0.41847,0.42022,0.27368,0.32197,OPEN,,0,3
24.6158,24.6158,1,0.40506,0.42916,0.41711,0.41847,0.27368,0.32197,OPEN,,0,3
24.6342,24.6342,1,0.40477,0.4293,0.41704,0.41711,0.27368,0.32197,OPEN,,0,3
24.656,24.656,1,0.40585,0.42955,0.4177,0.41711,0.27368,0.32197,OPEN,,0,3
24.6884,24.6884,1,0.40828,0.43047,0.41938,0.4177,0.27368,0.32197,OPEN,,0,3
24.7221,24.7221,1,0.40862,0.43108,0.41985,0.41938,0.27368,0.32197,OPEN,,0,3
24.756,24.756,1,0.40506,0.42945,0.41725,0.41938,0.27368,0.32197,OPEN,,0,3
24.7891,24.7891,1,0.40941,0.43213,0.42077,0.41985,0.27368,0.32197,OPEN,,0,3
24.8212,24.8212,1,0.41071,0.43322,0.42196,0.42077,0.27368,0.32197,OPEN,,0,3
24.8826,24.8826,1,0.41193,0.43427,0.4231,0.42196,0.27368,0.32197,OPEN,,0,3
24.9133,24.9133,1,0.41283,0.43629,0.42456,0.4231,0.27368,0.32197,OPEN,,0,3
24.9454,24.9454,1,0.41472,0.43837,0.42655,0.42456,0.27368,0.32197,OPEN,,0,3
24.9806,24.9806,1,0.41615,0.44051,0.42833,0.42655,0.27368,0.32197,OPEN,,0,3
25.0095,25.0095,1,0.41614,0.43867,0.42741,0.42741,0.27368,0.32197,OPEN,,0,3
25.0391,25.0391,1,0.41799,0.43976,0.42888,0.42833,0.27368,0.32197,OPEN,,0,3
25.059,25.059,1,0.42209,0.44099,0.43154,0.42888,0.27368,0.32197,OPEN,,0,3
25.0898,25.0898,1,0.42562,0.44423,0.43492,0.43154,0.27368,0.32197,OPEN,,0,3
25.122,25.122,1,0.42725,0.45061,0.43893,0.43492,0.27368,0.32197,OPEN,,0,3
25.1533,25.1533,1,0.42794,0.4511,0.43952,0.43893,0.27368,0.32197,OPEN,,0,3
25.1918,25.1918,1,0.41575,0.4334,0.42458,0.43893,0.27368,0.32197,OPEN,,0,3
25.2251,25.2251,1,0.2538,0.24033,0.24706,0.42458,0.27368,0.32197,OPEN,,0,3
25.2843,25.2843,1,0.09988,0.04757,0.07372,,0.27368,0.32197,OPEN,,0,3
25.3108,25.3108,1,0.0784,0.04059,0.0595,,0.27368,0.32197,OPEN,,0,3
25.3449,25.3449,1,0.13325,0.10226,0.11776,0.24706,0.27368,0.32197,CLOSING,,0,3
25.377,25.377,1,0.16947,0.11644,0.14296,0.14296,0.27368,0.32197,CLOSING,0.03213,0,3
25.4147,25.4147,1,0.18411,0.18747,0.18579,0.14296,0.27368,0.32197,CLOSED,0.06987,0,3
25.4387,25.4387,1,0.24006,0.25638,0.24822,0.18579,0.27368,0.32197,CLOSED,0.09386,0,3
25.4574,25.4574,1,0.26408,0.28619,0.27514,0.24822,0.27368,0.32197,CLOSED,0.11252,0,3
25.4731,25.4731,1,0.29869,0.3327,0.31569,0.27514,0.27368,0.32197,CLOSED,0.12827,0,3
25.5227,25.5227,1,0.35821,0.3889,0.37356,0.31569,0.27368,0.32197,CLOSED,0.17785,0,3
25.5569,25.5569,1,0.37899,0.40606,0.39252,0.37356,0.27368,0.32197,OPENING,0.21205,0,3
25.5842,25.5842,1,0.39726,0.42665,0.41195,0.39252,0.27368,0.32197,OPEN,0.23936,1,4
25.6244,25.6244,1,0.40957,0.44262,0.42609,0.41195,0.27368,0.32197,OPEN,,0,4
25.682,25.682,1,0.42864,0.45452,0.44158,0.42609,0.27368,0.32197,OPEN,,0,4
25.7156,25.7156,1,0.4326,0.4557,0.44415,0.44158,0.27368,0.32197,OPEN,,0,4
25.7441,25.7441,1,0.43349,0.45271,0.4431,0.4431,0.27368,0.32197,OPEN,,0,4
25.7776,25.7776,1,0.43,0.44887,0.43944,0.4431,0.27368,0.32197,OPEN,,0,4
25.8091,25.8091,1,0.43112,0.45109,0.44111,0.44111,0.27368,0.32197,OPEN,,0,4
25.8468,25.8468,1,0.43294,0.45393,0.44344,0.44111,0.27368,0.32197,OPEN,,0,4
25.8732,25.8732,1,0.43602,0.45494,0.44548,0.44344,0.27368,0.32197,OPEN,,0,4
25.9064,25.9064,1,0.43707,0.45459,0.44583,0.44548,0.27368,0.32197,OPEN,,0,4
25.9379,25.9379,1,0.43676,0.45471,0.44574,0.44574,0.27368,0.32197,OPEN,,0,4
25.9729,25.9729,1,0.43585,0.45342,0.44463,0.44574,0.27368,0.32197,OPEN,,0,4
26.0059,26.0059,1,0.43594,0.45452,0.44523,0.44523,0.27368,0.32197,OPEN,,0,4
26.0267,26.0267,1,0.43636,0.45454,0.44545,0.44523,0.27368,0.32197,OPEN,,0,4
26.0794,26.0794,1,0.42788,0.44549,0.43668,0.44523,0.27368,0.32197,OPEN,,0,4
26.1133,26.1133,1,0.42939,0.44785,0.43862,0.43862,0.27368,0.32197,OPEN,,0,4
26.1469,26.1469,1,0.42625,0.4486,0.43742,0.43742,0.27368,0.32197,OPEN,,0,4
26.1815,26.1815,1,0.42361,0.44597,0.43479,0.43742,0.27368,0.32197,OPEN,,0,4
26.2142,26.2142,1,0.4228,0.44551,0.43416,0.43479,0.27368,0.32197,OPEN,,0,4
26.2408,26.2408,1,0.42105,0.44362,0.43234,0.43416,0.27368,0.32197,OPEN,,0,4
26.2754,26.2754,1,0.4194,0.44346,0.43143,0.43234,0.27368,0.32197,OPEN,,0,4
26.3041,26.3041,1,0.4181,0.44271,0.43041,0.43143,0.27368,0.32197,OPEN,,0,4
26.3231,26.3231,1,0.41896,0.44185,0.4304,0.43041,0.27368,0.32197,OPEN,,0,4
26.3546,26.3546,1,0.42117,0.43903,0.4301,0.4304,0.27368,0.32197,OPEN,,0,4
26.3871,26.3871,1,0.42049,0.43682,0.42866,0.4301,0.27368,0.32197,OPEN,,0,4
26.4155,26.4155,1,0.42022,0.43768,0.42895,0.42895,0.27368,0.32197,OPEN,,0,4
26.4817,26.4817,1,0.42063,0.43683,0.42873,0.42873,0.27368,0.32197,OPEN,,0,4
26.5155,26.5155,1,0.42008,0.43672,0.4284,0.42873,0.27368,0.32197,OPEN,,0,4
26.5428,26.5428,1,0.4182,0.43433,0.42626,0.4284,0.27368,0.32197,OPEN,,0,4
26.5776,26.5776,1,0.41596,0.42744,0.4217,0.42626,0.27368,0.32197,OPEN,,0,4
26.6083,26.6083,1,0.24193,0.20475,0.22334,0.4217,0.27368,0.32197,OPEN,,0,4
26.6402,26.6402,1,0.13837,0.09731,0.11784,0.22334,0.27368,0.32197,CLOSING,,0,4
26.673,26.673,1,0.10771,0.0652,0.08646,,0.27368,0.32197,CLOSING,,0,4
26.7098,26.7098,1,0.14591,0.0993,0.1226,0.1226,0.27368,0.32197,CLOSED,0.06961,0,4
26.7276,26.7276,1,0.12516,0.08861,0.10688,0.11784,0.27368,0.32197,CLOSED,0.08738,0,4
26.7503,26.7503,1,0.14503,0.11862,0.13183,0.1226,0.27368,0.32197,CLOSED,0.11008,0,4
26.784,26.784,1,0.16012,0.1886,0.17436,0.13183,0.27368,0.32197,CLOSED,0.14374,0,4
26.8187,26.8187,1,0.22577,0.27516,0.25047,0.17436,0.27368,0.32197,CLOSED,0.17851,0,4
26.8823,26.8823,1,0.33301,0.38259,0.3578,0.25047,0.27368,0.32197,CLOSED,0.24202,0,4
26.913,26.913,1,0.36685,0.41503,0.39094,0.3578,0.27368,0.32197,OPENING,0.27281,0,4
26.9476,26.9476,1,0.38235,0.42486,0.40361,0.39094,0.27368,0.32197,OPEN,0.30736,1,5
26.981,26.981,1,0.38561,0.43475,0.41018,0.40361,0.27368,0.32197,OPEN,,0,5
27.0082,27.0082,1,0.39706,0.44143,0.41924,0.41018,0.27368,0.32197,OPEN,,0,5
27.0413,27.0413,1,0.41186,0.44657,0.42922,0.41924,0.27368,0.32197,OPEN,,0,5
27.0753,27.0753,1,0.42227,0.45035,0.43631,0.42922,0.27368,0.32197,OPEN,,0,5
27.1099,27.1099,1,0.42375,0.45121,0.43748,0.43631,0.27368,0.32197,OPEN,,0,5
27.142,27.142,1,0.42645,0.44994,0.4382,0.43748,0.27368,0.32197,OPEN,,0,5
27.1705,27.1705,1,0.42578,0.45237,0.43908,0.4382,0.27368,0.32197,OPEN,,0,5
27.1878,27.1878,1,0.42631,0.45227,0.43929,0.43908,0.27368,0.32197,OPEN,,0,5
27.2202,27.2202,1,0.42483,0.45315,0.43899,0.43908,0.27368,0.32197,OPEN,,0,5
27.2821,27.2821,1,0.43162,0.4573,0.44446,0.43929,0.27368,0.32197,OPEN,,0,5
27.3167,27.3167,1,0.42994,0.45584,0.44289,0.44289,0.27368,0.32197,OPEN,,0,5
27.3438,27.3438,1,0.43079,0.45627,0.44353,0.44353,0.27368,0.32197,OPEN,,0,5
27.3792,27.3792,1,0.42797,0.45443,0.4412,0.44289,0.27368,0.32197,OPEN,,0,5
27.4122,27.4122,1,0.42709,0.45459,0.44084,0.4412,0.27368,0.32197,OPEN,,0,5
27.4405,27.4405,1,0.42944,0.45307,0.44125,0.4412,0.27368,0.32197,OPEN,,0,5
27.4734,27.4734,1,0.42765,0.45152,0.43958,0.44084,0.27368,0.32197,OPEN,,0,5
27.5058,27.5058,1,0.4291,0.45306,0.44108,0.44108,0.27368,0.32197,OPEN,,0,5
27.5379,27.5379,1,0.4307,0.45347,0.44209,0.44108,0.27368,0.32197,OPEN,,0,5
27.5778,27.5778,1,0.42763,0.44965,0.43864,0.44108,0.27368,0.32197,OPEN,,0,5
27.604,27.604,1,0.42531,0.44717,0.43624,0.43864,0.27368,0.32197,OPEN,,0,5
27.6387,27.6387,1,0.42493,0.44694,0.43593,0.43624,0.27368,0.32197,OPEN,,0,5
27.6815,27.6815,1,0.42822,0.44813,0.43817,0.43624,0.27368,0.32197,OPEN,,0,5
27.7133,27.7133,1,0.42725,0.44856,0.43791,0.43791,0.27368,0.32197,OPEN,,0,5
27.7445,27.7445,1,0.42909,0.4524,0.44074,0.43817,0.27368,0.32197,OPEN,,0,5
27.7877,27.7877,1,0.4313,0.45457,0.44293,0.44074,0.27368,0.32197,OPEN,,0,5
27.8123,27.8123,1,0.43361,0.45661,0.44511,0.44293,0.27368,0.32197,OPEN,,0,5
27.8407,27.8407,1,0.43418,0.45795,0.44607,0.44511,0.27368,0.32197,OPEN,,0,5
27.8734,27.8734,1,0.43723,0.46356,0.45039,0.44607,0.27368,0.32197,OPEN,,0,5
27.9064,27.9064,1,0.43821,0.46502,0.45162,0.45039,0.27368,0.32197,OPEN,,0,5
27.9386,27.9386,1,0.43949,0.46541,0.45245,0.45162,0.27368,0.32197,OPEN,,0,5
27.9685,27.9685,1,0.43892,0.46478,0.45185,0.45185,0.27368,0.32197,OPEN,,0,5
27.9875,27.9875,1,0.43853,0.46449,0.45151,0.45185,0.27368,0.32197,OPEN,,0,5
28.0179,28.0179,1,0.39384,0.41337,0.4036,0.45151,0.27368,0.32197,OPEN,,0,5
28.0801,28.0801,1,0.19159,0.13996,0.16577,0.4036,0.27368,0.32197,OPEN,,0,5
28.1117,28.1117,1,0.15438,0.10392,0.12915,0.16577,0.27368,0.32197,CLOSING,,0,5
28.1457,28.1457,1,0.14969,0.08205,0.11587,0.12915,0.27368,0.32197,CLOSING,0.03397,0,5
28.1794,28.1794,1,0.16116,0.09863,0.1299,0.12915,0.27368,0.32197,CLOSED,0.06766,0,5
28.2087,28.2087,1,0.18697,0.14998,0.16848,0.1299,0.27368,0.32197,CLOSED,0.09697,0,5
28.2457,28.2457,1,0.22207,0.24141,0.23174,0.16848,0.27368,0.32197,CLOSED,0.13399,0,5
28.2733,28.2733,1,0.30281,0.33494,0.31887,0.23174,0.27368,0.32197,CLOSED,0.16159,0,5
28.3054,28.3054,1,0.3501,0.3933,0.3717,0.31887,0.27368,0.32197,CLOSED,0.19371,0,5
28.3394,28.3394,1,0.3865,0.43392,0.41021,0.3717,0.27368,0.32197,OPENING,0.22769,0,5
28.3699,28.3699,1,0.3975,0.43947,0.41848,0.41021,0.27368,0.32197,OPEN,0.25818,1,6
28.4032,28.4032,1,0.40449,0.44543,0.42496,0.41848,0.27368,0.32197,OPEN,,0,6
28.4401,28.4401,1,0.40669,0.44652,0.4266,0.42496,0.27368,0.32197,OPEN,,0,6
28.4812,28.4812,1,0.40963,0.44253,0.42608,0.42608,0.27368,0.32197,OPEN,,0,6
28.5146,28.5146,1,0.40875,0.43884,0.4238,0.42608,0.27368,0.32197,OPEN,,0,6
28.5437,28.5437,1,0.41249,0.44046,0.42647,0.42608,0.27368,0.32197,OPEN,,0,6
28.5757,28.5757,1,0.41488,0.43873,0.42681,0.42647,0.27368,0.32197,OPEN,,0,6
28.6073,28.6073,1,0.41682,0.43852,0.42767,0.42681,0.27368,0.32197,OPEN,,0,6
28.64,28.64,1,0.41704,0.43926,0.42815,0.42767,0.27368,0.32197,OPEN,,0,6
28.676,28.676,1,0.41761,0.4401,0.42886,0.42815,0.27368,0.32197,OPEN,,0,6
28.705,28.705,1,0.4169,0.44032,0.42861,0.42861,0.27368,0.32197,OPEN,,0,6
28.7358,28.7358,1,0.41745,0.44114,0.42929,0.42886,0.27368,0.32197,OPEN,,0,6
28.7677,28.7677,1,0.41749,0.44095,0.42922,0.42922,0.27368,0.32197,OPEN,,0,6
28.8006,28.8006,1,0.41765,0.44133,0.42949,0.42929,0.27368,0.32197,OPEN,,0,6
28.8346,28.8346,1,0.41966,0.44397,0.43181,0.42949,0.27368,0.32197,OPEN,,0,6
28.8658,28.8658,1,0.41824,0.44317,0.43071,0.43071,0.27368,0.32197,OPEN,,0,6
28.9126,28.9126,1,0.40877,0.43828,0.42353,0.43071,0.27368,0.32197,OPEN,,0,6
28.9458,28.9458,1,0.40668,0.43108,0.41888,0.42353,0.27368,0.32197,OPEN,,0,6
28.9755,28.9755,1,0.4034,0.43073,0.41706,0.41888,0.27368,0.32197,OPEN,,0,6
29.0087,29.0087,1,0.4044,0.43152,0.41796,0.41796,0.27368,0.32197,OPEN,,0,6
29.0395,29.0395,1,0.40108,0.4286,0.41484,0.41706,0.27368,0.32197,OPEN,,0,6
29.0721,29.0721,1,0.40085,0.42663,0.41374,0.41484,0.27368,0.32197,OPEN,,0,6
29.1084,29.1084,1,0.40217,0.42822,0.4152,0.41484,0.27368,0.32197,OPEN,,0,6
29.1361,29.1361,1,0.4031,0.42903,0.41606,0.4152,0.27368,0.32197,OPEN,,0,6
29.1693,29.1693,1,0.40682,0.43132,0.41907,0.41606,0.27368,0.32197,OPEN,,0,6
29.2029,29.2029,1,0.40845,0.43369,0.42107,0.41907,0.27368,0.32197,OPEN,,0,6
29.2357,29.2357,1,0.40726,0.4323,0.41978,0.41978,0.27368,0.32197,OPEN,,0,6
29.2693,29.2693,1,0.40755,0.43278,0.42016,0.42016,0.27368,0.32197,OPEN,,0,6
29.3183,29.3183,1,0.40663,0.43055,0.41859,0.41978,0.27368,0.32197,OPEN,,0,6
29.3527,29.3527,1,0.40835,0.43084,0.4196,0.4196,0.27368,0.32197,OPEN,,0,6
29.3749,29.3749,1,0.40958,0.43115,0.42037,0.4196,0.27368,0.32197,OPEN,,0,6
29.4084,29.4084,1,0.41016,0.43205,0.42111,0.42037,0.27368,0.32197,OPEN,,0,6
29.4417,29.4417,1,0.41115,0.43365,0.4224,0.42111,0.27368,0.32197,OPEN,,0,6
29.4738,29.4738,1,0.4126,0.43579,0.4242,0.4224,0.27368,0.32197,OPEN,,0,6
29.504,29.504,1,0.41236,0.43602,0.42419,0.42419,0.27368,0.32197,OPEN,,0,6
29.541,29.541,1,0.41296,0.43474,0.42385,0.42419,0.27368,0.32197,OPEN,,0,6
29.5704,29.5704,1,0.2608,0.25047,0.25564,0.42385,0.27368,0.32197,OPEN,,0,6
29.6024,29.6024,1,0.21109,0.17628,0.19369,0.25564,0.27368,0.32197,CLOSING,,0,6
29.6366,29.6366,1,0.23158,0.22021,0.22589,0.22589,0.27368,0.32197,CLOSING,0.03414,0,6
29.663,29.663,1,0.25365,0.23798,0.24581,0.22589,0.27368,0.32197,CLOSED,0.06059,0,6
29.6963,29.6963,1,0.26331,0.27049,0.2669,0.24581,0.27368,0.32197,CLOSED,0.09391,0,6
29.7502,29.7502,1,0.28958,0.33249,0.31103,0.2669,0.27368,0.32197,CLOSED,0.14774,0,6
29.7761,29.7761,1,0.31224,0.35219,0.33222,0.31103,0.27368,0.32197,CLOSED,0.17372,0,6
29.8094,29.8094,1,0.33575,0.36624,0.35099,0.33222,0.27368,0.32197,OPENING,0.20694,0,6
29.8398,29.8398,1,0.34467,0.37474,0.3597,0.35099,0.27368,0.32197,OPEN,0.2374,1,7
29.8726,29.8726,1,0.35618,0.38127,0.36873,0.3597,0.27368,0.32197,OPEN,,0,7
29.907,29.907,1,0.36101,0.38655,0.37378,0.36873,0.27368,0.32197,OPEN,,0,7
29.9382,29.9382,1,0.37323,0.39242,0.38283,0.37378,0.27368,0.32197,OPEN,,0,7
29.9742,29.9742,1,0.37994,0.39543,0.38768,0.38283,0.27368,0.32197,OPEN,,0,7
29.9998,29.9998,1,0.3811,0.39867,0.38988,0.38768,0.27368,0.32197,OPEN,,0,7
30.0322,30.0322,1,0.38274,0.40408,0.39341,0.38988,0.27368,0.32197,OPEN,,0,7
30.065,30.065,1,0.38529,0.40951,0.3974,0.39341,0.27368,0.32197,OPEN,,0,7
30.0975,30.0975,1,0.38675,0.41143,0.39909,0.3974,0.27368,0.32197,OPEN,,0,7
30.1286,30.1286,1,0.38787,0.41436,0.40111,0.39909,0.27368,0.32197,OPEN,,0,7
30.1814,30.1814,1,0.38883,0.41626,0.40254,0.40111,0.27368,0.32197,OPEN,,0,7
30.2078,30.2078,1,0.38921,0.41686,0.40304,0.40254,0.27368,0.32197,OPEN,,0,7
30.2416,30.2416,1,0.38981,0.41762,0.40371,0.40304,0.27368,0.32197,OPEN,,0,7
30.2722,30.2722,1,0.39087,0.41701,0.40394,0.40371,0.27368,0.32197,OPEN,,0,7
30.3052,30.3052,1,0.39511,0.42122,0.40817,0.40394,0.27368,0.32197,OPEN,,0,7
30.3391,30.3391,1,0.39568,0.42052,0.4081,0.4081,0.27368,0.32197,OPEN,,0,7
30.3686,30.3686,1,0.39532,0.42106,0.40819,0.40817,0.27368,0.32197,OPEN,,0,7
30.4053,30.4053,1,0.39367,0.42022,0.40694,0.4081,0.27368,0.32197,OPEN,,0,7
30.4361,30.4361,1,0.39428,0.42015,0.40722,0.40722,0.27368,0.32197,OPEN,,0,7
30.4671,30.4671,1,0.40015,0.42054,0.41035,0.40722,0.27368,0.32197,OPEN,,0,7
30.4969,30.4969,1,0.40169,0.42194,0.41182,0.41035,0.27368,0.32197,OPEN,,0,7
30.5312,30.5312,1,0.40452,0.42959,0.41705,0.41182,0.27368,0.32197,OPEN,,0,7
30.566,30.566,1,0.40396,0.42878,0.41637,0.41637,0.27368,0.32197,OPEN,,0,7
30.6164,30.6164,1,0.40289,0.42743,0.41516,0.41637,0.27368,0.32197,OPEN,,0,7
30.6523,30.6523,1,0.40101,0.42872,0.41486,0.41516,0.27368,0.32197,OPEN,,0,7
30.6863,30.6863,1,0.40172,0.43083,0.41628,0.41516,0.27368,0.32197,OPEN,,0,7
30.7204,30.7204,1,0.40805,0.43156,0.41981,0.41628,0.27368,0.32197,OPEN,,0,7
30.7533,30.7533,1,0.41025,0.43134,0.4208,0.41981,0.27368,0.32197,OPEN,,0,7
30.7865,30.7865,1,0.41828,0.43865,0.42847,0.4208,0.27368,0.32197,OPEN,,0,7
30.8173,30.8173,1,0.4231,0.44686,0.43498,0.42847,0.27368,0.32197,OPEN,,0,7
30.8361,30.8361,1,0.42761,0.45326,0.44044,0.43498,0.27368,0.32197,OPEN,,0,7
30.8681,30.8681,1,0.43428,0.45892,0.4466,0.44044,0.27368,0.32197,OPEN,,0,7
30.9007,30.9007,1,0.44181,0.46603,0.45392,0.4466,0.27368,0.32197,OPEN,,0,7
30.9277,30.9277,1,0.44121,0.46826,0.45474,0.45392,0.27368,0.32197,OPEN,,0,7
30.9601,30.9601,1,0.44258,0.46768,0.45513,0.45474,0.27368,0.32197,OPEN,,0,7
31.0078,31.0078,1,0.43873,0.46269,0.45071,0.45474,0.27368,0.32197,OPEN,,0,7
31.0439,31.0439,1,0.43034,0.45085,0.4406,0.45071,0.27368,0.32197,OPEN,,0,7
31.0725,31.0725,1,0.28016,0.29338,0.28677,0.4406,0.27368,0.32197,OPEN,,0,7
31.107,31.107,1,0.17792,0.17429,0.17611,0.28677,0.27368,0.32197,OPEN,,0,7
31.1359,31.1359,1,0.12248,0.10729,0.11489,0.17611,0.27368,0.32197,CLOSING,,0,7
31.1699,31.1699,1,0.1695,0.15837,0.16394,0.16394,0.27368,0.32197,CLOSING,0.03398,0,7
31.2002,31.2002,1,0.20907,0.18217,0.19562,0.16394,0.27368,0.32197,CLOSED,0.06431,0,7
31.2329,31.2329,1,0.24753,0.20591,0.22672,0.19562,0.27368,0.32197,CLOSED,0.09693,0,7
31.2671,31.2671,1,0.277,0.26507,0.27104,0.22672,0.27368,0.32197,CLOSED,0.1312,0,7
31.3027,31.3027,1,0.31208,0.31732,0.3147,0.27104,0.27368,0.32197,CLOSED,0.16678,0,7
31.3367,31.3367,1,0.35486,0.36708,0.36097,0.3147,0.27368,0.32197,CLOSED,0.20072,0,7
31.3595,31.3595,1,0.38172,0.39863,0.39017,0.36097,0.27368,0.32197,OPENING,0.22355,0,7
31.3935,31.3935,1,0.39545,0.41278,0.40412,0.39017,0.27368,0.32197,OPEN,0.25759,1,8
31.4411,31.4411,1,0.39977,0.42309,0.41143,0.40412,0.27368,0.32197,OPEN,,0,8
31.4769,31.4769,1,0.40239,0.42684,0.41462,0.41143,0.27368,0.32197,OPEN,,0,8
31.5099,31.5099,1,0.40681,0.431,0.41891,0.41462,0.27368,0.32197,OPEN,,0,8
31.5451,31.5451,1,0.4104,0.43387,0.42214,0.41891,0.27368,0.32197,OPEN,,0,8
31.5693,31.5693,1,0.41058,0.43362,0.4221,0.4221,0.27368,0.32197,OPEN,,0,8
31.601,31.601,1,0.41089,0.4362,0.42355,0.42214,0.27368,0.32197,OPEN,,0,8
31.6344,31.6344,1,0.4127,0.43653,0.42462,0.42355,0.27368,0.32197,OPEN,,0,8
31.6657,31.6657,1,0.41652,0.43922,0.42787,0.42462,0.27368,0.32197,OPEN,,0,8
31.7011,31.7011,1,0.41942,0.44749,0.43346,0.42787,0.27368,0.32197,OPEN,,0,8
31.7335,31.7335,1,0.41902,0.44465,0.43184,0.43184,0.27368,0.32197,OPEN,,0,8
31.7659,31.7659,1,0.42206,0.44248,0.43227,0.43227,0.27368,0.32197,OPEN,,0,8
31.7988,31.7988,1,0.42285,0.44282,0.43284,0.43227,0.27368,0.32197,OPEN,,0,8
31.8331,31.8331,1,0.42205,0.44176,0.43191,0.43227,0.27368,0.32197,OPEN,,0,8
31.8727,31.8727,1,0.42057,0.44158,0.43107,0.43191,0.27368,0.32197,OPEN,,0,8
31.9073,31.9073,1,0.42065,0.44181,0.43123,0.43123,0.27368,0.32197,OPEN,,0,8
31.9376,31.9376,1,0.41972,0.44055,0.43014,0.43107,0.27368,0.32197,OPEN,,0,8
31.9725,31.9725,1,0.42134,0.44509,0.43322,0.43123,0.27368,0.32197,OPEN,,0,8
32.0012,32.0012,1,0.42138,0.44555,0.43347,0.43322,0.27368,0.32197,OPEN,,0,8
32.0352,32.0352,1,0.41791,0.44278,0.43034,0.43322,0.27368,0.32197,OPEN,,0,8
32.069,32.069,1,0.41988,0.44333,0.43161,0.43161,0.27368,0.32197,OPEN,,0,8
32.1021,32.1021,1,0.41887,0.44421,0.43154,0.43154,0.27368,0.32197,OPEN,,0,8
32.1323,32.1323,1,0.41883,0.4448,0.43182,0.43161,0.27368,0.32197,OPEN,,0,8
32.1661,32.1661,1,0.4188,0.44465,0.43173,0.43173,0.27368,0.32197,OPEN,,0,8
32.202,32.202,1,0.41953,0.4451,0.43231,0.43182,0.27368,0.32197,OPEN,,0,8
32.2357,32.2357,1,0.41977,0.44305,0.43141,0.43173,0.27368,0.32197,OPEN,,0,8
32.2683,32.2683,1,0.41962,0.44279,0.43121,0.43141,0.27368,0.32197,OPEN,,0,8
32.3068,32.3068,1,0.41956,0.44193,0.43075,0.43121,0.27368,0.32197,OPEN,,0,8
32.3424,32.3424,1,0.42199,0.44566,0.43383,0.43121,0.27368,0.32197,OPEN,,0,8
32.3701,32.3701,1,0.42443,0.44616,0.4353,0.43383,0.27368,0.32197,OPEN,,0,8
32.4021,32.4021,1,0.42489,0.44734,0.43611,0.4353,0.27368,0.32197,OPEN,,0,8
32.4344,32.4344,1,0.42972,0.4511,0.44041,0.43611,0.27368,0.32197,OPEN,,0,8
32.469,32.469,1,0.43166,0.4521,0.44188,0.44041,0.27368,0.32197,OPEN,,0,8
32.4965,32.4965,1,0.43021,0.45138,0.4408,0.4408,0.27368,0.32197,OPEN,,0,8
32.5293,32.5293,1,0.4173,0.45099,0.43414,0.4408,0.27368,0.32197,OPEN,,0,8
32.5654,32.5654,1,0.21298,0.2017,0.20734,0.43414,0.27368,0.32197,OPEN,,0,8
32.5994,32.5994,1,0.15036,0.12923,0.1398,0.20734,0.27368,0.32197,CLOSING,,0,8
32.6239,32.6239,1,0.1565,0.113,0.13475,0.1398,0.27368,0.32197,CLOSING,0.02442,0,8
32.6568,32.6568,1,0.14167,0.12339,0.13253,0.13475,0.27368,0.32197,CLOSED,0.05732,0,8
32.7062,32.7062,1,0.19571,0.16299,0.17935,0.13475,0.27368,0.32197,CLOSED,0.10673,0,8
32.7368,32.7368,1,0.21983,0.20375,0.21179,0.17935,0.27368,0.32197,CLOSED,0.13736,0,8
32.7733,32.7733,1,0.23113,0.25736,0.24424,0.21179,0.27368,0.32197,CLOSED,0.17384,0,8
32.8071,32.8071,1,0.29759,0.33381,0.3157,0.24424,0.27368,0.32197,CLOSED,0.20769,0,8
32.8419,32.8419,1,0.33739,0.37203,0.35471,0.3157,0.27368,0.32197,CLOSED,0.24249,0,8
32.8763,32.8763,1,0.35572,0.39219,0.37396,0.35471,0.27368,0.32197,OPENING,0.27689,0,8
32.9106,32.9106,1,0.37731,0.40788,0.3926,0.37396,0.27368,0.32197,OPEN,0.31117,1,9
32.945,32.945,1,0.39444,0.41859,0.40651,0.3926,0.27368,0.32197,OPEN,,0,9
32.969,32.969,1,0.40101,0.42711,0.41406,0.40651,0.27368,0.32197,OPEN,,0,9
32.9945,32.9945,1,0.40721,0.43303,0.42012,0.41406,0.27368,0.32197,OPEN,,0,9
33.0231,33.0231,1,0.40844,0.43191,0.42017,0.42012,0.27368,0.32197,OPEN,,0,9
33.0573,33.0573,1,0.41665,0.43916,0.42791,0.42017,0.27368,0.32197,OPEN,,0,9
33.0869,33.0869,1,0.41502,0.43845,0.42674,0.42674,0.27368,0.32197,OPEN,,0,9
33.1361,33.1361,1,0.41392,0.43985,0.42688,0.42688,0.27368,0.32197,OPEN,,0,9
33.1697,33.1697,1,0.41756,0.4417,0.42963,0.42688,0.27368,0.32197,OPEN,,0,9
33.2041,33.2041,1,0.41946,0.44473,0.43209,0.42963,0.27368,0.32197,OPEN,,0,9
33.2337,33.2337,1,0.42049,0.44483,0.43266,0.43209,0.27368,0.32197,OPEN,,0,9
33.2628,33.2628,1,0.42138,0.44253,0.43195,0.43209,0.27368,0.32197,OPEN,,0,9
33.2955,33.2955,1,0.42028,0.44241,0.43134,0.43195,0.27368,0.32197,OPEN,,0,9
33.3275,33.3275,1,0.42043,0.44273,0.43158,0.43158,0.27368,0.32197,OPEN,,0,9
33.3613,33.3613,1,0.42224,0.44435,0.43329,0.43158,0.27368,0.32197,OPEN,,0,9
33.3924,33.3924,1,0.4246,0.44751,0.43606,0.43329,0.27368,0.32197,OPEN,,0,9
33.4271,33.4271,1,0.42492,0.44919,0.43705,0.43606,0.27368,0.32197,OPEN,,0,9
33.4565,33.4565,1,0.42596,0.45068,0.43832,0.43705,0.27368,0.32197,OPEN,,0,9
33.4882,33.4882,1,0.42423,0.45362,0.43892,0.43832,0.27368,0.32197,OPEN,,0,9
33.5223,33.5223,1,0.43051,0.45583,0.44317,0.43892,0.27368,0.32197,OPEN,,0,9
33.5709,33.5709,1,0.42862,0.45545,0.44204,0.44204,0.27368,0.32197,OPEN,,0,9
33.6,33.6,1,0.4371,0.46015,0.44862,0.44317,0.27368,0.32197,OPEN,,0,9
33.6347,33.6347,1,0.43661,0.45973,0.44817,0.44817,0.27368,0.32197,OPEN,,0,9
33.6667,33.6667,1,0.43348,0.45714,0.44531,0.44817,0.27368,0.32197,OPEN,,0,9
33.6985,33.6985,1,0.43512,0.4582,0.44666,0.44666,0.27368,0.32197,OPEN,,0,9
33.7342,33.7342,1,0.43644,0.45819,0.44732,0.44666,0.27368,0.32197,OPEN,,0,9
33.7662,33.7662,1,0.43911,0.45869,0.4489,0.44732,0.27368,0.32197,OPEN,,0,9
33.8008,33.8008,1,0.43763,0.458,0.44782,0.44782,0.27368,0.32197,OPEN,,0,9
33.8342,33.8342,1,0.43748,0.45818,0.44783,0.44783,0.27368,0.32197,OPEN,,0,9
33.8554,33.8554,1,0.43874,0.46012,0.44943,0.44783,0.27368,0.32197,OPEN,,0,9
33.8872,33.8872,1,0.44229,0.46248,0.45238,0.44943,0.27368,0.32197,OPEN,,0,9
33.921,33.921,1,0.44489,0.46383,0.45436,0.45238,0.27368,0.32197,OPEN,,0,9
33.9525,33.9525,1,0.43886,0.46091,0.44988,0.45238,0.27368,0.32197,OPEN,,0,9
33.9999,33.9999,1,0.2901,0.31245,0.30127,0.44988,0.27368,0.32197,OPEN,,0,9
34.0318,34.0318,1,0.15232,0.14391,0.14812,0.30127,0.27368,0.32197,OPEN,,0,9
34.0734,34.0734,1,0.14004,0.13906,0.13955,0.14812,0.27368,0.32197,CLOSING,,0,9
34.0949,34.0949,1,0.18331,0.18112,0.18222,0.14812,0.27368,0.32197,CLOSING,0.02143,0,9
34.1295,34.1295,1,0.22601,0.2039,0.21496,0.18222,0.27368,0.32197,CLOSED,0.05603,0,9
34.1604,34.1604,1,0.23594,0.23736,0.23665,0.21496,0.27368,0.32197,CLOSED,0.08692,0,9
34.1942,34.1942,1,0.26347,0.28084,0.27216,0.23665,0.27368,0.32197,CLOSED,0.12078,0,9
34.2277,34.2277,1,0.30806,0.33082,0.31944,0.27216,0.27368,0.32197,CLOSED,0.15426,0,9
34.2624,34.2624,1,0.34623,0.36985,0.35804,0.31944,0.27368,0.32197,CLOSED,0.18897,0,9
34.3068,34.3068,1,0.37193,0.39214,0.38204,0.35804,0.27368,0.32197,OPENING,0.23336,0,9
34.3328,34.3328,1,0.38493,0.40788,0.39641,0.38204,0.27368,0.32197,OPEN,0.25938,1,10
34.3514,34.3514,1,0.39537,0.4174,0.40639,0.39641,0.27368,0.32197,OPEN,,0,10
34.4034,34.4034,1,0.4032,0.4273,0.41525,0.40639,0.27368,0.32197,OPEN,,0,10
34.4338,34.4338,1,0.39862,0.42824,0.41343,0.41343,0.27368,0.32197,OPEN,,0,10
34.4675,34.4675,1,0.3963,0.42878,0.41254,0.41343,0.27368,0.32197,OPEN,,0,10
34.5022,34.5022,1,0.39834,0.43009,0.41421,0.41343,0.27368,0.32197,OPEN,,0,10
34.5331,34.5331,1,0.40083,0.43293,0.41688,0.41421,0.27368,0.32197,OPEN,,0,10
34.5677,34.5677,1,0.40523,0.43616,0.42069,0.41688,0.27368,0.32197,OPEN,,0,10
34.5993,34.5993,1,0.40979,0.4367,0.42325,0.42069,0.27368,0.32197,OPEN,,0,10
34.6324,34.6324,1,0.41012,0.44298,0.42655,0.42325,0.27368,0.32197,OPEN,,0,10
34.6555,34.6555,1,0.41082,0.44397,0.42739,0.42655,0.27368,0.32197,OPEN,,0,10
34.6877,34.6877,1,0.41465,0.44626,0.43045,0.42739,0.27368,0.32197,OPEN,,0,10
34.7217,34.7217,1,0.41643,0.4483,0.43236,0.43045,0.27368,0.32197,OPEN,,0,10
34.751,34.751,1,0.42199,0.45207,0.43703,0.43236,0.27368,0.32197,OPEN,,0,10
34.7844,34.7844,1,0.42658,0.4557,0.44114,0.43703,0.27368,0.32197,OPEN,,0,10
34.8313,34.8313,1,0.42851,0.4556,0.44206,0.44114,0.27368,0.32197,OPEN,,0,10
34.8629,34.8629,1,0.42822,0.45474,0.44148,0.44148,0.27368,0.32197,OPEN,,0,10
34.8955,34.8955,1,0.42696,0.45411,0.44053,0.44148,0.27368,0.32197,OPEN,,0,10
34.9305,34.9305,1,0.42746,0.45492,0.44119,0.44119,0.27368,0.32197,OPEN,,0,10
34.9634,34.9634,1,0.4228,0.45335,0.43808,0.44053,0.27368,0.32197,OPEN,,0,10
34.9915,34.9915,1,0.42093,0.45136,0.43615,0.43808,0.27368,0.32197,OPEN,,0,10
35.026,35.026,1,0.41572,0.45098,0.43335,0.43615,0.27368,0.32197,OPEN,,0,10
35.0547,35.0547,1,0.41545,0.45084,0.43314,0.43335,0.27368,0.32197,OPEN,,0,10
35.0865,35.0865,1,0.41377,0.44734,0.43055,0.43314,0.27368,0.32197,OPEN,,0,10
35.1216,35.1216,1,0.41321,0.44904,0.43112,0.43112,0.27368,0.32197,OPEN,,0,10
35.1572,35.1572,1,0.40981,0.44508,0.42744,0.43055,0.27368,0.32197,OPEN,,0,10
35.185,35.185,1,0.41015,0.44613,0.42814,0.42814,0.27368,0.32197,OPEN,,0,10
35.2165,35.2165,1,0.2135,0.17472,0.19411,0.42744,0.27368,0.32197,OPEN,,0,10
35.2637,35.2637,1,0.18369,0.12298,0.15333,0.19411,0.27368,0.32197,CLOSING,,0,10
35.2958,35.2958,1,0.14937,0.10251,0.12594,0.15333,0.27368,0.32197,CLOSING,0.03209,0,10
35.3301,35.3301,1,0.14017,0.08161,0.11089,0.12594,0.27368,0.32197,CLOSED,0.06643,0,10
35.3619,35.3619,1,0.14227,0.13357,0.13792,0.12594,0.27368,0.32197,CLOSED,0.09824,0,10
35.3916,35.3916,1,0.1719,0.19366,0.18278,0.13792,0.27368,0.32197,CLOSED,0.12795,0,10
35.4264,35.4264,1,0.23287,0.29163,0.26225,0.18278,0.27368,0.32197,CLOSED,0.16268,0,10
35.4569,35.4569,1,0.29682,0.34781,0.32232,0.26225,0.27368,0.32197,CLOSED,0.19322,0,10
35.4879,35.4879,1,0.34771,0.38472,0.36621,0.32232,0.27368,0.32197,OPENING,0.22421,0,10
35.5218,35.5218,1,0.38909,0.42031,0.4047,0.36621,0.27368,0.32197,OPEN,0.25808,1,11
35.554,35.554,1,0.40993,0.43535,0.42264,0.4047,0.27368,0.32197,OPEN,,0,11
35.5877,35.5877,1,0.43084,0.45417,0.4425,0.42264,0.27368,0.32197,OPEN,,0,11
35.6153,35.6153,1,0.43585,0.46067,0.44826,0.4425,0.27368,0.32197,OPEN,,0,11
35.6467,35.6467,1,0.43329,0.4598,0.44655,0.44655,0.27368,0.32197,OPEN,,0,11
35.6955,35.6955,1,0.42858,0.45468,0.44163,0.44655,0.27368,0.32197,OPEN,,0,11
35.7276,35.7276,1,0.4293,0.45538,0.44234,0.44234,0.27368,0.32197,OPEN,,0,11
35.7614,35.7614,1,0.42804,0.45493,0.44148,0.44163,0.27368,0.32197,OPEN,,0,11
35.794,35.794,1,0.42762,0.45711,0.44236,0.44234,0.27368,0.32197,OPEN,,0,11
35.8257,35.8257,1,0.43621,0.46723,0.45172,0.44236,0.27368,0.32197,OPEN,,0,11
35.8598,35.8598,1,0.44279,0.47463,0.45871,0.45172,0.27368,0.32197,OPEN,,0,11
35.8865,35.8865,1,0.44563,0.47514,0.46039,0.45871,0.27368,0.32197,OPEN,,0,11
35.9197,35.9197,1,0.44665,0.47528,0.46097,0.46039,0.27368,0.32197,OPEN,,0,11
35.952,35.952,1,0.44427,0.47348,0.45887,0.46039,0.27368,0.32197,OPEN,,0,11
35.9846,35.9846,1,0.44218,0.47081,0.4565,0.45887,0.27368,0.32197,OPEN,,0,11
36.0187,36.0187,1,0.43892,0.46596,0.45244,0.4565,0.27368,0.32197,OPEN,,0,11
36.0487,36.0487,1,0.43997,0.46721,0.45359,0.45359,0.27368,0.32197,OPEN,,0,11
36.0964,36.0964,1,0.44111,0.4702,0.45566,0.45359,0.27368,0.32197,OPEN,,0,11
36.1301,36.1301,1,0.44116,0.47144,0.4563,0.45566,0.27368,0.32197,OPEN,,0,11
36.1633,36.1633,1,0.43938,0.47068,0.45503,0.45566,0.27368,0.32197,OPEN,,0,11
36.1915,36.1915,1,0.43745,0.46975,0.4536,0.45503,0.27368,0.32197,OPEN,,0,11
36.2257,36.2257,1,0.43738,0.46871,0.45305,0.4536,0.27368,0.32197,OPEN,,0,11
36.2585,36.2585,1,0.43821,0.47109,0.45465,0.4536,0.27368,0.32197,OPEN,,0,11
36.2927,36.2927,1,0.43979,0.47266,0.45623,0.45465,0.27368,0.32197,OPEN,,0,11
36.3273,36.3273,1,0.44265,0.47571,0.45918,0.45623,0.27368,0.32197,OPEN,,0,11
36.3635,36.3635,1,0.43824,0.47004,0.45414,0.45623,0.27368,0.32197,OPEN,,0,11
36.3838,36.3838,1,0.41336,0.45653,0.43495,0.45414,0.27368,0.32197,OPEN,,0,11
36.4151,36.4151,1,0.25061,0.19278,0.22169,0.43495,0.27368,0.32197,OPEN,,0,11
36.4536,36.4536,1,0.17203,0.12387,0.14795,0.22169,0.27368,0.32197,CLOSING,,0,11
36.4829,36.4829,1,0.14405,0.09051,0.11728,0.14795,0.27368,0.32197,CLOSING,0.02928,0,11
36.5283,36.5283,1,0.16473,0.12442,0.14458,0.14458,0.27368,0.32197,CLOSED,0.07467,0,11
36.5626,36.5626,1,0.19246,0.15902,0.17574,0.14458,0.27368,0.32197,CLOSED,0.10899,0,11
36.597,36.597,1,0.22868,0.17785,0.20327,0.17574,0.27368,0.32197,CLOSED,0.14333,0,11
36.6231,36.6231,1,0.25357,0.24132,0.24744,0.20327,0.27368,0.32197,CLOSED,0.16945,0,11
36.6564,36.6564,1,0.29414,0.31987,0.30701,0.24744,0.27368,0.32197,CLOSED,0.20281,0,11
36.6908,36.6908,1,0.32275,0.35093,0.33684,0.30701,0.27368,0.32197,CLOSED,0.2372,0,11
36.7201,36.7201,1,0.34478,0.38378,0.36428,0.33684,0.27368,0.32197,OPENING,0.26645,0,11
36.7538,36.7538,1,0.36632,0.40999,0.38816,0.36428,0.27368,0.32197,OPEN,0.30023,1,12
36.7827,36.7827,1,0.37809,0.42307,0.40058,0.38816,0.27368,0.32197,OPEN,,0,12
36.8158,36.8158,1,0.38626,0.42834,0.4073,0.40058,0.27368,0.32197,OPEN,,0,12
36.8844,36.8844,1,0.40517,0.43668,0.42093,0.4073,0.27368,0.32197,OPEN,,0,12
36.9182,36.9182,1,0.40874,0.43857,0.42366,0.42093,0.27368,0.32197,OPEN,,0,12
36.9372,36.9372,1,0.41192,0.44219,0.42705,0.42366,0.27368,0.32197,OPEN,,0,12
36.9712,36.9712,1,0.41756,0.447,0.43228,0.42705,0.27368,0.32197,OPEN,,0,12
36.9914,36.9914,1,0.41832,0.44991,0.43411,0.43228,0.27368,0.32197,OPEN,,0,12
37.0253,37.0253,1,0.41895,0.45225,0.4356,0.43411,0.27368,0.32197,OPEN,,0,12
37.0598,37.0598,1,0.4196,0.45265,0.43613,0.4356,0.27368,0.32197,OPEN,,0,12
37.0934,37.0934,1,0.41805,0.45034,0.4342,0.4356,0.27368,0.32197,OPEN,,0,12
37.1321,37.1321,1,0.4164,0.44537,0.43089,0.4342,0.27368,0.32197,OPEN,,0,12
37.1522,37.1522,1,0.41965,0.44665,0.43315,0.43315,0.27368,0.32197,OPEN,,0,12
37.1841,37.1841,1,0.42099,0.44895,0.43497,0.43315,0.27368,0.32197,OPEN,,0,12
37.2153,37.2153,1,0.42079,0.44909,0.43494,0.43494,0.27368,0.32197,OPEN,,0,12
37.2797,37.2797,1,0.42628,0.45765,0.44197,0.43497,0.27368,0.32197,OPEN,,0,12
37.3153,37.3153,1,0.42815,0.45947,0.44381,0.44197,0.27368,0.32197,OPEN,,0,12
37.3345,37.3345,1,0.42904,0.46073,0.44489,0.44381,0.27368,0.32197,OPEN,,0,12
37.366,37.366,1,0.4292,0.46102,0.44511,0.44489,0.27368,0.32197,OPEN,,0,12
37.3983,37.3983,1,0.42998,0.46179,0.44589,0.44511,0.27368,0.32197,OPEN,,0,12
37.4235,37.4235,1,0.43011,0.46163,0.44587,0.44587,0.27368,0.32197,OPEN,,0,12
37.4575,37.4575,1,0.42833,0.45999,0.44416,0.44587,0.27368,0.32197,OPEN,,0,12
37.4877,37.4877,1,0.42952,0.4608,0.44516,0.44516,0.27368,0.32197,OPEN,,0,12
37.5197,37.5197,1,0.43144,0.46211,0.44677,0.44516,0.27368,0.32197,OPEN,,0,12
37.5541,37.5541,1,0.42249,0.45566,0.43907,0.44516,0.27368,0.32197,OPEN,,0,12
37.584,37.584,1,0.41544,0.44462,0.43003,0.43907,0.27368,0.32197,OPEN,,0,12
37.6159,37.6159,1,0.32083,0.2786,0.29972,0.43003,0.27368,0.32197,OPEN,,0,12
37.6804,37.6804,1,0.19002,0.13536,0.16269,0.29972,0.27368,0.32197,OPEN,,0,12
37.7123,37.7123,1,0.14799,0.09077,0.11938,0.16269,0.27368,0.32197,CLOSING,,0,12
37.7323,37.7323,1,0.13133,0.06872,0.10002,0.11938,0.27368,0.32197,CLOSING,0.02003,0,12
37.7557,37.7557,1,0.1309,0.07184,0.10137,0.10137,0.27368,0.32197,CLOSING,0.04343,0,12
37.7916,37.7916,1,0.08638,0.04748,0.06693,,0.27368,0.32197,CLOSING,,0,12
37.8234,37.8234,1,0.10316,0.05816,0.08066,,0.27368,0.32197,CLOSING,,0,12
37.8546,37.8546,1,0.11101,0.07415,0.09258,,0.27368,0.32197,CLOSING,,0,12
37.8874,37.8874,1,0.13233,0.11343,0.12288,0.10137,0.27368,0.32197,CLOSED,0.17505,0,12
37.9218,37.9218,1,0.20751,0.26091,0.23421,0.12288,0.27368,0.32197,CLOSED,0.20955,0,12
37.9553,37.9553,1,0.30286,0.36304,0.33295,0.23421,0.27368,0.32197,CLOSED,0.24304,0,12
37.9904,37.9904,1,0.36256,0.41007,0.38632,0.33295,0.27368,0.32197,OPENING,0.27811,0,12
38.0253,38.0253,1,0.38685,0.41176,0.39931,0.38632,0.27368,0.32197,OPEN,0.31296,1,13
38.0799,38.0799,1,0.4032,0.43211,0.41765,0.39931,0.27368,0.32197,OPEN,,0,13
38.1116,38.1116,1,0.40488,0.4361,0.42049,0.41765,0.27368,0.32197,OPEN,,0,13
38.1443,38.1443,1,0.41825,0.44758,0.43291,0.42049,0.27368,0.32197,OPEN,,0,13
38.1625,38.1625,1,0.41868,0.44982,0.43425,0.43291,0.27368,0.32197,OPEN,,0,13
38.1933,38.1933,1,0.42208,0.45186,0.43697,0.43425,0.27368,0.32197,OPEN,,0,13
38.2233,38.2233,1,0.41914,0.44926,0.4342,0.43425,0.27368,0.32197,OPEN,,0,13
38.2566,38.2566,1,0.41675,0.4476,0.43218,0.4342,0.27368,0.32197,OPEN,,0,13
38.2865,38.2865,1,0.41577,0.44701,0.43139,0.43218,0.27368,0.32197,OPEN,,0,13
38.3195,38.3195,1,0.41615,0.44824,0.43219,0.43218,0.27368,0.32197,OPEN,,0,13
38.3515,38.3515,1,0.41454,0.44502,0.42978,0.43139,0.27368,0.32197,OPEN,,0,13
38.3855,38.3855,1,0.4129,0.44173,0.42731,0.42978,0.27368,0.32197,OPEN,,0,13
38.422,38.422,1,0.4145,0.44207,0.42829,0.42829,0.27368,0.32197,OPEN,,0,13
38.4821,38.4821,1,0.41258,0.43942,0.426,0.42731,0.27368,0.32197,OPEN,,0,13
38.5169,38.5169,1,0.41252,0.44384,0.42818,0.42818,0.27368,0.32197,OPEN,,0,13
38.5497,38.5497,1,0.41407,0.44365,0.42886,0.42818,0.27368,0.32197,OPEN,,0,13
38.585,38.585,1,0.41572,0.44556,0.43064,0.42886,0.27368,0.32197,OPEN,,0,13
38.6208,38.6208,1,0.41492,0.44565,0.43028,0.43028,0.27368,0.32197,OPEN,,0,13
38.6535,38.6535,1,0.42397,0.44796,0.43596,0.43064,0.27368,0.32197,OPEN,,0,13
38.6858,38.6858,1,0.42716,0.4548,0.44098,0.43596,0.27368,0.32197,OPEN,,0,13
38.7186,38.7186,1,0.42891,0.45632,0.44262,0.44098,0.27368,0.32197,OPEN,,0,13
38.7565,38.7565,1,0.42862,0.45616,0.44239,0.44239,0.27368,0.32197,OPEN,,0,13
38.7893,38.7893,1,0.42667,0.45345,0.44006,0.44239,0.27368,0.32197,OPEN,,0,13
38.8235,38.8235,1,0.35645,0.34981,0.35313,0.44006,0.27368,0.32197,OPEN,,0,13
38.8651,38.8651,1,0.19899,0.15179,0.17539,0.35313,0.27368,0.32197,OPEN,,0,13
38.8998,38.8998,1,0.1496,0.10318,0.12639,0.17539,0.27368,0.32197,CLOSING,,0,13
38.9326,38.9326,1,0.16248,0.165,0.16374,0.16374,0.27368,0.32197,CLOSING,0.03283,0,13
38.9714,38.9714,1,0.22657,0.19004,0.20831,0.16374,0.27368,0.32197,CLOSED,0.07157,0,13
39.0047,39.0047,1,0.23579,0.23443,0.23511,0.20831,0.27368,0.32197,CLOSED,0.1049,0,13
39.0427,39.0427,1,0.29747,0.32372,0.3106,0.23511,0.27368,0.32197,CLOSED,0.14294,0,13
39.0757,39.0757,1,0.32393,0.35429,0.33911,0.3106,0.27368,0.32197,CLOSED,0.17593,0,13
39.1085,39.1085,1,0.35303,0.37667,0.36485,0.33911,0.27368,0.32197,OPENING,0.20874,0,13
39.1269,39.1269,1,0.36017,0.38832,0.37424,0.36485,0.27368,0.32197,OPEN,0.22713,1,14
39.1441,39.1441,1,0.36486,0.39463,0.37974,0.37424,0.27368,0.32197,OPEN,,0,14
39.1792,39.1792,1,0.37517,0.40081,0.38799,0.37974,0.27368,0.32197,OPEN,,0,14
39.2137,39.2137,1,0.38196,0.40528,0.39362,0.38799,0.27368,0.32197,OPEN,,0,14
39.2322,39.2322,1,0.39359,0.41896,0.40628,0.39362,0.27368,0.32197,OPEN,,0,14
39.2867,39.2867,1,0.40374,0.42925,0.4165,0.40628,0.27368,0.32197,OPEN,,0,14
39.3198,39.3198,1,0.40102,0.43156,0.41629,0.41629,0.27368,0.32197,OPEN,,0,14
39.3551,39.3551,1,0.39657,0.42888,0.41272,0.41629,0.27368,0.32197,OPEN,,0,14
39.3898,39.3898,1,0.39198,0.42611,0.40905,0.41272,0.27368,0.32197,OPEN,,0,14
39.4234,39.4234,1,0.38965,0.42468,0.40717,0.40905,0.27368,0.32197,OPEN,,0,14
39.4561,39.4561,1,0.3882,0.42321,0.4057,0.40717,0.27368,0.32197,OPEN,,0,14
39.4913,39.4913,1,0.38771,0.42276,0.40523,0.4057,0.27368,0.32197,OPEN,,0,14
39.5247,39.5247,1,0.3855,0.42201,0.40376,0.40523,0.27368,0.32197,OPEN,,0,14
39.5416,39.5416,1,0.38381,0.42022,0.40201,0.40376,0.27368,0.32197,OPEN,,0,14
39.5761,39.5761,1,0.38614,0.42183,0.40398,0.40376,0.27368,0.32197,OPEN,,0,14
39.5948,39.5948,1,0.3854,0.4203,0.40285,0.40285,0.27368,0.32197,OPEN,,0,14
39.6162,39.6162,1,0.38774,0.42019,0.40397,0.40397,0.27368,0.32197,OPEN,,0,14
39.6907,39.6907,1,0.38385,0.41701,0.40043,0.40285,0.27368,0.32197,OPEN,,0,14
39.7295,39.7295,1,0.3856,0.41552,0.40056,0.40056,0.27368,0.32197,OPEN,,0,14
39.764,39.764,1,0.39052,0.41814,0.40433,0.40056,0.27368,0.32197,OPEN,,0,14
39.7984,39.7984,1,0.39565,0.42361,0.40963,0.40433,0.27368,0.32197,OPEN,,0,14
39.8303,39.8303,1,0.39573,0.42499,0.41036,0.40963,0.27368,0.32197,OPEN,,0,14
39.8467,39.8467,1,0.39567,0.42496,0.41032,0.41032,0.27368,0.32197,OPEN,,0,14
39.8671,39.8671,1,0.39588,0.42548,0.41068,0.41036,0.27368,0.32197,OPEN,,0,14
39.9008,39.9008,1,0.39913,0.42796,0.41355,0.41068,0.27368,0.32197,OPEN,,0,14
39.9344,39.9344,1,0.40251,0.42911,0.41581,0.41355,0.27368,0.32197,OPEN,,0,14
39.9513,39.9513,1,0.40764,0.43438,0.42101,0.41581,0.27368,0.32197,OPEN,,0,14
39.9825,39.9825,1,0.41456,0.44306,0.42881,0.42101,0.27368,0.32197,OPEN,,0,14
40.0174,40.0174,1,0.42398,0.45243,0.4382,0.42881,0.27368,0.32197,OPEN,,0,14
40.0798,40.0798,1,0.42347,0.45127,0.43737,0.43737,0.27368,0.32197,OPEN,,0,14
40.1133,40.1133,1,0.41906,0.44701,0.43303,0.43737,0.27368,0.32197,OPEN,,0,14
40.1538,40.1538,1,0.36392,0.38938,0.37665,0.43303,0.27368,0.32197,OPEN,,0,14
40.1859,40.1859,1,0.2195,0.21955,0.21953,0.37665,0.27368,0.32197,OPEN,,0,14
40.2075,40.2075,1,0.15856,0.12285,0.1407,0.21953,0.27368,0.32197,CLOSING,,0,14
40.2398,40.2398,1,0.18379,0.17789,0.18084,0.18084,0.27368,0.32197,CLOSING,0.03229,0,14
40.272,40.272,1,0.20721,0.20145,0.20433,0.18084,0.27368,0.32197,CLOSED,0.06448,0,14
40.29,40.29,1,0.22035,0.20525,0.2128,0.20433,0.27368,0.32197,CLOSED,0.08248,0,14
40.3084,40.3084,1,0.2347,0.25997,0.24733,0.2128,0.27368,0.32197,CLOSED,0.10089,0,14
40.3535,40.3535,1,0.3007,0.34064,0.32067,0.24733,0.27368,0.32197,CLOSED,0.14597,0,14
40.3835,40.3835,1,0.3289,0.36197,0.34544,0.32067,0.27368,0.32197,CLOSED,0.17595,0,14
40.4176,40.4176,1,0.34852,0.37379,0.36116,0.34544,0.27368,0.32197,OPENING,0.21005,0,14
40.4797,40.4797,1,0.36914,0.3917,0.38042,0.36116,0.27368,0.32197,OPEN,0.2722,1,15
40.5131,40.5131,1,0.37404,0.39569,0.38486,0.38042,0.27368,0.32197,OPEN,,0,15
40.5471,40.5471,1,0.38137,0.40458,0.39298,0.38486,0.27368,0.32197,OPEN,,0,15
40.5815,40.5815,1,0.38248,0.40721,0.39484,0.39298,0.27368,0.32197,OPEN,,0,15
40.6154,40.6154,1,0.38535,0.40949,0.39742,0.39484,0.27368,0.32197,OPEN,,0,15
40.6402,40.6402,1,0.38408,0.40942,0.39675,0.39675,0.27368,0.32197,OPEN,,0,15
40.6745,40.6745,1,0.38403,0.41068,0.39736,0.39736,0.27368,0.32197,OPEN,,0,15
40.7034,40.7034,1,0.38672,0.41427,0.40049,0.39736,0.27368,0.32197,OPEN,,0,15
40.7219,40.7219,1,0.38737,0.41608,0.40173,0.40049,0.27368,0.32197,OPEN,,0,15
40.7396,40.7396,1,0.38701,0.41584,0.40142,0.40142,0.27368,0.32197,OPEN,,0,15
40.7872,40.7872,1,0.3863,0.41715,0.40173,0.40173,0.27368,0.32197,OPEN,,0,15
40.819,40.819,1,0.38784,0.41865,0.40325,0.40173,0.27368,0.32197,OPEN,,0,15
40.8792,40.8792,1,0.39244,0.42263,0.40754,0.40325,0.27368,0.32197,OPEN,,0,15
40.9118,40.9118,1,0.39383,0.42349,0.40866,0.40754,0.27368,0.32197,OPEN,,0,15
40.9464,40.9464,1,0.39374,0.42347,0.40861,0.40861,0.27368,0.32197,OPEN,,0,15
40.9816,40.9816,1,0.39331,0.4223,0.4078,0.40861,0.27368,0.32197,OPEN,,0,15
41.0241,41.0241,1,0.39326,0.42368,0.40847,0.40847,0.27368,0.32197,OPEN,,0,15
41.0411,41.0411,1,0.39267,0.42369,0.40818,0.40818,0.27368,0.32197,OPEN,,0,15
41.0715,41.0715,1,0.39271,0.42423,0.40847,0.40847,0.27368,0.32197,OPEN,,0,15
41.1033,41.1033,1,0.39326,0.42418,0.40872,0.40847,0.27368,0.32197,OPEN,,0,15
41.1215,41.1215,1,0.39309,0.42447,0.40878,0.40872,0.27368,0.32197,OPEN,,0,15
41.155,41.155,1,0.39259,0.42508,0.40883,0.40878,0.27368,0.32197,OPEN,,0,15
41.1835,41.1835,1,0.39402,0.42888,0.41145,0.40883,0.27368,0.32197,OPEN,,0,15
41.2152,41.2152,1,0.40288,0.43555,0.41921,0.41145,0.27368,0.32197,OPEN,,0,15
41.2786,41.2786,1,0.40526,0.43788,0.42157,0.41921,0.27368,0.32197,OPEN,,0,15
41.3113,41.3113,1,0.4053,0.4378,0.42155,0.42155,0.27368,0.32197,OPEN,,0,15
41.3435,41.3435,1,0.40748,0.43758,0.42253,0.42157,0.27368,0.32197,OPEN,,0,15
41.3749,41.3749,1,0.40739,0.43823,0.42281,0.42253,0.27368,0.32197,OPEN,,0,15
41.4086,41.4086,1,0.40769,0.4385,0.4231,0.42281,0.27368,0.32197,OPEN,,0,15
41.4436,41.4436,1,0.40956,0.44019,0.42487,0.4231,0.27368,0.32197,OPEN,,0,15
41.4714,41.4714,1,0.41335,0.44111,0.42723,0.42487,0.27368,0.32197,OPEN,,0,15
41.5036,41.5036,1,0.41367,0.44345,0.42856,0.42723,0.27368,0.32197,OPEN,,0,15
41.5374,41.5374,1,0.41368,0.4429,0.42829,0.42829,0.27368,0.32197,OPEN,,0,15
41.5557,41.5557,1,0.41344,0.44272,0.42808,0.42829,0.27368,0.32197,OPEN,,0,15
41.5895,41.5895,1,0.37805,0.39585,0.38695,0.42808,0.27368,0.32197,OPEN,,0,15
41.624,41.624,1,0.21425,0.12439,0.16932,0.38695,0.27368,0.32197,OPEN,,0,15
41.6801,41.6801,1,0.15743,0.0942,0.12581,0.16932,0.27368,0.32197,CLOSING,,0,15
41.7143,41.7143,1,0.19903,0.15472,0.17687,0.16932,0.27368,0.32197,CLOSING,0.03425,0,15
41.744,41.744,1,0.22198,0.1911,0.20654,0.17687,0.27368,0.32197,CLOSED,0.06392,0,15
41.7751,41.7751,1,0.25515,0.26393,0.25954,0.20654,0.27368,0.32197,CLOSED,0.09506,0,15
41.8077,41.8077,1,0.31803,0.32877,0.3234,0.25954,0.27368,0.32197,CLOSED,0.12761,0,15
41.84,41.84,1,0.34999,0.37092,0.36045,0.3234,0.27368,0.32197,OPENING,0.15997,0,15
41.8758,41.8758,1,0.38118,0.39408,0.38763,0.36045,0.27368,0.32197,OPEN,0.19577,1,16
41.9034,41.9034,1,0.38366,0.39994,0.3918,0.38763,0.27368,0.32197,OPEN,,0,16
41.9365,41.9365,1,0.39297,0.40831,0.40064,0.3918,0.27368,0.32197,OPEN,,0,16
41.9705,41.9705,1,0.39841,0.41647,0.40744,0.40064,0.27368,0.32197,OPEN,,0,16
41.9884,41.9884,1,0.39909,0.42025,0.40967,0.40744,0.27368,0.32197,OPEN,,0,16
42.0063,42.0063,1,0.40092,0.42334,0.41213,0.40967,0.27368,0.32197,OPEN,,0,16
42.0828,42.0828,1,0.40064,0.43189,0.41627,0.41213,0.27368,0.32197,OPEN,,0,16
42.1142,42.1142,1,0.39937,0.43253,0.41595,0.41595,0.27368,0.32197,OPEN,,0,16
42.1439,42.1439,1,0.40012,0.43134,0.41573,0.41595,0.27368,0.32197,OPEN,,0,16
42.1769,42.1769,1,0.39995,0.4306,0.41528,0.41573,0.27368,0.32197,OPEN,,0,16
42.21,42.21,1,0.39949,0.43161,0.41555,0.41555,0.27368,0.32197,OPEN,,0,16
42.2429,42.2429,1,0.40161,0.43157,0.41659,0.41555,0.27368,0.32197,OPEN,,0,16
42.2713,42.2713,1,0.40122,0.43311,0.41716,0.41659,0.27368,0.32197,OPEN,,0,16
42.3069,42.3069,1,0.4006,0.43149,0.41604,0.41659,0.27368,0.32197,OPEN,,0,16
42.3398,42.3398,1,0.39943,0.43176,0.41559,0.41604,0.27368,0.32197,OPEN,,0,16
42.3678,42.3678,1,0.39838,0.43105,0.41472,0.41559,0.27368,0.32197,OPEN,,0,16
42.4011,42.4011,1,0.39645,0.42931,0.41288,0.41472,0.27368,0.32197,OPEN,,0,16
42.434,42.434,1,0.39493,0.42784,0.41138,0.41288,0.27368,0.32197,OPEN,,0,16
42.4799,42.4799,1,0.39604,0.42837,0.41221,0.41221,0.27368,0.32197,OPEN,,0,16
42.515,42.515,1,0.39538,0.42595,0.41066,0.41138,0.27368,0.32197,OPEN,,0,16
42.5428,42.5428,1,0.39531,0.42766,0.41148,0.41148,0.27368,0.32197,OPEN,,0,16
42.5757,42.5757,1,0.39605,0.42716,0.4116,0.41148,0.27368,0.32197,OPEN,,0,16
42.6064,42.6064,1,0.39798,0.42961,0.4138,0.4116,0.27368,0.32197,OPEN,,0,16
42.6389,42.6389,1,0.40165,0.4308,0.41623,0.4138,0.27368,0.32197,OPEN,,0,16
42.6713,42.6713,1,0.40323,0.43113,0.41718,0.41623,0.27368,0.32197,OPEN,,0,16
42.7033,42.7033,1,0.4034,0.43176,0.41758,0.41718,0.27368,0.32197,OPEN,,0,16
42.7387,42.7387,1,0.40673,0.43375,0.42024,0.41758,0.27368,0.32197,OPEN,,0,16
42.768,42.768,1,0.41013,0.43623,0.42318,0.42024,0.27368,0.32197,OPEN,,0,16
42.7992,42.7992,1,0.41243,0.44189,0.42716,0.42318,0.27368,0.32197,OPEN,,0,16
42.8332,42.8332,1,0.41344,0.4464,0.42992,0.42716,0.27368,0.32197,OPEN,,0,16
42.8796,42.8796,1,0.41263,0.44149,0.42706,0.42716,0.27368,0.32197,OPEN,,0,16
42.9133,42.9133,1,0.36264,0.41205,0.38735,0.42706,0.27368,0.32197,OPEN,,0,16
42.9457,42.9457,1,0.17901,0.17366,0.17633,0.38735,0.27368,0.32197,OPEN,,0,16
42.9744,42.9744,1,0.16653,0.13408,0.15031,0.17633,0.27368,0.32197,CLOSING,,0,16
43.0072,43.0072,1,0.1445,0.11366,0.12908,0.15031,0.27368,0.32197,CLOSING,0.03281,0,16
43.0391,43.0391,1,0.15445,0.14124,0.14784,0.14784,0.27368,0.32197,CLOSED,0.06467,0,16
43.0702,43.0702,1,0.18642,0.17731,0.18187,0.14784,0.27368,0.32197,CLOSED,0.09577,0,16
43.104,43.104,1,0.24291,0.26946,0.25619,0.18187,0.27368,0.32197,CLOSED,0.12958,0,16
43.1342,43.1342,1,0.3147,0.35213,0.33342,0.25619,0.27368,0.32197,CLOSED,0.15975,0,16
43.1695,43.1695,1,0.35677,0.40829,0.38253,0.33342,0.27368,0.32197,OPENING,0.19509,0,16
43.1996,43.1996,1,0.37746,0.43731,0.40738,0.38253,0.27368,0.32197,OPEN,0.22518,1,17
43.2315,43.2315,1,0.39093,0.45059,0.42076,0.40738,0.27368,0.32197,OPEN,,0,17
43.2632,43.2632,1,0.3992,0.4492,0.4242,0.42076,0.27368,0.32197,OPEN,,0,17
43.3119,43.3119,1,0.40825,0.44565,0.42695,0.4242,0.27368,0.32197,OPEN,,0,17
43.3435,43.3435,1,0.41274,0.448,0.43037,0.42695,0.27368,0.32197,OPEN,,0,17
43.3778,43.3778,1,0.41153,0.44763,0.42958,0.42958,0.27368,0.32197,OPEN,,0,17
43.4072,43.4072,1,0.41574,0.44717,0.43146,0.43037,0.27368,0.32197,OPEN,,0,17
43.4394,43.4394,1,0.41921,0.45107,0.43514,0.43146,0.27368,0.32197,OPEN,,0,17
43.4732,43.4732,1,0.4216,0.45238,0.43699,0.43514,0.27368,0.32197,OPEN,,0,17
43.503,43.503,1,0.42181,0.45371,0.43776,0.43699,0.27368,0.32197,OPEN,,0,17
43.5352,43.5352,1,0.42466,0.45286,0.43876,0.43776,0.27368,0.32197,OPEN,,0,17
43.5666,43.5666,1,0.42795,0.45537,0.44166,0.43876,0.27368,0.32197,OPEN,,0,17
43.603,43.603,1,0.42769,0.45494,0.44132,0.44132,0.27368,0.32197,OPEN,,0,17
43.6315,43.6315,1,0.42738,0.45571,0.44154,0.44154,0.27368,0.32197,OPEN,,0,17
43.6639,43.6639,1,0.42718,0.45565,0.44141,0.44141,0.27368,0.32197,OPEN,,0,17
43.6976,43.6976,1,0.42593,0.45575,0.44084,0.44141,0.27368,0.32197,OPEN,,0,17
43.7442,43.7442,1,0.42656,0.45908,0.44282,0.44141,0.27368,0.32197,OPEN,,0,17
43.7785,43.7785,1,0.42795,0.45862,0.44328,0.44282,0.27368,0.32197,OPEN,,0,17
43.813,43.813,1,0.43091,0.46028,0.4456,0.44328,0.27368,0.32197,OPEN,,0,17
43.8461,43.8461,1,0.43034,0.46068,0.44551,0.44551,0.27368,0.32197,OPEN,,0,17
43.8712,43.8712,1,0.42975,0.46108,0.44541,0.44551,0.27368,0.32197,OPEN,,0,17
43.9048,43.9048,1,0.43051,0.46188,0.4462,0.44551,0.27368,0.32197,OPEN,,0,17
43.9353,43.9353,1,0.43061,0.46163,0.44612,0.44612,0.27368,0.32197,OPEN,,0,17
43.9677,43.9677,1,0.43075,0.46191,0.44633,0.4462,0.27368,0.32197,OPEN,,0,17
43.9987,43.9987,1,0.43185,0.46184,0.44685,0.44633,0.27368,0.32197,OPEN,,0,17
44.0345,44.0345,1,0.42914,0.45362,0.44138,0.44633,0.27368,0.32197,OPEN,,0,17
44.064,44.064,1,0.34778,0.32482,0.3363,0.44138,0.27368,0.32197,OPEN,,0,17
44.0976,44.0976,1,0.17134,0.10031,0.13582,0.3363,0.27368,0.32197,OPEN,,0,17
44.127,44.127,1,0.13812,0.08129,0.1097,0.13582,0.27368,0.32197,CLOSING,,0,17
44.176,44.176,1,0.17292,0.13779,0.15536,0.13582,0.27368,0.32197,CLOSING,0.04901,0,17
44.2082,44.2082,1,0.21019,0.173,0.1916,0.15536,0.27368,0.32197,CLOSED,0.08121,0,17
44.2418,44.2418,1,0.2213,0.21353,0.21742,0.1916,0.27368,0.32197,CLOSED,0.11482,0,17
44.2706,44.2706,1,0.27619,0.27831,0.27725,0.21742,0.27368,0.32197,CLOSED,0.14363,0,17
44.3045,44.3045,1,0.31482,0.32422,0.31952,0.27725,0.27368,0.32197,CLOSED,0.17746,0,17
44.3358,44.3358,1,0.34508,0.3596,0.35234,0.31952,0.27368,0.32197,CLOSED,0.20879,0,17
44.37,44.37,1,0.36622,0.37704,0.37163,0.35234,0.27368,0.32197,OPENING,0.24301,0,17
44.3983,44.3983,1,0.37751,0.38728,0.38239,0.37163,0.27368,0.32197,OPEN,0.27127,1,18
44.4319,44.4319,1,0.38055,0.39196,0.38625,0.38239,0.27368,0.32197,OPEN,,0,18
44.467,44.467,1,0.38153,0.39631,0.38892,0.38625,0.27368,0.32197,OPEN,,0,18
44.4965,44.4965,1,0.38373,0.40462,0.39418,0.38892,0.27368,0.32197,OPEN,,0,18
44.528,44.528,1,0.39163,0.4127,0.40216,0.39418,0.27368,0.32197,OPEN,,0,18
44.5757,44.5757,1,0.39007,0.41322,0.40164,0.40164,0.27368,0.32197,OPEN,,0,18
44.6088,44.6088,1,0.39561,0.41784,0.40672,0.40216,0.27368,0.32197,OPEN,,0,18
44.6415,44.6415,1,0.39835,0.42128,0.40981,0.40672,0.27368,0.32197,OPEN,,0,18
44.6743,44.6743,1,0.39977,0.42165,0.41071,0.40981,0.27368,0.32197,OPEN,,0,18
44.7057,44.7057,1,0.40091,0.42224,0.41158,0.41071,0.27368,0.32197,OPEN,,0,18
44.7473,44.7473,1,0.39944,0.42104,0.41024,0.41071,0.27368,0.32197,OPEN,,0,18
44.78,44.78,1,0.35881,0.37858,0.3687,0.41024,0.27368,0.32197,OPEN,,0,18
44.7995,44.7995,1,0.31029,0.34929,0.32979,0.3687,0.27368,0.32197,OPEN,,0,18
44.8333,44.8333,1,0.3099,0.34144,0.32567,0.32979,0.27368,0.32197,OPEN,,0,18
44.8676,44.8676,1,0.30962,0.34588,0.32775,0.32775,0.27368,0.32197,OPEN,,0,18
44.8986,44.8986,1,0.32305,0.34827,0.33566,0.32775,0.27368,0.32197,OPEN,,0,18
44.9319,44.9319,1,0.34933,0.35858,0.35395,0.33566,0.27368,0.32197,OPEN,,0,18
44.9643,44.9643,1,0.36191,0.36513,0.36352,0.35395,0.27368,0.32197,OPEN,,0,18
45.0063,45.0063,1,0.36964,0.37833,0.37399,0.36352,0.27368,0.32197,OPEN,,0,18
45.0395,45.0395,1,0.37069,0.38309,0.37689,0.37399,0.27368,0.32197,OPEN,,0,18
45.0734,45.0734,1,0.37275,0.38489,0.37882,0.37689,0.27368,0.32197,OPEN,,0,18
45.1067,45.1067,1,0.37559,0.38815,0.38187,0.37882,0.27368,0.32197,OPEN,,0,18
45.1353,45.1353,1,0.37869,0.39584,0.38726,0.38187,0.27368,0.32197,OPEN,,0,18
45.1673,45.1673,1,0.37795,0.39673,0.38734,0.38726,0.27368,0.32197,OPEN,,0,18
45.1995,45.1995,1,0.30567,0.26899,0.28733,0.38726,0.27368,0.32197,OPEN,,0,18
45.2313,45.2313,1,0.15272,0.08784,0.12028,0.28733,0.27368,0.32197,OPEN,,0,18
45.2636,45.2636,1,0.1454,0.09722,0.12131,0.12131,0.27368,0.32197,CLOSING,,0,18
45.2951,45.2951,1,0.14706,0.06573,0.10639,0.12028,0.27368,0.32197,CLOSING,0.03147,0,18
45.3311,45.3311,1,0.13906,0.07247,0.10577,0.10639,0.27368,0.32197,CLOSED,0.06752,0,18
45.3647,45.3647,1,0.16369,0.10545,0.13457,0.10639,0.27368,0.32197,CLOSED,0.10112,0,18
45.397,45.397,1,0.17198,0.17115,0.17157,0.13457,0.27368,0.32197,CLOSED,0.13341,0,18
45.4384,45.4384,1,0.22619,0.26758,0.24688,0.17157,0.27368,0.32197,CLOSED,0.1748,0,18
45.4712,45.4712,1,0.29913,0.33432,0.31673,0.24688,0.27368,0.32197,CLOSED,0.20757,0,18
45.5024,45.5024,1,0.34289,0.3772,0.36004,0.31673,0.27368,0.32197,CLOSED,0.23875,0,18
45.5375,45.5375,1,0.36636,0.39637,0.38136,0.36004,0.27368,0.32197,OPENING,0.27392,0,18
45.5714,45.5714,1,0.37407,0.40417,0.38912,0.38136,0.27368,0.32197,OPEN,0.30781,1,19
45.6054,45.6054,1,0.37985,0.41325,0.39655,0.38912,0.27368,0.32197,OPEN,,0,19
45.6386,45.6386,1,0.38172,0.41671,0.39922,0.39655,0.27368,0.32197,OPEN,,0,19
45.6726,45.6726,1,0.37992,0.4117,0.39581,0.39655,0.27368,0.32197,OPEN,,0,19
45.7068,45.7068,1,0.38046,0.41138,0.39592,0.39592,0.27368,0.32197,OPEN,,0,19
45.7286,45.7286,1,0.37779,0.409,0.39339,0.39581,0.27368,0.32197,OPEN,,0,19
45.7625,45.7625,1,0.37795,0.41007,0.39401,0.39401,0.27368,0.32197,OPEN,,0,19
45.792,45.792,1,0.38052,0.41346,0.39699,0.39401,0.27368,0.32197,OPEN,,0,19
45.8272,45.8272,1,0.38182,0.41462,0.39822,0.39699,0.27368,0.32197,OPEN,,0,19
45.8713,45.8713,1,0.38299,0.41584,0.39941,0.39822,0.27368,0.32197,OPEN,,0,19
45.9053,45.9053,1,0.38532,0.41694,0.40113,0.39941,0.27368,0.32197,OPEN,,0,19
45.9401,45.9401,1,0.38473,0.41715,0.40094,0.40094,0.27368,0.32197,OPEN,,0,19
45.9696,45.9696,1,0.38407,0.41693,0.4005,0.40094,0.27368,0.32197,OPEN,,0,19
46.0019,46.0019,1,0.38417,0.41711,0.40064,0.40064,0.27368,0.32197,OPEN,,0,19
46.0364,46.0364,1,0.38394,0.41728,0.40061,0.40061,0.27368,0.32197,OPEN,,0,19
46.0637,46.0637,1,0.3822,0.41402,0.39811,0.40061,0.27368,0.32197,OPEN,,0,19
46.0983,46.0983,1,0.38267,0.41512,0.3989,0.3989,0.27368,0.32197,OPEN,,0,19
46.1277,46.1277,1,0.38268,0.4157,0.39919,0.3989,0.27368,0.32197,OPEN,,0,19
46.1613,46.1613,1,0.38373,0.41723,0.40048,0.39919,0.27368,0.32197,OPEN,,0,19
46.1949,46.1949,1,0.38527,0.41863,0.40195,0.40048,0.27368,0.32197,OPEN,,0,19
46.2287,46.2287,1,0.38622,0.42327,0.40474,0.40195,0.27368,0.32197,OPEN,,0,19
46.2706,46.2706,1,0.39008,0.42792,0.409,0.40474,0.27368,0.32197,OPEN,,0,19
46.3036,46.3036,1,0.39365,0.42777,0.41071,0.409,0.27368,0.32197,OPEN,,0,19
46.3381,46.3381,1,0.39489,0.43311,0.414,0.41071,0.27368,0.32197,OPEN,,0,19
46.3671,46.3671,1,0.3408,0.31395,0.32737,0.41071,0.27368,0.32197,OPEN,,0,19
46.3994,46.3994,1,0.18061,0.1476,0.16411,0.32737,0.27368,0.32197,OPEN,,0,19
46.4342,46.4342,1,0.13341,0.0705,0.10195,0.16411,0.27368,0.32197,CLOSING,,0,19
46.4638,46.4638,1,0.17041,0.11075,0.14058,0.14058,0.27368,0.32197,CLOSING,0.02968,0,19
46.4958,46.4958,1,0.20527,0.162,0.18364,0.14058,0.27368,0.32197,CLOSED,0.06164,0,19
46.526,46.526,1,0.22021,0.2216,0.22091,0.18364,0.27368,0.32197,CLOSED,0.09186,0,19
46.56,46.56,1,0.27303,0.29667,0.28485,0.22091,0.27368,0.32197,CLOSED,0.12585,0,19
46.5918,46.5918,1,0.33696,0.37195,0.35445,0.28485,0.27368,0.32197,CLOSED,0.15763,0,19
46.6275,46.6275,1,0.35466,0.39558,0.37512,0.35445,0.27368,0.32197,OPENING,0.19332,0,19
46.6556,46.6556,1,0.3625,0.40454,0.38352,0.37512,0.27368,0.32197,OPEN,0.22146,1,20
46.7036,46.7036,1,0.37196,0.40846,0.39021,0.38352,0.27368,0.32197,OPEN,,0,20
46.7354,46.7354,1,0.38227,0.41928,0.40077,0.39021,0.27368,0.32197,OPEN,,0,20
46.7699,46.7699,1,0.39321,0.43299,0.4131,0.40077,0.27368,0.32197,OPEN,,0,20
46.7998,46.7998,1,0.40438,0.44224,0.42331,0.4131,0.27368,0.32197,OPEN,,0,20
46.8321,46.8321,1,0.40593,0.44694,0.42644,0.42331,0.27368,0.32197,OPEN,,0,20
46.8665,46.8665,1,0.41222,0.44759,0.4299,0.42644,0.27368,0.32197,OPEN,,0,20
46.8993,46.8993,1,0.41139,0.44629,0.42884,0.42884,0.27368,0.32197,OPEN,,0,20
46.9343,46.9343,1,0.40978,0.44325,0.42652,0.42884,0.27368,0.32197,OPEN,,0,20
46.9665,46.9665,1,0.30455,0.31764,0.3111,0.42652,0.27368,0.32197,OPEN,,0,20
46.9995,46.9995,1,0.17403,0.13223,0.15313,0.3111,0.27368,0.32197,OPEN,,0,20
47.0318,47.0318,1,0.1583,0.09251,0.12541,0.15313,0.27368,0.32197,CLOSING,,0,20
47.073,47.073,1,0.17926,0.14576,0.16251,0.15313,0.27368,0.32197,CLOSING,0.04119,0,20
47.0896,47.0896,1,0.19237,0.1597,0.17604,0.16251,0.27368,0.32197,CLOSED,0.05782,0,20
47.1347,47.1347,1,0.19947,0.23264,0.21606,0.17604,0.27368,0.32197,CLOSED,0.10286,0,20
47.1667,47.1667,1,0.26466,0.28877,0.27672,0.21606,0.27368,0.32197,CLOSED,0.13488,0,20
47.1996,47.1996,1,0.32211,0.34203,0.33207,0.27672,0.27368,0.32197,CLOSED,0.16779,0,20
47.2328,47.2328,1,0.34926,0.36823,0.35875,0.33207,0.27368,0.32197,OPENING,0.20097,0,20
47.2635,47.2635,1,0.36412,0.39034,0.37723,0.35875,0.27368,0.32197,OPEN,0.23168,1,21
47.2955,47.2955,1,0.36976,0.40304,0.3864,0.37723,0.27368,0.32197,OPEN,,0,21
47.3293,47.3293,1,0.37506,0.41121,0.39313,0.3864,0.27368,0.32197,OPEN,,0,21
47.3635,47.3635,1,0.38299,0.41865,0.40082,0.39313,0.27368,0.32197,OPEN,,0,21
47.3965,47.3965,1,0.39175,0.42311,0.40743,0.40082,0.27368,0.32197,OPEN,,0,21
47.4305,47.4305,1,0.39127,0.42858,0.40992,0.40743,0.27368,0.32197,OPEN,,0,21
47.4543,47.4543,1,0.39594,0.43457,0.41526,0.40992,0.27368,0.32197,OPEN,,0,21
47.4895,47.4895,1,0.40247,0.43973,0.4211,0.41526,0.27368,0.32197,OPEN,,0,21
47.5183,47.5183,1,0.4032,0.43945,0.42133,0.4211,0.27368,0.32197,OPEN,,0,21
47.5674,47.5674,1,0.40245,0.4383,0.42038,0.4211,0.27368,0.32197,OPEN,,0,21
47.6012,47.6012,1,0.40067,0.4366,0.41864,0.42038,0.27368,0.32197,OPEN,,0,21
47.6314,47.6314,1,0.35993,0.32757,0.34375,0.41864,0.27368,0.32197,OPEN,,0,21
47.6641,47.6641,1,0.1873,0.14369,0.16549,0.34375,0.27368,0.32197,OPEN,,0,21
47.6951,47.6951,1,0.12198,0.08158,0.10178,0.16549,0.27368,0.32197,CLOSING,,0,21
47.7309,47.7309,1,0.11248,0.04717,0.07983,,0.27368,0.32197,CLOSING,,0,21
47.7594,47.7594,1,0.1357,0.092,0.11385,0.11385,0.27368,0.32197,CLOSED,0.0643,0,21
47.7917,47.7917,1,0.15936,0.11895,0.13916,0.11385,0.27368,0.32197,CLOSED,0.09665,0,21
47.8235,47.8235,1,0.21103,0.20819,0.20961,0.13916,0.27368,0.32197,CLOSED,0.12847,0,21
47.8569,47.8569,1,0.28048,0.29597,0.28823,0.20961,0.27368,0.32197,CLOSED,0.1618,0,21
47.8876,47.8876,1,0.32519,0.34896,0.33708,0.28823,0.27368,0.32197,CLOSED,0.19253,0,21
47.9231,47.9231,1,0.34654,0.37165,0.3591,0.33708,0.27368,0.32197,OPENING,0.22801,0,21
47.9703,47.9703,1,0.35688,0.38376,0.37032,0.3591,0.27368,0.32197,OPEN,0.27522,1,22
48.005,48.005,1,0.36443,0.39231,0.37837,0.37032,0.27368,0.32197,OPEN,,0,22
48.0404,48.0404,1,0.36584,0.39777,0.3818,0.37837,0.27368,0.32197,OPEN,,0,22
48.0747,48.0747,1,0.37817,0.40962,0.3939,0.3818,0.27368,0.32197,OPEN,,0,22
48.0984,48.0984,1,0.3826,0.41456,0.39858,0.3939,0.27368,0.32197,OPEN,,0,22
48.1323,48.1323,1,0.38603,0.41874,0.40238,0.39858,0.27368,0.32197,OPEN,,0,22
48.1666,48.1666,1,0.38807,0.42209,0.40508,0.40238,0.27368,0.32197,OPEN,,0,22
48.1918,48.1918,1,0.38614,0.42132,0.40373,0.40373,0.27368,0.32197,OPEN,,0,22
48.2259,48.2259,1,0.3887,0.4275,0.4081,0.40508,0.27368,0.32197,OPEN,,0,22
48.2604,48.2604,1,0.2411,0.21569,0.2284,0.40373,0.27368,0.32197,OPEN,,0,22
48.2938,48.2938,1,0.13041,0.08373,0.10707,0.2284,0.27368,0.32197,CLOSING,,0,22
48.3287,48.3287,1,0.10947,0.07777,0.09362,,0.27368,0.32197,CLOSING,,0,22
48.3531,48.3531,1,0.13049,0.11456,0.12253,0.12253,0.27368,0.32197,CLOSED,0.0593,0,22
48.3987,48.3987,1,0.13404,0.16117,0.1476,0.12253,0.27368,0.32197,CLOSED,0.10498,0,22
48.4326,48.4326,1,0.17073,0.21669,0.19371,0.1476,0.27368,0.32197,CLOSED,0.13884,0,22
48.4635,48.4635,1,0.2454,0.28334,0.26437,0.19371,0.27368,0.32197,CLOSED,0.16972,0,22
48.4957,48.4957,1,0.3042,0.33839,0.32129,0.26437,0.27368,0.32197,CLOSED,0.20192,0,22
48.528,48.528,1,0.33584,0.36139,0.34862,0.32129,0.27368,0.32197,CLOSED,0.23425,0,22
48.5597,48.5597,1,0.34803,0.3756,0.36182,0.34862,0.27368,0.32197,OPENING,0.26589,0,22
48.5952,48.5952,1,0.35638,0.3839,0.37014,0.36182,0.27368,0.32197,OPEN,0.30149,1,23
48.6234,48.6234,1,0.36429,0.38848,0.37639,0.37014,0.27368,0.32197,OPEN,,0,23
48.6571,48.6571,1,0.36946,0.39185,0.38065,0.37639,0.27368,0.32197,OPEN,,0,23
48.6905,48.6905,1,0.37056,0.39634,0.38345,0.38065,0.27368,0.32197,OPEN,,0,23
48.719,48.719,1,0.37093,0.39705,0.38399,0.38345,0.27368,0.32197,OPEN,,0,23
48.7524,48.7524,1,0.37513,0.40191,0.38852,0.38399,0.27368,0.32197,OPEN,,0,23
48.7883,48.7883,1,0.23714,0.16078,0.19896,0.38399,0.27368,0.32197,OPEN,,0,23
48.8311,48.8311,1,0.16434,0.13616,0.15025,0.19896,0.27368,0.32197,CLOSING,,0,23
48.8633,48.8633,1,0.1666,0.15402,0.16031,0.16031,0.27368,0.32197,CLOSING,0.0322,0,23
48.8989,48.8989,1,0.17892,0.18359,0.18126,0.16031,0.27368,0.32197,CLOSED,0.06779,0,23
48.9292,48.9292,1,0.24508,0.25383,0.24946,0.18126,0.27368,0.32197,CLOSED,0.09807,0,23
48.9592,48.9592,1,0.29611,0.31155,0.30383,0.24946,0.27368,0.32197,CLOSED,0.12813,0,23
48.9936,48.9936,1,0.33294,0.34759,0.34027,0.30383,0.27368,0.32197,CLOSED,0.16252,0,23
49.0281,49.0281,1,0.35755,0.38151,0.36953,0.34027,0.27368,0.32197,OPENING,0.19704,0,23
49.0553,49.0553,1,0.3697,0.39199,0.38085,0.36953,0.27368,0.32197,OPEN,0.22422,1,24
49.0864,49.0864,1,0.38235,0.40417,0.39326,0.38085,0.27368,0.32197,OPEN,,0,24
49.1209,49.1209,1,0.39028,0.41599,0.40314,0.39326,0.27368,0.32197,OPEN,,0,24
49.1516,49.1516,1,0.38929,0.41837,0.40383,0.40314,0.27368,0.32197,OPEN,,0,24
49.1826,49.1826,1,0.39417,0.42447,0.40932,0.40383,0.27368,0.32197,OPEN,,0,24
49.2243,49.2243,1,0.39552,0.42686,0.41119,0.40932,0.27368,0.32197,OPEN,,0,24
49.2627,49.2627,1,0.40879,0.43001,0.4194,0.41119,0.27368,0.32197,OPEN,,0,24
49.2957,49.2957,1,0.25933,0.1883,0.22382,0.41119,0.27368,0.32197,OPEN,,0,24
49.3297,49.3297,1,0.20976,0.1167,0.16323,0.22382,0.27368,0.32197,CLOSING,,0,24
49.3632,49.3632,1,0.16146,0.11541,0.13843,0.16323,0.27368,0.32197,CLOSING,0.03343,0,24
49.3973,49.3973,1,0.19534,0.14526,0.1703,0.16323,0.27368,0.32197,CLOSED,0.06758,0,24
49.4256,49.4256,1,0.20459,0.17197,0.18828,0.1703,0.27368,0.32197,CLOSED,0.09581,0,24
49.4617,49.4617,1,0.25179,0.2409,0.24635,0.18828,0.27368,0.32197,CLOSED,0.13196,0,24
49.4921,49.4921,1,0.29252,0.29734,0.29493,0.24635,0.27368,0.32197,CLOSED,0.16235,0,24
49.5258,49.5258,1,0.32218,0.33668,0.32943,0.29493,0.27368,0.32197,CLOSED,0.1961,0,24
49.552,49.552,1,0.34647,0.35466,0.35056,0.32943,0.27368,0.32197,OPENING,0.22223,0,24
49.5862,49.5862,1,0.3577,0.3655,0.3616,0.35056,0.27368,0.32197,OPEN,0.25647,1,25
49.6199,49.6199,1,0.35669,0.36668,0.36169,0.3616,0.27368,0.32197,OPEN,,0,25
49.6725,49.6725,1,0.36099,0.37308,0.36703,0.36169,0.27368,0.32197,OPEN,,0,25
49.7016,49.7016,1,0.28756,0.2213,0.25443,0.36169,0.27368,0.32197,OPEN,,0,25
49.7317,49.7317,1,0.19371,0.11727,0.15549,0.25443,0.27368,0.32197,CLOSING,,0,25
49.7618,49.7618,1,0.15223,0.12149,0.13686,0.15549,0.27368,0.32197,CLOSING,0.0301,0,25
49.793,49.793,1,0.18523,0.12942,0.15732,0.15549,0.27368,0.32197,CLOSED,0.06127,0,25
49.8256,49.8256,1,0.21205,0.18452,0.19829,0.15732,0.27368,0.32197,CLOSED,0.09391,0,25
49.8558,49.8558,1,0.24743,0.24077,0.2441,0.19829,0.27368,0.32197,CLOSED,0.12409,0,25
49.8899,49.8899,1,0.28245,0.2902,0.28633,0.2441,0.27368,0.32197,CLOSED,0.15819,0,25
49.9206,49.9206,1,0.3077,0.31607,0.31189,0.28633,0.27368,0.32197,CLOSED,0.18889,0,25
49.9519,49.9519,1,0.32594,0.33596,0.33095,0.31189,0.27368,0.32197,CLOSED,0.22013,0,25
49.9841,49.9841,1,0.34222,0.35491,0.34856,0.33095,0.27368,0.32197,OPENING,0.25234,0,25
50.0182,50.0182,1,0.35665,0.37826,0.36745,0.34856,0.27368,0.32197,OPEN,0.28651,1,26
50.0482,50.0482,1,0.36461,0.38542,0.37501,0.36745,0.27368,0.32197,OPEN,,0,26
50.0997,50.0997,1,0.36699,0.38843,0.37771,0.37501,0.27368,0.32197,OPEN,,0,26
50.1331,50.1331,1,0.36661,0.38641,0.37651,0.37651,0.27368,0.32197,OPEN,,0,26
50.1677,50.1677,1,0.36457,0.38888,0.37673,0.37673,0.27368,0.32197,OPEN,,0,26
50.1921,50.1921,1,0.36334,0.38898,0.37616,0.37651,0.27368,0.32197,OPEN,,0,26
50.2231,50.2231,1,0.36289,0.38844,0.37567,0.37616,0.27368,0.32197,OPEN,,0,26
50.256,50.256,1,0.36118,0.38727,0.37422,0.37567,0.27368,0.32197,OPEN,,0,26
50.2875,50.2875,1,0.3605,0.38535,0.37293,0.37422,0.27368,0.32197,OPEN,,0,26
50.3229,50.3229,1,0.36251,0.38597,0.37424,0.37422,0.27368,0.32197,OPEN,,0,26
50.3577,50.3577,1,0.36376,0.38678,0.37527,0.37424,0.27368,0.32197,OPEN,,0,26
50.3838,50.3838,1,0.36408,0.3873,0.37569,0.37527,0.27368,0.32197,OPEN,,0,26
50.4189,50.4189,1,0.36418,0.38885,0.37651,0.37569,0.27368,0.32197,OPEN,,0,26
50.4491,50.4491,1,0.36406,0.3892,0.37663,0.37651,0.27368,0.32197,OPEN,,0,26
50.4797,50.4797,1,0.36209,0.38719,0.37464,0.37651,0.27368,0.32197,OPEN,,0,26
50.53,50.53,1,0.3625,0.38696,0.37473,0.37473,0.27368,0.32197,OPEN,,0,26
50.561,50.561,1,0.36223,0.38704,0.37464,0.37464,0.27368,0.32197,OPEN,,0,26
50.5944,50.5944,1,0.35763,0.38585,0.37174,0.37464,0.27368,0.32197,OPEN,,0,26
50.6284,50.6284,1,0.35787,0.38464,0.37125,0.37174,0.27368,0.32197,OPEN,,0,26
50.6554,50.6554,1,0.35603,0.38183,0.36893,0.37125,0.27368,0.32197,OPEN,,0,26
50.6876,50.6876,1,0.35777,0.38199,0.36988,0.36988,0.27368,0.32197,OPEN,,0,26
50.7196,50.7196,1,0.3599,0.38169,0.3708,0.36988,0.27368,0.32197,OPEN,,0,26
50.7537,50.7537,1,0.35979,0.38083,0.37031,0.37031,0.27368,0.32197,OPEN,,0,26
50.7844,50.7844,1,0.36126,0.38216,0.37171,0.3708,0.27368,0.32197,OPEN,,0,26
50.8159,50.8159,1,0.36176,0.38253,0.37215,0.37171,0.27368,0.32197,OPEN,,0,26
50.8795,50.8795,1,0.36157,0.38264,0.3721,0.3721,0.27368,0.32197,OPEN,,0,26
50.8957,50.8957,1,0.36155,0.38266,0.37211,0.37211,0.27368,0.32197,OPEN,,0,26
50.9129,50.9129,1,0.36337,0.38617,0.37477,0.37211,0.27368,0.32197,OPEN,,0,26
50.9619,50.9619,1,0.36671,0.38689,0.3768,0.37477,0.27368,0.32197,OPEN,,0,26
50.9936,50.9936,1,0.3664,0.38807,0.37723,0.3768,0.27368,0.32197,OPEN,,0,26
51.0271,51.0271,1,0.36554,0.38633,0.37594,0.3768,0.27368,0.32197,OPEN,,0,26
51.0562,51.0562,1,0.36697,0.38586,0.37642,0.37642,0.27368,0.32197,OPEN,,0,26
51.0877,51.0877,1,0.36554,0.38502,0.37528,0.37594,0.27368,0.32197,OPEN,,0,26
51.1195,51.1195,1,0.36411,0.3832,0.37365,0.37528,0.27368,0.32197,OPEN,,0,26
51.1514,51.1514,1,0.36339,0.38324,0.37332,0.37365,0.27368,0.32197,OPEN,,0,26
51.1865,51.1865,1,0.36362,0.38342,0.37352,0.37352,0.27368,0.32197,OPEN,,0,26
51.2143,51.2143,1,0.36175,0.38324,0.37249,0.37332,0.27368,0.32197,OPEN,,0,26
51.2797,51.2797,1,0.36205,0.38261,0.37233,0.37249,0.27368,0.32197,OPEN,,0,26
51.2966,51.2966,1,0.36222,0.38222,0.37222,0.37233,0.27368,0.32197,OPEN,,0,26
51.3308,51.3308,1,0.36242,0.38224,0.37233,0.37233,0.27368,0.32197,OPEN,,0,26
51.3641,51.3641,1,0.36204,0.38174,0.37189,0.37222,0.27368,0.32197,OPEN,,0,26
51.3939,51.3939,1,0.36139,0.38074,0.37107,0.37189,0.27368,0.32197,OPEN,,0,26
51.4265,51.4265,1,0.36108,0.37988,0.37048,0.37107,0.27368,0.32197,OPEN,,0,26
51.461,51.461,1,0.35923,0.37777,0.3685,0.37048,0.27368,0.32197,OPEN,,0,26
51.4948,51.4948,1,0.35437,0.37422,0.36429,0.3685,0.27368,0.32197,OPEN,,0,26
51.5291,51.5291,1,0.35358,0.37363,0.3636,0.36429,0.27368,0.32197,OPEN,,0,26
51.554,51.554,1,0.35326,0.37373,0.3635,0.3636,0.27368,0.32197,OPEN,,0,26
51.5844,51.5844,1,0.35373,0.37396,0.36385,0.3636,0.27368,0.32197,OPEN,,0,26
51.6184,51.6184,1,0.35308,0.37183,0.36246,0.3635,0.27368,0.32197,OPEN,,0,26
51.6801,51.6801,1,0.35467,0.37319,0.36393,0.36385,0.27368,0.32197,OPEN,,0,26
51.7126,51.7126,1,0.35526,0.37338,0.36432,0.36393,0.27368,0.32197,OPEN,,0,26
51.7462,51.7462,1,0.35534,0.37353,0.36443,0.36432,0.27368,0.32197,OPEN,,0,26
51.7804,51.7804,1,0.35578,0.37301,0.3644,0.3644,0.27368,0.32197,OPEN,,0,26
51.799,51.799,1,0.35569,0.37304,0.36436,0.3644,0.27368,0.32197,OPEN,,0,26
51.8296,51.8296,1,0.35629,0.37363,0.36496,0.3644,0.27368,0.32197,OPEN,,0,26
51.8557,51.8557,1,0.35703,0.37357,0.3653,0.36496,0.27368,0.32197,OPEN,,0,26
51.8881,51.8881,1,0.35777,0.37258,0.36517,0.36517,0.27368,0.32197,OPEN,,0,26
51.9198,51.9198,1,0.35659,0.37246,0.36453,0.36517,0.27368,0.32197,OPEN,,0,26
51.9534,51.9534,1,0.35538,0.37107,0.36322,0.36453,0.27368,0.32197,OPEN,,0,26
51.9842,51.9842,1,0.35606,0.37048,0.36327,0.36327,0.27368,0.32197,OPEN,,0,26
52.0172,52.0172,1,0.35614,0.37079,0.36346,0.36327,0.27368,0.32197,OPEN,,0,26
52.0811,52.0811,1,0.35693,0.37183,0.36438,0.36346,0.27368,0.32197,OPEN,,0,26
52.1121,52.1121,1,0.35589,0.37169,0.36379,0.36379,0.27368,0.32197,OPEN,,0,26
52.146,52.146,1,0.35585,0.37217,0.36401,0.36401,0.27368,0.32197,OPEN,,0,26
52.1804,52.1804,1,0.35579,0.37253,0.36416,0.36401,0.27368,0.32197,OPEN,,0,26
52.2147,52.2147,1,0.35602,0.3728,0.36441,0.36416,0.27368,0.32197,OPEN,,0,26
52.2488,52.2488,1,0.354,0.3723,0.36315,0.36416,0.27368,0.32197,OPEN,,0,26
52.2721,52.2721,1,0.35449,0.37303,0.36376,0.36376,0.27368,0.32197,OPEN,,0,26
52.3061,52.3061,1,0.35439,0.37312,0.36375,0.36375,0.27368,0.32197,OPEN,,0,26
52.3248,52.3248,1,0.35447,0.37315,0.36381,0.36376,0.27368,0.32197,OPEN,,0,26
52.3587,52.3587,1,0.35438,0.37277,0.36357,0.36375,0.27368,0.32197,OPEN,,0,26
52.3921,52.3921,1,0.35321,0.37184,0.36253,0.36357,0.27368,0.32197,OPEN,,0,26
52.4153,52.4153,1,0.35344,0.37266,0.36305,0.36305,0.27368,0.32197,OPEN,,0,26
52.481,52.481,1,0.35593,0.37328,0.36461,0.36305,0.27368,0.32197,OPEN,,0,26
52.5136,52.5136,1,0.3546,0.37194,0.36327,0.36327,0.27368,0.32197,OPEN,,0,26
52.5449,52.5449,1,0.35422,0.37182,0.36302,0.36327,0.27368,0.32197,OPEN,,0,26
52.5765,52.5765,1,0.35427,0.37067,0.36247,0.36302,0.27368,0.32197,OPEN,,0,26
52.5934,52.5934,1,0.35418,0.37,0.36209,0.36247,0.27368,0.32197,OPEN,,0,26
52.6234,52.6234,1,0.3553,0.37042,0.36286,0.36247,0.27368,0.32197,OPEN,,0,26
52.655,52.655,1,0.35607,0.37114,0.3636,0.36286,0.27368,0.32197,OPEN,,0,26
52.6901,52.6901,1,0.35656,0.37248,0.36452,0.3636,0.27368,0.32197,OPEN,,0,26
52.7237,52.7237,1,0.35804,0.37645,0.36724,0.36452,0.27368,0.32197,OPEN,,0,26
52.7575,52.7575,1,0.35967,0.37928,0.36947,0.36724,0.27368,0.32197,OPEN,,0,26
52.7913,52.7913,1,0.36501,0.38527,0.37514,0.36947,0.27368,0.32197,OPEN,,0,26
52.8237,52.8237,1,0.3698,0.39307,0.38143,0.37514,0.27368,0.32197,OPEN,,0,26
52.8799,52.8799,1,0.20542,0.20577,0.2056,0.37514,0.27368,0.32197,OPEN,,0,26
52.9152,52.9152,1,0.15187,0.11199,0.13193,0.2056,0.27368,0.32197,CLOSING,,0,26
52.9482,52.9482,1,0.13052,0.09368,0.1121,0.13193,0.27368,0.32197,CLOSING,0.03296,0,26
52.977,52.977,1,0.1094,0.08256,0.09598,,0.27368,0.32197,CLOSING,,0,26
52.9948,52.9948,1,0.10454,0.08118,0.09286,,0.27368,0.32197,CLOSING,,0,26
53.0221,53.0221,1,0.12886,0.09906,0.11396,0.11396,0.27368,0.32197,CLOSED,0.10685,0,26
53.0556,53.0556,1,0.1332,0.12838,0.13079,0.11396,0.27368,0.32197,CLOSED,0.14036,0,26
53.0884,53.0884,1,0.1622,0.21974,0.19097,0.13079,0.27368,0.32197,CLOSED,0.17317,0,26
53.1218,53.1218,1,0.28148,0.32554,0.30351,0.19097,0.27368,0.32197,CLOSED,0.20657,0,26
53.1522,53.1522,1,0.34163,0.37024,0.35594,0.30351,0.27368,0.32197,CLOSED,0.237,0,26
53.1864,53.1864,1,0.37293,0.39519,0.38406,0.35594,0.27368,0.32197,OPENING,0.27116,0,26
53.2157,53.2157,1,0.38375,0.41405,0.3989,0.38406,0.27368,0.32197,OPEN,0.30048,1,27
53.2813,53.2813,1,0.39451,0.40788,0.40119,0.3989,0.27368,0.32197,OPEN,,0,27
53.3152,53.3152,1,0.39974,0.41458,0.40716,0.40119,0.27368,0.32197,OPEN,,0,27
53.3502,53.3502,1,0.40148,0.41959,0.41054,0.40716,0.27368,0.32197,OPEN,,0,27
53.3848,53.3848,1,0.39931,0.42066,0.40998,0.40998,0.27368,0.32197,OPEN,,0,27
53.4078,53.4078,1,0.40855,0.4106,0.40957,0.40998,0.27368,0.32197,OPEN,,0,27
53.4278,53.4278,1,0.39996,0.41062,0.40529,0.40957,0.27368,0.32197,OPEN,,0,27
53.4503,53.4503,1,0.25,0.20674,0.22837,0.40529,0.27368,0.32197,OPEN,,0,27
53.4879,53.4879,1,0.1428,0.08702,0.11491,0.22837,0.27368,0.32197,CLOSING,,0,27
53.5252,53.5252,1,0.10622,0.06682,0.08652,,0.27368,0.32197,CLOSING,,0,27
53.5541,53.5541,1,0.09714,0.05622,0.07668,,0.27368,0.32197,CLOSING,,0,27
53.5873,53.5873,1,0.11595,0.06547,0.09071,,0.27368,0.32197,CLOSING,,0,27
53.6147,53.6147,1,0.13195,0.07909,0.10552,0.11491,0.27368,0.32197,CLOSED,0.12685,0,27
53.6821,53.6821,1,0.20962,0.23388,0.22175,0.11491,0.27368,0.32197,CLOSED,0.19423,0,27
53.7123,53.7123,1,0.3067,0.33308,0.31989,0.22175,0.27368,0.32197,CLOSED,0.22442,0,27
53.7459,53.7459,1,0.35399,0.37753,0.36576,0.31989,0.27368,0.32197,CLOSED,0.25797,0,27
53.7927,53.7927,1,0.376,0.40939,0.3927,0.36576,0.27368,0.32197,OPENING,0.30483,0,27
53.8282,53.8282,1,0.38008,0.40812,0.3941,0.3927,0.27368,0.32197,OPEN,0.34027,1,28
53.8621,53.8621,1,0.37806,0.41135,0.3947,0.3941,0.27368,0.32197,OPEN,,0,28
53.8802,53.8802,1,0.37502,0.40803,0.39152,0.3941,0.27368,0.32197,OPEN,,0,28
53.9133,53.9133,1,0.37973,0.40445,0.39209,0.39209,0.27368,0.32197,OPEN,,0,28
53.945,53.945,1,0.37827,0.40301,0.39064,0.39152,0.27368,0.32197,OPEN,,0,28
53.9635,53.9635,1,0.38199,0.40965,0.39582,0.39209,0.27368,0.32197,OPEN,,0,28
53.9865,53.9865,1,0.38253,0.41211,0.39732,0.39582,0.27368,0.32197,OPEN,,0,28
54.0155,54.0155,1,0.39301,0.42046,0.40674,0.39732,0.27368,0.32197,OPEN,,0,28
54.0796,54.0796,1,0.39354,0.42817,0.41085,0.40674,0.27368,0.32197,OPEN,,0,28
54.1129,54.1129,1,0.40972,0.43803,0.42388,0.41085,0.27368,0.32197,OPEN,,0,28
54.1436,54.1436,1,0.27131,0.28679,0.27905,0.41085,0.27368,0.32197,OPEN,,0,28
54.1775,54.1775,1,0.1577,0.11429,0.13599,0.27905,0.27368,0.32197,OPEN,,0,28
54.214,54.214,1,0.12417,0.11064,0.1174,0.13599,0.27368,0.32197,CLOSING,,0,28
54.2382,54.2382,1,0.12338,0.08471,0.10404,0.1174,0.27368,0.32197,CLOSING,0.02421,0,28
54.2725,54.2725,1,0.13808,0.10151,0.1198,0.1174,0.27368,0.32197,CLOSED,0.0585,0,28
54.3069,54.3069,1,0.14732,0.09612,0.12172,0.1198,0.27368,0.32197,CLOSED,0.09292,0,28
54.3405,54.3405,1,0.15617,0.09733,0.12675,0.12172,0.27368,0.32197,CLOSED,0.12654,0,28
54.3746,54.3746,1,0.17181,0.18615,0.17898,0.12675,0.27368,0.32197,CLOSED,0.16066,0,28
54.4091,54.4091,1,0.26346,0.2735,0.26848,0.17898,0.27368,0.32197,CLOSED,0.19517,0,28
54.4306,54.4306,1,0.30843,0.31583,0.31213,0.26848,0.27368,0.32197,CLOSED,0.21659,0,28
54.4827,54.4827,1,0.35879,0.36404,0.36142,0.31213,0.27368,0.32197,CLOSED,0.26873,0,28
54.5174,54.5174,1,0.37564,0.37908,0.37736,0.36142,0.27368,0.32197,OPENING,0.3034,0,28
54.5443,54.5443,1,0.38412,0.38885,0.38648,0.37736,0.27368,0.32197,OPEN,0.33037,1,29
54.578,54.578,1,0.40093,0.40546,0.4032,0.38648,0.27368,0.32197,OPEN,,0,29
54.6122,54.6122,1,0.39909,0.41921,0.40915,0.4032,0.27368,0.32197,OPEN,,0,29
54.6449,54.6449,1,0.39391,0.42231,0.40811,0.40811,0.27368,0.32197,OPEN,,0,29
54.6728,54.6728,1,0.39446,0.42736,0.41091,0.40915,0.27368,0.32197,OPEN,,0,29
54.6971,54.6971,1,0.39242,0.42527,0.40885,0.40885,0.27368,0.32197,OPEN,,0,29
54.7231,54.7231,1,0.35325,0.33929,0.34627,0.40885,0.27368,0.32197,OPEN,,0,29
54.7514,54.7514,1,0.17349,0.1468,0.16014,0.34627,0.27368,0.32197,OPEN,,0,29
54.7848,54.7848,1,0.11695,0.0652,0.09108,,0.27368,0.32197,OPEN,,0,29
54.8177,54.8177,1,0.12623,0.10731,0.11677,0.16014,0.27368,0.32197,CLOSING,,0,29
54.8831,54.8831,1,0.16013,0.16642,0.16327,0.16014,0.27368,0.32197,CLOSED,0.06547,0,29
54.9172,54.9172,1,0.2129,0.23156,0.22223,0.16327,0.27368,0.32197,CLOSED,0.09956,0,29
54.9422,54.9422,1,0.24766,0.27598,0.26182,0.22223,0.27368,0.32197,CLOSED,0.12455,0,29
54.9766,54.9766,1,0.27831,0.3134,0.29585,0.26182,0.27368,0.32197,CLOSED,0.15893,0,29
55.0105,55.0105,1,0.29477,0.33137,0.31307,0.29585,0.27368,0.32197,CLOSED,0.1928,0,29
55.0403,55.0403,1,0.31602,0.35403,0.33502,0.31307,0.27368,0.32197,CLOSED,0.2226,0,29
55.0794,55.0794,1,0.33286,0.36363,0.34825,0.33502,0.27368,0.32197,OPENING,0.26169,0,29
55.1146,55.1146,1,0.34094,0.3676,0.35427,0.34825,0.27368,0.32197,OPEN,0.29696,1,30
55.1392,55.1392,1,0.34294,0.36804,0.35549,0.35427,0.27368,0.32197,OPEN,,0,30
55.1728,55.1728,1,0.35723,0.38077,0.369,0.35549,0.27368,0.32197,OPEN,,0,30
55.2082,55.2082,1,0.17776,0.1484,0.16308,0.35549,0.27368,0.32197,OPEN,,0,30
55.2375,55.2375,1,0.12989,0.11622,0.12306,0.16308,0.27368,0.32197,CLOSING,,0,30
55.2831,55.2831,1,0.13674,0.11875,0.12774,0.12774,0.27368,0.32197,CLOSING,0.04557,0,30
55.3166,55.3166,1,0.16285,0.14876,0.15581,0.12774,0.27368,0.32197,CLOSED,0.07909,0,30
55.3511,55.3511,1,0.19965,0.22231,0.21098,0.15581,0.27368,0.32197,CLOSED,0.11361,0,30
55.386,55.386,1,0.2923,0.29748,0.29489,0.21098,0.27368,0.32197,CLOSED,0.14846,0,30
55.4071,55.4071,1,0.34483,0.35248,0.34866,0.29489,0.27368,0.32197,CLOSED,0.16955,0,30
55.4418,55.4418,1,0.37541,0.38906,0.38223,0.34866,0.27368,0.32197,OPENING,0.20433,0,30
55.4751,55.4751,1,0.38021,0.39922,0.38972,0.38223,0.27368,0.32197,OPEN,0.23758,1,31
55.5074,55.5074,1,0.38453,0.41015,0.39734,0.38972,0.27368,0.32197,OPEN,,0,31
55.5373,55.5373,1,0.38267,0.41214,0.3974,0.39734,0.27368,0.32197,OPEN,,0,31
55.5574,55.5574,1,0.38149,0.41264,0.39706,0.39734,0.27368,0.32197,OPEN,,0,31
55.5914,55.5914,1,0.38658,0.41469,0.40064,0.3974,0.27368,0.32197,OPEN,,0,31
55.6256,55.6256,1,0.19714,0.18694,0.19204,0.39706,0.27368,0.32197,OPEN,,0,31
55.6816,55.6816,1,0.14773,0.12458,0.13616,0.19204,0.27368,0.32197,CLOSING,,0,31
55.7192,55.7192,1,0.18428,0.16469,0.17448,0.17448,0.27368,0.32197,CLOSING,0.03761,0,31
55.7437,55.7437,1,0.19019,0.17969,0.18494,0.17448,0.27368,0.32197,CLOSED,0.06214,0,31
55.7767,55.7767,1,0.26016,0.27073,0.26544,0.18494,0.27368,0.32197,CLOSED,0.0951,0,31
55.8111,55.8111,1,0.33752,0.34184,0.33968,0.26544,0.27368,0.32197,CLOSED,0.12952,0,31
55.8421,55.8421,1,0.36303,0.37109,0.36706,0.33968,0.27368,0.32197,OPENING,0.16055,0,31
55.875,55.875,1,0.37903,0.39225,0.38564,0.36706,0.27368,0.32197,OPEN,0.1934,1,32
55.9084,55.9084,1,0.38595,0.40561,0.39578,0.38564,0.27368,0.32197,OPEN,,0,32
55.9408,55.9408,1,0.38787,0.40989,0.39888,0.39578,0.27368,0.32197,OPEN,,0,32
55.9742,55.9742,1,0.39495,0.42146,0.4082,0.39888,0.27368,0.32197,OPEN,,0,32
55.9906,55.9906,1,0.39789,0.42472,0.4113,0.4082,0.27368,0.32197,OPEN,,0,32
56.0069,56.0069,1,0.39746,0.42707,0.41226,0.4113,0.27368,0.32197,OPEN,,0,32
56.0792,56.0792,1,0.40094,0.42667,0.4138,0.41226,0.27368,0.32197,OPEN,,0,32
56.1136,56.1136,1,0.25482,0.21279,0.2338,0.41226,0.27368,0.32197,OPEN,,0,32
56.1461,56.1461,1,0.15052,0.09977,0.12514,0.2338,0.27368,0.32197,CLOSING,,0,32
56.1747,56.1747,1,0.13357,0.09841,0.11599,0.12514,0.27368,0.32197,CLOSING,0.02866,0,32
56.2073,56.2073,1,0.1563,0.13499,0.14565,0.12514,0.27368,0.32197,CLOSED,0.06122,0,32
56.2417,56.2417,1,0.1647,0.17126,0.16798,0.14565,0.27368,0.32197,CLOSED,0.09561,0,32
56.2731,56.2731,1,0.21077,0.22934,0.22006,0.16798,0.27368,0.32197,CLOSED,0.12705,0,32
56.3056,56.3056,1,0.26249,0.2898,0.27615,0.22006,0.27368,0.32197,CLOSED,0.15953,0,32
56.3386,56.3386,1,0.30492,0.32189,0.3134,0.27615,0.27368,0.32197,CLOSED,0.19256,0,32
56.3734,56.3734,1,0.32622,0.34642,0.33632,0.3134,0.27368,0.32197,CLOSED,0.22729,0,32
56.4068,56.4068,1,0.33217,0.35586,0.34401,0.33632,0.27368,0.32197,OPENING,0.26074,0,32
56.4379,56.4379,1,0.34326,0.36016,0.35171,0.34401,0.27368,0.32197,OPEN,0.29187,1,33
56.48,56.48,1,0.35765,0.37236,0.365,0.35171,0.27368,0.32197,OPEN,,0,33
56.5117,56.5117,1,0.35846,0.3806,0.36953,0.365,0.27368,0.32197,OPEN,,0,33
56.544,56.544,1,0.36279,0.38739,0.37509,0.36953,0.27368,0.32197,OPEN,,0,33
56.5757,56.5757,1,0.36581,0.38822,0.37702,0.37509,0.27368,0.32197,OPEN,,0,33
56.6161,56.6161,1,0.3614,0.38647,0.37394,0.37509,0.27368,0.32197,OPEN,,0,33
56.6506,56.6506,1,0.36634,0.39001,0.37817,0.37702,0.27368,0.32197,OPEN,,0,33
56.6715,56.6715,1,0.36925,0.38912,0.37919,0.37817,0.27368,0.32197,OPEN,,0,33
56.7065,56.7065,1,0.36933,0.39147,0.3804,0.37919,0.27368,0.32197,OPEN,,0,33
56.7367,56.7367,1,0.37021,0.3947,0.38246,0.3804,0.27368,0.32197,OPEN,,0,33
56.7721,56.7721,1,0.36842,0.39367,0.38104,0.38104,0.27368,0.32197,OPEN,,0,33
56.8057,56.8057,1,0.36728,0.39411,0.3807,0.38104,0.27368,0.32197,OPEN,,0,33
56.8388,56.8388,1,0.36641,0.39426,0.38033,0.3807,0.27368,0.32197,OPEN,,0,33
56.8816,56.8816,1,0.36686,0.39607,0.38147,0.3807,0.27368,0.32197,OPEN,,0,33
56.9129,56.9129,1,0.36668,0.396,0.38134,0.38134,0.27368,0.32197,OPEN,,0,33
56.9453,56.9453,1,0.36642,0.39702,0.38172,0.38147,0.27368,0.32197,OPEN,,0,33
56.9776,56.9776,1,0.36679,0.39822,0.3825,0.38172,0.27368,0.32197,OPEN,,0,33
57.0099,57.0099,1,0.36636,0.39818,0.38227,0.38227,0.27368,0.32197,OPEN,,0,33
57.0413,57.0413,1,0.36857,0.3983,0.38344,0.3825,0.27368,0.32197,OPEN,,0,33
57.0809,57.0809,1,0.36925,0.39893,0.38409,0.38344,0.27368,0.32197,OPEN,,0,33
57.1056,57.1056,1,0.36925,0.39966,0.38445,0.38409,0.27368,0.32197,OPEN,,0,33
57.1364,57.1364,1,0.36987,0.40078,0.38532,0.38445,0.27368,0.32197,OPEN,,0,33
57.1705,57.1705,1,0.36999,0.40047,0.38523,0.38523,0.27368,0.32197,OPEN,,0,33
57.2016,57.2016,1,0.36983,0.4004,0.38512,0.38523,0.27368,0.32197,OPEN,,0,33
57.2384,57.2384,1,0.36951,0.40032,0.38492,0.38512,0.27368,0.32197,OPEN,,0,33
57.2654,57.2654,1,0.36977,0.40004,0.3849,0.38492,0.27368,0.32197,OPEN,,0,33
57.3136,57.3136,1,0.36861,0.39948,0.38404,0.3849,0.27368,0.32197,OPEN,,0,33
57.3458,57.3458,1,0.36892,0.39951,0.38421,0.38421,0.27368,0.32197,OPEN,,0,33
57.3782,57.3782,1,0.36988,0.40048,0.38518,0.38421,0.27368,0.32197,OPEN,,0,33
57.4103,57.4103,1,0.36926,0.39933,0.3843,0.3843,0.27368,0.32197,OPEN,,0,33
57.445,57.445,1,0.36865,0.39886,0.38375,0.3843,0.27368,0.32197,OPEN,,0,33
57.4911,57.4911,1,0.3688,0.39905,0.38393,0.38393,0.27368,0.32197,OPEN,,0,33
57.5126,57.5126,1,0.36874,0.4,0.38437,0.38393,0.27368,0.32197,OPEN,,0,33
57.5363,57.5363,1,0.37016,0.40395,0.38706,0.38437,0.27368,0.32197,OPEN,,0,33
57.5703,57.5703,1,0.36949,0.40336,0.38642,0.38642,0.27368,0.32197,OPEN,,0,33
57.6051,57.6051,1,0.36932,0.40464,0.38698,0.38698,0.27368,0.32197,OPEN,,0,33
57.6397,57.6397,1,0.36869,0.40441,0.38655,0.38655,0.27368,0.32197,OPEN,,0,33
57.6751,57.6751,1,0.36833,0.40398,0.38616,0.38655,0.27368,0.32197,OPEN,,0,33
57.6974,57.6974,1,0.36802,0.40291,0.38546,0.38616,0.27368,0.32197,OPEN,,0,33
57.7455,57.7455,1,0.36794,0.40268,0.38531,0.38546,0.27368,0.32197,OPEN,,0,33
57.7796,57.7796,1,0.36784,0.40332,0.38558,0.38546,0.27368,0.32197,OPEN,,0,33
57.8104,57.8104,1,0.36671,0.4022,0.38446,0.38531,0.27368,0.32197,OPEN,,0,33
57.8413,57.8413,1,0.36694,0.40124,0.38409,0.38446,0.27368,0.32197,OPEN,,0,33
57.8749,57.8749,1,0.36624,0.40018,0.38321,0.38409,0.27368,0.32197,OPEN,,0,33
57.9106,57.9106,1,0.36784,0.40158,0.38471,0.38409,0.27368,0.32197,OPEN,,0,33
57.9443,57.9443,1,0.36714,0.39995,0.38355,0.38355,0.27368,0.32197,OPEN,,0,33
57.9692,57.9692,1,0.36438,0.39933,0.38186,0.38355,0.27368,0.32197,OPEN,,0,33
58.0029,58.0029,1,0.36618,0.40104,0.38361,0.38355,0.27368,0.32197,OPEN,,0,33
58.0368,58.0368,1,0.36742,0.40143,0.38442,0.38361,0.27368,0.32197,OPEN,,0,33
58.0656,58.0656,1,0.36723,0.40057,0.3839,0.3839,0.27368,0.32197,OPEN,,0,33
58.1013,58.1013,1,0.36707,0.40025,0.38366,0.3839,0.27368,0.32197,OPEN,,0,33
58.1437,58.1437,1,0.36555,0.39587,0.38071,0.38366,0.27368,0.32197,OPEN,,0,33
58.1768,58.1768,1,0.36697,0.39703,0.382,0.382,0.27368,0.32197,OPEN,,0,33
58.2117,58.2117,1,0.3665,0.39694,0.38172,0.38172,0.27368,0.32197,OPEN,,0,33
58.2406,58.2406,1,0.36675,0.39715,0.38195,0.38195,0.27368,0.32197,OPEN,,0,33
58.2726,58.2726,1,0.36602,0.39598,0.381,0.38172,0.27368,0.32197,OPEN,,0,33
58.3064,58.3064,1,0.36766,0.39725,0.38245,0.38195,0.27368,0.32197,OPEN,,0,33
58.3432,58.3432,1,0.36778,0.39788,0.38283,0.38245,0.27368,0.32197,OPEN,,0,33
58.3769,58.3769,1,0.36783,0.3978,0.38281,0.38281,0.27368,0.32197,OPEN,,0,33
58.4,58.4,1,0.36822,0.39769,0.38296,0.38283,0.27368,0.32197,OPEN,,0,33
58.4354,58.4354,1,0.36841,0.39738,0.38289,0.38289,0.27368,0.32197,OPEN,,0,33
58.463,58.463,1,0.36747,0.39663,0.38205,0.38289,0.27368,0.32197,OPEN,,0,33
58.4975,58.4975,1,0.36433,0.39649,0.38041,0.38205,0.27368,0.32197,OPEN,,0,33
58.5328,58.5328,1,0.36577,0.39723,0.3815,0.3815,0.27368,0.32197,OPEN,,0,33
58.5752,58.5752,1,0.36679,0.39647,0.38163,0.3815,0.27368,0.32197,OPEN,,0,33
58.6071,58.6071,1,0.36671,0.39583,0.38127,0.3815,0.27368,0.32197,OPEN,,0,33
58.6409,58.6409,1,0.36677,0.39621,0.38149,0.38149,0.27368,0.32197,OPEN,,0,33
58.6744,58.6744,1,0.36657,0.39661,0.38159,0.38149,0.27368,0.32197,OPEN,,0,33
58.7081,58.7081,1,0.3667,0.39644,0.38157,0.38157,0.27368,0.32197,OPEN,,0,33
58.7381,58.7381,1,0.36585,0.39717,0.38151,0.38157,0.27368,0.32197,OPEN,,0,33
58.7757,58.7757,1,0.36601,0.39763,0.38182,0.38157,0.27368,0.32197,OPEN,,0,33
58.8047,58.8047,1,0.36597,0.3975,0.38173,0.38173,0.27368,0.32197,OPEN,,0,33
58.8379,58.8379,1,0.3638,0.39637,0.38009,0.38173,0.27368,0.32197,OPEN,,0,33
58.8652,58.8652,1,0.36109,0.39119,0.37614,0.38009,0.27368,0.32197,OPEN,,0,33
58.895,58.895,1,0.35977,0.39004,0.3749,0.37614,0.27368,0.32197,OPEN,,0,33
58.928,58.928,1,0.36556,0.3941,0.37983,0.37614,0.27368,0.32197,OPEN,,0,33
58.9604,58.9604,1,0.36778,0.40123,0.3845,0.37983,0.27368,0.32197,OPEN,,0,33
59.0097,59.0097,1,0.38257,0.41527,0.39892,0.3845,0.27368,0.32197,OPEN,,0,33
59.0423,59.0423,1,0.22363,0.25005,0.23684,0.3845,0.27368,0.32197,OPEN,,0,33
59.0752,59.0752,1,0.09115,0.12052,0.10583,0.23684,0.27368,0.32197,CLOSING,,0,33
59.1052,59.1052,1,0.08752,0.08758,0.08755,,0.27368,0.32197,CLOSING,,0,33
59.1365,59.1365,1,0.10945,0.1201,0.11477,0.11477,0.27368,0.32197,CLOSED,0.06123,0,33
59.1689,59.1689,1,0.13497,0.14912,0.14205,0.11477,0.27368,0.32197,CLOSED,0.09372,0,33
59.2081,59.2081,1,0.14413,0.16578,0.15495,0.14205,0.27368,0.32197,CLOSED,0.13291,0,33
59.2321,59.2321,1,0.20232,0.2266,0.21446,0.15495,0.27368,0.32197,CLOSED,0.1569,0,33
59.2655,59.2655,1,0.27237,0.30043,0.2864,0.21446,0.27368,0.32197,CLOSED,0.19032,0,33
59.2973,59.2973,1,0.34047,0.3587,0.34959,0.2864,0.27368,0.32197,CLOSED,0.2221,0,33
59.3294,59.3294,1,0.3585,0.38276,0.37063,0.34959,0.27368,0.32197,OPENING,0.25419,0,33
59.361,59.361,1,0.37829,0.40475,0.39152,0.37063,0.27368,0.32197,OPEN,0.28578,1,34
59.3976,59.3976,1,0.38661,0.41682,0.40172,0.39152,0.27368,0.32197,OPEN,,0,34
59.4421,59.4421,1,0.37893,0.41046,0.39469,0.39469,0.27368,0.32197,OPEN,,0,34
59.4728,59.4728,1,0.15231,0.14783,0.15007,0.39469,0.27368,0.32197,OPEN,,0,34
59.5049,59.5049,1,0.08811,0.10153,0.09482,,0.27368,0.32197,OPEN,,0,34
59.5359,59.5359,1,0.10137,0.11321,0.10729,0.15007,0.27368,0.32197,CLOSING,,0,34
59.5694,59.5694,1,0.13087,0.14655,0.13871,0.13871,0.27368,0.32197,CLOSING,0.03351,0,34
59.6011,59.6011,1,0.14675,0.19825,0.1725,0.13871,0.27368,0.32197,CLOSED,0.06517,0,34
59.6391,59.6391,1,0.22315,0.24792,0.23553,0.1725,0.27368,0.32197,CLOSED,0.10314,0,34
59.6731,59.6731,1,0.30298,0.30494,0.30396,0.23553,0.27368,0.32197,CLOSED,0.13716,0,34
59.7066,59.7066,1,0.34236,0.36015,0.35125,0.30396,0.27368,0.32197,CLOSED,0.17071,0,34
59.731,59.731,1,0.3692,0.39911,0.38415,0.35125,0.27368,0.32197,OPENING,0.19506,0,34
59.7642,59.7642,1,0.38672,0.4221,0.40441,0.38415,0.27368,0.32197,OPEN,0.22828,1,35
59.8006,59.8006,1,0.4051,0.44535,0.42523,0.40441,0.27368,0.32197,OPEN,,0,35
59.8463,59.8463,1,0.40833,0.44478,0.42656,0.42523,0.27368,0.32197,OPEN,,0,35
59.8731,59.8731,1,0.40036,0.43631,0.41834,0.42523,0.27368,0.32197,OPEN,,0,35
59.9036,59.9036,1,0.25207,0.24669,0.24938,0.41834,0.27368,0.32197,OPEN,,0,35
59.9368,59.9368,1,0.14601,0.1503,0.14815,0.24938,0.27368,0.32197,CLOSING,,0,35
59.9676,59.9676,1,0.13255,0.10727,0.11991,0.14815,0.27368,0.32197,CLOSING,0.03074,0,35
59.9997,59.9997,1,0.15201,0.14935,0.15068,0.14815,0.27368,0.32197,CLOSED,0.06288,0,35
60.0349,60.0349,1,0.17863,0.1607,0.16966,0.15068,0.27368,0.32197,CLOSED,0.09806,0,35
60.0729,60.0729,1,0.21426,0.2077,0.21098,0.16966,0.27368,0.32197,CLOSED,0.13608,0,35
60.0956,60.0956,1,0.27382,0.26682,0.27032,0.21098,0.27368,0.32197,CLOSED,0.15879,0,35
60.1293,60.1293,1,0.33337,0.32704,0.3302,0.27032,0.27368,0.32197,CLOSED,0.19248,0,35
60.1629,60.1629,1,0.35478,0.36518,0.35998,0.3302,0.27368,0.32197,OPENING,0.22612,0,35
60.1934,60.1934,1,0.37746,0.39678,0.38712,0.35998,0.27368,0.32197,OPEN,0.25655,1,36
60.2254,60.2254,1,0.38764,0.41294,0.40029,0.38712,0.27368,0.32197,OPEN,,0,36
60.2777,60.2777,1,0.39766,0.42547,0.41157,0.40029,0.27368,0.32197,OPEN,,0,36
60.3135,60.3135,1,0.39759,0.42327,0.41043,0.41043,0.27368,0.32197,OPEN,,0,36
60.3388,60.3388,1,0.35088,0.33129,0.34109,0.41043,0.27368,0.32197,OPEN,,0,36
60.3712,60.3712,1,0.1923,0.12519,0.15874,0.34109,0.27368,0.32197,OPEN,,0,36
60.4013,60.4013,1,0.13234,0.09994,0.11614,0.15874,0.27368,0.32197,CLOSING,,0,36
60.4335,60.4335,1,0.14482,0.13391,0.13937,0.13937,0.27368,0.32197,CLOSING,0.03213,0,36
60.4667,60.4667,1,0.15713,0.21165,0.18439,0.13937,0.27368,0.32197,CLOSED,0.06543,0,36
60.5053,60.5053,1,0.26658,0.30109,0.28383,0.18439,0.27368,0.32197,CLOSED,0.10399,0,36
60.5388,60.5388,1,0.32988,0.36341,0.34665,0.28383,0.27368,0.32197,CLOSED,0.13752,0,36
60.5716,60.5716,1,0.36169,0.39797,0.37983,0.34665,0.27368,0.32197,OPENING,0.17026,0,36
60.6053,60.6053,1,0.39166,0.43047,0.41107,0.37983,0.27368,0.32197,OPEN,0.20402,1,37
60.6375,60.6375,1,0.41139,0.45049,0.43094,0.41107,0.27368,0.32197,OPEN,,0,37
60.6719,60.6719,1,0.41564,0.44473,0.43018,0.43018,0.27368,0.32197,OPEN,,0,37
60.7076,60.7076,1,0.3066,0.32109,0.31384,0.43018,0.27368,0.32197,OPEN,,0,37
60.7359,60.7359,1,0.19085,0.11375,0.1523,0.31384,0.27368,0.32197,OPEN,,0,37
60.7701,60.7701,1,0.13862,0.10352,0.12107,0.1523,0.27368,0.32197,CLOSING,,0,37
60.8024,60.8024,1,0.16801,0.14388,0.15594,0.1523,0.27368,0.32197,CLOSING,0.0323,0,37
60.8306,60.8306,1,0.17106,0.15961,0.16534,0.15594,0.27368,0.32197,CLOSED,0.06056,0,37
60.8624,60.8624,1,0.22833,0.23987,0.2341,0.16534,0.27368,0.32197,CLOSED,0.09233,0,37
60.8972,60.8972,1,0.31649,0.32018,0.31833,0.2341,0.27368,0.32197,CLOSED,0.12713,0,37
60.9366,60.9366,1,0.37248,0.38015,0.37631,0.31833,0.27368,0.32197,CLOSED,0.16655,0,37
60.9706,60.9706,1,0.3833,0.40835,0.39582,0.37631,0.27368,0.32197,OPENING,0.20054,0,37
60.9919,60.9919,1,0.39955,0.43051,0.41503,0.39582,0.27368,0.32197,OPEN,0.22184,1,38
61.0241,61.0241,1,0.39678,0.43175,0.41427,0.41427,0.27368,0.32197,OPEN,,0,38
61.0569,61.0569,1,0.39081,0.41557,0.40319,0.41427,0.27368,0.32197,OPEN,,0,38
61.0909,61.0909,1,0.1634,0.15622,0.15981,0.40319,0.27368,0.32197,OPEN,,0,38
61.141,61.141,1,0.14999,0.12937,0.13968,0.15981,0.27368,0.32197,CLOSING,,0,38
61.1689,61.1689,1,0.12998,0.12408,0.12703,0.13968,0.27368,0.32197,CLOSING,0.02789,0,38
61.2001,61.2001,1,0.14418,0.15356,0.14887,0.13968,0.27368,0.32197,CLOSED,0.05904,0,38
61.2314,61.2314,1,0.15823,0.16826,0.16325,0.14887,0.27368,0.32197,CLOSED,0.09036,0,38
61.2624,61.2624,1,0.21598,0.19686,0.20642,0.16325,0.27368,0.32197,CLOSED,0.12142,0,38
61.2974,61.2974,1,0.24798,0.23461,0.2413,0.20642,0.27368,0.32197,CLOSED,0.15642,0,38
61.3311,61.3311,1,0.30087,0.29298,0.29693,0.2413,0.27368,0.32197,CLOSED,0.19012,0,38
61.366,61.366,1,0.32235,0.32745,0.3249,0.29693,0.27368,0.32197,CLOSED,0.22495,0,38
61.4009,61.4009,1,0.35171,0.35955,0.35563,0.3249,0.27368,0.32197,OPENING,0.25991,0,38
61.4372,61.4372,1,0.36529,0.37612,0.3707,0.35563,0.27368,0.32197,OPEN,0.2962,1,39
61.4715,61.4715,1,0.37142,0.38617,0.3788,0.3707,0.27368,0.32197,OPEN,,0,39
61.505,61.505,1,0.36908,0.38782,0.37845,0.37845,0.27368,0.32197,OPEN,,0,39
61.539,61.539,1,0.37152,0.39392,0.38272,0.3788,0.27368,0.32197,OPEN,,0,39
61.5744,61.5744,1,0.173,0.15639,0.1647,0.37845,0.27368,0.32197,OPEN,,0,39
61.5999,61.5999,1,0.1335,0.07734,0.10542,0.1647,0.27368,0.32197,CLOSING,,0,39
61.6315,61.6315,1,0.15132,0.10732,0.12932,0.12932,0.27368,0.32197,CLOSING,0.03165,0,39
61.6659,61.6659,1,0.17626,0.1276,0.15193,0.12932,0.27368,0.32197,CLOSED,0.06604,0,39
61.7008,61.7008,1,0.22219,0.19957,0.21088,0.15193,0.27368,0.32197,CLOSED,0.10093,0,39
61.7354,61.7354,1,0.27408,0.26231,0.2682,0.21088,0.27368,0.32197,CLOSED,0.13558,0,39
61.7602,61.7602,1,0.29575,0.30593,0.30084,0.2682,0.27368,0.32197,CLOSED,0.16032,0,39
61.7952,61.7952,1,0.32075,0.34203,0.33139,0.30084,0.27368,0.32197,CLOSED,0.19532,0,39
61.8236,61.8236,1,0.33432,0.36151,0.34792,0.33139,0.27368,0.32197,OPENING,0.22374,0,39
61.858,61.858,1,0.33929,0.37003,0.35466,0.34792,0.27368,0.32197,OPEN,0.25814,1,40
61.8885,61.8885,1,0.35222,0.37832,0.36527,0.35466,0.27368,0.32197,OPEN,,0,40
61.9215,61.9215,1,0.35797,0.38464,0.3713,0.36527,0.27368,0.32197,OPEN,,0,40
61.971,61.971,1,0.36567,0.3906,0.37813,0.3713,0.27368,0.32197,OPEN,,0,40
62.0055,62.0055,1,0.18064,0.1572,0.16892,0.3713,0.27368,0.32197,OPEN,,0,40
62.032,62.032,1,0.09117,0.088,0.08959,,0.27368,0.32197,OPEN,,0,40
62.0633,62.0633,1,0.07974,0.07485,0.07729,,0.27368,0.32197,OPEN,,0,40
62.0963,62.0963,1,0.1291,0.11803,0.12356,0.16892,0.27368,0.32197,CLOSING,,0,40
62.131,62.131,1,0.15978,0.12748,0.14363,0.14363,0.27368,0.32197,CLOSING,0.0347,0,40
62.1647,62.1647,1,0.18344,0.17057,0.177,0.14363,0.27368,0.32197,CLOSED,0.0684,0,40
62.1988,62.1988,1,0.28576,0.28485,0.2853,0.177,0.27368,0.32197,CLOSED,0.10252,0,40
62.2427,62.2427,1,0.3516,0.35977,0.35568,0.2853,0.27368,0.32197,CLOSED,0.14635,0,40
62.276,62.276,1,0.36999,0.38357,0.37678,0.35568,0.27368,0.32197,OPENING,0.17975,0,40
62.2977,62.2977,1,0.37457,0.39493,0.38475,0.37678,0.27368,0.32197,OPEN,0.20141,1,41
62.3316,62.3316,1,0.38153,0.39781,0.38967,0.38475,0.27368,0.32197,OPEN,,0,41
62.3538,62.3538,1,0.38465,0.40047,0.39256,0.38967,0.27368,0.32197,OPEN,,0,41
62.4025,62.4025,1,0.3872,0.40488,0.39604,0.39256,0.27368,0.32197,OPEN,,0,41
62.438,62.438,1,0.3939,0.41073,0.40231,0.39604,0.27368,0.32197,OPEN,,0,41
62.4642,62.4642,1,0.18739,0.15839,0.17289,0.39604,0.27368,0.32197,OPEN,,0,41
62.495,62.495,1,0.12435,0.10903,0.11669,0.17289,0.27368,0.32197,CLOSING,,0,41
62.5298,62.5298,1,0.16016,0.13898,0.14957,0.14957,0.27368,0.32197,CLOSING,0.03472,0,41
62.5604,62.5604,1,0.18492,0.16428,0.1746,0.14957,0.27368,0.32197,CLOSED,0.06538,0,41
62.594,62.594,1,0.24428,0.2321,0.23819,0.1746,0.27368,0.32197,CLOSED,0.09898,0,41
62.6254,62.6254,1,0.28663,0.28785,0.28724,0.23819,0.27368,0.32197,CLOSED,0.13032,0,41
62.6618,62.6618,1,0.32493,0.34582,0.33538,0.28724,0.27368,0.32197,CLOSED,0.16672,0,41
62.6889,62.6889,1,0.34541,0.36919,0.3573,0.33538,0.27368,0.32197,OPENING,0.19383,0,41
62.7224,62.7224,1,0.36295,0.39039,0.37667,0.3573,0.27368,0.32197,OPEN,0.22731,1,42
62.754,62.754,1,0.365,0.40119,0.38309,0.37667,0.27368,0.32197,OPEN,,0,42
62.7856,62.7856,1,0.36463,0.40279,0.38371,0.38309,0.27368,0.32197,OPEN,,0,42
62.8316,62.8316,1,0.37217,0.40387,0.38802,0.38371,0.27368,0.32197,OPEN,,0,42
62.8664,62.8664,1,0.21839,0.22267,0.22053,0.38371,0.27368,0.32197,OPEN,,0,42
62.8963,62.8963,1,0.1413,0.13889,0.14009,0.22053,0.27368,0.32197,CLOSING,,0,42
62.9316,62.9316,1,0.08697,0.0842,0.08558,,0.27368,0.32197,CLOSING,,0,42
62.9586,62.9586,1,0.10983,0.09985,0.10484,0.14009,0.27368,0.32197,CLOSED,0.06224,0,42
62.9915,62.9915,1,0.14193,0.13291,0.13742,0.13742,0.27368,0.32197,CLOSED,0.09515,0,42
63.0254,63.0254,1,0.17022,0.18057,0.17539,0.13742,0.27368,0.32197,CLOSED,0.12912,0,42
63.0557,63.0557,1,0.24069,0.26161,0.25115,0.17539,0.27368,0.32197,CLOSED,0.15932,0,42
63.0901,63.0901,1,0.30182,0.3299,0.31586,0.25115,0.27368,0.32197,CLOSED,0.19377,0,42
63.1219,63.1219,1,0.34882,0.37197,0.36039,0.31586,0.27368,0.32197,CLOSED,0.22555,0,42
63.1551,63.1551,1,0.36459,0.39799,0.38129,0.36039,0.27368,0.32197,OPENING,0.25879,0,42
63.1882,63.1882,1,0.37758,0.41506,0.39632,0.38129,0.27368,0.32197,OPEN,0.29187,1,43
63.2333,63.2333,1,0.37696,0.41467,0.39581,0.39581,0.27368,0.32197,OPEN,,0,43
63.2637,63.2637,1,0.37089,0.40715,0.38902,0.39581,0.27368,0.32197,OPEN,,0,43
63.3036,63.3036,1,0.2605,0.24545,0.25297,0.38902,0.27368,0.32197,OPEN,,0,43
63.3375,63.3375,1,0.1252,0.08982,0.10751,0.25297,0.27368,0.32197,CLOSING,,0,43
63.3722,63.3722,1,0.08365,0.0916,0.08763,,0.27368,0.32197,CLOSING,,0,43
63.3953,63.3953,1,0.10193,0.09569,0.09881,,0.27368,0.32197,CLOSING,,0,43
63.4255,63.4255,1,0.11678,0.1019,0.10934,0.10934,0.27368,0.32197,CLOSED,0.08805,0,43
63.4602,63.4602,1,0.23956,0.23038,0.23497,0.10934,0.27368,0.32197,CLOSED,0.12272,0,43
63.4874,63.4874,1,0.32123,0.31773,0.31948,0.23497,0.27368,0.32197,CLOSED,0.14996,0,43
63.5241,63.5241,1,0.35626,0.36999,0.36312,0.31948,0.27368,0.32197,CLOSED,0.18657,0,43
63.5539,63.5539,1,0.34792,0.33414,0.34103,0.34103,0.27368,0.32197,OPENING,0.21638,0,43
63.5892,63.5892,1,0.15323,0.18375,0.16849,0.34103,0.27368,0.32197,OPEN,0.25169,1,44
63.6235,63.6235,1,0.13364,0.13329,0.13346,0.16849,0.27368,0.32197,CLOSING,,0,44
63.6666,63.6666,1,0.1332,0.14216,0.13768,0.13768,0.27368,0.32197,CLOSING,0.04305,0,44
63.6979,63.6979,1,0.19982,0.19413,0.19698,0.13768,0.27368,0.32197,CLOSED,0.07439,0,44
63.7352,63.7352,1,0.28171,0.28606,0.28388,0.19698,0.27368,0.32197,CLOSED,0.11169,0,44
63.7724,63.7724,1,0.32648,0.33402,0.33025,0.28388,0.27368,0.32197,CLOSED,0.14887,0,44
63.7967,63.7967,1,0.32514,0.33442,0.32978,0.32978,0.27368,0.32197,OPENING,0.1732,0,44
63.8244,63.8244,1,0.20053,0.1858,0.19317,0.32978,0.27368,0.32197,OPEN,0.20087,1,45
63.8562,63.8562,1,0.12566,0.09927,0.11246,0.19317,0.27368,0.32197,CLOSING,,0,45
63.8903,63.8903,1,0.13127,0.12108,0.12617,0.12617,0.27368,0.32197,CLOSING,0.03404,0,45
63.9235,63.9235,1,0.14497,0.13542,0.1402,0.12617,0.27368,0.32197,CLOSED,0.06723,0,45
63.9571,63.9571,1,0.22613,0.20014,0.21314,0.1402,0.27368,0.32197,CLOSED,0.1008,0,45
63.9848,63.9848,1,0.28179,0.26663,0.27421,0.21314,0.27368,0.32197,CLOSED,0.12857,0,45
64.0169,64.0169,1,0.3212,0.31671,0.31896,0.27421,0.27368,0.32197,CLOSED,0.16067,0,45
64.0497,64.0497,1,0.32068,0.32814,0.32441,0.31896,0.27368,0.32197,CLOSED,0.19344,0,45
64.0988,64.0988,1,0.29991,0.2815,0.29071,0.31896,0.27368,0.32197,CLOSED,0.24257,0,45
64.1302,64.1302,1,0.15933,0.11546,0.13739,0.29071,0.27368,0.32197,CLOSED,0.27399,0,45
64.1668,64.1668,1,0.1458,0.11586,0.13083,0.13739,0.27368,0.32197,CLOSED,0.31054,0,45
64.2044,64.2044,1,0.15971,0.12408,0.1419,0.13739,0.27368,0.32197,CLOSED,0.34816,0,45
64.2383,64.2383,1,0.23623,0.2052,0.22071,0.1419,0.27368,0.32197,CLOSED,0.38202,0,45
64.273,64.273,1,0.2966,0.2719,0.28425,0.22071,0.27368,0.32197,CLOSED,0.41675,0,45
64.2979,64.2979,1,0.31061,0.30032,0.30546,0.28425,0.27368,0.32197,CLOSED,0.44166,0,45
64.3302,64.3302,1,0.2741,0.26511,0.26961,0.28425,0.27368,0.32197,CLOSED,0.47399,0,45
64.3518,64.3518,1,0.19836,0.18284,0.1906,0.26961,0.27368,0.32197,CLOSED,0.4956,0,45
64.3922,64.3922,1,0.15141,0.14414,0.14777,0.1906,0.27368,0.32197,CLOSED,0.53595,0,45
64.4163,64.4163,1,0.15236,0.14681,0.14959,0.14959,0.27368,0.32197,CLOSED,0.56001,0,45
64.4502,64.4502,1,0.24526,0.22539,0.23532,0.14959,0.27368,0.32197,CLOSED,0.594,0,45
64.497,64.497,1,0.30405,0.29383,0.29894,0.23532,0.27368,0.32197,CLOSED,0.64076,0,45
64.5299,64.5299,1,0.33821,0.33405,0.33613,0.29894,0.27368,0.32197,CLOSED,0.67368,0,45
64.5603,64.5603,1,0.35102,0.35427,0.35264,0.33613,0.27368,0.32197,OPENING,0.70409,0,45
64.5943,64.5943,1,0.30438,0.27385,0.28911,0.33613,0.27368,0.32197,OPEN,0.73806,1,46
64.6248,64.6248,1,0.14679,0.14778,0.14728,0.28911,0.27368,0.32197,OPEN,,0,46
64.6578,64.6578,1,0.13936,0.13133,0.13534,0.14728,0.27368,0.32197,CLOSING,,0,46
64.6913,64.6913,1,0.14282,0.14796,0.14539,0.14539,0.27368,0.32197,CLOSING,0.03357,0,46
64.7223,64.7223,1,0.19877,0.21587,0.20732,0.14539,0.27368,0.32197,CLOSED,0.06454,0,46
64.7536,64.7536,1,0.26405,0.27109,0.26757,0.20732,0.27368,0.32197,CLOSED,0.09585,0,46
64.7847,64.7847,1,0.30979,0.31639,0.31309,0.26757,0.27368,0.32197,CLOSED,0.12689,0,46
64.8234,64.8234,1,0.31936,0.32818,0.32377,0.31309,0.27368,0.32197,CLOSED,0.1656,0,46
64.8494,64.8494,1,0.32639,0.30831,0.31735,0.31735,0.27368,0.32197,CLOSED,0.19165,0,46
64.8809,64.8809,1,0.18723,0.14712,0.16718,0.31735,0.27368,0.32197,CLOSED,0.22312,0,46
64.9281,64.9281,1,0.15542,0.14108,0.14825,0.16718,0.27368,0.32197,CLOSED,0.27034,0,46
64.9605,64.9605,1,0.16073,0.1568,0.15876,0.15876,0.27368,0.32197,CLOSED,0.30276,0,46
64.9947,64.9947,1,0.22362,0.22753,0.22558,0.15876,0.27368,0.32197,CLOSED,0.33698,0,46
65.0411,65.0411,1,0.27836,0.28198,0.28017,0.22558,0.27368,0.32197,CLOSED,0.38333,0,46
65.0573,65.0573,1,0.29238,0.29864,0.29551,0.28017,0.27368,0.32197,CLOSED,0.39953,0,46
65.0873,65.0873,1,0.18126,0.16729,0.17428,0.28017,0.27368,0.32197,CLOSED,0.42949,0,46
65.1213,65.1213,1,0.13552,0.13341,0.13447,0.17428,0.27368,0.32197,CLOSED,0.46348,0,46
65.1567,65.1567,1,0.14467,0.14652,0.14559,0.14559,0.27368,0.32197,CLOSED,0.49894,0,46
65.1846,65.1846,1,0.19374,0.19688,0.19531,0.14559,0.27368,0.32197,CLOSED,0.52687,0,46
65.2192,65.2192,1,0.27131,0.26251,0.26691,0.19531,0.27368,0.32197,CLOSED,0.56141,0,46
65.2798,65.2798,1,0.3247,0.32854,0.32662,0.26691,0.27368,0.32197,CLOSED,0.62202,0,46
65.3004,65.3004,1,0.3321,0.34197,0.33703,0.32662,0.27368,0.32197,OPENING,0.64259,0,46
65.3181,65.3181,1,0.33792,0.3497,0.34381,0.33703,0.27368,0.32197,OPEN,0.66029,1,47
65.3598,65.3598,1,0.17757,0.16689,0.17223,0.33703,0.27368,0.32197,OPEN,,0,47
65.3905,65.3905,1,0.11375,0.13331,0.12353,0.17223,0.27368,0.32197,CLOSING,,0,47
65.4239,65.4239,1,0.13877,0.13006,0.13441,0.13441,0.27368,0.32197,CLOSING,0.03344,0,47
65.457,65.457,1,0.17496,0.18061,0.17778,0.13441,0.27368,0.32197,CLOSED,0.06647,0,47
65.4889,65.4889,1,0.25327,0.24235,0.24781,0.17778,0.27368,0.32197,CLOSED,0.09842,0,47
65.5218,65.5218,1,0.29544,0.29138,0.29341,0.24781,0.27368,0.32197,CLOSED,0.13135,0,47
65.554,65.554,1,0.31469,0.31626,0.31547,0.29341,0.27368,0.32197,CLOSED,0.16346,0,47
65.5876,65.5876,1,0.33125,0.33761,0.33443,0.31547,0.27368,0.32197,CLOSED,0.19708,0,47
65.6184,65.6184,1,0.33987,0.34612,0.34299,0.33443,0.27368,0.32197,OPENING,0.22791,0,47
65.6865,65.6865,1,0.34418,0.3591,0.35164,0.34299,0.27368,0.32197,OPEN,0.29597,1,48
65.713,65.713,1,0.34495,0.36294,0.35395,0.35164,0.27368,0.32197,OPEN,,0,48
65.7343,65.7343,1,0.34534,0.36606,0.3557,0.35395,0.27368,0.32197,OPEN,,0,48
65.7542,65.7542,1,0.34516,0.36687,0.35602,0.3557,0.27368,0.32197,OPEN,,0,48
65.7933,65.7933,1,0.34733,0.36755,0.35744,0.35602,0.27368,0.32197,OPEN,,0,48
65.8272,65.8272,1,0.34991,0.36946,0.35968,0.35744,0.27368,0.32197,OPEN,,0,48
65.8599,65.8599,1,0.35012,0.37249,0.3613,0.35968,0.27368,0.32197,OPEN,,0,48
65.8918,65.8918,1,0.34696,0.3726,0.35978,0.35978,0.27368,0.32197,OPEN,,0,48
65.923,65.923,1,0.34605,0.37192,0.35899,0.35978,0.27368,0.32197,OPEN,,0,48
65.9538,65.9538,1,0.34309,0.36915,0.35612,0.35899,0.27368,0.32197,OPEN,,0,48
65.9863,65.9863,1,0.34318,0.36895,0.35607,0.35612,0.27368,0.32197,OPEN,,0,48
66.0159,66.0159,1,0.34327,0.36862,0.35594,0.35607,0.27368,0.32197,OPEN,,0,48
66.084,66.084,1,0.34268,0.36809,0.35539,0.35594,0.27368,0.32197,OPEN,,0,48
66.1186,66.1186,1,0.34315,0.37013,0.35664,0.35594,0.27368,0.32197,OPEN,,0,48
66.1513,66.1513,1,0.34381,0.36985,0.35683,0.35664,0.27368,0.32197,OPEN,,0,48
66.1716,66.1716,1,0.34394,0.36983,0.35689,0.35683,0.27368,0.32197,OPEN,,0,48
66.2017,66.2017,1,0.34436,0.36931,0.35684,0.35684,0.27368,0.32197,OPEN,,0,48
66.2239,66.2239,1,0.34392,0.36968,0.3568,0.35684,0.27368,0.32197,OPEN,,0,48
66.2558,66.2558,1,0.34356,0.36938,0.35647,0.3568,0.27368,0.32197,OPEN,,0,48
66.2894,66.2894,1,0.34487,0.36906,0.35697,0.3568,0.27368,0.32197,OPEN,,0,48
66.3259,66.3259,1,0.34605,0.37373,0.35989,0.35697,0.27368,0.32197,OPEN,,0,48
66.353,66.353,1,0.34626,0.37375,0.36,0.35989,0.27368,0.32197,OPEN,,0,48
66.3857,66.3857,1,0.34646,0.37419,0.36032,0.36,0.27368,0.32197,OPEN,,0,48
66.42,66.42,1,0.34632,0.37436,0.36034,0.36032,0.27368,0.32197,OPEN,,0,48
66.4838,66.4838,1,0.34538,0.37384,0.35961,0.36032,0.27368,0.32197,OPEN,,0,48
66.5188,66.5188,1,0.34865,0.37798,0.36332,0.36034,0.27368,0.32197,OPEN,,0,48
66.5532,66.5532,1,0.34932,0.37859,0.36395,0.36332,0.27368,0.32197,OPEN,,0,48
66.5823,66.5823,1,0.34968,0.37882,0.36425,0.36395,0.27368,0.32197,OPEN,,0,48
66.6174,66.6174,1,0.35008,0.37909,0.36459,0.36425,0.27368,0.32197,OPEN,,0,48
66.6516,66.6516,1,0.35002,0.37793,0.36398,0.36425,0.27368,0.32197,OPEN,,0,48
66.6786,66.6786,1,0.3499,0.3778,0.36385,0.36398,0.27368,0.32197,OPEN,,0,48
66.7124,66.7124,1,0.34974,0.37788,0.36381,0.36385,0.27368,0.32197,OPEN,,0,48
66.7471,66.7471,1,0.35011,0.37741,0.36376,0.36381,0.27368,0.32197,OPEN,,0,48
66.7715,66.7715,1,0.34889,0.37715,0.36302,0.36376,0.27368,0.32197,OPEN,,0,48
66.8016,66.8016,1,0.34906,0.3771,0.36308,0.36308,0.27368,0.32197,OPEN,,0,48
66.8373,66.8373,1,0.34891,0.37716,0.36304,0.36304,0.27368,0.32197,OPEN,,0,48
66.8811,66.8811,1,0.35513,0.38103,0.36808,0.36308,0.27368,0.32197,OPEN,,0,48
66.9141,66.9141,1,0.36018,0.38457,0.37237,0.36808,0.27368,0.32197,OPEN,,0,48
66.948,66.948,1,0.36119,0.38352,0.37235,0.37235,0.27368,0.32197,OPEN,,0,48
66.9838,66.9838,1,0.36594,0.37911,0.37253,0.37237,0.27368,0.32197,OPEN,,0,48
67.0186,67.0186,1,0.36334,0.37422,0.36878,0.37235,0.27368,0.32197,OPEN,,0,48
67.0398,67.0398,1,0.19779,0.19793,0.19786,0.36878,0.27368,0.32197,OPEN,,0,48
67.0742,67.0742,1,0.12629,0.15118,0.13873,0.19786,0.27368,0.32197,CLOSING,,0,48
67.1077,67.1077,1,0.15536,0.1796,0.16748,0.16748,0.27368,0.32197,CLOSING,0.03351,0,48
67.1404,67.1404,1,0.18236,0.19921,0.19079,0.16748,0.27368,0.32197,CLOSED,0.06617,0,48
67.1749,67.1749,1,0.23315,0.2295,0.23132,0.19079,0.27368,0.32197,CLOSED,0.10066,0,48
67.2098,67.2098,1,0.28174,0.27775,0.27975,0.23132,0.27368,0.32197,CLOSED,0.13554,0,48
67.2502,67.2502,1,0.30256,0.30534,0.30395,0.27975,0.27368,0.32197,CLOSED,0.17594,0,48
67.2806,67.2806,1,0.31504,0.31881,0.31692,0.30395,0.27368,0.32197,CLOSED,0.20641,0,48
67.3144,67.3144,1,0.32629,0.33107,0.32868,0.31692,0.27368,0.32197,CLOSED,0.24021,0,48
67.3486,67.3486,1,0.33406,0.33778,0.33592,0.32868,0.27368,0.32197,OPENING,0.27434,0,48
67.3767,67.3767,1,0.33755,0.34288,0.34022,0.33592,0.27368,0.32197,OPEN,0.30246,1,49
67.4123,67.4123,1,0.34495,0.35205,0.3485,0.34022,0.27368,0.32197,OPEN,,0,49
67.4412,67.4412,1,0.34834,0.35853,0.35343,0.3485,0.27368,0.32197,OPEN,,0,49
67.4604,67.4604,1,0.3478,0.36108,0.35444,0.35343,0.27368,0.32197,OPEN,,0,49
67.4949,67.4949,1,0.34758,0.36494,0.35626,0.35444,0.27368,0.32197,OPEN,,0,49
67.5289,67.5289,1,0.34801,0.36656,0.35729,0.35626,0.27368,0.32197,OPEN,,0,49
67.5514,67.5514,1,0.34823,0.36833,0.35828,0.35729,0.27368,0.32197,OPEN,,0,49
67.5847,67.5847,1,0.34664,0.36878,0.35771,0.35771,0.27368,0.32197,OPEN,,0,49
67.6192,67.6192,1,0.34932,0.37013,0.35973,0.35828,0.27368,0.32197,OPEN,,0,49
67.6786,67.6786,1,0.35473,0.3797,0.36721,0.35973,0.27368,0.32197,OPEN,,0,49
67.7116,67.7116,1,0.35256,0.37849,0.36552,0.36552,0.27368,0.32197,OPEN,,0,49
67.7438,67.7438,1,0.35375,0.37867,0.36621,0.36621,0.27368,0.32197,OPEN,,0,49
67.7774,67.7774,1,0.35382,0.37871,0.36627,0.36621,0.27368,0.32197,OPEN,,0,49
67.8105,67.8105,1,0.2836,0.29047,0.28704,0.36621,0.27368,0.32197,OPEN,,0,49
67.8453,67.8453,1,0.15824,0.17565,0.16694,0.28704,0.27368,0.32197,OPEN,,0,49
67.8625,67.8625,1,0.13689,0.15434,0.14561,0.16694,0.27368,0.32197,CLOSING,,0,49
67.8889,67.8889,1,0.1465,0.15539,0.15095,0.15095,0.27368,0.32197,CLOSING,0.02636,0,49
67.9223,67.9223,1,0.14405,0.17023,0.15714,0.15095,0.27368,0.32197,CLOSED,0.05973,0,49
67.953,67.953,1,0.16746,0.18652,0.17699,0.15714,0.27368,0.32197,CLOSED,0.0904,0,49
67.9847,67.9847,1,0.20893,0.20983,0.20938,0.17699,0.27368,0.32197,CLOSED,0.12211,0,49
68.0184,68.0184,1,0.25111,0.24131,0.24621,0.20938,0.27368,0.32197,CLOSED,0.15589,0,49
68.0885,68.0885,1,0.30945,0.31723,0.31334,0.24621,0.27368,0.32197,CLOSED,0.22592,0,49
68.1117,68.1117,1,0.3179,0.33142,0.32466,0.31334,0.27368,0.32197,CLOSED,0.24916,0,49
68.1455,68.1455,1,0.3316,0.34668,0.33914,0.32466,0.27368,0.32197,OPENING,0.2829,0,49
68.1778,68.1778,1,0.34006,0.35651,0.34828,0.33914,0.27368,0.32197,OPEN,0.31528,1,50
68.2127,68.2127,1,0.34327,0.36217,0.35272,0.34828,0.27368,0.32197,OPEN,,0,50
68.2463,68.2463,1,0.34606,0.36555,0.3558,0.35272,0.27368,0.32197,OPEN,,0,50
68.2897,68.2897,1,0.34746,0.37061,0.35904,0.3558,0.27368,0.32197,OPEN,,0,50
68.3239,68.3239,1,0.34545,0.37034,0.3579,0.3579,0.27368,0.32197,OPEN,,0,50
68.3443,68.3443,1,0.34446,0.36961,0.35704,0.3579,0.27368,0.32197,OPEN,,0,50
68.3665,68.3665,1,0.34328,0.36956,0.35642,0.35704,0.27368,0.32197,OPEN,,0,50
68.4019,68.4019,1,0.3424,0.36852,0.35546,0.35642,0.27368,0.32197,OPEN,,0,50
68.436,68.436,1,0.34189,0.36838,0.35514,0.35546,0.27368,0.32197,OPEN,,0,50
68.4828,68.4828,1,0.34327,0.36944,0.35636,0.35546,0.27368,0.32197,OPEN,,0,50
68.5144,68.5144,1,0.34314,0.36928,0.35621,0.35621,0.27368,0.32197,OPEN,,0,50
68.5482,68.5482,1,0.34527,0.36991,0.35759,0.35636,0.27368,0.32197,OPEN,,0,50
68.577,68.577,1,0.34448,0.37714,0.36081,0.35759,0.27368,0.32197,OPEN,,0,50
68.6097,68.6097,1,0.1392,0.18742,0.16331,0.35759,0.27368,0.32197,OPEN,,0,50
68.6408,68.6408,1,0.08675,0.10693,0.09684,,0.27368,0.32197,OPEN,,0,50
68.6737,68.6737,1,0.11648,0.12522,0.12085,0.16331,0.27368,0.32197,CLOSING,,0,50
68.694,68.694,1,0.1117,0.10843,0.11007,0.12085,0.27368,0.32197,CLOSING,0.02035,0,50
68.7209,68.7209,1,0.13921,0.14199,0.1406,0.12085,0.27368,0.32197,CLOSING,0.04721,0,50
68.752,68.752,1,0.15023,0.16068,0.15545,0.1406,0.27368,0.32197,CLOSED,0.07832,0,50
68.7862,68.7862,1,0.19905,0.21104,0.20504,0.15545,0.27368,0.32197,CLOSED,0.11247,0,50
68.8177,68.8177,1,0.25322,0.25688,0.25505,0.20504,0.27368,0.32197,CLOSED,0.14404,0,50
68.8817,68.8817,1,0.30383,0.32174,0.31279,0.25505,0.27368,0.32197,CLOSED,0.20803,0,50
68.9105,68.9105,1,0.31349,0.33363,0.32356,0.31279,0.27368,0.32197,CLOSED,0.2368,0,50
68.9494,68.9494,1,0.31788,0.34459,0.33123,0.32356,0.27368,0.32197,OPENING,0.27574,0,50
68.9749,68.9749,1,0.31787,0.34849,0.33318,0.33123,0.27368,0.32197,OPEN,0.30117,1,51
69.0083,69.0083,1,0.32473,0.35694,0.34083,0.33318,0.27368,0.32197,OPEN,,0,51
69.0414,69.0414,1,0.32775,0.36169,0.34472,0.34083,0.27368,0.32197,OPEN,,0,51
69.0755,69.0755,1,0.32904,0.36115,0.34509,0.34472,0.27368,0.32197,OPEN,,0,51
69.1087,69.1087,1,0.33447,0.36648,0.35047,0.34509,0.27368,0.32197,OPEN,,0,51
69.1537,69.1537,1,0.3343,0.36797,0.35114,0.35047,0.27368,0.32197,OPEN,,0,51
69.1874,69.1874,1,0.33223,0.36608,0.34915,0.35047,0.27368,0.32197,OPEN,,0,51
69.2055,69.2055,1,0.33406,0.36663,0.35034,0.35034,0.27368,0.32197,OPEN,,0,51
69.2385,69.2385,1,0.33369,0.36535,0.34952,0.34952,0.27368,0.32197,OPEN,,0,51
69.2787,69.2787,1,0.33407,0.36602,0.35005,0.35005,0.27368,0.32197,OPEN,,0,51
69.3135,69.3135,1,0.33546,0.36391,0.34968,0.34968,0.27368,0.32197,OPEN,,0,51
69.3461,69.3461,1,0.33383,0.36079,0.34731,0.34968,0.27368,0.32197,OPEN,,0,51
69.3795,69.3795,1,0.33441,0.36119,0.3478,0.3478,0.27368,0.32197,OPEN,,0,51
69.4131,69.4131,1,0.33492,0.36565,0.35028,0.3478,0.27368,0.32197,OPEN,,0,51
69.4463,69.4463,1,0.33586,0.36598,0.35092,0.35028,0.27368,0.32197,OPEN,,0,51
69.4808,69.4808,1,0.33824,0.36756,0.3529,0.35092,0.27368,0.32197,OPEN,,0,51
69.5161,69.5161,1,0.34088,0.36886,0.35487,0.3529,0.27368,0.32197,OPEN,,0,51
69.5489,69.5489,1,0.34308,0.37153,0.35731,0.35487,0.27368,0.32197,OPEN,,0,51
69.5923,69.5923,1,0.34375,0.37259,0.35817,0.35731,0.27368,0.32197,OPEN,,0,51
69.6253,69.6253,1,0.21156,0.21561,0.21359,0.35731,0.27368,0.32197,OPEN,,0,51
69.6446,69.6446,1,0.157,0.20197,0.17948,0.21359,0.27368,0.32197,CLOSING,,0,51
69.6792,69.6792,1,0.18911,0.22558,0.20734,0.20734,0.27368,0.32197,CLOSING,0.03461,0,51
69.7111,69.7111,1,0.20893,0.25322,0.23107,0.20734,0.27368,0.32197,CLOSED,0.06646,0,51
69.7448,69.7448,1,0.24343,0.2896,0.26651,0.23107,0.27368,0.32197,CLOSED,0.10017,0,51
69.7794,69.7794,1,0.28767,0.32355,0.30561,0.26651,0.27368,0.32197,CLOSED,0.13478,0,51
69.8141,69.8141,1,0.31621,0.34048,0.32835,0.30561,0.27368,0.32197,CLOSED,0.1695,0,51
69.847,69.847,1,0.32781,0.35015,0.33898,0.32835,0.27368,0.32197,OPENING,0.20237,0,51
69.8795,69.8795,1,0.33065,0.35445,0.34255,0.33898,0.27368,0.32197,OPEN,0.23488,1,52
69.914,69.914,1,0.33635,0.36046,0.3484,0.34255,0.27368,0.32197,OPEN,,0,52
69.9467,69.9467,1,0.3389,0.36358,0.35124,0.3484,0.27368,0.32197,OPEN,,0,52
69.9791,69.9791,1,0.34056,0.36527,0.35291,0.35124,0.27368,0.32197,OPEN,,0,52
69.9961,69.9961,1,0.34052,0.36537,0.35294,0.35291,0.27368,0.32197,OPEN,,0,52
70.0182,70.0182,1,0.34047,0.36537,0.35292,0.35292,0.27368,0.32197,OPEN,,0,52
70.0821,70.0821,1,0.34237,0.37098,0.35667,0.35294,0.27368,0.32197,OPEN,,0,52
70.1136,70.1136,1,0.343,0.37316,0.35808,0.35667,0.27368,0.32197,OPEN,,0,52
70.1434,70.1434,1,0.34271,0.3705,0.3566,0.35667,0.27368,0.32197,OPEN,,0,52
70.1761,70.1761,1,0.34431,0.3736,0.35896,0.35808,0.27368,0.32197,OPEN,,0,52
70.2082,70.2082,1,0.34449,0.37473,0.35961,0.35896,0.27368,0.32197,OPEN,,0,52
70.2442,70.2442,1,0.34577,0.37604,0.3609,0.35961,0.27368,0.32197,OPEN,,0,52
70.275,70.275,1,0.34476,0.3757,0.36023,0.36023,0.27368,0.32197,OPEN,,0,52
70.3081,70.3081,1,0.34549,0.37748,0.36149,0.3609,0.27368,0.32197,OPEN,,0,52
70.3421,70.3421,1,0.34504,0.3769,0.36097,0.36097,0.27368,0.32197,OPEN,,0,52
70.3761,70.3761,1,0.34518,0.37665,0.36091,0.36097,0.27368,0.32197,OPEN,,0,52
70.3939,70.3939,1,0.34558,0.37681,0.3612,0.36097,0.27368,0.32197,OPEN,,0,52
70.4149,70.4149,1,0.34548,0.37657,0.36102,0.36102,0.27368,0.32197,OPEN,,0,52
70.4805,70.4805,1,0.34531,0.37696,0.36113,0.36113,0.27368,0.32197,OPEN,,0,52
70.5132,70.5132,1,0.34609,0.37944,0.36276,0.36113,0.27368,0.32197,OPEN,,0,52
70.547,70.547,1,0.34504,0.3779,0.36147,0.36147,0.27368,0.32197,OPEN,,0,52
70.5797,70.5797,1,0.34392,0.37729,0.36061,0.36147,0.27368,0.32197,OPEN,,0,52
70.6129,70.6129,1,0.34317,0.37806,0.36061,0.36061,0.27368,0.32197,OPEN,,0,52
70.6472,70.6472,1,0.34433,0.37951,0.36192,0.36061,0.27368,0.32197,OPEN,,0,52
70.6842,70.6842,1,0.34669,0.38232,0.3645,0.36192,0.27368,0.32197,OPEN,,0,52
70.7039,70.7039,1,0.34671,0.38232,0.36452,0.3645,0.27368,0.32197,OPEN,,0,52
70.7379,70.7379,1,0.34563,0.38274,0.36419,0.3645,0.27368,0.32197,OPEN,,0,52
70.7735,70.7735,1,0.34417,0.38176,0.36296,0.36419,0.27368,0.32197,OPEN,,0,52
70.8013,70.8013,1,0.34357,0.38191,0.36274,0.36296,0.27368,0.32197,OPEN,,0,52
70.8197,70.8197,1,0.3427,0.3816,0.36215,0.36274,0.27368,0.32197,OPEN,,0,52
70.8881,70.8881,1,0.33786,0.37704,0.35745,0.36215,0.27368,0.32197,OPEN,,0,52
70.913,70.913,1,0.33818,0.3761,0.35714,0.35745,0.27368,0.32197,OPEN,,0,52
70.9473,70.9473,1,0.33596,0.37321,0.35458,0.35714,0.27368,0.32197,OPEN,,0,52
70.9838,70.9838,1,0.33535,0.37246,0.3539,0.35458,0.27368,0.32197,OPEN,,0,52
71.0161,71.0161,1,0.33594,0.37278,0.35436,0.35436,0.27368,0.32197,OPEN,,0,52
71.0507,71.0507,1,0.33639,0.37318,0.35478,0.35436,0.27368,0.32197,OPEN,,0,52
71.0732,71.0732,1,0.33533,0.37286,0.35409,0.35436,0.27368,0.32197,OPEN,,0,52
71.1101,71.1101,1,0.33531,0.37131,0.35331,0.35409,0.27368,0.32197,OPEN,,0,52
71.1453,71.1453,1,0.3322,0.36669,0.34944,0.35331,0.27368,0.32197,OPEN,,0,52
71.1681,71.1681,1,0.33286,0.36474,0.3488,0.34944,0.27368,0.32197,OPEN,,0,52
71.2013,71.2013,1,0.33263,0.36433,0.34848,0.3488,0.27368,0.32197,OPEN,,0,52
71.2355,71.2355,1,0.33203,0.3606,0.34632,0.34848,0.27368,0.32197,OPEN,,0,52
71.2823,71.2823,1,0.33258,0.36011,0.34634,0.34634,0.27368,0.32197,OPEN,,0,52
71.319,71.319,1,0.33216,0.36011,0.34613,0.34632,0.27368,0.32197,OPEN,,0,52
71.3529,71.3529,1,0.33128,0.35954,0.34541,0.34613,0.27368,0.32197,OPEN,,0,52
71.3765,71.3765,1,0.33079,0.35972,0.34526,0.34541,0.27368,0.32197,OPEN,,0,52
71.4103,71.4103,1,0.33066,0.35845,0.34455,0.34526,0.27368,0.32197,OPEN,,0,52
71.4398,71.4398,1,0.32903,0.3538,0.34142,0.34455,0.27368,0.32197,OPEN,,0,52
71.4727,71.4727,1,0.32445,0.35026,0.33736,0.34142,0.27368,0.32197,OPEN,,0,52
71.503,71.503,1,0.32587,0.35318,0.33952,0.33952,0.27368,0.32197,OPEN,,0,52
71.5406,71.5406,1,0.32668,0.35449,0.34058,0.33952,0.27368,0.32197,OPEN,,0,52
71.5742,71.5742,1,0.3267,0.35523,0.34096,0.34058,0.27368,0.32197,OPEN,,0,52
71.6072,71.6072,1,0.33001,0.35606,0.34304,0.34096,0.27368,0.32197,OPEN,,0,52
71.6327,71.6327,1,0.32879,0.3575,0.34314,0.34304,0.27368,0.32197,OPEN,,0,52
71.6654,71.6654,1,0.33118,0.36058,0.34588,0.34314,0.27368,0.32197,OPEN,,0,52
71.7149,71.7149,1,0.32725,0.35631,0.34178,0.34314,0.27368,0.32197,OPEN,,0,52
71.7509,71.7509,1,0.32439,0.35106,0.33773,0.34178,0.27368,0.32197,OPEN,,0,52
71.7756,71.7756,1,0.31803,0.34742,0.33272,0.33773,0.27368,0.32197,OPEN,,0,52
71.8103,71.8103,1,0.3203,0.3457,0.333,0.333,0.27368,0.32197,OPEN,,0,52
71.84,71.84,1,0.31675,0.34538,0.33106,0.33272,0.27368,0.32197,OPEN,,0,52
71.8742,71.8742,1,0.31853,0.34941,0.33397,0.333,0.27368,0.32197,OPEN,,0,52
71.9038,71.9038,1,0.32789,0.35057,0.33923,0.33397,0.27368,0.32197,OPEN,,0,52
71.9371,71.9371,1,0.32931,0.35076,0.34003,0.33923,0.27368,0.32197,OPEN,,0,52
71.9727,71.9727,1,0.33216,0.35079,0.34147,0.34003,0.27368,0.32197,OPEN,,0,52
72.0001,72.0001,1,0.33969,0.35196,0.34582,0.34147,0.27368,0.32197,OPEN,,0,52
72.0353,72.0353,1,0.34747,0.36262,0.35505,0.34582,0.27368,0.32197,OPEN,,0,52
72.0645,72.0645,1,0.34672,0.36621,0.35646,0.35505,0.27368,0.32197,OPEN,,0,52
72.0983,72.0983,1,0.34427,0.36796,0.35611,0.35611,0.27368,0.32197,OPEN,,0,52
72.1441,72.1441,1,0.35433,0.37744,0.36588,0.35646,0.27368,0.32197,OPEN,,0,52
72.1796,72.1796,1,0.35169,0.37024,0.36096,0.36096,0.27368,0.32197,OPEN,,0,52
72.2133,72.2133,1,0.35192,0.36311,0.35752,0.36096,0.27368,0.32197,OPEN,,0,52
72.2386,72.2386,1,0.35622,0.36483,0.36052,0.36052,0.27368,0.32197,OPEN,,0,52
72.2718,72.2718,1,0.35353,0.36466,0.35909,0.35909,0.27368,0.32197,OPEN,,0,52
72.3038,72.3038,1,0.34984,0.36482,0.35733,0.35909,0.27368,0.32197,OPEN,,0,52
72.3371,72.3371,1,0.35236,0.36793,0.36015,0.35909,0.27368,0.32197,OPEN,,0,52
72.3711,72.3711,1,0.35302,0.37023,0.36163,0.36015,0.27368,0.32197,OPEN,,0,52
72.404,72.404,1,0.35633,0.37516,0.36575,0.36163,0.27368,0.32197,OPEN,,0,52
72.4329,72.4329,1,0.34971,0.36992,0.35982,0.36163,0.27368,0.32197,OPEN,,0,52
72.4673,72.4673,1,0.34386,0.37149,0.35767,0.35982,0.27368,0.32197,OPEN,,0,52
72.4967,72.4967,1,0.34466,0.36574,0.3552,0.35767,0.27368,0.32197,OPEN,,0,52
72.5308,72.5308,1,0.34614,0.357,0.35157,0.3552,0.27368,0.32197,OPEN,,0,52
72.5781,72.5781,1,0.35268,0.35969,0.35618,0.3552,0.27368,0.32197,OPEN,,0,52
72.6137,72.6137,1,0.35913,0.36585,0.36249,0.35618,0.27368,0.32197,OPEN,,0,52
72.6475,72.6475,1,0.36932,0.37321,0.37127,0.36249,0.27368,0.32197,OPEN,,0,52
72.6713,72.6713,1,0.35687,0.3577,0.35729,0.36249,0.27368,0.32197,OPEN,,0,52
72.7059,72.7059,1,0.35315,0.35488,0.35402,0.35729,0.27368,0.32197,OPEN,,0,52
72.7405,72.7405,1,0.34171,0.34695,0.34433,0.35402,0.27368,0.32197,OPEN,,0,52
72.7674,72.7674,1,0.34387,0.34427,0.34407,0.34433,0.27368,0.32197,OPEN,,0,52
72.8014,72.8014,1,0.32953,0.33245,0.33099,0.34407,0.27368,0.32197,OPEN,,0,52
72.8413,72.8413,1,0.33879,0.34632,0.34255,0.34255,0.27368,0.32197,OPEN,,0,52
72.8761,72.8761,1,0.33302,0.34176,0.33739,0.33739,0.27368,0.32197,OPEN,,0,52
72.9103,72.9103,1,0.34467,0.34963,0.34715,0.34255,0.27368,0.32197,OPEN,,0,52
72.9332,72.9332,1,0.3201,0.33313,0.32661,0.33739,0.27368,0.32197,OPEN,,0,52
72.9772,72.9772,1,0.31306,0.32417,0.31861,0.32661,0.27368,0.32197,OPEN,,0,52
73.0077,73.0077,1,0.32068,0.33383,0.32726,0.32661,0.27368,0.32197,OPEN,,0,52
73.0456,73.0456,1,0.31869,0.33627,0.32748,0.32726,0.27368,0.32197,OPEN,,0,52
73.0799,73.0799,1,0.31969,0.33362,0.32666,0.32726,0.27368,0.32197,OPEN,,0,52
73.1033,73.1033,1,0.32026,0.33789,0.32907,0.32748,0.27368,0.32197,OPEN,,0,52
73.1363,73.1363,1,0.32508,0.33096,0.32802,0.32802,0.27368,0.32197,OPEN,,0,52
73.1693,73.1693,1,0.32219,0.33517,0.32868,0.32868,0.27368,0.32197,OPEN,,0,52
73.2016,73.2016,1,0.31664,0.33781,0.32722,0.32802,0.27368,0.32197,OPEN,,0,52
73.2328,73.2328,1,0.31497,0.34045,0.32771,0.32771,0.27368,0.32197,OPEN,,0,52
73.2702,73.2702,1,0.30512,0.33867,0.32189,0.32722,0.27368,0.32197,OPEN,,0,52
73.3047,73.3047,1,0.29314,0.32865,0.3109,0.32189,0.27368,0.32197,OPEN,,0,52
73.3288,73.3288,1,0.28813,0.31187,0.3,0.3109,0.27368,0.32197,OPEN,,0,52
73.3607,73.3607,1,0.28487,0.30009,0.29248,0.3,0.27368,0.32197,OPEN,,0,52
73.4101,73.4101,1,0.27437,0.28872,0.28154,0.29248,0.27368,0.32197,OPEN,,0,52
73.4404,73.4404,1,0.26607,0.27445,0.27026,0.28154,0.27368,0.32197,OPEN,,0,52
73.4775,73.4775,1,0.25908,0.26055,0.25981,0.27026,0.27368,0.32197,CLOSING,,0,52
73.504,73.504,1,0.25252,0.23638,0.24445,0.25981,0.27368,0.32197,CLOSING,0.02646,0,52
73.538,73.538,1,0.25811,0.21232,0.23521,0.24445,0.27368,0.32197,CLOSED,0.06047,0,52
73.5713,73.5713,1,0.25791,0.21959,0.23875,0.23875,0.27368,0.32197,CLOSED,0.09383,0,52
73.5994,73.5994,1,0.26362,0.26776,0.26569,0.23875,0.27368,0.32197,CLOSED,0.12186,0,52
73.6353,73.6353,1,0.28051,0.32559,0.30305,0.26569,0.27368,0.32197,CLOSED,0.15778,0,52
73.6689,73.6689,1,0.30643,0.35672,0.33157,0.30305,0.27368,0.32197,CLOSED,0.19138,0,52
73.7039,73.7039,1,0.32848,0.38753,0.35801,0.33157,0.27368,0.32197,OPENING,0.22639,0,52
73.7291,73.7291,1,0.34507,0.40782,0.37644,0.35801,0.27368,0.32197,OPEN,0.25159,1,53
73.7625,73.7625,1,0.3585,0.43161,0.39506,0.37644,0.27368,0.32197,OPEN,,0,53
73.7913,73.7913,1,0.36312,0.44957,0.40635,0.39506,0.27368,0.32197,OPEN,,0,53
73.8427,73.8427,1,0.38416,0.46612,0.42514,0.40635,0.27368,0.32197,OPEN,,0,53
73.8756,73.8756,1,0.40042,0.47412,0.43727,0.42514,0.27368,0.32197,OPEN,,0,53
73.9086,73.9086,1,0.40426,0.47429,0.43927,0.43727,0.27368,0.32197,OPEN,,0,53
73.9431,73.9431,1,0.40612,0.47251,0.43932,0.43927,0.27368,0.32197,OPEN,,0,53
73.9677,73.9677,1,0.41057,0.46993,0.44025,0.43932,0.27368,0.32197,OPEN,,0,53
74.002,74.002,1,0.40798,0.46818,0.43808,0.43932,0.27368,0.32197,OPEN,,0,53
74.0335,74.0335,1,0.40861,0.46722,0.43792,0.43808,0.27368,0.32197,OPEN,,0,53
74.0668,74.0668,1,0.41035,0.46843,0.43939,0.43808,0.27368,0.32197,OPEN,,0,53
74.0969,74.0969,1,0.41009,0.47126,0.44067,0.43939,0.27368,0.32197,OPEN,,0,53
74.1358,74.1358,1,0.40653,0.46614,0.43633,0.43939,0.27368,0.32197,OPEN,,0,53
74.171,74.171,1,0.40363,0.45961,0.43162,0.43633,0.27368,0.32197,OPEN,,0,53
74.2092,74.2092,1,0.40386,0.45511,0.42948,0.43162,0.27368,0.32197,OPEN,,0,53
74.2434,74.2434,1,0.41279,0.46058,0.43669,0.43162,0.27368,0.32197,OPEN,,0,53
74.2712,74.2712,1,0.40236,0.45447,0.42842,0.42948,0.27368,0.32197,OPEN,,0,53
74.3058,74.3058,1,0.39515,0.44381,0.41948,0.42842,0.27368,0.32197,OPEN,,0,53
74.3399,74.3399,1,0.39252,0.44038,0.41645,0.41948,0.27368,0.32197,OPEN,,0,53
74.3682,74.3682,1,0.39321,0.44161,0.41741,0.41741,0.27368,0.32197,OPEN,,0,53
74.4026,74.4026,1,0.39167,0.4365,0.41408,0.41645,0.27368,0.32197,OPEN,,0,53
74.436,74.436,1,0.39108,0.43808,0.41458,0.41458,0.27368,0.32197,OPEN,,0,53
74.4684,74.4684,1,0.39283,0.43022,0.41152,0.41408,0.27368,0.32197,OPEN,,0,53
74.4965,74.4965,1,0.392,0.43213,0.41207,0.41207,0.27368,0.32197,OPEN,,0,53
74.5305,74.5305,1,0.38826,0.42618,0.40722,0.41152,0.27368,0.32197,OPEN,,0,53
74.5655,74.5655,1,0.39388,0.43174,0.41281,0.41207,0.27368,0.32197,OPEN,,0,53
74.5989,74.5989,1,0.39919,0.43758,0.41838,0.41281,0.27368,0.32197,OPEN,,0,53
74.6391,74.6391,1,0.41179,0.4465,0.42914,0.41838,0.27368,0.32197,OPEN,,0,53
74.6735,74.6735,1,0.41872,0.45948,0.4391,0.42914,0.27368,0.32197,OPEN,,0,53
74.705,74.705,1,0.42957,0.46591,0.44774,0.4391,0.27368,0.32197,OPEN,,0,53
74.7385,74.7385,1,0.42984,0.46597,0.44791,0.44774,0.27368,0.32197,OPEN,,0,53
74.7735,74.7735,1,0.42211,0.45228,0.43719,0.44774,0.27368,0.32197,OPEN,,0,53
74.8026,74.8026,1,0.43649,0.46793,0.45221,0.44791,0.27368,0.32197,OPEN,,0,53
74.8378,74.8378,1,0.44414,0.47315,0.45864,0.45221,0.27368,0.32197,OPEN,,0,53
74.8832,74.8832,1,0.47454,0.50092,0.48773,0.45864,0.27368,0.32197,OPEN,,0,53
74.9067,74.9067,1,0.46677,0.4953,0.48103,0.48103,0.27368,0.32197,OPEN,,0,53
74.9401,74.9401,1,0.47062,0.49517,0.4829,0.4829,0.27368,0.32197,OPEN,,0,53
74.9616,74.9616,1,0.44707,0.47122,0.45914,0.48103,0.27368,0.32197,OPEN,,0,53
75.0,75.0,1,0.21255,0.20582,0.20919,0.45914,0.27368,0.32197,OPEN,,0,53
75.0343,75.0343,1,0.11236,0.06714,0.08975,,0.27368,0.32197,OPEN,,0,53
75.0673,75.0673,1,0.14254,0.08362,0.11308,0.20919,0.27368,0.32197,CLOSING,,0,53
75.0893,75.0893,1,0.20358,0.18035,0.19196,0.19196,0.27368,0.32197,CLOSING,0.02195,0,53
75.1237,75.1237,1,0.25496,0.23295,0.24395,0.19196,0.27368,0.32197,CLOSED,0.05633,0,53
75.1529,75.1529,1,0.27111,0.24231,0.25671,0.24395,0.27368,0.32197,CLOSED,0.08553,0,53
75.1904,75.1904,1,0.27798,0.26538,0.27168,0.25671,0.27368,0.32197,CLOSED,0.1231,0,53
75.2249,75.2249,1,0.30311,0.29996,0.30154,0.27168,0.27368,0.32197,CLOSED,0.15752,0,53
75.2659,75.2659,1,0.32629,0.32011,0.3232,0.30154,0.27368,0.32197,CLOSED,0.19857,0,53
75.2996,75.2996,1,0.33354,0.3354,0.33447,0.3232,0.27368,0.32197,OPENING,0.23227,0,53
75.3347,75.3347,1,0.35207,0.34758,0.34982,0.33447,0.27368,0.32197,OPEN,0.26738,1,54
75.3589,75.3589,1,0.37948,0.37911,0.3793,0.34982,0.27368,0.32197,OPEN,,0,54
75.393,75.393,1,0.38141,0.38704,0.38423,0.3793,0.27368,0.32197,OPEN,,0,54
75.4328,75.4328,1,0.37991,0.39689,0.3884,0.38423,0.27368,0.32197,OPEN,,0,54
75.4654,75.4654,1,0.37741,0.39558,0.3865,0.3865,0.27368,0.32197,OPEN,,0,54
75.4875,75.4875,1,0.37149,0.39439,0.38294,0.3865,0.27368,0.32197,OPEN,,0,54
75.5218,75.5218,1,0.36622,0.39286,0.37954,0.38294,0.27368,0.32197,OPEN,,0,54
75.5556,75.5556,1,0.36882,0.39515,0.38198,0.38198,0.27368,0.32197,OPEN,,0,54
75.5895,75.5895,1,0.37596,0.4034,0.38968,0.38198,0.27368,0.32197,OPEN,,0,54
75.6203,75.6203,1,0.37842,0.40416,0.39129,0.38968,0.27368,0.32197,OPEN,,0,54
75.6551,75.6551,1,0.37931,0.40294,0.39112,0.39112,0.27368,0.32197,OPEN,,0,54
75.6959,75.6959,1,0.37992,0.40617,0.39305,0.39129,0.27368,0.32197,OPEN,,0,54
75.7297,75.7297,1,0.38253,0.40897,0.39575,0.39305,0.27368,0.32197,OPEN,,0,54
75.7587,75.7587,1,0.38263,0.41057,0.3966,0.39575,0.27368,0.32197,OPEN,,0,54
75.7937,75.7937,1,0.38841,0.41232,0.40037,0.3966,0.27368,0.32197,OPEN,,0,54
75.828,75.828,1,0.38265,0.41023,0.39644,0.3966,0.27368,0.32197,OPEN,,0,54
75.8605,75.8605,1,0.37988,0.41047,0.39518,0.39644,0.27368,0.32197,OPEN,,0,54
75.8951,75.8951,1,0.37885,0.41232,0.39559,0.39559,0.27368,0.32197,OPEN,,0,54
75.9199,75.9199,1,0.37938,0.40767,0.39353,0.39518,0.27368,0.32197,OPEN,,0,54
75.9529,75.9529,1,0.37804,0.40323,0.39063,0.39353,0.27368,0.32197,OPEN,,0,54
75.9848,75.9848,1,0.37469,0.39982,0.38726,0.39063,0.27368,0.32197,OPEN,,0,54
76.0183,76.0183,1,0.37754,0.4079,0.39272,0.39063,0.27368,0.32197,OPEN,,0,54
76.0551,76.0551,1,0.37706,0.40662,0.39184,0.39184,0.27368,0.32197,OPEN,,0,54
76.0894,76.0894,1,0.37518,0.40455,0.38986,0.39184,0.27368,0.32197,OPEN,,0,54
76.128,76.128,1,0.3725,0.39959,0.38605,0.38986,0.27368,0.32197,OPEN,,0,54
76.1621,76.1621,1,0.37039,0.39814,0.38427,0.38605,0.27368,0.32197,OPEN,,0,54
76.1947,76.1947,1,0.36843,0.39393,0.38118,0.38427,0.27368,0.32197,OPEN,,0,54
76.224,76.224,1,0.36612,0.39202,0.37907,0.38118,0.27368,0.32197,OPEN,,0,54
76.2576,76.2576,1,0.36842,0.39604,0.38223,0.38118,0.27368,0.32197,OPEN,,0,54
76.2927,76.2927,1,0.37063,0.39732,0.38397,0.38223,0.27368,0.32197,OPEN,,0,54
76.326,76.326,1,0.3745,0.4021,0.3883,0.38397,0.27368,0.32197,OPEN,,0,54
76.3524,76.3524,1,0.37806,0.40285,0.39046,0.3883,0.27368,0.32197,OPEN,,0,54
76.3841,76.3841,1,0.37904,0.4018,0.39042,0.39042,0.27368,0.32197,OPEN,,0,54
76.4165,76.4165,1,0.37559,0.40015,0.38787,0.39042,0.27368,0.32197,OPEN,,0,54
76.4886,76.4886,1,0.37633,0.40039,0.38836,0.38836,0.27368,0.32197,OPEN,,0,54
76.5087,76.5087,1,0.37677,0.40149,0.38913,0.38836,0.27368,0.32197,OPEN,,0,54
76.5302,76.5302,1,0.37745,0.40228,0.38987,0.38913,0.27368,0.32197,OPEN,,0,54
76.5597,76.5597,1,0.37628,0.40023,0.38826,0.38913,0.27368,0.32197,OPEN,,0,54
76.592,76.592,1,0.37611,0.39841,0.38726,0.38826,0.27368,0.32197,OPEN,,0,54
76.6256,76.6256,1,0.37503,0.39647,0.38575,0.38726,0.27368,0.32197,OPEN,,0,54
76.659,76.659,1,0.37389,0.39537,0.38463,0.38575,0.27368,0.32197,OPEN,,0,54
76.6925,76.6925,1,0.37216,0.39118,0.38167,0.38463,0.27368,0.32197,OPEN,,0,54
76.7378,76.7378,1,0.37241,0.39108,0.38175,0.38175,0.27368,0.32197,OPEN,,0,54
76.7724,76.7724,1,0.36934,0.39203,0.38069,0.38167,0.27368,0.32197,OPEN,,0,54
76.8055,76.8055,1,0.36407,0.38506,0.37457,0.38069,0.27368,0.32197,OPEN,,0,54
76.8401,76.8401,1,0.36321,0.38422,0.37372,0.37457,0.27368,0.32197,OPEN,,0,54
76.8794,76.8794,1,0.36547,0.39074,0.3781,0.37457,0.27368,0.32197,OPEN,,0,54
76.8959,76.8959,1,0.36554,0.39122,0.37838,0.3781,0.27368,0.32197,OPEN,,0,54
76.9268,76.9268,1,0.36458,0.39216,0.37837,0.37837,0.27368,0.32197,OPEN,,0,54
76.9597,76.9597,1,0.36324,0.39445,0.37884,0.37838,0.27368,0.32197,OPEN,,0,54
76.993,76.993,1,0.36901,0.39982,0.38441,0.37884,0.27368,0.32197,OPEN,,0,54
77.0302,77.0302,1,0.37017,0.40082,0.38549,0.38441,0.27368,0.32197,OPEN,,0,54
77.056,77.056,1,0.36849,0.40025,0.38437,0.38441,0.27368,0.32197,OPEN,,0,54
77.0888,77.0888,1,0.37984,0.40712,0.39348,0.38549,0.27368,0.32197,OPEN,,0,54
77.1226,77.1226,1,0.3923,0.41883,0.40557,0.39348,0.27368,0.32197,OPEN,,0,54
77.1576,77.1576,1,0.40396,0.42628,0.41512,0.40557,0.27368,0.32197,OPEN,,0,54
77.1916,77.1916,1,0.41706,0.43709,0.42707,0.41512,0.27368,0.32197,OPEN,,0,54
77.2147,77.2147,1,0.42397,0.44352,0.43374,0.42707,0.27368,0.32197,OPEN,,0,54
77.2807,77.2807,1,0.43448,0.45607,0.44528,0.43374,0.27368,0.32197,OPEN,,0,54
77.313,77.313,1,0.43432,0.45564,0.44498,0.44498,0.27368,0.32197,OPEN,,0,54
77.347,77.347,1,0.43404,0.45615,0.44509,0.44509,0.27368,0.32197,OPEN,,0,54
77.3792,77.3792,1,0.43896,0.46012,0.44954,0.44509,0.27368,0.32197,OPEN,,0,54
77.4121,77.4121,1,0.43869,0.45957,0.44913,0.44913,0.27368,0.32197,OPEN,,0,54
77.4466,77.4466,1,0.39401,0.416,0.405,0.44913,0.27368,0.32197,OPEN,,0,54
77.4791,77.4791,1,0.34856,0.3741,0.36133,0.405,0.27368,0.32197,OPEN,,0,54
77.5179,77.5179,1,0.26583,0.27753,0.27168,0.36133,0.27368,0.32197,OPEN,,0,54
77.5443,77.5443,1,0.19781,0.20298,0.20039,0.27168,0.27368,0.32197,CLOSING,,0,54
77.58,77.58,1,0.16281,0.12324,0.14303,0.20039,0.27368,0.32197,CLOSING,0.03566,0,54
77.6116,77.6116,1,0.15451,0.10149,0.128,0.14303,0.27368,0.32197,CLOSED,0.06724,0,54
77.6279,77.6279,1,0.13088,0.09346,0.11217,0.128,0.27368,0.32197,CLOSED,0.0836,0,54
77.6832,77.6832,1,0.16219,0.09981,0.131,0.128,0.27368,0.32197,CLOSED,0.13891,0,54
77.7147,77.7147,1,0.16575,0.0909,0.12833,0.12833,0.27368,0.32197,CLOSED,0.17036,0,54
77.7454,77.7454,1,0.16977,0.10842,0.13909,0.131,0.27368,0.32197,CLOSED,0.20111,0,54
77.78,77.78,1,0.18359,0.118,0.15079,0.13909,0.27368,0.32197,CLOSED,0.23569,0,54
77.8105,77.8105,1,0.16897,0.10969,0.13933,0.13933,0.27368,0.32197,CLOSED,0.26618,0,54
77.8455,77.8455,1,0.18099,0.1059,0.14344,0.14344,0.27368,0.32197,CLOSED,0.30116,0,54
77.8786,77.8786,1,0.1873,0.11829,0.1528,0.14344,0.27368,0.32197,CLOSED,0.33426,0,54
77.9049,77.9049,1,0.18907,0.12305,0.15606,0.1528,0.27368,0.32197,CLOSED,0.3606,0,54
77.922,77.922,1,0.19331,0.12844,0.16087,0.15606,0.27368,0.32197,CLOSED,0.3777,0,54
77.9525,77.9525,1,0.19203,0.11504,0.15354,0.15606,0.27368,0.32197,CLOSED,0.40817,0,54
77.985,77.985,1,0.18871,0.08755,0.13813,0.15354,0.27368,0.32197,CLOSED,0.44073,0,54
78.0213,78.0213,1,0.17213,0.07261,0.12237,0.13813,0.27368,0.32197,CLOSED,0.47702,0,54
78.0823,78.0823,1,0.17914,0.10808,0.14361,0.13813,0.27368,0.32197,CLOSED,0.53798,0,54
78.1143,78.1143,1,0.17228,0.09442,0.13335,0.13335,0.27368,0.32197,CLOSED,0.56999,0,54
78.1479,78.1479,1,0.18239,0.09332,0.13785,0.13785,0.27368,0.32197,CLOSED,0.60359,0,54
78.1822,78.1822,1,0.18644,0.09631,0.14137,0.13785,0.27368,0.32197,CLOSED,0.63784,0,54
78.2158,78.2158,1,0.18757,0.10502,0.1463,0.14137,0.27368,0.32197,CLOSED,0.67153,0,54
78.2412,78.2412,1,0.18903,0.10397,0.1465,0.1463,0.27368,0.32197,CLOSED,0.69687,0,54
78.2595,78.2595,1,0.20032,0.11979,0.16005,0.1465,0.27368,0.32197,CLOSED,0.71521,0,54
78.2878,78.2878,1,0.20961,0.13003,0.16982,0.16005,0.27368,0.32197,CLOSED,0.7435,0,54
78.3223,78.3223,1,0.22027,0.1375,0.17888,0.16982,0.27368,0.32197,CLOSED,0.77802,0,54
78.3518,78.3518,1,0.21885,0.14501,0.18193,0.17888,0.27368,0.32197,CLOSED,0.80747,0,54
78.3856,78.3856,1,0.20717,0.13336,0.17027,0.17888,0.27368,0.32197,CLOSED,0.84126,0,54
78.4166,78.4166,1,0.20405,0.13297,0.16851,0.17027,0.27368,0.32197,CLOSED,0.87227,0,54
78.4818,78.4818,1,0.20178,0.14398,0.17288,0.17027,0.27368,0.32197,CLOSED,0.93753,0,54
78.5159,78.5159,1,0.20106,0.14339,0.17223,0.17223,0.27368,0.32197,CLOSED,0.97161,0,54
78.5496,78.5496,1,0.18466,0.13625,0.16045,0.17223,0.27368,0.32197,CLOSED,1.00532,0,54
78.5835,78.5835,1,0.17961,0.12589,0.15275,0.16045,0.27368,0.32197,CLOSED,1.03914,0,54
78.6055,78.6055,1,0.17798,0.12297,0.15048,0.15275,0.27368,0.32197,CLOSED,1.06118,0,54
78.6393,78.6393,1,0.179,0.12614,0.15257,0.15257,0.27368,0.32197,CLOSED,1.09501,0,54
78.6742,78.6742,1,0.18332,0.1242,0.15376,0.15257,0.27368,0.32197,CLOSED,1.12985,0,54
78.708,78.708,1,0.18613,0.11416,0.15014,0.15257,0.27368,0.32197,CLOSED,1.16366,0,54
78.7427,78.7427,1,0.18062,0.11963,0.15013,0.15014,0.27368,0.32197,CLOSED,1.19834,0,54
78.7776,78.7776,1,0.18933,0.14005,0.16469,0.15014,0.27368,0.32197,CLOSED,1.2333,0,54
78.8124,78.8124,1,0.19167,0.14436,0.16802,0.16469,0.27368,0.32197,CLOSED,1.2681,0,54
78.8469,78.8469,1,0.18964,0.14277,0.1662,0.1662,0.27368,0.32197,CLOSED,1.30261,0,54
78.8886,78.8886,1,0.21256,0.15731,0.18494,0.16802,0.27368,0.32197,CLOSED,1.34424,0,54
78.9123,78.9123,1,0.21199,0.13457,0.17328,0.17328,0.27368,0.32197,CLOSED,1.36794,0,54
78.945,78.945,1,0.20677,0.13325,0.17001,0.17328,0.27368,0.32197,CLOSED,1.40073,0,54
78.9784,78.9784,1,0.20906,0.13609,0.17258,0.17258,0.27368,0.32197,CLOSED,1.43407,0,54
79.0114,79.0114,1,0.21299,0.14128,0.17714,0.17258,0.27368,0.32197,CLOSED,1.46711,0,54
79.0456,79.0456,1,0.2029,0.1412,0.17205,0.17258,0.27368,0.32197,CLOSED,1.50129,0,54
79.084,79.084,1,0.20156,0.15579,0.17868,0.17714,0.27368,0.32197,CLOSED,1.53972,0,54
79.1213,79.1213,1,0.19505,0.14292,0.16899,0.17205,0.27368,0.32197,CLOSED,1.57702,0,54
79.1397,79.1397,1,0.19338,0.13346,0.16342,0.16899,0.27368,0.32197,CLOSED,1.59543,0,54
79.1742,79.1742,1,0.19593,0.13438,0.16515,0.16515,0.27368,0.32197,CLOSED,1.62988,0,54
79.1942,79.1942,1,0.18574,0.13009,0.15792,0.16342,0.27368,0.32197,CLOSED,1.64985,0,54
79.2154,79.2154,1,0.18619,0.13294,0.15956,0.15956,0.27368,0.32197,CLOSED,1.67111,0,54
79.2794,79.2794,1,0.17985,0.13537,0.15761,0.15792,0.27368,0.32197,CLOSED,1.73505,0,54
79.3171,79.3171,1,0.19155,0.14473,0.16814,0.15956,0.27368,0.32197,CLOSED,1.77282,0,54
79.3443,79.3443,1,0.17401,0.13971,0.15686,0.15761,0.27368,0.32197,CLOSED,1.8,0,54
79.3778,79.3778,1,0.17783,0.14143,0.15963,0.15963,0.27368,0.32197,CLOSED,1.83352,0,54
79.4114,79.4114,1,0.181,0.1449,0.16295,0.15963,0.27368,0.32197,CLOSED,1.86704,0,54
79.4457,79.4457,1,0.1764,0.14658,0.16149,0.16149,0.27368,0.32197,CLOSED,1.90136,0,54
79.4801,79.4801,1,0.17992,0.14848,0.1642,0.16295,0.27368,0.32197,CLOSED,1.93576,0,54
79.5168,79.5168,1,0.18201,0.14692,0.16447,0.1642,0.27368,0.32197,CLOSED,1.97252,0,54
79.5432,79.5432,1,0.18016,0.14144,0.1608,0.1642,0.27368,0.32197,CLOSED,1.99892,0,54
79.5608,79.5608,1,0.18252,0.14214,0.16233,0.16233,0.27368,0.32197,CLOSED,2.01645,0,54
79.5823,79.5823,1,0.18492,0.14753,0.16623,0.16233,0.27368,0.32197,CLOSED,2.03798,0,54
79.6162,79.6162,1,0.20941,0.17093,0.19017,0.16623,0.27368,0.32197,CLOSED,2.07189,0,54
79.6827,79.6827,1,0.22572,0.19667,0.2112,0.19017,0.27368,0.32197,CLOSED,2.1384,0,54
79.7137,79.7137,1,0.22188,0.18844,0.20516,0.20516,0.27368,0.32197,CLOSED,2.16938,0,54
79.7513,79.7513,1,0.22238,0.19195,0.20717,0.20717,0.27368,0.32197,CLOSED,2.20694,0,54
79.7857,79.7857,1,0.2186,0.18481,0.2017,0.20516,0.27368,0.32197,CLOSED,2.24142,0,54
79.8065,79.8065,1,0.2186,0.18569,0.20214,0.20214,0.27368,0.32197,CLOSED,2.26217,0,54
79.8397,79.8397,1,0.21333,0.18497,0.19915,0.2017,0.27368,0.32197,CLOSED,2.29541,0,54
79.8742,79.8742,1,0.21934,0.19475,0.20705,0.20214,0.27368,0.32197,CLOSED,2.32991,0,54
79.8937,79.8937,1,0.2199,0.19395,0.20692,0.20692,0.27368,0.32197,CLOSED,2.34934,0,54
79.9264,79.9264,1,0.22115,0.19519,0.20817,0.20705,0.27368,0.32197,CLOSED,2.38207,0,54
79.9636,79.9636,1,0.21973,0.1926,0.20616,0.20692,0.27368,0.32197,CLOSED,2.41924,0,54
79.9833,79.9833,1,0.22331,0.19409,0.2087,0.20817,0.27368,0.32197,CLOSED,2.43898,0,54
80.0172,80.0172,1,0.22825,0.18764,0.20795,0.20795,0.27368,0.32197,CLOSED,2.47283,0,54
80.083,80.083,1,0.22622,0.18673,0.20648,0.20795,0.27368,0.32197,CLOSED,2.53865,0,54
80.1129,80.1129,1,0.22906,0.21028,0.21967,0.20795,0.27368,0.32197,CLOSED,2.56863,0,54
80.1465,80.1465,1,0.26018,0.22474,0.24246,0.21967,0.27368,0.32197,CLOSED,2.60218,0,54
80.1832,80.1832,1,0.254,0.22909,0.24154,0.24154,0.27368,0.32197,CLOSED,2.63886,0,54
80.2168,80.2168,1,0.24637,0.22373,0.23505,0.24154,0.27368,0.32197,CLOSED,2.6725,0,54
80.25,80.25,1,0.2431,0.22212,0.23261,0.23505,0.27368,0.32197,CLOSED,2.70572,0,54
80.2718,80.2718,1,0.2417,0.22052,0.23111,0.23261,0.27368,0.32197,CLOSED,2.72749,0,54
80.3049,80.3049,1,0.23669,0.21317,0.22493,0.23111,0.27368,0.32197,CLOSED,2.76054,0,54
80.3385,80.3385,1,0.23581,0.21772,0.22677,0.22677,0.27368,0.32197,CLOSED,2.7942,0,54
80.3726,80.3726,1,0.2257,0.21087,0.21829,0.22493,0.27368,0.32197,CLOSED,2.82826,0,54
80.4012,80.4012,1,0.21882,0.20139,0.2101,0.21829,0.27368,0.32197,CLOSED,2.85692,0,54
80.4351,80.4351,1,0.22287,0.20345,0.21316,0.21316,0.27368,0.32197,CLOSED,2.89075,0,54
80.4824,80.4824,1,0.22249,0.20173,0.21211,0.21211,0.27368,0.32197,CLOSED,2.93809,0,54
80.5167,80.5167,1,0.22744,0.20125,0.21434,0.21316,0.27368,0.32197,CLOSED,2.97236,0,54
80.55,80.55,1,0.22343,0.19173,0.20758,0.21211,0.27368,0.32197,CLOSED,3.00573,0,54
80.5837,80.5837,1,0.23746,0.21331,0.22538,0.21434,0.27368,0.32197,CLOSED,3.03934,0,54
80.6105,80.6105,1,0.2302,0.20709,0.21864,0.21864,0.27368,0.32197,CLOSED,3.06623,0,54
80.639,80.639,1,0.24504,0.23366,0.23935,0.22538,0.27368,0.32197,CLOSED,3.09466,0,54
80.6729,80.6729,1,0.24259,0.22635,0.23447,0.23447,0.27368,0.32197,CLOSED,3.12854,0,54
80.7105,80.7105,1,0.23514,0.22439,0.22977,0.23447,0.27368,0.32197,CLOSED,3.16622,0,54
80.7444,80.7444,1,0.23496,0.22871,0.23184,0.23184,0.27368,0.32197,CLOSED,3.20009,0,54
80.7779,80.7779,1,0.23268,0.22262,0.22765,0.22977,0.27368,0.32197,CLOSED,3.23355,0,54
80.8123,80.8123,1,0.22736,0.21055,0.21896,0.22765,0.27368,0.32197,CLOSED,3.26798,0,54
80.8517,80.8517,1,0.20857,0.19329,0.20093,0.21896,0.27368,0.32197,CLOSED,3.30743,0,54
80.8847,80.8847,1,0.20507,0.17228,0.18867,0.20093,0.27368,0.32197,CLOSED,3.34042,0,54
80.9119,80.9119,1,0.20616,0.17281,0.18949,0.18949,0.27368,0.32197,CLOSED,3.36762,0,54
80.9455,80.9455,1,0.20633,0.17103,0.18868,0.18868,0.27368,0.32197,CLOSED,3.40118,0,54
80.9783,80.9783,1,0.20869,0.17612,0.19241,0.18949,0.27368,0.32197,CLOSED,3.43402,0,54
81.0115,81.0115,1,0.21484,0.19555,0.2052,0.19241,0.27368,0.32197,CLOSED,3.46715,0,54
81.0473,81.0473,1,0.21281,0.19157,0.20219,0.20219,0.27368,0.32197,CLOSED,3.50302,0,54
81.0721,81.0721,1,0.20972,0.17866,0.19419,0.20219,0.27368,0.32197,CLOSED,3.52774,0,54
81.1043,81.1043,1,0.20772,0.17436,0.19104,0.19419,0.27368,0.32197,CLOSED,3.55998,0,54
81.1372,81.1372,1,0.21361,0.17636,0.19499,0.19419,0.27368,0.32197,CLOSED,3.59288,0,54
81.1709,81.1709,1,0.22441,0.18219,0.2033,0.19499,0.27368,0.32197,CLOSED,3.62659,0,54
81.2056,81.2056,1,0.22972,0.18993,0.20983,0.2033,0.27368,0.32197,CLOSED,3.66124,0,54
81.24,81.24,1,0.24197,0.20882,0.2254,0.20983,0.27368,0.32197,CLOSED,3.69566,0,54
81.2828,81.2828,1,0.25447,0.21561,0.23504,0.2254,0.27368,0.32197,CLOSED,3.73853,0,54
81.3167,81.3167,1,0.24889,0.2073,0.2281,0.2281,0.27368,0.32197,CLOSED,3.77241,0,54
81.3506,81.3506,1,0.23857,0.19067,0.21462,0.2281,0.27368,0.32197,CLOSED,3.80629,0,54
81.3763,81.3763,1,0.23912,0.19439,0.21676,0.21676,0.27368,0.32197,CLOSED,3.83198,0,54
81.4104,81.4104,1,0.24673,0.2086,0.22766,0.21676,0.27368,0.32197,CLOSED,3.86607,0,54
81.4455,81.4455,1,0.2311,0.18709,0.20909,0.21676,0.27368,0.32197,CLOSED,3.90118,0,54
81.4895,81.4895,1,0.22684,0.18782,0.20733,0.20909,0.27368,0.32197,CLOSED,3.9452,0,54
81.5219,81.5219,1,0.21208,0.18401,0.19805,0.20733,0.27368,0.32197,CLOSED,3.97755,0,54
81.5565,81.5565,1,0.19565,0.16748,0.18156,0.19805,0.27368,0.32197,CLOSED,4.01223,0,54
81.5738,81.5738,1,0.18834,0.15999,0.17416,0.18156,0.27368,0.32197,CLOSED,4.02948,0,54
81.5925,81.5925,1,0.19158,0.15669,0.17414,0.17416,0.27368,0.32197,CLOSED,4.04817,0,54
81.6142,81.6142,1,0.17976,0.14915,0.16446,0.17414,0.27368,0.32197,CLOSED,4.06987,0,54
81.6849,81.6849,1,0.23228,0.24979,0.24103,0.17414,0.27368,0.32197,CLOSED,4.1406,0,54
81.7131,81.7131,1,0.2905,0.28894,0.28972,0.24103,0.27368,0.32197,CLOSED,4.16879,0,54
81.7466,81.7466,1,0.32007,0.32392,0.32199,0.28972,0.27368,0.32197,CLOSED,4.20228,0,54
81.7785,81.7785,1,0.34047,0.34566,0.34307,0.32199,0.27368,0.32197,OPENING,4.2342,0,54
81.8102,81.8102,1,0.34773,0.35685,0.35229,0.34307,0.27368,0.32197,OPEN,4.26586,0,54
81.8438,81.8438,1,0.3473,0.35854,0.35292,0.35229,0.27368,0.32197,OPEN,,0,54
81.8768,81.8768,1,0.34712,0.35875,0.35293,0.35292,0.27368,0.32197,OPEN,,0,54
81.911,81.911,1,0.34893,0.3599,0.35441,0.35293,0.27368,0.32197,OPEN,,0,54
81.9452,81.9452,1,0.35412,0.36736,0.36074,0.35441,0.27368,0.32197,OPEN,,0,54
81.9736,81.9736,1,0.35922,0.37086,0.36504,0.36074,0.27368,0.32197,OPEN,,0,54
81.9992,81.9992,1,0.36195,0.37246,0.36721,0.36504,0.27368,0.32197,OPEN,,0,54
82.0334,82.0334,1,0.3593,0.36833,0.36382,0.36504,0.27368,0.32197,OPEN,,0,54
82.0805,82.0805,1,0.35952,0.36747,0.3635,0.36382,0.27368,0.32197,OPEN,,0,54
82.1161,82.1161,1,0.36172,0.36862,0.36517,0.36382,0.27368,0.32197,OPEN,,0,54
82.1444,82.1444,1,0.35839,0.36795,0.36317,0.3635,0.27368,0.32197,OPEN,,0,54
82.1778,82.1778,1,0.35736,0.36755,0.36246,0.36317,0.27368,0.32197,OPEN,,0,54
82.2099,82.2099,1,0.35429,0.36389,0.35909,0.36246,0.27368,0.32197,OPEN,,0,54
82.2443,82.2443,1,0.34934,0.36227,0.35581,0.35909,0.27368,0.32197,OPEN,,0,54
82.278,82.278,1,0.34822,0.36426,0.35624,0.35624,0.27368,0.32197,OPEN,,0,54
82.3042,82.3042,1,0.34807,0.3646,0.35633,0.35624,0.27368,0.32197,OPEN,,0,54
82.3422,82.3422,1,0.34805,0.36656,0.35731,0.35633,0.27368,0.32197,OPEN,,0,54
82.3757,82.3757,1,0.34731,0.36692,0.35711,0.35711,0.27368,0.32197,OPEN,,0,54
82.3994,82.3994,1,0.34772,0.36751,0.35762,0.35731,0.27368,0.32197,OPEN,,0,54
82.4328,82.4328,1,0.34767,0.36729,0.35748,0.35748,0.27368,0.32197,OPEN,,0,54
82.4822,82.4822,1,0.34435,0.36759,0.35597,0.35748,0.27368,0.32197,OPEN,,0,54
82.5126,82.5126,1,0.34587,0.3696,0.35774,0.35748,0.27368,0.32197,OPEN,,0,54
82.5496,82.5496,1,0.34696,0.36917,0.35806,0.35774,0.27368,0.32197,OPEN,,0,54
82.5835,82.5835,1,0.35551,0.38056,0.36803,0.35806,0.27368,0.32197,OPEN,,0,54
82.6179,82.6179,1,0.3553,0.37685,0.36608,0.36608,0.27368,0.32197,OPEN,,0,54
82.6401,82.6401,1,0.34954,0.3647,0.35712,0.36608,0.27368,0.32197,OPEN,,0,54
82.672,82.672,1,0.35515,0.36039,0.35777,0.35777,0.27368,0.32197,OPEN,,0,54
82.7057,82.7057,1,0.20871,0.18635,0.19753,0.35712,0.27368,0.32197,OPEN,,0,54
82.7371,82.7371,1,0.21392,0.17262,0.19327,0.19753,0.27368,0.32197,CLOSING,,0,54
82.7726,82.7726,1,0.21451,0.17069,0.1926,0.19327,0.27368,0.32197,CLOSING,0.03543,0,54
82.7989,82.7989,1,0.24047,0.22668,0.23358,0.19327,0.27368,0.32197,CLOSED,0.06172,0,54
82.8329,82.8329,1,0.27948,0.27151,0.27549,0.23358,0.27368,0.32197,CLOSED,0.09579,0,54
82.8662,82.8662,1,0.29702,0.29892,0.29797,0.27549,0.27368,0.32197,CLOSED,0.12911,0,54
82.9136,82.9136,1,0.30282,0.30659,0.30471,0.29797,0.27368,0.32197,CLOSED,0.17646,0,54
82.9481,82.9481,1,0.3206,0.33011,0.32535,0.30471,0.27368,0.32197,CLOSED,0.21091,0,54
82.9808,82.9808,1,0.33587,0.35568,0.34578,0.32535,0.27368,0.32197,OPENING,0.24364,0,54
83.0155,83.0155,1,0.34669,0.36724,0.35696,0.34578,0.27368,0.32197,OPEN,0.27837,1,55
83.0392,83.0392,1,0.34801,0.37209,0.36005,0.35696,0.27368,0.32197,OPEN,,0,55
83.0734,83.0734,1,0.35444,0.38435,0.36939,0.36005,0.27368,0.32197,OPEN,,0,55
83.1075,83.1075,1,0.35848,0.3898,0.37414,0.36939,0.27368,0.32197,OPEN,,0,55
83.1404,83.1404,1,0.35999,0.39496,0.37747,0.37414,0.27368,0.32197,OPEN,,0,55
83.1765,83.1765,1,0.36035,0.39353,0.37694,0.37694,0.27368,0.32197,OPEN,,0,55
83.2027,83.2027,1,0.36137,0.39274,0.37706,0.37706,0.27368,0.32197,OPEN,,0,55
83.236,83.236,1,0.36621,0.39434,0.38028,0.37706,0.27368,0.32197,OPEN,,0,55
83.2642,83.2642,1,0.37243,0.39994,0.38618,0.38028,0.27368,0.32197,OPEN,,0,55
83.3133,83.3133,1,0.37346,0.40087,0.38717,0.38618,0.27368,0.32197,OPEN,,0,55
83.3467,83.3467,1,0.36932,0.39099,0.38015,0.38618,0.27368,0.32197,OPEN,,0,55
83.3805,83.3805,1,0.36669,0.38805,0.37737,0.38015,0.27368,0.32197,OPEN,,0,55
83.4151,83.4151,1,0.36388,0.38386,0.37387,0.37737,0.27368,0.32197,OPEN,,0,55
83.4404,83.4404,1,0.3653,0.38366,0.37448,0.37448,0.27368,0.32197,OPEN,,0,55
83.4733,83.4733,1,0.36556,0.38461,0.37509,0.37448,0.27368,0.32197,OPEN,,0,55
83.5068,83.5068,1,0.36804,0.38842,0.37823,0.37509,0.27368,0.32197,OPEN,,0,55
83.5354,83.5354,1,0.36499,0.38835,0.37667,0.37667,0.27368,0.32197,OPEN,,0,55
83.5697,83.5697,1,0.3649,0.38852,0.37671,0.37671,0.27368,0.32197,OPEN,,0,55
83.6032,83.6032,1,0.35952,0.38559,0.37256,0.37667,0.27368,0.32197,OPEN,,0,55
83.6397,83.6397,1,0.35841,0.38421,0.37131,0.37256,0.27368,0.32197,OPEN,,0,55
83.6633,83.6633,1,0.35995,0.3879,0.37393,0.37256,0.27368,0.32197,OPEN,,0,55
83.6977,83.6977,1,0.36041,0.3887,0.37456,0.37393,0.27368,0.32197,OPEN,,0,55
83.7439,83.7439,1,0.35913,0.38177,0.37045,0.37393,0.27368,0.32197,OPEN,,0,55
83.778,83.778,1,0.35734,0.37915,0.36824,0.37045,0.27368,0.32197,OPEN,,0,55
83.8102,83.8102,1,0.35601,0.37806,0.36704,0.36824,0.27368,0.32197,OPEN,,0,55
83.8424,83.8424,1,0.34535,0.36862,0.35698,0.36704,0.27368,0.32197,OPEN,,0,55
83.8715,83.8715,1,0.34636,0.36792,0.35714,0.35714,0.27368,0.32197,OPEN,,0,55
83.9066,83.9066,1,0.3482,0.36579,0.35699,0.35699,0.27368,0.32197,OPEN,,0,55
83.9418,83.9418,1,0.35061,0.36569,0.35815,0.35714,0.27368,0.32197,OPEN,,0,55
83.9687,83.9687,1,0.35168,0.36696,0.35932,0.35815,0.27368,0.32197,OPEN,,0,55
84.0031,84.0031,1,0.35319,0.36419,0.35869,0.35869,0.27368,0.32197,OPEN,,0,55
84.0327,84.0327,1,0.35441,0.36627,0.36034,0.35932,0.27368,0.32197,OPEN,,0,55
84.0694,84.0694,1,0.35078,0.36524,0.35801,0.35869,0.27368,0.32197,OPEN,,0,55
84.1041,84.1041,1,0.34941,0.36527,0.35734,0.35801,0.27368,0.32197,OPEN,,0,55
84.1279,84.1279,1,0.35026,0.36666,0.35846,0.35801,0.27368,0.32197,OPEN,,0,55
84.1753,84.1753,1,0.35029,0.36865,0.35947,0.35846,0.27368,0.32197,OPEN,,0,55
84.2083,84.2083,1,0.34854,0.36656,0.35755,0.35846,0.27368,0.32197,OPEN,,0,55
84.2401,84.2401,1,0.34769,0.36606,0.35687,0.35755,0.27368,0.32197,OPEN,,0,55
84.2746,84.2746,1,0.34551,0.36492,0.35521,0.35687,0.27368,0.32197,OPEN,,0,55
84.3028,84.3028,1,0.3455,0.36498,0.35524,0.35524,0.27368,0.32197,OPEN,,0,55
84.3382,84.3382,1,0.34481,0.3646,0.35471,0.35521,0.27368,0.32197,OPEN,,0,55
84.3726,84.3726,1,0.34278,0.36063,0.3517,0.35471,0.27368,0.32197,OPEN,,0,55
84.4003,84.4003,1,0.34644,0.36346,0.35495,0.35471,0.27368,0.32197,OPEN,,0,55
84.4336,84.4336,1,0.35034,0.36936,0.35985,0.35495,0.27368,0.32197,OPEN,,0,55
84.4672,84.4672,1,0.34527,0.36321,0.35424,0.35495,0.27368,0.32197,OPEN,,0,55
84.5031,84.5031,1,0.34717,0.36214,0.35465,0.35465,0.27368,0.32197,OPEN,,0,55
84.5378,84.5378,1,0.34918,0.36202,0.3556,0.35465,0.27368,0.32197,OPEN,,0,55
84.571,84.571,1,0.34904,0.36175,0.3554,0.3554,0.27368,0.32197,OPEN,,0,55
84.6116,84.6116,1,0.34899,0.36153,0.35526,0.3554,0.27368,0.32197,OPEN,,0,55
84.6422,84.6422,1,0.34945,0.36144,0.35545,0.3554,0.27368,0.32197,OPEN,,0,55
84.6748,84.6748,1,0.34985,0.35955,0.3547,0.35526,0.27368,0.32197,OPEN,,0,55
84.7116,84.7116,1,0.34848,0.36399,0.35624,0.35545,0.27368,0.32197,OPEN,,0,55
84.7464,84.7464,1,0.34926,0.3645,0.35688,0.35624,0.27368,0.32197,OPEN,,0,55
84.78,84.78,1,0.34934,0.36437,0.35686,0.35686,0.27368,0.32197,OPEN,,0,55
84.803,84.803,1,0.34917,0.3639,0.35654,0.35686,0.27368,0.32197,OPEN,,0,55
84.8367,84.8367,1,0.34916,0.36276,0.35596,0.35654,0.27368,0.32197,OPEN,,0,55
84.8643,84.8643,1,0.34902,0.3626,0.35581,0.35596,0.27368,0.32197,OPEN,,0,55
84.8979,84.8979,1,0.34946,0.36231,0.35588,0.35588,0.27368,0.32197,OPEN,,0,55
84.9338,84.9338,1,0.34936,0.36353,0.35645,0.35588,0.27368,0.32197,OPEN,,0,55
84.959,84.959,1,0.35004,0.36473,0.35739,0.35645,0.27368,0.32197,OPEN,,0,55
85.0113,85.0113,1,0.34114,0.35504,0.34809,0.35645,0.27368,0.32197,OPEN,,0,55
85.0415,85.0415,1,0.34248,0.35665,0.34956,0.34956,0.27368,0.32197,OPEN,,0,55
85.0713,85.0713,1,0.34272,0.35453,0.34863,0.34863,0.27368,0.32197,OPEN,,0,55
85.1052,85.1052,1,0.34325,0.35589,0.34957,0.34956,0.27368,0.32197,OPEN,,0,55
85.1421,85.1421,1,0.34358,0.35648,0.35003,0.34957,0.27368,0.32197,OPEN,,0,55
85.1667,85.1667,1,0.34411,0.35689,0.3505,0.35003,0.27368,0.32197,OPEN,,0,55
85.2009,85.2009,1,0.34518,0.3568,0.35099,0.3505,0.27368,0.32197,OPEN,,0,55
85.2316,85.2316,1,0.34534,0.35799,0.35166,0.35099,0.27368,0.32197,OPEN,,0,55
85.2659,85.2659,1,0.34816,0.35983,0.354,0.35166,0.27368,0.32197,OPEN,,0,55
85.2955,85.2955,1,0.34683,0.3596,0.35322,0.35322,0.27368,0.32197,OPEN,,0,55
85.33,85.33,1,0.34872,0.3594,0.35406,0.354,0.27368,0.32197,OPEN,,0,55
85.3672,85.3672,1,0.34789,0.3576,0.35275,0.35322,0.27368,0.32197,OPEN,,0,55
85.4192,85.4192,1,0.34957,0.35772,0.35364,0.35364,0.27368,0.32197,OPEN,,0,55
85.4521,85.4521,1,0.34898,0.35727,0.35313,0.35313,0.27368,0.32197,OPEN,,0,55
85.4716,85.4716,1,0.3495,0.35838,0.35394,0.35364,0.27368,0.32197,OPEN,,0,55
85.5066,85.5066,1,0.35139,0.36005,0.35572,0.35394,0.27368,0.32197,OPEN,,0,55
85.5408,85.5408,1,0.34938,0.36045,0.35492,0.35492,0.27368,0.32197,OPEN,,0,55
85.568,85.568,1,0.34942,0.35948,0.35445,0.35492,0.27368,0.32197,OPEN,,0,55
85.606,85.606,1,0.34908,0.35785,0.35347,0.35445,0.27368,0.32197,OPEN,,0,55
85.6321,85.6321,1,0.34869,0.35794,0.35331,0.35347,0.27368,0.32197,OPEN,,0,55
85.6658,85.6658,1,0.34887,0.35608,0.35248,0.35331,0.27368,0.32197,OPEN,,0,55
85.6977,85.6977,1,0.34685,0.35377,0.35031,0.35248,0.27368,0.32197,OPEN,,0,55
85.7318,85.7318,1,0.347,0.35408,0.35054,0.35054,0.27368,0.32197,OPEN,,0,55
85.7656,85.7656,1,0.34773,0.35493,0.35133,0.35054,0.27368,0.32197,OPEN,,0,55
85.7987,85.7987,1,0.34687,0.35442,0.35065,0.35065,0.27368,0.32197,OPEN,,0,55
85.8254,85.8254,1,0.34511,0.35285,0.34898,0.35065,0.27368,0.32197,OPEN,,0,55
85.8742,85.8742,1,0.33734,0.336,0.33667,0.34898,0.27368,0.32197,OPEN,,0,55
85.9061,85.9061,1,0.32044,0.31969,0.32006,0.33667,0.27368,0.32197,OPEN,,0,55
85.9358,85.9358,1,0.27704,0.29264,0.28484,0.32006,0.27368,0.32197,OPEN,,0,55
85.9698,85.9698,1,0.2753,0.29269,0.284,0.28484,0.27368,0.32197,OPEN,,0,55
85.9998,85.9998,1,0.27657,0.28814,0.28236,0.284,0.27368,0.32197,OPEN,,0,55
86.035,86.035,1,0.29211,0.29868,0.2954,0.284,0.27368,0.32197,OPEN,,0,55
86.0689,86.0689,1,0.31466,0.31191,0.31328,0.2954,0.27368,0.32197,OPEN,,0,55
86.1008,86.1008,1,0.3267,0.33606,0.33138,0.31328,0.27368,0.32197,OPEN,,0,55
86.133,86.133,1,0.33132,0.34555,0.33843,0.33138,0.27368,0.32197,OPEN,,0,55
86.1591,86.1591,1,0.33727,0.35248,0.34488,0.33843,0.27368,0.32197,OPEN,,0,55
86.1951,86.1951,1,0.35068,0.36625,0.35846,0.34488,0.27368,0.32197,OPEN,,0,55
86.2322,86.2322,1,0.35492,0.3682,0.36156,0.35846,0.27368,0.32197,OPEN,,0,55
86.2666,86.2666,1,0.35701,0.37015,0.36358,0.36156,0.27368,0.32197,OPEN,,0,55
86.3055,86.3055,1,0.3581,0.37063,0.36437,0.36358,0.27368,0.32197,OPEN,,0,55
86.3397,86.3397,1,0.35872,0.37038,0.36455,0.36437,0.27368,0.32197,OPEN,,0,55
86.3677,86.3677,1,0.36033,0.37102,0.36567,0.36455,0.27368,0.32197,OPEN,,0,55
86.4018,86.4018,1,0.35989,0.37244,0.36617,0.36567,0.27368,0.32197,OPEN,,0,55
86.4312,86.4312,1,0.36019,0.37459,0.36739,0.36617,0.27368,0.32197,OPEN,,0,55
86.4656,86.4656,1,0.36463,0.37935,0.37199,0.36739,0.27368,0.32197,OPEN,,0,55
86.4955,86.4955,1,0.36599,0.37987,0.37293,0.37199,0.27368,0.32197,OPEN,,0,55
86.5281,86.5281,1,0.36547,0.3797,0.37258,0.37258,0.27368,0.32197,OPEN,,0,55
86.5603,86.5603,1,0.36475,0.37955,0.37215,0.37258,0.27368,0.32197,OPEN,,0,55
86.5942,86.5942,1,0.36398,0.37841,0.37119,0.37215,0.27368,0.32197,OPEN,,0,55
86.6252,86.6252,1,0.36409,0.37972,0.37191,0.37191,0.27368,0.32197,OPEN,,0,55
86.6631,86.6631,1,0.36414,0.37989,0.37202,0.37191,0.27368,0.32197,OPEN,,0,55
86.7071,86.7071,1,0.36662,0.38203,0.37432,0.37202,0.27368,0.32197,OPEN,,0,55
86.7361,86.7361,1,0.36507,0.38211,0.37359,0.37359,0.27368,0.32197,OPEN,,0,55
86.7701,86.7701,1,0.366,0.38431,0.37515,0.37432,0.27368,0.32197,OPEN,,0,55
86.8018,86.8018,1,0.3669,0.38635,0.37663,0.37515,0.27368,0.32197,OPEN,,0,55
86.8334,86.8334,1,0.3674,0.38789,0.37765,0.37663,0.27368,0.32197,OPEN,,0,55
86.8653,86.8653,1,0.36843,0.38938,0.3789,0.37765,0.27368,0.32197,OPEN,,0,55
86.9031,86.9031,1,0.36935,0.38812,0.37874,0.37874,0.27368,0.32197,OPEN,,0,55
86.938,86.938,1,0.37263,0.3909,0.38176,0.3789,0.27368,0.32197,OPEN,,0,55
86.9594,86.9594,1,0.37222,0.39211,0.38216,0.38176,0.27368,0.32197,OPEN,,0,55
86.994,86.994,1,0.36422,0.38663,0.37543,0.38176,0.27368,0.32197,OPEN,,0,55
87.0288,87.0288,1,0.3457,0.34835,0.34702,0.37543,0.27368,0.32197,OPEN,,0,55
87.0624,87.0624,1,0.30745,0.29416,0.30081,0.34702,0.27368,0.32197,OPEN,,0,55
87.0929,87.0929,1,0.25692,0.24302,0.24997,0.30081,0.27368,0.32197,OPEN,,0,55
87.1381,87.1381,1,0.2338,0.20484,0.21932,0.24997,0.27368,0.32197,CLOSING,,0,55
87.1747,87.1747,1,0.2309,0.19035,0.21063,0.21932,0.27368,0.32197,CLOSING,0.03661,0,55
87.2002,87.2002,1,0.21907,0.18798,0.20353,0.21063,0.27368,0.32197,CLOSED,0.06215,0,55
87.2341,87.2341,1,0.19797,0.17487,0.18642,0.20353,0.27368,0.32197,CLOSED,0.09607,0,55
87.266,87.266,1,0.20622,0.17187,0.18904,0.18904,0.27368,0.32197,CLOSED,0.12794,0,55
87.2997,87.2997,1,0.20238,0.1565,0.17944,0.18642,0.27368,0.32197,CLOSED,0.16164,0,55
87.3323,87.3323,1,0.20364,0.15509,0.17937,0.17944,0.27368,0.32197,CLOSED,0.19419,0,55
87.3615,87.3615,1,0.19611,0.14134,0.16873,0.17937,0.27368,0.32197,CLOSED,0.22345,0,55
87.393,87.393,1,0.19751,0.1457,0.1716,0.1716,0.27368,0.32197,CLOSED,0.25491,0,55
87.426,87.426,1,0.19707,0.14945,0.17326,0.1716,0.27368,0.32197,CLOSED,0.28795,0,55
87.4572,87.4572,1,0.19809,0.14279,0.17044,0.1716,0.27368,0.32197,CLOSED,0.31917,0,55
87.4908,87.4908,1,0.20542,0.14631,0.17586,0.17326,0.27368,0.32197,CLOSED,0.35271,0,55
87.5268,87.5268,1,0.21538,0.17384,0.19461,0.17586,0.27368,0.32197,CLOSED,0.38875,0,55
87.5699,87.5699,1,0.21117,0.15961,0.18539,0.18539,0.27368,0.32197,CLOSED,0.43179,0,55
87.6022,87.6022,1,0.21946,0.15987,0.18966,0.18966,0.27368,0.32197,CLOSED,0.46409,0,55
87.6336,87.6336,1,0.21502,0.16137,0.1882,0.1882,0.27368,0.32197,CLOSED,0.49557,0,55
87.6682,87.6682,1,0.21947,0.18299,0.20123,0.18966,0.27368,0.32197,CLOSED,0.53018,0,55
87.7025,87.7025,1,0.21929,0.18165,0.20047,0.20047,0.27368,0.32197,CLOSED,0.56442,0,55
87.7285,87.7285,1,0.21711,0.18769,0.2024,0.20123,0.27368,0.32197,CLOSED,0.59042,0,55
87.7654,87.7654,1,0.20885,0.18287,0.19586,0.20047,0.27368,0.32197,CLOSED,0.62734,0,55
87.7994,87.7994,1,0.2073,0.17904,0.19317,0.19586,0.27368,0.32197,CLOSED,0.66131,0,55
87.8326,87.8326,1,0.20491,0.18006,0.19248,0.19317,0.27368,0.32197,CLOSED,0.6945,0,55
87.8573,87.8573,1,0.21005,0.18108,0.19556,0.19317,0.27368,0.32197,CLOSED,0.71924,0,55
87.8905,87.8905,1,0.21103,0.18112,0.19608,0.19556,0.27368,0.32197,CLOSED,0.75248,0,55
87.9239,87.9239,1,0.21203,0.1817,0.19687,0.19608,0.27368,0.32197,CLOSED,0.78579,0,55
87.9612,87.9612,1,0.21063,0.18953,0.20008,0.19687,0.27368,0.32197,CLOSED,0.82318,0,55
88.0027,88.0027,1,0.21,0.19678,0.20339,0.20008,0.27368,0.32197,CLOSED,0.86459,0,55
88.0367,88.0367,1,0.20845,0.20265,0.20555,0.20339,0.27368,0.32197,CLOSED,0.89858,0,55
88.0709,88.0709,1,0.2077,0.18718,0.19744,0.20339,0.27368,0.32197,CLOSED,0.9328,0,55
88.095,88.095,1,0.20781,0.18647,0.19714,0.19744,0.27368,0.32197,CLOSED,0.95693,0,55
88.1303,88.1303,1,0.21396,0.18746,0.20071,0.19744,0.27368,0.32197,CLOSED,0.99228,0,55
88.165,88.165,1,0.20484,0.18517,0.19501,0.19714,0.27368,0.32197,CLOSED,1.0269,0,55
88.1966,88.1966,1,0.21027,0.18366,0.19696,0.19696,0.27368,0.32197,CLOSED,1.05858,0,55
88.2308,88.2308,1,0.22505,0.18548,0.20526,0.19696,0.27368,0.32197,CLOSED,1.09271,0,55
88.2645,88.2645,1,0.22334,0.19923,0.21129,0.20526,0.27368,0.32197,CLOSED,1.12645,0,55
88.2866,88.2866,1,0.22095,0.19852,0.20974,0.20974,0.27368,0.32197,CLOSED,1.14853,0,55
88.3191,88.3191,1,0.21581,0.19403,0.20492,0.20974,0.27368,0.32197,CLOSED,1.18102,0,55
88.3522,88.3522,1,0.20837,0.18629,0.19733,0.20492,0.27368,0.32197,CLOSED,1.21416,0,55
88.4037,88.4037,1,0.21239,0.18106,0.19672,0.19733,0.27368,0.32197,CLOSED,1.26565,0,55
88.4374,88.4374,1,0.21128,0.17364,0.19246,0.19672,0.27368,0.32197,CLOSED,1.29928,0,55
88.4625,88.4625,1,0.20812,0.16635,0.18723,0.19246,0.27368,0.32197,CLOSED,1.32443,0,55
88.4956,88.4956,1,0.2004,0.15776,0.17908,0.18723,0.27368,0.32197,CLOSED,1.35758,0,55
88.5294,88.5294,1,0.20137,0.16111,0.18124,0.18124,0.27368,0.32197,CLOSED,1.39137,0,55
88.5635,88.5635,1,0.20067,0.16842,0.18455,0.18124,0.27368,0.32197,CLOSED,1.42539,0,55
88.5921,88.5921,1,0.19872,0.16799,0.18335,0.18335,0.27368,0.32197,CLOSED,1.454,0,55
88.6307,88.6307,1,0.19967,0.16879,0.18423,0.18423,0.27368,0.32197,CLOSED,1.4926,0,55
88.665,88.665,1,0.1961,0.16843,0.18227,0.18335,0.27368,0.32197,CLOSED,1.5269,0,55
88.6896,88.6896,1,0.19988,0.17202,0.18595,0.18423,0.27368,0.32197,CLOSED,1.55149,0,55
88.7221,88.7221,1,0.20488,0.17568,0.19028,0.18595,0.27368,0.32197,CLOSED,1.58406,0,55
88.7537,88.7537,1,0.1721,0.1581,0.1651,0.18595,0.27368,0.32197,CLOSED,1.61561,0,55
88.7878,88.7878,1,0.17296,0.14833,0.16065,0.1651,0.27368,0.32197,CLOSED,1.64973,0,55
88.8396,88.8396,1,0.19246,0.17047,0.18147,0.1651,0.27368,0.32197,CLOSED,1.70153,0,55
88.8641,88.8641,1,0.19422,0.17147,0.18285,0.18147,0.27368,0.32197,CLOSED,1.72602,0,55
88.8985,88.8985,1,0.19711,0.17506,0.18608,0.18285,0.27368,0.32197,CLOSED,1.76041,0,55
88.933,88.933,1,0.19934,0.17492,0.18713,0.18608,0.27368,0.32197,CLOSED,1.79491,0,55
88.9687,88.9687,1,0.20513,0.17831,0.19172,0.18713,0.27368,0.32197,CLOSED,1.83067,0,55
89.0031,89.0031,1,0.20518,0.175,0.19009,0.19009,0.27368,0.32197,CLOSED,1.865,0,55
89.0376,89.0376,1,0.2093,0.19235,0.20082,0.19172,0.27368,0.32197,CLOSED,1.89952,0,55
89.0655,89.0655,1,0.21095,0.19681,0.20388,0.20082,0.27368,0.32197,CLOSED,1.92738,0,55
89.1003,89.1003,1,0.21392,0.20347,0.20869,0.20388,0.27368,0.32197,CLOSED,1.96226,0,55
89.1354,89.1354,1,0.21243,0.19477,0.2036,0.20388,0.27368,0.32197,CLOSED,1.9973,0,55
89.1695,89.1695,1,0.21031,0.18736,0.19884,0.2036,0.27368,0.32197,CLOSED,2.03141,0,55
89.204,89.204,1,0.20621,0.17865,0.19243,0.19884,0.27368,0.32197,CLOSED,2.06592,0,55
89.2284,89.2284,1,0.2058,0.18883,0.19732,0.19732,0.27368,0.32197,CLOSED,2.09028,0,55
89.2705,89.2705,1,0.2065,0.18574,0.19612,0.19612,0.27368,0.32197,CLOSED,2.13241,0,55
89.3045,89.3045,1,0.19211,0.17485,0.18348,0.19612,0.27368,0.32197,CLOSED,2.16645,0,55
89.3292,89.3292,1,0.19591,0.17765,0.18678,0.18678,0.27368,0.32197,CLOSED,2.19114,0,55
89.3606,89.3606,1,0.19121,0.17452,0.18287,0.18348,0.27368,0.32197,CLOSED,2.22253,0,55
89.3939,89.3939,1,0.19162,0.16916,0.18039,0.18287,0.27368,0.32197,CLOSED,2.25585,0,55
89.4283,89.4283,1,0.17935,0.17159,0.17547,0.18039,0.27368,0.32197,CLOSED,2.29019,0,55
89.457,89.457,1,0.18384,0.17379,0.17881,0.17881,0.27368,0.32197,CLOSED,2.31892,0,55
89.4963,89.4963,1,0.18654,0.18009,0.18332,0.17881,0.27368,0.32197,CLOSED,2.35822,0,55
89.5189,89.5189,1,0.18818,0.17938,0.18378,0.18332,0.27368,0.32197,CLOSED,2.38087,0,55
89.5548,89.5548,1,0.18399,0.16035,0.17217,0.18332,0.27368,0.32197,CLOSED,2.41668,0,55
89.5856,89.5856,1,0.1954,0.16842,0.18191,0.18191,0.27368,0.32197,CLOSED,2.44751,0,55
89.6201,89.6201,1,0.18647,0.1675,0.17699,0.17699,0.27368,0.32197,CLOSED,2.48205,0,55
89.6491,89.6491,1,0.1937,0.16988,0.18179,0.18179,0.27368,0.32197,CLOSED,2.51104,0,55
89.7035,89.7035,1,0.18056,0.17436,0.17746,0.17746,0.27368,0.32197,CLOSED,2.56543,0,55
89.7285,89.7285,1,0.18167,0.17379,0.17773,0.17773,0.27368,0.32197,CLOSED,2.59045,0,55
89.7626,89.7626,1,0.1838,0.17424,0.17902,0.17773,0.27368,0.32197,CLOSED,2.62454,0,55
89.7929,89.7929,1,0.19143,0.1643,0.17787,0.17787,0.27368,0.32197,CLOSED,2.65479,0,55
89.8259,89.8259,1,0.20277,0.16762,0.18519,0.17902,0.27368,0.32197,CLOSED,2.68788,0,55
89.857,89.857,1,0.20476,0.17125,0.18801,0.18519,0.27368,0.32197,CLOSED,2.71891,0,55
89.8883,89.8883,1,0.20508,0.1715,0.18829,0.18801,0.27368,0.32197,CLOSED,2.75027,0,55
89.9292,89.9292,1,0.20243,0.16712,0.18477,0.18801,0.27368,0.32197,CLOSED,2.79118,0,55
89.9635,89.9635,1,0.20205,0.16868,0.18536,0.18536,0.27368,0.32197,CLOSED,2.82543,0,55
89.9851,89.9851,1,0.20219,0.16906,0.18563,0.18536,0.27368,0.32197,CLOSED,2.84703,0,55
90.0192,90.0192,1,0.20723,0.16949,0.18836,0.18563,0.27368,0.32197,CLOSED,2.88113,0,55
90.0486,90.0486,1,0.20749,0.15174,0.17962,0.18563,0.27368,0.32197,CLOSED,2.91051,0,55
90.0983,90.0983,1,0.21519,0.17588,0.19554,0.18836,0.27368,0.32197,CLOSED,2.96018,0,55
90.133,90.133,1,0.21621,0.17896,0.19758,0.19554,0.27368,0.32197,CLOSED,2.99492,0,55
90.1671,90.1671,1,0.21206,0.1754,0.19373,0.19554,0.27368,0.32197,CLOSED,3.029,0,55
90.1926,90.1926,1,0.21213,0.17576,0.19394,0.19394,0.27368,0.32197,CLOSED,3.05452,0,55
90.2256,90.2256,1,0.20986,0.17987,0.19486,0.19394,0.27368,0.32197,CLOSED,3.08756,0,55
90.2599,90.2599,1,0.21879,0.18464,0.20171,0.19486,0.27368,0.32197,CLOSED,3.12181,0,55
90.2942,90.2942,1,0.22162,0.18996,0.20579,0.20171,0.27368,0.32197,CLOSED,3.15608,0,55
90.3283,90.3283,1,0.21623,0.17401,0.19512,0.20171,0.27368,0.32197,CLOSED,3.19027,0,55
90.3591,90.3591,1,0.20805,0.17038,0.18921,0.19512,0.27368,0.32197,CLOSED,3.22099,0,55
90.3842,90.3842,1,0.20587,0.1681,0.18699,0.18921,0.27368,0.32197,CLOSED,3.24615,0,55
90.4183,90.4183,1,0.21649,0.19086,0.20368,0.18921,0.27368,0.32197,CLOSED,3.28022,0,55
90.4527,90.4527,1,0.21569,0.18958,0.20263,0.20263,0.27368,0.32197,CLOSED,3.31464,0,55
90.4871,90.4871,1,0.21543,0.17872,0.19707,0.20263,0.27368,0.32197,CLOSED,3.34907,0,55
90.5294,90.5294,1,0.19822,0.16441,0.18132,0.19707,0.27368,0.32197,CLOSED,3.39135,0,55
90.5622,90.5622,1,0.21,0.19539,0.20269,0.19707,0.27368,0.32197,CLOSED,3.42411,0,55
90.5968,90.5968,1,0.21432,0.19902,0.20667,0.20269,0.27368,0.32197,CLOSED,3.45872,0,55
90.6312,90.6312,1,0.22027,0.19995,0.21011,0.20667,0.27368,0.32197,CLOSED,3.49309,0,55
90.6646,90.6646,1,0.218,0.19069,0.20435,0.20667,0.27368,0.32197,CLOSED,3.52651,0,55
90.6977,90.6977,1,0.21437,0.18584,0.20011,0.20435,0.27368,0.32197,CLOSED,3.55965,0,55
90.7319,90.7319,1,0.21343,0.18599,0.19971,0.20011,0.27368,0.32197,CLOSED,3.59384,0,55
90.7663,90.7663,1,0.21474,0.18707,0.2009,0.20011,0.27368,0.32197,CLOSED,3.62823,0,55
90.7974,90.7974,1,0.21309,0.17938,0.19623,0.19971,0.27368,0.32197,CLOSED,3.65937,0,55
90.833,90.833,1,0.21308,0.17519,0.19414,0.19623,0.27368,0.32197,CLOSED,3.69496,0,55
90.8807,90.8807,1,0.20623,0.17335,0.18979,0.19414,0.27368,0.32197,CLOSED,3.74268,0,55
90.8986,90.8986,1,0.20233,0.17363,0.18798,0.18979,0.27368,0.32197,CLOSED,3.76049,0,55
90.9323,90.9323,1,0.20858,0.17992,0.19425,0.18979,0.27368,0.32197,CLOSED,3.79426,0,55
90.9672,90.9672,1,0.20934,0.18483,0.19708,0.19425,0.27368,0.32197,CLOSED,3.82916,0,55
90.9965,90.9965,1,0.21202,0.17794,0.19498,0.19498,0.27368,0.32197,CLOSED,3.85846,0,55
91.0301,91.0301,1,0.21996,0.18618,0.20307,0.19708,0.27368,0.32197,CLOSED,3.89198,0,55
91.0646,91.0646,1,0.19025,0.15369,0.17197,0.19498,0.27368,0.32197,CLOSED,3.92652,0,55
91.0885,91.0885,1,0.18514,0.1439,0.16452,0.17197,0.27368,0.32197,CLOSED,3.95045,0,55
91.1215,91.1215,1,0.18195,0.14488,0.16341,0.16452,0.27368,0.32197,CLOSED,3.98338,0,55
91.1564,91.1564,1,0.16798,0.13509,0.15154,0.16341,0.27368,0.32197,CLOSED,4.0183,0,55
91.1911,91.1911,1,0.16034,0.1151,0.13772,0.15154,0.27368,0.32197,CLOSED,4.053,0,55
91.2345,91.2345,1,0.16712,0.12477,0.14594,0.14594,0.27368,0.32197,CLOSED,4.09647,0,55
91.2819,91.2819,1,0.16581,0.14624,0.15602,0.14594,0.27368,0.32197,CLOSED,4.14385,0,55
91.3159,91.3159,1,0.21671,0.22328,0.22,0.15602,0.27368,0.32197,CLOSED,4.17784,0,55
91.3503,91.3503,1,0.22554,0.24659,0.23607,0.22,0.27368,0.32197,CLOSED,4.21224,0,55
91.3731,91.3731,1,0.24074,0.25247,0.2466,0.23607,0.27368,0.32197,CLOSED,4.23506,0,55
91.4066,91.4066,1,0.27326,0.27115,0.27221,0.2466,0.27368,0.32197,CLOSED,4.26853,0,55
91.442,91.442,1,0.2889,0.2816,0.28525,0.27221,0.27368,0.32197,CLOSED,4.30397,0,55
91.4774,91.4774,1,0.30818,0.32239,0.31528,0.28525,0.27368,0.32197,CLOSED,4.33928,0,55
91.5002,91.5002,1,0.32131,0.33984,0.33058,0.31528,0.27368,0.32197,CLOSED,4.36215,0,55
91.5211,91.5211,1,0.3278,0.35052,0.33916,0.33058,0.27368,0.32197,OPENING,4.38299,0,55
91.5579,91.5579,1,0.33383,0.35759,0.34571,0.33916,0.27368,0.32197,OPEN,4.41981,0,55
91.5843,91.5843,1,0.34231,0.36588,0.3541,0.34571,0.27368,0.32197,OPEN,,0,55
91.6167,91.6167,1,0.34516,0.36765,0.3564,0.3541,0.27368,0.32197,OPEN,,0,55
91.6816,91.6816,1,0.34924,0.36708,0.35816,0.3564,0.27368,0.32197,OPEN,,0,55
91.7148,91.7148,1,0.35602,0.38033,0.36817,0.35816,0.27368,0.32197,OPEN,,0,55
91.7483,91.7483,1,0.36563,0.38568,0.37566,0.36817,0.27368,0.32197,OPEN,,0,55
91.7672,91.7672,1,0.36486,0.38624,0.37555,0.37555,0.27368,0.32197,OPEN,,0,55
91.7925,91.7925,1,0.36659,0.38427,0.37543,0.37555,0.27368,0.32197,OPEN,,0,55
91.827,91.827,1,0.36946,0.38848,0.37897,0.37555,0.27368,0.32197,OPEN,,0,55
91.8626,91.8626,1,0.36764,0.38704,0.37734,0.37734,0.27368,0.32197,OPEN,,0,55
91.8973,91.8973,1,0.37002,0.38613,0.37808,0.37808,0.27368,0.32197,OPEN,,0,55
91.9211,91.9211,1,0.36935,0.38568,0.37751,0.37751,0.27368,0.32197,OPEN,,0,55
91.9536,91.9536,1,0.36947,0.38479,0.37713,0.37751,0.27368,0.32197,OPEN,,0,55
91.9884,91.9884,1,0.36863,0.38468,0.37665,0.37713,0.27368,0.32197,OPEN,,0,55
92.0231,92.0231,1,0.36623,0.38333,0.37478,0.37665,0.27368,0.32197,OPEN,,0,55
92.0879,92.0879,1,0.35754,0.37829,0.36791,0.37478,0.27368,0.32197,OPEN,,0,55
92.1125,92.1125,1,0.35751,0.37516,0.36634,0.36791,0.27368,0.32197,OPEN,,0,55
92.1465,92.1465,1,0.35731,0.37509,0.3662,0.36634,0.27368,0.32197,OPEN,,0,55
92.1803,92.1803,1,0.35741,0.37482,0.36612,0.3662,0.27368,0.32197,OPEN,,0,55
92.2147,92.2147,1,0.35674,0.37427,0.3655,0.36612,0.27368,0.32197,OPEN,,0,55
92.2485,92.2485,1,0.35662,0.37486,0.36574,0.36574,0.27368,0.32197,OPEN,,0,55
92.2837,92.2837,1,0.35687,0.37501,0.36594,0.36574,0.27368,0.32197,OPEN,,0,55
92.313,92.313,1,0.35686,0.37516,0.36601,0.36594,0.27368,0.32197,OPEN,,0,55
92.3485,92.3485,1,0.35651,0.3741,0.3653,0.36594,0.27368,0.32197,OPEN,,0,55
92.3702,92.3702,1,0.35676,0.37575,0.36626,0.36601,0.27368,0.32197,OPEN,,0,55
92.3905,92.3905,1,0.35756,0.37577,0.36667,0.36626,0.27368,0.32197,OPEN,,0,55
92.4251,92.4251,1,0.35981,0.37736,0.36858,0.36667,0.27368,0.32197,OPEN,,0,55
92.4829,92.4829,1,0.36242,0.38422,0.37332,0.36858,0.27368,0.32197,OPEN,,0,55
92.5212,92.5212,1,0.36584,0.38881,0.37732,0.37332,0.27368,0.32197,OPEN,,0,55
92.5443,92.5443,1,0.36792,0.3906,0.37926,0.37732,0.27368,0.32197,OPEN,,0,55
92.5789,92.5789,1,0.37319,0.38295,0.37807,0.37807,0.27368,0.32197,OPEN,,0,55
92.613,92.613,1,0.37497,0.38025,0.37761,0.37807,0.27368,0.32197,OPEN,,0,55
92.6472,92.6472,1,0.20828,0.16773,0.188,0.37761,0.27368,0.32197,OPEN,,0,55
92.6819,92.6819,1,0.17127,0.13783,0.15455,0.188,0.27368,0.32197,CLOSING,,0,55
92.7067,92.7067,1,0.1939,0.17128,0.18259,0.18259,0.27368,0.32197,CLOSING,0.02476,0,55
92.7306,92.7306,1,0.20122,0.18803,0.19463,0.18259,0.27368,0.32197,CLOSING,0.04873,0,55
92.7651,92.7651,1,0.2443,0.23786,0.24108,0.19463,0.27368,0.32197,CLOSED,0.08321,0,55
92.7981,92.7981,1,0.29973,0.29364,0.29668,0.24108,0.27368,0.32197,CLOSED,0.11616,0,55
92.8155,92.8155,1,0.32117,0.32117,0.32117,0.29668,0.27368,0.32197,CLOSED,0.13363,0,55
92.8825,92.8825,1,0.35234,0.36529,0.35881,0.32117,0.27368,0.32197,CLOSED,0.20056,0,55
92.9115,92.9115,1,0.35357,0.37168,0.36263,0.35881,0.27368,0.32197,OPENING,0.2296,0,55
92.9491,92.9491,1,0.36262,0.37653,0.36957,0.36263,0.27368,0.32197,OPEN,0.26718,1,56
92.9873,92.9873,1,0.36398,0.38004,0.37201,0.36957,0.27368,0.32197,OPEN,,0,56
93.0209,93.0209,1,0.36408,0.38138,0.37273,0.37201,0.27368,0.32197,OPEN,,0,56
93.0397,93.0397,1,0.36363,0.38101,0.37232,0.37232,0.27368,0.32197,OPEN,,0,56
93.0729,93.0729,1,0.36476,0.38111,0.37293,0.37273,0.27368,0.32197,OPEN,,0,56
93.1054,93.1054,1,0.36457,0.38183,0.3732,0.37293,0.27368,0.32197,OPEN,,0,56
93.1392,93.1392,1,0.3656,0.38259,0.3741,0.3732,0.27368,0.32197,OPEN,,0,56
93.1708,93.1708,1,0.36517,0.38233,0.37375,0.37375,0.27368,0.32197,OPEN,,0,56
93.2057,93.2057,1,0.3638,0.38035,0.37207,0.37375,0.27368,0.32197,OPEN,,0,56
93.2396,93.2396,1,0.36318,0.38103,0.37211,0.37211,0.27368,0.32197,OPEN,,0,56
93.2815,93.2815,1,0.36249,0.38149,0.37199,0.37207,0.27368,0.32197,OPEN,,0,56
93.3133,93.3133,1,0.36091,0.38102,0.37096,0.37199,0.27368,0.32197,OPEN,,0,56
93.3438,93.3438,1,0.36151,0.38166,0.37158,0.37158,0.27368,0.32197,OPEN,,0,56
93.3811,93.3811,1,0.36156,0.38104,0.3713,0.3713,0.27368,0.32197,OPEN,,0,56
93.4105,93.4105,1,0.36147,0.38082,0.37114,0.3713,0.27368,0.32197,OPEN,,0,56
93.4443,93.4443,1,0.36126,0.38082,0.37104,0.37114,0.27368,0.32197,OPEN,,0,56
93.4786,93.4786,1,0.35994,0.3808,0.37037,0.37104,0.27368,0.32197,OPEN,,0,56
93.5017,93.5017,1,0.3607,0.38124,0.37097,0.37097,0.27368,0.32197,OPEN,,0,56
93.5227,93.5227,1,0.36065,0.38312,0.37188,0.37097,0.27368,0.32197,OPEN,,0,56
93.5538,93.5538,1,0.36077,0.38452,0.37265,0.37188,0.27368,0.32197,OPEN,,0,56
93.5898,93.5898,1,0.3605,0.38444,0.37247,0.37247,0.27368,0.32197,OPEN,,0,56
93.6164,93.6164,1,0.35075,0.34822,0.34949,0.37247,0.27368,0.32197,OPEN,,0,56
93.6813,93.6813,1,0.17324,0.13822,0.15573,0.34949,0.27368,0.32197,OPEN,,0,56
93.7122,93.7122,1,0.19122,0.17289,0.18206,0.18206,0.27368,0.32197,CLOSING,,0,56
93.7454,93.7454,1,0.21635,0.18098,0.19866,0.18206,0.27368,0.32197,CLOSING,0.03321,0,56
93.7746,93.7746,1,0.23932,0.2112,0.22526,0.19866,0.27368,0.32197,CLOSED,0.06248,0,56
93.812,93.812,1,0.28209,0.2745,0.27829,0.22526,0.27368,0.32197,CLOSED,0.09985,0,56
93.8451,93.8451,1,0.3123,0.31072,0.31151,0.27829,0.27368,0.32197,CLOSED,0.13296,0,56
93.8622,93.8622,1,0.323,0.32301,0.323,0.31151,0.27368,0.32197,CLOSED,0.15,0,56
93.8964,93.8964,1,0.33699,0.34285,0.33992,0.323,0.27368,0.32197,OPENING,0.18422,0,56
93.9307,93.9307,1,0.3436,0.35777,0.35068,0.33992,0.27368,0.32197,OPEN,0.21859,1,57
93.9648,93.9648,1,0.34826,0.36707,0.35767,0.35068,0.27368,0.32197,OPEN,,0,57
93.9853,93.9853,1,0.35218,0.37357,0.36288,0.35767,0.27368,0.32197,OPEN,,0,57
94.0216,94.0216,1,0.35572,0.38417,0.36994,0.36288,0.27368,0.32197,OPEN,,0,57
94.0823,94.0823,1,0.36227,0.38825,0.37526,0.36994,0.27368,0.32197,OPEN,,0,57
94.1118,94.1118,1,0.36543,0.38913,0.37728,0.37526,0.27368,0.32197,OPEN,,0,57
94.144,94.144,1,0.37106,0.39544,0.38325,0.37728,0.27368,0.32197,OPEN,,0,57
94.1745,94.1745,1,0.37131,0.39856,0.38493,0.38325,0.27368,0.32197,OPEN,,0,57
94.2078,94.2078,1,0.37306,0.39849,0.38578,0.38493,0.27368,0.32197,OPEN,,0,57
94.2472,94.2472,1,0.37632,0.40071,0.38851,0.38578,0.27368,0.32197,OPEN,,0,57
94.28,94.28,1,0.37979,0.40097,0.39038,0.38851,0.27368,0.32197,OPEN,,0,57
94.3137,94.3137,1,0.37971,0.40095,0.39033,0.39033,0.27368,0.32197,OPEN,,0,57
94.3477,94.3477,1,0.38285,0.40443,0.39364,0.39038,0.27368,0.32197,OPEN,,0,57
94.3816,94.3816,1,0.38545,0.41184,0.39864,0.39364,0.27368,0.32197,OPEN,,0,57
94.4158,94.4158,1,0.38798,0.4138,0.40089,0.39864,0.27368,0.32197,OPEN,,0,57
94.4345,94.4345,1,0.38667,0.41347,0.40007,0.40007,0.27368,0.32197,OPEN,,0,57
94.4796,94.4796,1,0.4003,0.41793,0.40911,0.40089,0.27368,0.32197,OPEN,,0,57
94.5142,94.5142,1,0.40515,0.4261,0.41562,0.40911,0.27368,0.32197,OPEN,,0,57
94.5532,94.5532,1,0.42292,0.44194,0.43243,0.41562,0.27368,0.32197,OPEN,,0,57
94.5871,94.5871,1,0.43811,0.46222,0.45016,0.43243,0.27368,0.32197,OPEN,,0,57
94.608,94.608,1,0.44997,0.47715,0.46356,0.45016,0.27368,0.32197,OPEN,,0,57
94.6421,94.6421,1,0.45925,0.48628,0.47276,0.46356,0.27368,0.32197,OPEN,,0,57
94.6784,94.6784,1,0.46895,0.49628,0.48262,0.47276,0.27368,0.32197,OPEN,,0,57
94.7043,94.7043,1,0.47124,0.49798,0.48461,0.48262,0.27368,0.32197,OPEN,,0,57
94.7226,94.7226,1,0.47172,0.4985,0.48511,0.48461,0.27368,0.32197,OPEN,,0,57
94.7578,94.7578,1,0.47499,0.4995,0.48725,0.48511,0.27368,0.32197,OPEN,,0,57
94.7938,94.7938,1,0.47032,0.49666,0.48349,0.48511,0.27368,0.32197,OPEN,,0,57
94.8276,94.8276,1,0.46866,0.49766,0.48316,0.48349,0.27368,0.32197,OPEN,,0,57
94.885,94.885,1,0.36476,0.35013,0.35745,0.48316,0.27368,0.32197,OPEN,,0,57
94.9176,94.9176,1,0.19358,0.13646,0.16502,0.35745,0.27368,0.32197,OPEN,,0,57
94.9534,94.9534,1,0.1253,0.08894,0.10712,0.16502,0.27368,0.32197,CLOSING,,0,57
94.9867,94.9867,1,0.11964,0.07017,0.09491,,0.27368,0.32197,CLOSING,,0,57
95.0218,95.0218,1,0.14148,0.09255,0.11701,0.11701,0.27368,0.32197,CLOSED,0.06839,0,57
95.0554,95.0554,1,0.12558,0.10551,0.11554,0.11554,0.27368,0.32197,CLOSED,0.10201,0,57
95.0896,95.0896,1,0.15687,0.08694,0.12191,0.11701,0.27368,0.32197,CLOSED,0.13623,0,57
95.1212,95.1212,1,0.17696,0.19103,0.18399,0.12191,0.27368,0.32197,CLOSED,0.16778,0,57
95.1552,95.1552,1,0.19455,0.22899,0.21177,0.18399,0.27368,0.32197,CLOSED,0.20179,0,57
95.1895,95.1895,1,0.197,0.22508,0.21104,0.21104,0.27368,0.32197,CLOSED,0.23611,0,57
95.224,95.224,1,0.19662,0.22495,0.21078,0.21104,0.27368,0.32197,CLOSED,0.2706,0,57
95.2578,95.2578,1,0.19405,0.21293,0.20349,0.21078,0.27368,0.32197,CLOSED,0.30441,0,57
95.2792,95.2792,1,0.20725,0.21732,0.21228,0.21078,0.27368,0.32197,CLOSED,0.32578,0,57
95.3142,95.3142,1,0.21997,0.25571,0.23784,0.21228,0.27368,0.32197,CLOSED,0.36076,0,57
95.3559,95.3559,1,0.20219,0.20171,0.20195,0.21228,0.27368,0.32197,CLOSED,0.40245,0,57
95.375,95.375,1,0.20197,0.19918,0.20058,0.20195,0.27368,0.32197,CLOSED,0.4216,0,57
95.4075,95.4075,1,0.18344,0.11703,0.15024,0.20058,0.27368,0.32197,CLOSED,0.45405,0,57
95.4397,95.4397,1,0.1847,0.08747,0.13608,0.15024,0.27368,0.32197,CLOSED,0.48629,0,57
95.4716,95.4716,1,0.18967,0.09074,0.1402,0.1402,0.27368,0.32197,CLOSED,0.5182,0,57
95.507,95.507,1,0.19315,0.09339,0.14327,0.1402,0.27368,0.32197,CLOSED,0.55358,0,57
95.5395,95.5395,1,0.19774,0.0982,0.14797,0.14327,0.27368,0.32197,CLOSED,0.5861,0,57
95.5568,95.5568,1,0.20049,0.10332,0.15191,0.14797,0.27368,0.32197,CLOSED,0.60339,0,57
95.5738,95.5738,1,0.19958,0.10637,0.15298,0.15191,0.27368,0.32197,CLOSED,0.62039,0,57
95.6184,95.6184,1,0.19628,0.11484,0.15556,0.15298,0.27368,0.32197,CLOSED,0.66499,0,57
95.6818,95.6818,1,0.22514,0.15048,0.18781,0.15556,0.27368,0.32197,CLOSED,0.72843,0,57
95.7126,95.7126,1,0.22166,0.15465,0.18816,0.18781,0.27368,0.32197,CLOSED,0.75916,0,57
95.7466,95.7466,1,0.21879,0.1518,0.1853,0.18781,0.27368,0.32197,CLOSED,0.79323,0,57
95.781,95.781,1,0.21514,0.14618,0.18066,0.1853,0.27368,0.32197,CLOSED,0.82756,0,57
95.8071,95.8071,1,0.21544,0.13087,0.17315,0.18066,0.27368,0.32197,CLOSED,0.85373,0,57
95.8403,95.8403,1,0.20973,0.13388,0.1718,0.17315,0.27368,0.32197,CLOSED,0.88688,0,57
95.8714,95.8714,1,0.20518,0.13504,0.17011,0.1718,0.27368,0.32197,CLOSED,0.91796,0,57
95.905,95.905,1,0.2024,0.13412,0.16826,0.17011,0.27368,0.32197,CLOSED,0.95162,0,57
95.9378,95.9378,1,0.20261,0.14332,0.17297,0.17011,0.27368,0.32197,CLOSED,0.98442,0,57
95.9741,95.9741,1,0.21518,0.15078,0.18298,0.17297,0.27368,0.32197,CLOSED,1.02066,0,57
96.0075,96.0075,1,0.21767,0.1528,0.18524,0.18298,0.27368,0.32197,CLOSED,1.05406,0,57
96.0419,96.0419,1,0.22299,0.15264,0.18782,0.18524,0.27368,0.32197,CLOSED,1.08853,0,57
96.0811,96.0811,1,0.2283,0.19284,0.21057,0.18782,0.27368,0.32197,CLOSED,1.12766,0,57
96.1148,96.1148,1,0.2242,0.19296,0.20858,0.20858,0.27368,0.32197,CLOSED,1.16139,0,57
96.1497,96.1497,1,0.22567,0.20509,0.21538,0.21057,0.27368,0.32197,CLOSED,1.19626,0,57
96.1754,96.1754,1,0.24331,0.23262,0.23797,0.21538,0.27368,0.32197,CLOSED,1.22198,0,57
96.2128,96.2128,1,0.26752,0.28059,0.27406,0.23797,0.27368,0.32197,CLOSED,1.25941,0,57
96.2473,96.2473,1,0.29914,0.31483,0.30698,0.27406,0.27368,0.32197,CLOSED,1.29389,0,57
96.28,96.28,1,0.3031,0.32031,0.3117,0.30698,0.27368,0.32197,CLOSED,1.32664,0,57
96.305,96.305,1,0.30588,0.32398,0.31493,0.3117,0.27368,0.32197,CLOSED,1.35164,0,57
96.3397,96.3397,1,0.31095,0.32846,0.31971,0.31493,0.27368,0.32197,CLOSED,1.38627,0,57
96.3688,96.3688,1,0.31702,0.3325,0.32476,0.31971,0.27368,0.32197,CLOSED,1.41539,0,57
96.4066,96.4066,1,0.32875,0.34966,0.3392,0.32476,0.27368,0.32197,OPENING,1.45317,0,57
96.4257,96.4257,1,0.33402,0.35644,0.34523,0.3392,0.27368,0.32197,OPEN,1.47232,0,57
96.4838,96.4838,1,0.34694,0.3678,0.35737,0.34523,0.27368,0.32197,OPEN,,0,57
96.5193,96.5193,1,0.34726,0.36572,0.35649,0.35649,0.27368,0.32197,OPEN,,0,57
96.5522,96.5522,1,0.3491,0.3658,0.35745,0.35737,0.27368,0.32197,OPEN,,0,57
96.5863,96.5863,1,0.35244,0.3672,0.35982,0.35745,0.27368,0.32197,OPEN,,0,57
96.6194,96.6194,1,0.35424,0.37094,0.36259,0.35982,0.27368,0.32197,OPEN,,0,57
96.6438,96.6438,1,0.35078,0.37114,0.36096,0.36096,0.27368,0.32197,OPEN,,0,57
96.6773,96.6773,1,0.35044,0.371,0.36072,0.36096,0.27368,0.32197,OPEN,,0,57
96.7114,96.7114,1,0.34745,0.3678,0.35763,0.36072,0.27368,0.32197,OPEN,,0,57
96.7447,96.7447,1,0.34787,0.36833,0.3581,0.3581,0.27368,0.32197,OPEN,,0,57
96.768,96.768,1,0.3481,0.36905,0.35858,0.3581,0.27368,0.32197,OPEN,,0,57
96.8036,96.8036,1,0.34973,0.37274,0.36124,0.35858,0.27368,0.32197,OPEN,,0,57
96.8376,96.8376,1,0.35164,0.37475,0.3632,0.36124,0.27368,0.32197,OPEN,,0,57
96.8826,96.8826,1,0.35318,0.37609,0.36463,0.3632,0.27368,0.32197,OPEN,,0,57
96.9131,96.9131,1,0.35353,0.37587,0.3647,0.36463,0.27368,0.32197,OPEN,,0,57
96.9449,96.9449,1,0.35402,0.37607,0.36504,0.3647,0.27368,0.32197,OPEN,,0,57
96.9795,96.9795,1,0.35417,0.37821,0.36619,0.36504,0.27368,0.32197,OPEN,,0,57
97.0138,97.0138,1,0.35451,0.37835,0.36643,0.36619,0.27368,0.32197,OPEN,,0,57
97.0485,97.0485,1,0.35767,0.37995,0.36881,0.36643,0.27368,0.32197,OPEN,,0,57
97.0776,97.0776,1,0.3601,0.38204,0.37107,0.36881,0.27368,0.32197,OPEN,,0,57
97.1115,97.1115,1,0.3601,0.38239,0.37125,0.37107,0.27368,0.32197,OPEN,,0,57
97.1356,97.1356,1,0.36024,0.38276,0.3715,0.37125,0.27368,0.32197,OPEN,,0,57
97.1691,97.1691,1,0.36122,0.38485,0.37303,0.3715,0.27368,0.32197,OPEN,,0,57
97.202,97.202,1,0.36102,0.38594,0.37348,0.37303,0.27368,0.32197,OPEN,,0,57
97.2334,97.2334,1,0.36774,0.39244,0.38009,0.37348,0.27368,0.32197,OPEN,,0,57
97.2715,97.2715,1,0.37322,0.40146,0.38734,0.38009,0.27368,0.32197,OPEN,,0,57
97.3126,97.3126,1,0.37235,0.40143,0.38689,0.38689,0.27368,0.32197,OPEN,,0,57
97.3447,97.3447,1,0.37326,0.40265,0.38796,0.38734,0.27368,0.32197,OPEN,,0,57
97.376,97.376,1,0.37912,0.41118,0.39515,0.38796,0.27368,0.32197,OPEN,,0,57
97.4082,97.4082,1,0.38012,0.4155,0.39781,0.39515,0.27368,0.32197,OPEN,,0,57
97.4403,97.4403,1,0.37997,0.41336,0.39667,0.39667,0.27368,0.32197,OPEN,,0,57
97.4741,97.4741,1,0.37446,0.40883,0.39164,0.39667,0.27368,0.32197,OPEN,,0,57
97.5089,97.5089,1,0.3561,0.38374,0.36992,0.39164,0.27368,0.32197,OPEN,,0,57
97.5367,97.5367,1,0.3314,0.36168,0.34654,0.36992,0.27368,0.32197,OPEN,,0,57
97.5676,97.5676,1,0.26193,0.26796,0.26495,0.34654,0.27368,0.32197,OPEN,,0,57
97.6013,97.6013,1,0.22116,0.18599,0.20358,0.26495,0.27368,0.32197,CLOSING,,0,57
97.635,97.635,1,0.21466,0.2034,0.20903,0.20903,0.27368,0.32197,CLOSING,0.03366,0,57
97.6674,97.6674,1,0.21142,0.17631,0.19387,0.20358,0.27368,0.32197,CLOSED,0.06612,0,57
97.7001,97.7001,1,0.22141,0.20109,0.21125,0.20903,0.27368,0.32197,CLOSED,0.09876,0,57
97.7451,97.7451,1,0.22984,0.20611,0.21798,0.21125,0.27368,0.32197,CLOSED,0.14383,0,57
97.7796,97.7796,1,0.2314,0.21031,0.22086,0.21798,0.27368,0.32197,CLOSED,0.17828,0,57
97.8143,97.8143,1,0.22048,0.19856,0.20952,0.21798,0.27368,0.32197,CLOSED,0.21298,0,57
97.8484,97.8484,1,0.24329,0.23744,0.24036,0.22086,0.27368,0.32197,CLOSED,0.24713,0,57
97.8724,97.8724,1,0.24855,0.25972,0.25414,0.24036,0.27368,0.32197,CLOSED,0.2711,0,57
97.9055,97.9055,1,0.2591,0.24375,0.25143,0.25143,0.27368,0.32197,CLOSED,0.30416,0,57
97.9405,97.9405,1,0.27853,0.25665,0.26759,0.25414,0.27368,0.32197,CLOSED,0.33923,0,57
97.9676,97.9676,1,0.26553,0.27269,0.26911,0.26759,0.27368,0.32197,CLOSED,0.36635,0,57
98.0013,98.0013,1,0.26588,0.2695,0.26769,0.26769,0.27368,0.32197,CLOSED,0.40005,0,57
98.0325,98.0325,1,0.25967,0.26505,0.26236,0.26769,0.27368,0.32197,CLOSED,0.43117,0,57
98.0659,98.0659,1,0.25447,0.26016,0.25731,0.26236,0.27368,0.32197,CLOSED,0.46458,0,57
98.0969,98.0969,1,0.25474,0.24743,0.25108,0.25731,0.27368,0.32197,CLOSED,0.49558,0,57
98.1353,98.1353,1,0.25666,0.25715,0.25691,0.25691,0.27368,0.32197,CLOSED,0.53405,0,57
98.1778,98.1778,1,0.25594,0.25544,0.25569,0.25569,0.27368,0.32197,CLOSED,0.57654,0,57
98.2119,98.2119,1,0.26271,0.25234,0.25753,0.25691,0.27368,0.32197,CLOSED,0.6106,0,57
98.24,98.24,1,0.25387,0.24169,0.24778,0.25569,0.27368,0.32197,CLOSED,0.63875,0,57
98.2741,98.2741,1,0.2453,0.22586,0.23558,0.24778,0.27368,0.32197,CLOSED,0.67279,0,57
98.3081,98.3081,1,0.24667,0.2203,0.23349,0.23558,0.27368,0.32197,CLOSED,0.70685,0,57
98.3426,98.3426,1,0.24406,0.23306,0.23856,0.23558,0.27368,0.32197,CLOSED,0.74127,0,57
98.3843,98.3843,1,0.25197,0.24516,0.24856,0.23856,0.27368,0.32197,CLOSED,0.78299,0,57
98.4059,98.4059,1,0.24113,0.23557,0.23835,0.23856,0.27368,0.32197,CLOSED,0.80459,0,57
98.44,98.44,1,0.23532,0.22917,0.23224,0.23835,0.27368,0.32197,CLOSED,0.83867,0,57
98.4627,98.4627,1,0.23723,0.2299,0.23357,0.23357,0.27368,0.32197,CLOSED,0.86137,0,57
98.4958,98.4958,1,0.2273,0.22124,0.22427,0.23224,0.27368,0.32197,CLOSED,0.89451,0,57
98.5281,98.5281,1,0.23061,0.20087,0.21574,0.22427,0.27368,0.32197,CLOSED,0.92677,0,57
98.5823,98.5823,1,0.23201,0.19373,0.21287,0.21574,0.27368,0.32197,CLOSED,0.98098,0,57
98.6161,98.6161,1,0.22932,0.19512,0.21222,0.21287,0.27368,0.32197,CLOSED,1.01478,0,57
98.6392,98.6392,1,0.22406,0.20304,0.21355,0.21287,0.27368,0.32197,CLOSED,1.03795,0,57
98.6732,98.6732,1,0.20654,0.19206,0.1993,0.21222,0.27368,0.32197,CLOSED,1.07189,0,57
98.7067,98.7067,1,0.21384,0.2036,0.20872,0.20872,0.27368,0.32197,CLOSED,1.10544,0,57
98.7409,98.7409,1,0.23118,0.2227,0.22694,0.20872,0.27368,0.32197,CLOSED,1.1396,0,57
98.7747,98.7747,1,0.25124,0.23625,0.24374,0.22694,0.27368,0.32197,CLOSED,1.17339,0,57
98.8019,98.8019,1,0.23509,0.20563,0.22036,0.22694,0.27368,0.32197,CLOSED,1.20066,0,57
98.8345,98.8345,1,0.23221,0.2113,0.22176,0.22176,0.27368,0.32197,CLOSED,1.2332,0,57
98.8687,98.8687,1,0.22758,0.21323,0.22041,0.22041,0.27368,0.32197,CLOSED,1.26745,0,57
98.9043,98.9043,1,0.2281,0.21962,0.22386,0.22176,0.27368,0.32197,CLOSED,1.30299,0,57
98.927,98.927,1,0.2193,0.20367,0.21148,0.22041,0.27368,0.32197,CLOSED,1.32571,0,57
98.9609,98.9609,1,0.22952,0.22144,0.22548,0.22386,0.27368,0.32197,CLOSED,1.35958,0,57
99.0163,99.0163,1,0.23791,0.2076,0.22275,0.22275,0.27368,0.32197,CLOSED,1.41502,0,57
99.0396,99.0396,1,0.2191,0.19143,0.20526,0.22275,0.27368,0.32197,CLOSED,1.43831,0,57
99.0734,99.0734,1,0.21604,0.18884,0.20244,0.20526,0.27368,0.32197,CLOSED,1.47209,0,57
99.107,99.107,1,0.21861,0.20894,0.21378,0.20526,0.27368,0.32197,CLOSED,1.50566,0,57
99.14,99.14,1,0.20861,0.20407,0.20634,0.20634,0.27368,0.32197,CLOSED,1.53874,0,57
99.1684,99.1684,1,0.22196,0.20396,0.21296,0.21296,0.27368,0.32197,CLOSED,1.56714,0,57
99.2005,99.2005,1,0.23009,0.21044,0.22026,0.21296,0.27368,0.32197,CLOSED,1.59925,0,57
99.2404,99.2404,1,0.21939,0.19544,0.20742,0.21296,0.27368,0.32197,CLOSED,1.63914,0,57
99.275,99.275,1,0.21264,0.20468,0.20866,0.20866,0.27368,0.32197,CLOSED,1.67375,0,57
99.3092,99.3092,1,0.17748,0.17197,0.17472,0.20742,0.27368,0.32197,CLOSED,1.70788,0,57
99.344,99.344,1,0.19181,0.18404,0.18793,0.18793,0.27368,0.32197,CLOSED,1.7427,0,57
99.3781,99.3781,1,0.16616,0.17175,0.16895,0.17472,0.27368,0.32197,CLOSED,1.77685,0,57
99.413,99.413,1,0.15886,0.15858,0.15872,0.16895,0.27368,0.32197,CLOSED,1.81166,0,57
99.4548,99.4548,1,0.20352,0.1921,0.19781,0.16895,0.27368,0.32197,CLOSED,1.85355,0,57
99.4766,99.4766,1,0.1576,0.17539,0.16649,0.16649,0.27368,0.32197,CLOSED,1.87529,0,57
99.505,99.505,1,0.15265,0.15955,0.1561,0.16649,0.27368,0.32197,CLOSED,1.90367,0,57
99.5392,99.5392,1,0.16656,0.19492,0.18074,0.16649,0.27368,0.32197,CLOSED,1.93792,0,57
99.5732,99.5732,1,0.15605,0.18306,0.16956,0.16956,0.27368,0.32197,CLOSED,1.97193,0,57
99.6008,99.6008,1,0.15823,0.17815,0.16819,0.16956,0.27368,0.32197,CLOSED,1.9995,0,57
99.6343,99.6343,1,0.14441,0.1585,0.15146,0.16819,0.27368,0.32197,CLOSED,2.03301,0,57
99.6707,99.6707,1,0.15881,0.16293,0.16087,0.16087,0.27368,0.32197,CLOSED,2.06938,0,57
99.705,99.705,1,0.16016,0.1631,0.16163,0.16087,0.27368,0.32197,CLOSED,2.10371,0,57
99.7284,99.7284,1,0.16643,0.18969,0.17806,0.16163,0.27368,0.32197,CLOSED,2.12707,0,57
99.7623,99.7623,1,0.15962,0.18688,0.17325,0.17325,0.27368,0.32197,CLOSED,2.161,0,57
99.7932,99.7932,1,0.16031,0.18216,0.17123,0.17325,0.27368,0.32197,CLOSED,2.1919,0,57
99.8236,99.8236,1,0.16167,0.16914,0.16541,0.17123,0.27368,0.32197,CLOSED,2.22228,0,57
99.8747,99.8747,1,0.15667,0.1562,0.15643,0.16541,0.27368,0.32197,CLOSED,2.27337,0,57
99.9087,99.9087,1,0.15824,0.18822,0.17323,0.16541,0.27368,0.32197,CLOSED,2.30738,0,57
99.941,99.941,1,0.18549,0.21224,0.19887,0.17323,0.27368,0.32197,CLOSED,2.33966,0,57
99.9737,99.9737,1,0.21299,0.19469,0.20384,0.19887,0.27368,0.32197,CLOSED,2.37241,0,57
100.0003,100.0003,1,0.2102,0.17474,0.19247,0.19887,0.27368,0.32197,CLOSED,2.39905,0,57
100.0345,100.0345,1,0.20959,0.19648,0.20304,0.20304,0.27368,0.32197,CLOSED,2.43318,0,57
100.0641,100.0641,1,0.20053,0.15975,0.18014,0.19247,0.27368,0.32197,CLOSED,2.4628,0,57
100.1025,100.1025,1,0.19415,0.15531,0.17473,0.18014,0.27368,0.32197,CLOSED,2.50126,0,57
100.1369,100.1369,1,0.18769,0.14901,0.16835,0.17473,0.27368,0.32197,CLOSED,2.53564,0,57
100.1599,100.1599,1,0.18097,0.15469,0.16783,0.16835,0.27368,0.32197,CLOSED,2.55862,0,57
100.1936,100.1936,1,0.20582,0.15417,0.18,0.16835,0.27368,0.32197,CLOSED,2.59227,0,57
100.2253,100.2253,1,0.20806,0.15713,0.18259,0.18,0.27368,0.32197,CLOSED,2.62405,0,57
100.273,100.273,1,0.21479,0.19609,0.20544,0.18259,0.27368,0.32197,CLOSED,2.67167,0,57
100.3099,100.3099,1,0.24216,0.20323,0.2227,0.20544,0.27368,0.32197,CLOSED,2.70856,0,57
100.3439,100.3439,1,0.24705,0.20715,0.2271,0.2227,0.27368,0.32197,CLOSED,2.74256,0,57
100.3682,100.3682,1,0.24312,0.22499,0.23406,0.2271,0.27368,0.32197,CLOSED,2.76691,0,57
100.4,100.4,1,0.2572,0.24863,0.25292,0.23406,0.27368,0.32197,CLOSED,2.79868,0,57
100.4345,100.4345,1,0.27752,0.2839,0.28071,0.25292,0.27368,0.32197,CLOSED,2.83324,0,57
100.4655,100.4655,1,0.25916,0.28876,0.27396,0.27396,0.27368,0.32197,CLOSED,2.86425,0,57
100.499,100.499,1,0.2482,0.23755,0.24288,0.27396,0.27368,0.32197,CLOSED,2.89773,0,57
100.5345,100.5345,1,0.26156,0.27468,0.26812,0.26812,0.27368,0.32197,CLOSED,2.93319,0,57
100.5703,100.5703,1,0.27283,0.28887,0.28085,0.26812,0.27368,0.32197,CLOSED,2.96898,0,57
100.5904,100.5904,1,0.2677,0.2776,0.27265,0.27265,0.27368,0.32197,CLOSED,2.98913,0,57
100.6253,100.6253,1,0.23705,0.22303,0.23004,0.27265,0.27368,0.32197,CLOSED,3.02404,0,57
100.6594,100.6594,1,0.21965,0.21457,0.21711,0.23004,0.27368,0.32197,CLOSED,3.05811,0,57
100.7071,100.7071,1,0.24411,0.23466,0.23938,0.23004,0.27368,0.32197,CLOSED,3.10581,0,57
100.7427,100.7427,1,0.23241,0.22346,0.22794,0.22794,0.27368,0.32197,CLOSED,3.14145,0,57
100.7772,100.7772,1,0.24106,0.22919,0.23513,0.23513,0.27368,0.32197,CLOSED,3.17587,0,57
100.8118,100.8118,1,0.23912,0.2333,0.23621,0.23513,0.27368,0.32197,CLOSED,3.21048,0,57
100.8462,100.8462,1,0.24445,0.25414,0.2493,0.23621,0.27368,0.32197,CLOSED,3.24491,0,57
100.8716,100.8716,1,0.23279,0.24578,0.23928,0.23928,0.27368,0.32197,CLOSED,3.27028,0,57
100.9066,100.9066,1,0.23744,0.23519,0.23631,0.23928,0.27368,0.32197,CLOSED,3.30528,0,57
100.9275,100.9275,1,0.22744,0.23447,0.23095,0.23631,0.27368,0.32197,CLOSED,3.32616,0,57
100.9666,100.9666,1,0.20805,0.21417,0.21111,0.23095,0.27368,0.32197,CLOSED,3.36533,0,57
101.0016,101.0016,1,0.22429,0.19962,0.21195,0.21195,0.27368,0.32197,CLOSED,3.40035,0,57
101.0231,101.0231,1,0.2345,0.2067,0.2206,0.21195,0.27368,0.32197,CLOSED,3.42183,0,57
101.0571,101.0571,1,0.22608,0.20671,0.21639,0.21639,0.27368,0.32197,CLOSED,3.45577,0,57
101.089,101.089,1,0.22775,0.22687,0.22731,0.2206,0.27368,0.32197,CLOSED,3.48768,0,57
101.1383,101.1383,1,0.21753,0.19585,0.20669,0.21639,0.27368,0.32197,CLOSED,3.53697,0,57
101.176,101.176,1,0.21535,0.19808,0.20672,0.20672,0.27368,0.32197,CLOSED,3.57468,0,57
101.2106,101.2106,1,0.21654,0.20805,0.2123,0.20672,0.27368,0.32197,CLOSED,3.60929,0,57
101.2439,101.2439,1,0.19005,0.15232,0.17119,0.20672,0.27368,0.32197,CLOSED,3.64262,0,57
101.2664,101.2664,1,0.18474,0.13761,0.16117,0.17119,0.27368,0.32197,CLOSED,3.66511,0,57
101.2971,101.2971,1,0.19997,0.1784,0.18918,0.17119,0.27368,0.32197,CLOSED,3.69579,0,57
101.3302,101.3302,1,0.20727,0.1854,0.19634,0.18918,0.27368,0.32197,CLOSED,3.72894,0,57
101.3645,101.3645,1,0.22473,0.21186,0.21829,0.19634,0.27368,0.32197,CLOSED,3.76318,0,57
101.3969,101.3969,1,0.2172,0.21433,0.21576,0.21576,0.27368,0.32197,CLOSED,3.79556,0,57
101.4228,101.4228,1,0.21776,0.2142,0.21598,0.21598,0.27368,0.32197,CLOSED,3.82153,0,57
101.4573,101.4573,1,0.21948,0.21044,0.21496,0.21576,0.27368,0.32197,CLOSED,3.85603,0,57
101.4916,101.4916,1,0.22419,0.20939,0.21679,0.21598,0.27368,0.32197,CLOSED,3.89033,0,57
101.5256,101.5256,1,0.22185,0.20134,0.21159,0.21496,0.27368,0.32197,CLOSED,3.92433,0,57
101.5693,101.5693,1,0.20953,0.20075,0.20514,0.21159,0.27368,0.32197,CLOSED,3.96797,0,57
101.6077,101.6077,1,0.20962,0.20854,0.20908,0.20908,0.27368,0.32197,CLOSED,4.0064,0,57
101.6326,101.6326,1,0.19539,0.18769,0.19154,0.20514,0.27368,0.32197,CLOSED,4.03135,0,57
101.6656,101.6656,1,0.18386,0.20445,0.19416,0.19416,0.27368,0.32197,CLOSED,4.06427,0,57
101.6961,101.6961,1,0.20438,0.19859,0.20148,0.19416,0.27368,0.32197,CLOSED,4.09479,0,57
101.7294,101.7294,1,0.20036,0.19288,0.19662,0.19662,0.27368,0.32197,CLOSED,4.12809,0,57
101.7629,101.7629,1,0.20404,0.18862,0.19633,0.19662,0.27368,0.32197,CLOSED,4.16161,0,57
101.7921,101.7921,1,0.20984,0.18524,0.19754,0.19662,0.27368,0.32197,CLOSED,4.19081,0,57
101.8308,101.8308,1,0.21747,0.18899,0.20323,0.19754,0.27368,0.32197,CLOSED,4.22952,0,57
101.8652,101.8652,1,0.22269,0.21535,0.21902,0.20323,0.27368,0.32197,CLOSED,4.26387,0,57
101.8879,101.8879,1,0.2281,0.23099,0.22954,0.21902,0.27368,0.32197,CLOSED,4.2866,0,57
101.9215,101.9215,1,0.22562,0.23784,0.23173,0.22954,0.27368,0.32197,CLOSED,4.32022,0,57
101.9697,101.9697,1,0.22814,0.22136,0.22475,0.22954,0.27368,0.32197,CLOSED,4.36845,0,57
102.0029,102.0029,1,0.23598,0.22869,0.23233,0.23173,0.27368,0.32197,CLOSED,4.4016,0,57
102.0372,102.0372,1,0.23012,0.23646,0.23329,0.23233,0.27368,0.32197,CLOSED,4.4359,0,57
102.0632,102.0632,1,0.21698,0.22836,0.22267,0.23233,0.27368,0.32197,CLOSED,4.46186,0,57
102.0954,102.0954,1,0.21763,0.21043,0.21403,0.22267,0.27368,0.32197,CLOSED,4.49411,0,57
102.1293,102.1293,1,0.21487,0.22975,0.22231,0.22231,0.27368,0.32197,CLOSED,4.52803,0,57
102.1599,102.1599,1,0.22277,0.23069,0.22673,0.22231,0.27368,0.32197,CLOSED,4.55856,0,57
102.1922,102.1922,1,0.23978,0.25185,0.24581,0.22673,0.27368,0.32197,CLOSED,4.5909,0,57
102.2225,102.2225,1,0.23869,0.25122,0.24495,0.24495,0.27368,0.32197,CLOSED,4.62124,0,57
102.2581,102.2581,1,0.23034,0.23941,0.23488,0.24495,0.27368,0.32197,CLOSED,4.65681,0,57
102.288,102.288,1,0.23317,0.24464,0.2389,0.2389,0.27368,0.32197,CLOSED,4.68675,0,57
102.3209,102.3209,1,0.24117,0.26484,0.253,0.2389,0.27368,0.32197,CLOSED,4.71956,0,57
102.3537,102.3537,1,0.24448,0.26951,0.25699,0.253,0.27368,0.32197,CLOSED,4.75237,0,57
102.4027,102.4027,1,0.24449,0.25707,0.25078,0.253,0.27368,0.32197,CLOSED,4.80138,0,57
102.4367,102.4367,1,0.22967,0.25096,0.24032,0.25078,0.27368,0.32197,CLOSED,4.8354,0,57
102.471,102.471,1,0.23181,0.24905,0.24043,0.24043,0.27368,0.32197,CLOSED,4.86967,0,57
102.4971,102.4971,1,0.23102,0.24254,0.23678,0.24032,0.27368,0.32197,CLOSED,4.8958,0,57
102.5286,102.5286,1,0.22617,0.2291,0.22764,0.23678,0.27368,0.32197,CLOSED,4.92731,0,57
102.5644,102.5644,1,0.22536,0.22842,0.22689,0.22764,0.27368,0.32197,CLOSED,4.9631,0,57
102.5974,102.5974,1,0.2333,0.24246,0.23788,0.22764,0.27368,0.32197,CLOSED,4.99607,0,57
102.6232,102.6232,1,0.22753,0.23554,0.23154,0.23154,0.27368,0.32197,CLOSED,5.02194,0,57
102.6564,102.6564,1,0.22494,0.23238,0.22866,0.23154,0.27368,0.32197,CLOSED,5.0551,0,57
102.6942,102.6942,1,0.22427,0.22655,0.22541,0.22866,0.27368,0.32197,CLOSED,5.09295,0,57
102.7191,102.7191,1,0.21433,0.21013,0.21223,0.22541,0.27368,0.32197,CLOSED,5.11782,0,57
102.7524,102.7524,1,0.22155,0.21075,0.21615,0.21615,0.27368,0.32197,CLOSED,5.15113,0,57
102.7843,102.7843,1,0.22055,0.21263,0.21659,0.21615,0.27368,0.32197,CLOSED,5.18299,0,57
102.8351,102.8351,1,0.2184,0.21018,0.21429,0.21615,0.27368,0.32197,CLOSED,5.23382,0,57
102.8651,102.8651,1,0.21982,0.20998,0.2149,0.2149,0.27368,0.32197,CLOSED,5.26379,0,57
102.904,102.904,1,0.2006,0.18608,0.19334,0.21429,0.27368,0.32197,CLOSED,5.30268,0,57
102.9381,102.9381,1,0.20093,0.19341,0.19717,0.19717,0.27368,0.32197,CLOSED,5.33679,0,57
102.962,102.962,1,0.19932,0.19312,0.19622,0.19622,0.27368,0.32197,CLOSED,5.36074,0,57
102.9961,102.9961,1,0.19958,0.19354,0.19656,0.19656,0.27368,0.32197,CLOSED,5.39479,0,57
103.0242,103.0242,1,0.206,0.193,0.1995,0.19656,0.27368,0.32197,CLOSED,5.42292,0,57
103.0588,103.0588,1,0.20166,0.19611,0.19888,0.19888,0.27368,0.32197,CLOSED,5.45751,0,57
103.0888,103.0888,1,0.20882,0.19664,0.20273,0.1995,0.27368,0.32197,CLOSED,5.48749,0,57
103.1246,103.1246,1,0.22619,0.21458,0.22039,0.20273,0.27368,0.32197,CLOSED,5.52332,0,57
103.1527,103.1527,1,0.22239,0.2175,0.21995,0.21995,0.27368,0.32197,CLOSED,5.55141,0,57
103.1871,103.1871,1,0.21783,0.20684,0.21234,0.21995,0.27368,0.32197,CLOSED,5.58581,0,57
103.2212,103.2212,1,0.2244,0.20894,0.21667,0.21667,0.27368,0.32197,CLOSED,5.61987,0,57
103.2657,103.2657,1,0.22336,0.21429,0.21882,0.21667,0.27368,0.32197,CLOSED,5.66442,0,57
103.2971,103.2971,1,0.22716,0.21112,0.21914,0.21882,0.27368,0.32197,CLOSED,5.69576,0,57
103.336,103.336,1,0.22869,0.21165,0.22017,0.21914,0.27368,0.32197,CLOSED,5.73476,0,57
103.3699,103.3699,1,0.22751,0.21628,0.2219,0.22017,0.27368,0.32197,CLOSED,5.76856,0,57
103.4046,103.4046,1,0.22616,0.23423,0.23019,0.2219,0.27368,0.32197,CLOSED,5.8033,0,57
103.4279,103.4279,1,0.22784,0.23131,0.22957,0.22957,0.27368,0.32197,CLOSED,5.82658,0,57
103.4619,103.4619,1,0.22136,0.2224,0.22188,0.22957,0.27368,0.32197,CLOSED,5.86061,0,57
103.487,103.487,1,0.22877,0.23141,0.23009,0.22957,0.27368,0.32197,CLOSED,5.88572,0,57
103.5209,103.5209,1,0.2309,0.23265,0.23178,0.23009,0.27368,0.32197,CLOSED,5.91963,0,57
103.5642,103.5642,1,0.23984,0.2412,0.24052,0.23178,0.27368,0.32197,CLOSED,5.96289,0,57
103.5831,103.5831,1,0.23759,0.23301,0.2353,0.2353,0.27368,0.32197,CLOSED,5.98181,0,57
103.6171,103.6171,1,0.22314,0.22763,0.22539,0.2353,0.27368,0.32197,CLOSED,6.01577,0,57
103.6667,103.6667,1,0.22442,0.216,0.22021,0.22539,0.27368,0.32197,CLOSED,6.06538,0,57
103.7005,103.7005,1,0.22943,0.2136,0.22151,0.22151,0.27368,0.32197,CLOSED,6.09919,0,57
103.7343,103.7343,1,0.22764,0.20892,0.21828,0.22021,0.27368,0.32197,CLOSED,6.13301,0,57
103.7778,103.7778,1,0.22807,0.20781,0.21794,0.21828,0.27368,0.32197,CLOSED,6.17649,0,57
103.8116,103.8116,1,0.22595,0.2075,0.21673,0.21794,0.27368,0.32197,CLOSED,6.21034,0,57
103.8361,103.8361,1,0.22612,0.2076,0.21686,0.21686,0.27368,0.32197,CLOSED,6.23486,0,57
103.8697,103.8697,1,0.22672,0.20932,0.21802,0.21686,0.27368,0.32197,CLOSED,6.26843,0,57
103.9029,103.9029,1,0.2259,0.20648,0.21619,0.21686,0.27368,0.32197,CLOSED,6.30162,0,57
103.9369,103.9369,1,0.22794,0.21267,0.22031,0.21802,0.27368,0.32197,CLOSED,6.33564,0,57
103.9589,103.9589,1,0.22785,0.2143,0.22107,0.22031,0.27368,0.32197,CLOSED,6.35759,0,57
104.0023,104.0023,1,0.22719,0.21474,0.22097,0.22097,0.27368,0.32197,CLOSED,6.40105,0,57
104.0364,104.0364,1,0.22463,0.21275,0.21869,0.22097,0.27368,0.32197,CLOSED,6.4351,0,57
104.0602,104.0602,1,0.22475,0.21384,0.21929,0.21929,0.27368,0.32197,CLOSED,6.45892,0,57
104.0984,104.0984,1,0.21851,0.21,0.21426,0.21869,0.27368,0.32197,CLOSED,6.49711,0,57
104.1289,104.1289,1,0.22025,0.2112,0.21572,0.21572,0.27368,0.32197,CLOSED,6.52763,0,57
104.1638,104.1638,1,0.22023,0.20047,0.21035,0.21426,0.27368,0.32197,CLOSED,6.56251,0,57
104.1964,104.1964,1,0.22687,0.20583,0.21635,0.21572,0.27368,0.32197,CLOSED,6.59509,0,57
104.2236,104.2236,1,0.22626,0.21625,0.22125,0.21635,0.27368,0.32197,CLOSED,6.62232,0,57
104.2579,104.2579,1,0.22749,0.22368,0.22559,0.22125,0.27368,0.32197,CLOSED,6.65664,0,57
104.2886,104.2886,1,0.22254,0.21001,0.21627,0.22125,0.27368,0.32197,CLOSED,6.68728,0,57
104.3208,104.3208,1,0.21599,0.21206,0.21403,0.21627,0.27368,0.32197,CLOSED,6.71948,0,57
104.3554,104.3554,1,0.21131,0.20964,0.21048,0.21403,0.27368,0.32197,CLOSED,6.75413,0,57
104.389,104.389,1,0.21372,0.21058,0.21215,0.21215,0.27368,0.32197,CLOSED,6.78774,0,57
104.4202,104.4202,1,0.2196,0.21955,0.21958,0.21215,0.27368,0.32197,CLOSED,6.81889,0,57
104.4544,104.4544,1,0.22644,0.22893,0.22769,0.21958,0.27368,0.32197,CLOSED,6.85311,0,57
104.4784,104.4784,1,0.2326,0.22842,0.23051,0.22769,0.27368,0.32197,CLOSED,6.87713,0,57
104.5275,104.5275,1,0.2333,0.22175,0.22753,0.22769,0.27368,0.32197,CLOSED,6.92624,0,57
104.562,104.562,1,0.22649,0.22053,0.22351,0.22753,0.27368,0.32197,CLOSED,6.96075,0,57
104.5929,104.5929,1,0.22951,0.21612,0.22282,0.22351,0.27368,0.32197,CLOSED,6.99163,0,57
104.6272,104.6272,1,0.22468,0.20813,0.2164,0.22282,0.27368,0.32197,CLOSED,7.02594,0,57
104.6558,104.6558,1,0.22473,0.20733,0.21603,0.2164,0.27368,0.32197,CLOSED,7.05449,0,57
104.6892,104.6892,1,0.22978,0.20367,0.21672,0.2164,0.27368,0.32197,CLOSED,7.08793,0,57
104.7214,104.7214,1,0.24511,0.22154,0.23332,0.21672,0.27368,0.32197,CLOSED,7.12007,0,57
104.7536,104.7536,1,0.24663,0.23405,0.24034,0.23332,0.27368,0.32197,CLOSED,7.15228,0,57
104.7852,104.7852,1,0.26273,0.26262,0.26267,0.24034,0.27368,0.32197,CLOSED,7.18392,0,57
104.8183,104.8183,1,0.27118,0.28321,0.27719,0.26267,0.27368,0.32197,CLOSED,7.21704,0,57
104.8804,104.8804,1,0.28308,0.29349,0.28828,0.27719,0.27368,0.32197,CLOSED,7.27914,0,57
104.9143,104.9143,1,0.29453,0.30559,0.30006,0.28828,0.27368,0.32197,CLOSED,7.31304,0,57
104.9328,104.9328,1,0.29972,0.30896,0.30434,0.30006,0.27368,0.32197,CLOSED,7.33147,0,57
104.9659,104.9659,1,0.30038,0.3096,0.30499,0.30434,0.27368,0.32197,CLOSED,7.36464,0,57
104.9991,104.9991,1,0.30156,0.31242,0.30699,0.30499,0.27368,0.32197,CLOSED,7.39784,0,57
105.0237,105.0237,1,0.30267,0.31467,0.30867,0.30699,0.27368,0.32197,CLOSED,7.42238,0,57
105.058,105.058,1,0.30297,0.31788,0.31043,0.30867,0.27368,0.32197,CLOSED,7.4567,0,57
105.0909,105.0909,1,0.3024,0.31786,0.31013,0.31013,0.27368,0.32197,CLOSED,7.48962,0,57
105.1245,105.1245,1,0.30811,0.33104,0.31958,0.31043,0.27368,0.32197,CLOSED,7.5232,0,57
105.1579,105.1579,1,0.30818,0.33305,0.32062,0.31958,0.27368,0.32197,CLOSED,7.55666,0,57
105.1913,105.1913,1,0.30799,0.33275,0.32037,0.32037,0.27368,0.32197,CLOSED,7.59001,0,57
105.2164,105.2164,1,0.30675,0.33213,0.31944,0.32037,0.27368,0.32197,CLOSED,7.61516,0,57
105.2827,105.2827,1,0.3104,0.33783,0.32411,0.32037,0.27368,0.32197,CLOSED,7.68138,0,57
105.3001,105.3001,1,0.31057,0.33793,0.32425,0.32411,0.27368,0.32197,OPENING,7.69882,0,57
105.3182,105.3182,1,0.30958,0.33579,0.32268,0.32411,0.27368,0.32197,OPEN,7.71696,0,57
105.3596,105.3596,1,0.3048,0.33381,0.31931,0.32268,0.27368,0.32197,OPEN,,0,57
105.3936,105.3936,1,0.30472,0.33292,0.31882,0.31931,0.27368,0.32197,OPEN,,0,57
105.4239,105.4239,1,0.30449,0.33274,0.31862,0.31882,0.27368,0.32197,OPEN,,0,57
105.456,105.456,1,0.30905,0.33112,0.32009,0.31882,0.27368,0.32197,OPEN,,0,57
105.4868,105.4868,1,0.31456,0.33733,0.32594,0.32009,0.27368,0.32197,OPEN,,0,57
105.5225,105.5225,1,0.31755,0.33884,0.3282,0.32594,0.27368,0.32197,OPEN,,0,57
105.5562,105.5562,1,0.31704,0.33922,0.32813,0.32813,0.27368,0.32197,OPEN,,0,57
105.5895,105.5895,1,0.31859,0.34056,0.32957,0.3282,0.27368,0.32197,OPEN,,0,57
105.6232,105.6232,1,0.31808,0.34026,0.32917,0.32917,0.27368,0.32197,OPEN,,0,57
105.6792,105.6792,1,0.23107,0.20503,0.21805,0.32917,0.27368,0.32197,OPEN,,0,57
105.7165,105.7165,1,0.20158,0.17068,0.18613,0.21805,0.27368,0.32197,CLOSING,,0,57
105.7508,105.7508,1,0.18339,0.15387,0.16863,0.18613,0.27368,0.32197,CLOSING,0.03434,0,57
105.7846,105.7846,1,0.18842,0.1726,0.18051,0.18051,0.27368,0.32197,CLOSED,0.06811,0,57
105.8187,105.8187,1,0.20849,0.18514,0.19682,0.18051,0.27368,0.32197,CLOSED,0.10226,0,57
105.853,105.853,1,0.22445,0.21464,0.21954,0.19682,0.27368,0.32197,CLOSED,0.13656,0,57
105.8875,105.8875,1,0.24317,0.2476,0.24538,0.21954,0.27368,0.32197,CLOSED,0.17098,0,57
105.9218,105.9218,1,0.27336,0.28888,0.28112,0.24538,0.27368,0.32197,CLOSED,0.20531,0,57
105.9693,105.9693,1,0.30314,0.3271,0.31512,0.28112,0.27368,0.32197,CLOSED,0.25279,0,57
106.0033,106.0033,1,0.3169,0.33734,0.32712,0.31512,0.27368,0.32197,CLOSED,0.28682,0,57
106.0378,106.0378,1,0.31962,0.33881,0.32922,0.32712,0.27368,0.32197,OPENING,0.32134,0,57
106.072,106.072,1,0.32389,0.34215,0.33302,0.32922,0.27368,0.32197,OPEN,0.35554,1,58
106.1057,106.1057,1,0.32434,0.34266,0.3335,0.33302,0.27368,0.32197,OPEN,,0,58
106.1396,106.1396,1,0.32508,0.3426,0.33384,0.3335,0.27368,0.32197,OPEN,,0,58
106.1617,106.1617,1,0.32415,0.34277,0.33346,0.3335,0.27368,0.32197,OPEN,,0,58
106.1957,106.1957,1,0.32435,0.34365,0.334,0.33384,0.27368,0.32197,OPEN,,0,58
106.2302,106.2302,1,0.32608,0.34875,0.33741,0.334,0.27368,0.32197,OPEN,,0,58
106.2639,106.2639,1,0.32045,0.34855,0.3345,0.3345,0.27368,0.32197,OPEN,,0,58
106.298,106.298,1,0.31851,0.34598,0.33224,0.3345,0.27368,0.32197,OPEN,,0,58
106.3317,106.3317,1,0.31981,0.34824,0.33403,0.33403,0.27368,0.32197,OPEN,,0,58
106.3505,106.3505,1,0.31977,0.34815,0.33396,0.33396,0.27368,0.32197,OPEN,,0,58
106.383,106.383,1,0.31911,0.34535,0.33223,0.33396,0.27368,0.32197,OPEN,,0,58
106.4164,106.4164,1,0.31997,0.34572,0.33284,0.33284,0.27368,0.32197,OPEN,,0,58
106.4489,106.4489,1,0.31963,0.3453,0.33246,0.33246,0.27368,0.32197,OPEN,,0,58
106.483,106.483,1,0.32129,0.34567,0.33348,0.33284,0.27368,0.32197,OPEN,,0,58
106.517,106.517,1,0.31959,0.34476,0.33218,0.33246,0.27368,0.32197,OPEN,,0,58
106.5502,106.5502,1,0.3181,0.343,0.33055,0.33218,0.27368,0.32197,OPEN,,0,58
106.5857,106.5857,1,0.31963,0.34304,0.33134,0.33134,0.27368,0.32197,OPEN,,0,58
106.6221,106.6221,1,0.32105,0.34647,0.33376,0.33134,0.27368,0.32197,OPEN,,0,58
106.6564,106.6564,1,0.32088,0.34812,0.3345,0.33376,0.27368,0.32197,OPEN,,0,58
106.6912,106.6912,1,0.31716,0.34796,0.33256,0.33376,0.27368,0.32197,OPEN,,0,58
106.7247,106.7247,1,0.31663,0.35342,0.33502,0.3345,0.27368,0.32197,OPEN,,0,58
106.7428,106.7428,1,0.32014,0.35707,0.33861,0.33502,0.27368,0.32197,OPEN,,0,58
106.7749,106.7749,1,0.31978,0.35316,0.33647,0.33647,0.27368,0.32197,OPEN,,0,58
106.8075,106.8075,1,0.31999,0.3527,0.33635,0.33647,0.27368,0.32197,OPEN,,0,58
106.8323,106.8323,1,0.31896,0.3512,0.33508,0.33635,0.27368,0.32197,OPEN,,0,58
106.8836,106.8836,1,0.31845,0.35013,0.33429,0.33508,0.27368,0.32197,OPEN,,0,58
106.9138,106.9138,1,0.3173,0.35239,0.33484,0.33484,0.27368,0.32197,OPEN,,0,58
106.9452,106.9452,1,0.31612,0.34141,0.32876,0.33429,0.27368,0.32197,OPEN,,0,58
106.9785,106.9785,1,0.31399,0.34088,0.32743,0.32876,0.27368,0.32197,OPEN,,0,58
107.0139,107.0139,1,0.31271,0.34047,0.32659,0.32743,0.27368,0.32197,OPEN,,0,58
107.0328,107.0328,1,0.31194,0.33951,0.32573,0.32659,0.27368,0.32197,OPEN,,0,58
107.0547,107.0547,1,0.3146,0.33837,0.32649,0.32649,0.27368,0.32197,OPEN,,0,58
107.087,107.087,1,0.31745,0.33972,0.32859,0.32649,0.27368,0.32197,OPEN,,0,58
107.1214,107.1214,1,0.3179,0.34016,0.32903,0.32859,0.27368,0.32197,OPEN,,0,58
107.1551,107.1551,1,0.31215,0.33242,0.32229,0.32859,0.27368,0.32197,OPEN,,0,58
107.1896,107.1896,1,0.29887,0.31175,0.30531,0.32229,0.27368,0.32197,OPEN,,0,58
107.2229,107.2229,1,0.26939,0.28516,0.27727,0.30531,0.27368,0.32197,OPEN,,0,58
107.2833,107.2833,1,0.27202,0.28879,0.28041,0.28041,0.27368,0.32197,OPEN,,0,58
107.3128,107.3128,1,0.28213,0.29254,0.28734,0.28041,0.27368,0.32197,OPEN,,0,58
107.3458,107.3458,1,0.28882,0.29313,0.29097,0.28734,0.27368,0.32197,OPEN,,0,58
107.3773,107.3773,1,0.28763,0.29029,0.28896,0.28896,0.27368,0.32197,OPEN,,0,58
107.4102,107.4102,1,0.29587,0.30879,0.30233,0.29097,0.27368,0.32197,OPEN,,0,58
107.4278,107.4278,1,0.29959,0.31778,0.30869,0.30233,0.27368,0.32197,OPEN,,0,58
107.4569,107.4569,1,0.30996,0.3361,0.32303,0.30869,0.27368,0.32197,OPEN,,0,58
107.4884,107.4884,1,0.30743,0.32865,0.31804,0.31804,0.27368,0.32197,OPEN,,0,58
107.5203,107.5203,1,0.30929,0.32904,0.31917,0.31917,0.27368,0.32197,OPEN,,0,58
107.5536,107.5536,1,0.31006,0.32847,0.31926,0.31917,0.27368,0.32197,OPEN,,0,58
107.5868,107.5868,1,0.31147,0.32969,0.32058,0.31926,0.27368,0.32197,OPEN,,0,58
107.6215,107.6215,1,0.31144,0.32763,0.31953,0.31953,0.27368,0.32197,OPEN,,0,58
107.6866,107.6866,1,0.31709,0.3256,0.32135,0.32058,0.27368,0.32197,OPEN,,0,58
107.7161,107.7161,1,0.31931,0.32485,0.32208,0.32135,0.27368,0.32197,OPEN,,0,58
107.7498,107.7498,1,0.31943,0.32987,0.32465,0.32208,0.27368,0.32197,OPEN,,0,58
107.7838,107.7838,1,0.31456,0.33555,0.32506,0.32465,0.27368,0.32197,OPEN,,0,58
107.8069,107.8069,1,0.32007,0.33617,0.32812,0.32506,0.27368,0.32197,OPEN,,0,58
107.8417,107.8417,1,0.33287,0.34469,0.33878,0.32812,0.27368,0.32197,OPEN,,0,58
107.8624,107.8624,1,0.33709,0.34197,0.33953,0.33878,0.27368,0.32197,OPEN,,0,58
107.8883,107.8883,1,0.34553,0.35757,0.35155,0.33953,0.27368,0.32197,OPEN,,0,58
107.9231,107.9231,1,0.35211,0.37183,0.36197,0.35155,0.27368,0.32197,OPEN,,0,58
107.9526,107.9526,1,0.3877,0.39906,0.39338,0.36197,0.27368,0.32197,OPEN,,0,58
107.9855,107.9855,1,0.38919,0.40561,0.3974,0.39338,0.27368,0.32197,OPEN,,0,58
108.0168,108.0168,1,0.38285,0.39245,0.38765,0.39338,0.27368,0.32197,OPEN,,0,58
108.0838,108.0838,1,0.39628,0.40213,0.3992,0.3974,0.27368,0.32197,OPEN,,0,58
108.1197,108.1197,1,0.38985,0.40156,0.3957,0.3957,0.27368,0.32197,OPEN,,0,58
108.1535,108.1535,1,0.39418,0.41164,0.40291,0.3992,0.27368,0.32197,OPEN,,0,58
108.1763,108.1763,1,0.40037,0.41177,0.40607,0.40291,0.27368,0.32197,OPEN,,0,58
108.2098,108.2098,1,0.3954,0.40209,0.39875,0.40291,0.27368,0.32197,OPEN,,0,58
108.2438,108.2438,1,0.39956,0.40859,0.40407,0.40407,0.27368,0.32197,OPEN,,0,58
108.2765,108.2765,1,0.40379,0.41167,0.40773,0.40407,0.27368,0.32197,OPEN,,0,58
108.297,108.297,1,0.40524,0.41163,0.40843,0.40773,0.27368,0.32197,OPEN,,0,58
108.3205,108.3205,1,0.40046,0.40872,0.40459,0.40773,0.27368,0.32197,OPEN,,0,58
108.3517,108.3517,1,0.41446,0.41511,0.41479,0.40843,0.27368,0.32197,OPEN,,0,58
108.3848,108.3848,1,0.42523,0.4284,0.42682,0.41479,0.27368,0.32197,OPEN,,0,58
108.4187,108.4187,1,0.42078,0.43781,0.4293,0.42682,0.27368,0.32197,OPEN,,0,58
108.4815,108.4815,1,0.41421,0.43538,0.4248,0.42682,0.27368,0.32197,OPEN,,0,58
108.5161,108.5161,1,0.40716,0.4306,0.41888,0.4248,0.27368,0.32197,OPEN,,0,58
108.551,108.551,1,0.3903,0.41685,0.40357,0.41888,0.27368,0.32197,OPEN,,0,58
108.575,108.575,1,0.34851,0.41845,0.38348,0.40357,0.27368,0.32197,OPEN,,0,58
108.6088,108.6088,1,0.2665,0.23532,0.25091,0.38348,0.27368,0.32197,OPEN,,0,58
108.642,108.642,1,0.23291,0.18648,0.20969,0.25091,0.27368,0.32197,CLOSING,,0,58
108.6755,108.6755,1,0.1996,0.19407,0.19684,0.20969,0.27368,0.32197,CLOSING,0.03348,0,58
108.709,108.709,1,0.18697,0.19624,0.19161,0.19684,0.27368,0.32197,CLOSED,0.06704,0,58
108.7297,108.7297,1,0.21168,0.23758,0.22463,0.19684,0.27368,0.32197,CLOSED,0.0877,0,58
108.7692,108.7692,1,0.23211,0.30247,0.26729,0.22463,0.27368,0.32197,CLOSED,0.12718,0,58
108.8032,108.8032,1,0.26096,0.34438,0.30267,0.26729,0.27368,0.32197,CLOSED,0.16117,0,58
108.8364,108.8364,1,0.30491,0.37703,0.34097,0.30267,0.27368,0.32197,CLOSED,0.19442,0,58
108.8824,108.8824,1,0.33454,0.37867,0.3566,0.34097,0.27368,0.32197,OPENING,0.24043,0,58
108.9159,108.9159,1,0.34298,0.36898,0.35598,0.35598,0.27368,0.32197,OPEN,0.27396,1,59
108.9488,108.9488,1,0.34589,0.36775,0.35682,0.3566,0.27368,0.32197,OPEN,,0,59
108.989,108.989,1,0.34992,0.37283,0.36138,0.35682,0.27368,0.32197,OPEN,,0,59
109.0229,109.0229,1,0.35621,0.37971,0.36796,0.36138,0.27368,0.32197,OPEN,,0,59
109.0397,109.0397,1,0.36184,0.38566,0.37375,0.36796,0.27368,0.32197,OPEN,,0,59
109.0722,109.0722,1,0.36882,0.38349,0.37615,0.37375,0.27368,0.32197,OPEN,,0,59
109.1053,109.1053,1,0.23815,0.18687,0.21251,0.37375,0.27368,0.32197,OPEN,,0,59
109.1238,109.1238,1,0.23005,0.18965,0.20985,0.21251,0.27368,0.32197,CLOSING,,0,59
109.1419,109.1419,1,0.11118,0.05734,0.08426,,0.27368,0.32197,CLOSING,,0,59
109.1923,109.1923,1,0.12685,0.09908,0.11296,0.20985,0.27368,0.32197,CLOSED,0.06852,0,59
109.2275,109.2275,1,0.19784,0.17545,0.18664,0.18664,0.27368,0.32197,CLOSED,0.10374,0,59
109.2827,109.2827,1,0.29877,0.2273,0.26304,0.18664,0.27368,0.32197,CLOSED,0.1589,0,59
109.313,109.313,1,0.33422,0.25207,0.29314,0.26304,0.27368,0.32197,CLOSED,0.18919,0,59
109.3467,109.3467,1,0.3631,0.29453,0.32881,0.29314,0.27368,0.32197,CLOSED,0.22294,0,59
109.3811,109.3811,1,0.37176,0.32712,0.34944,0.32881,0.27368,0.32197,OPENING,0.25737,0,59
109.4141,109.4141,1,0.37738,0.36081,0.3691,0.34944,0.27368,0.32197,OPEN,0.29031,1,60
109.4404,109.4404,1,0.38195,0.39027,0.38611,0.3691,0.27368,0.32197,OPEN,,0,60
109.4746,109.4746,1,0.37905,0.39768,0.38836,0.38611,0.27368,0.32197,OPEN,,0,60
109.5091,109.5091,1,0.37277,0.40056,0.38666,0.38666,0.27368,0.32197,OPEN,,0,60
109.5358,109.5358,1,0.39202,0.39793,0.39498,0.38836,0.27368,0.32197,OPEN,,0,60
109.5538,109.5538,1,0.40626,0.40174,0.404,0.39498,0.27368,0.32197,OPEN,,0,60
109.5719,109.5719,1,0.40475,0.38693,0.39584,0.39584,0.27368,0.32197,OPEN,,0,60
109.6227,109.6227,1,0.39144,0.37958,0.38551,0.39584,0.27368,0.32197,OPEN,,0,60
109.6817,109.6817,1,0.39248,0.36304,0.37776,0.38551,0.27368,0.32197,OPEN,,0,60
109.7143,109.7143,1,0.39635,0.37616,0.38625,0.38551,0.27368,0.32197,OPEN,,0,60
109.7494,109.7494,1,0.39357,0.37475,0.38416,0.38416,0.27368,0.32197,OPEN,,0,60
109.7835,109.7835,1,0.38692,0.36958,0.37825,0.38416,0.27368,0.32197,OPEN,,0,60
109.8084,109.8084,1,0.38189,0.37374,0.37782,0.37825,0.27368,0.32197,OPEN,,0,60
109.8487,109.8487,1,0.36945,0.37038,0.36991,0.37782,0.27368,0.32197,OPEN,,0,60
109.8719,109.8719,1,0.37134,0.37103,0.37119,0.37119,0.27368,0.32197,OPEN,,0,60
109.9063,109.9063,1,0.37147,0.36823,0.36985,0.36991,0.27368,0.32197,OPEN,,0,60
109.9409,109.9409,1,0.36306,0.35562,0.35934,0.36985,0.27368,0.32197,OPEN,,0,60
109.9761,109.9761,1,0.34682,0.35748,0.35215,0.35934,0.27368,0.32197,OPEN,,0,60
109.9986,109.9986,1,0.34131,0.34789,0.3446,0.35215,0.27368,0.32197,OPEN,,0,60
110.0322,110.0322,1,0.20628,0.16576,0.18602,0.3446,0.27368,0.32197,OPEN,,0,60
110.0824,110.0824,1,0.15356,0.17141,0.16249,0.18602,0.27368,0.32197,CLOSING,,0,60
110.1154,110.1154,1,0.22727,0.19082,0.20904,0.18602,0.27368,0.32197,CLOSING,0.03301,0,60
110.1478,110.1478,1,0.25762,0.25479,0.2562,0.20904,0.27368,0.32197,CLOSED,0.06542,0,60
110.1814,110.1814,1,0.28403,0.30595,0.29499,0.2562,0.27368,0.32197,CLOSED,0.09904,0,60
110.2139,110.2139,1,0.30874,0.33322,0.32098,0.29499,0.27368,0.32197,CLOSED,0.1315,0,60
110.2458,110.2458,1,0.32414,0.33915,0.33164,0.32098,0.27368,0.32197,CLOSED,0.16344,0,60
110.2913,110.2913,1,0.34135,0.34859,0.34497,0.33164,0.27368,0.32197,OPENING,0.20894,0,60
110.3142,110.3142,1,0.34627,0.35132,0.3488,0.34497,0.27368,0.32197,OPEN,0.2318,1,61
110.3365,110.3365,1,0.36117,0.3673,0.36423,0.3488,0.27368,0.32197,OPEN,,0,61
110.3703,110.3703,1,0.37373,0.37641,0.37507,0.36423,0.27368,0.32197,OPEN,,0,61
110.4034,110.4034,1,0.37957,0.3792,0.37939,0.37507,0.27368,0.32197,OPEN,,0,61
110.4371,110.4371,1,0.38452,0.3798,0.38216,0.37939,0.27368,0.32197,OPEN,,0,61
110.4882,110.4882,1,0.38327,0.3979,0.39058,0.38216,0.27368,0.32197,OPEN,,0,61
110.522,110.522,1,0.38327,0.39421,0.38874,0.38874,0.27368,0.32197,OPEN,,0,61
110.5554,110.5554,1,0.38246,0.39849,0.39047,0.39047,0.27368,0.32197,OPEN,,0,61
110.5936,110.5936,1,0.38028,0.39187,0.38607,0.38874,0.27368,0.32197,OPEN,,0,61
110.629,110.629,1,0.37509,0.37673,0.37591,0.38607,0.27368,0.32197,OPEN,,0,61
110.6633,110.6633,1,0.37318,0.37866,0.37592,0.37592,0.27368,0.32197,OPEN,,0,61
110.6964,110.6964,1,0.3671,0.36367,0.36539,0.37591,0.27368,0.32197,OPEN,,0,61
110.7374,110.7374,1,0.36613,0.37005,0.36809,0.36809,0.27368,0.32197,OPEN,,0,61
110.773,110.773,1,0.36452,0.36102,0.36277,0.36539,0.27368,0.32197,OPEN,,0,61
110.8064,110.8064,1,0.36444,0.36512,0.36478,0.36478,0.27368,0.32197,OPEN,,0,61
110.8412,110.8412,1,0.36647,0.37439,0.37043,0.36478,0.27368,0.32197,OPEN,,0,61
110.8628,110.8628,1,0.36605,0.37513,0.37059,0.37043,0.27368,0.32197,OPEN,,0,61
110.8968,110.8968,1,0.37259,0.3876,0.38009,0.37059,0.27368,0.32197,OPEN,,0,61
110.9219,110.9219,1,0.37607,0.38575,0.38091,0.38009,0.27368,0.32197,OPEN,,0,61
110.9567,110.9567,1,0.37153,0.38547,0.3785,0.38009,0.27368,0.32197,OPEN,,0,61
110.9936,110.9936,1,0.37117,0.38718,0.37918,0.37918,0.27368,0.32197,OPEN,,0,61
111.0255,111.0255,1,0.37256,0.38748,0.38002,0.37918,0.27368,0.32197,OPEN,,0,61
111.044,111.044,1,0.37768,0.38911,0.3834,0.38002,0.27368,0.32197,OPEN,,0,61
111.0782,111.0782,1,0.38492,0.39368,0.3893,0.3834,0.27368,0.32197,OPEN,,0,61
111.1125,111.1125,1,0.37176,0.37772,0.37474,0.3834,0.27368,0.32197,OPEN,,0,61
111.1498,111.1498,1,0.35976,0.36954,0.36465,0.37474,0.27368,0.32197,OPEN,,0,61
111.1685,111.1685,1,0.35523,0.37047,0.36285,0.36465,0.27368,0.32197,OPEN,,0,61
111.2016,111.2016,1,0.2156,0.20089,0.20824,0.36285,0.27368,0.32197,OPEN,,0,61
111.2363,111.2363,1,0.15493,0.16515,0.16004,0.20824,0.27368,0.32197,CLOSING,,0,61
111.27,111.27,1,0.1056,0.13622,0.12091,0.16004,0.27368,0.32197,CLOSING,0.03369,0,61
111.3122,111.3122,1,0.15637,0.21833,0.18735,0.16004,0.27368,0.32197,CLOSED,0.07586,0,61
111.3461,111.3461,1,0.22616,0.28449,0.25532,0.18735,0.27368,0.32197,CLOSED,0.10977,0,61
111.3792,111.3792,1,0.27834,0.31235,0.29535,0.25532,0.27368,0.32197,CLOSED,0.14288,0,61
111.4076,111.4076,1,0.30732,0.32648,0.3169,0.29535,0.27368,0.32197,CLOSED,0.17128,0,61
111.4417,111.4417,1,0.32846,0.34277,0.33562,0.3169,0.27368,0.32197,CLOSED,0.20538,0,61
111.4768,111.4768,1,0.34983,0.35594,0.35289,0.33562,0.27368,0.32197,OPENING,0.24049,0,61
111.5034,111.5034,1,0.3538,0.35906,0.35643,0.35289,0.27368,0.32197,OPEN,0.26706,1,62
111.5372,111.5372,1,0.35148,0.35898,0.35523,0.35523,0.27368,0.32197,OPEN,,0,62
111.5737,111.5737,1,0.35074,0.35717,0.35395,0.35523,0.27368,0.32197,OPEN,,0,62
111.5994,111.5994,1,0.35129,0.3597,0.35549,0.35523,0.27368,0.32197,OPEN,,0,62
111.633,111.633,1,0.35207,0.36194,0.35701,0.35549,0.27368,0.32197,OPEN,,0,62
111.6652,111.6652,1,0.35988,0.36359,0.36174,0.35701,0.27368,0.32197,OPEN,,0,62
111.6967,111.6967,1,0.36297,0.37116,0.36707,0.36174,0.27368,0.32197,OPEN,,0,62
111.7457,111.7457,1,0.36673,0.37171,0.36922,0.36707,0.27368,0.32197,OPEN,,0,62
111.7822,111.7822,1,0.36569,0.37236,0.36902,0.36902,0.27368,0.32197,OPEN,,0,62
111.8123,111.8123,1,0.36086,0.37142,0.36614,0.36902,0.27368,0.32197,OPEN,,0,62
111.842,111.842,1,0.36191,0.37458,0.36825,0.36825,0.27368,0.32197,OPEN,,0,62
111.8757,111.8757,1,0.36751,0.3738,0.37066,0.36825,0.27368,0.32197,OPEN,,0,62
111.9057,111.9057,1,0.37269,0.38129,0.37699,0.37066,0.27368,0.32197,OPEN,,0,62
111.9388,111.9388,1,0.37021,0.37204,0.37113,0.37113,0.27368,0.32197,OPEN,,0,62
111.9722,111.9722,1,0.37195,0.37121,0.37158,0.37158,0.27368,0.32197,OPEN,,0,62
112.0043,112.0043,1,0.3698,0.37068,0.37024,0.37113,0.27368,0.32197,OPEN,,0,62
112.0336,112.0336,1,0.36548,0.36523,0.36536,0.37024,0.27368,0.32197,OPEN,,0,62
112.0681,112.0681,1,0.35852,0.35865,0.35859,0.36536,0.27368,0.32197,OPEN,,0,62
112.0974,112.0974,1,0.36091,0.3619,0.3614,0.3614,0.27368,0.32197,OPEN,,0,62
112.1458,112.1458,1,0.36193,0.36553,0.36373,0.3614,0.27368,0.32197,OPEN,,0,62
112.1776,112.1776,1,0.35854,0.36291,0.36072,0.3614,0.27368,0.32197,OPEN,,0,62
112.2139,112.2139,1,0.3587,0.36648,0.36259,0.36259,0.27368,0.32197,OPEN,,0,62
112.2444,112.2444,1,0.35854,0.36471,0.36162,0.36162,0.27368,0.32197,OPEN,,0,62
112.2727,112.2727,1,0.35887,0.36628,0.36257,0.36257,0.27368,0.32197,OPEN,,0,62
112.3047,112.3047,1,0.36031,0.36535,0.36283,0.36257,0.27368,0.32197,OPEN,,0,62
112.337,112.337,1,0.3638,0.37244,0.36812,0.36283,0.27368,0.32197,OPEN,,0,62
112.3688,112.3688,1,0.36019,0.36708,0.36364,0.36364,0.27368,0.32197,OPEN,,0,62
112.4011,112.4011,1,0.36038,0.36936,0.36487,0.36487,0.27368,0.32197,OPEN,,0,62
112.4376,112.4376,1,0.3654,0.37568,0.37054,0.36487,0.27368,0.32197,OPEN,,0,62
112.465,112.465,1,0.36145,0.37246,0.36696,0.36696,0.27368,0.32197,OPEN,,0,62
112.499,112.499,1,0.355,0.3688,0.3619,0.36696,0.27368,0.32197,OPEN,,0,62
112.5306,112.5306,1,0.35538,0.37087,0.36312,0.36312,0.27368,0.32197,OPEN,,0,62
112.5785,112.5785,1,0.35658,0.37245,0.36452,0.36312,0.27368,0.32197,OPEN,,0,62
112.6075,112.6075,1,0.3563,0.37155,0.36393,0.36393,0.27368,0.32197,OPEN,,0,62
112.646,112.646,1,0.35384,0.37162,0.36273,0.36393,0.27368,0.32197,OPEN,,0,62
112.6726,112.6726,1,0.35385,0.37174,0.36279,0.36279,0.27368,0.32197,OPEN,,0,62
112.7053,112.7053,1,0.3557,0.372,0.36385,0.36279,0.27368,0.32197,OPEN,,0,62
112.7398,112.7398,1,0.35869,0.37423,0.36646,0.36385,0.27368,0.32197,OPEN,,0,62
112.7694,112.7694,1,0.35963,0.37403,0.36683,0.36646,0.27368,0.32197,OPEN,,0,62
112.8026,112.8026,1,0.35912,0.37067,0.3649,0.36646,0.27368,0.32197,OPEN,,0,62
112.8334,112.8334,1,0.3614,0.3723,0.36685,0.36683,0.27368,0.32197,OPEN,,0,62
112.8703,112.8703,1,0.36169,0.37371,0.3677,0.36685,0.27368,0.32197,OPEN,,0,62
112.8963,112.8963,1,0.3606,0.37397,0.36729,0.36729,0.27368,0.32197,OPEN,,0,62
112.9305,112.9305,1,0.35405,0.36584,0.35994,0.36729,0.27368,0.32197,OPEN,,0,62
112.9649,112.9649,1,0.35229,0.36496,0.35862,0.35994,0.27368,0.32197,OPEN,,0,62
113.0105,113.0105,1,0.35255,0.36492,0.35873,0.35873,0.27368,0.32197,OPEN,,0,62
113.0424,113.0424,1,0.35294,0.36484,0.35889,0.35873,0.27368,0.32197,OPEN,,0,62
113.076,113.076,1,0.35302,0.36471,0.35887,0.35887,0.27368,0.32197,OPEN,,0,62
113.1048,113.1048,1,0.35508,0.36641,0.36075,0.35889,0.27368,0.32197,OPEN,,0,62
113.1356,113.1356,1,0.35856,0.36905,0.36381,0.36075,0.27368,0.32197,OPEN,,0,62
113.1696,113.1696,1,0.35978,0.37024,0.36501,0.36381,0.27368,0.32197,OPEN,,0,62
113.1987,113.1987,1,0.3605,0.36994,0.36522,0.36501,0.27368,0.32197,OPEN,,0,62
113.2326,113.2326,1,0.36186,0.37093,0.36639,0.36522,0.27368,0.32197,OPEN,,0,62
113.2647,113.2647,1,0.36613,0.37732,0.37172,0.36639,0.27368,0.32197,OPEN,,0,62
113.3034,113.3034,1,0.36524,0.37847,0.37185,0.37172,0.27368,0.32197,OPEN,,0,62
113.3291,113.3291,1,0.36524,0.37778,0.37151,0.37172,0.27368,0.32197,OPEN,,0,62
113.3634,113.3634,1,0.367,0.37874,0.37287,0.37185,0.27368,0.32197,OPEN,,0,62
113.3939,113.3939,1,0.36464,0.37921,0.37192,0.37192,0.27368,0.32197,OPEN,,0,62
113.4416,113.4416,1,0.36402,0.37677,0.37039,0.37192,0.27368,0.32197,OPEN,,0,62
113.4739,113.4739,1,0.36151,0.36897,0.36524,0.37039,0.27368,0.32197,OPEN,,0,62
113.5123,113.5123,1,0.35988,0.36746,0.36367,0.36524,0.27368,0.32197,OPEN,,0,62
113.5458,113.5458,1,0.36075,0.36785,0.3643,0.3643,0.27368,0.32197,OPEN,,0,62
113.5667,113.5667,1,0.3615,0.36955,0.36553,0.3643,0.27368,0.32197,OPEN,,0,62
113.5996,113.5996,1,0.36169,0.36974,0.36572,0.36553,0.27368,0.32197,OPEN,,0,62
113.6337,113.6337,1,0.362,0.36942,0.36571,0.36571,0.27368,0.32197,OPEN,,0,62
113.6659,113.6659,1,0.36125,0.36823,0.36474,0.36571,0.27368,0.32197,OPEN,,0,62
113.6979,113.6979,1,0.3623,0.36817,0.36523,0.36523,0.27368,0.32197,OPEN,,0,62
113.7309,113.7309,1,0.36148,0.36738,0.36443,0.36474,0.27368,0.32197,OPEN,,0,62
113.7647,113.7647,1,0.35738,0.36806,0.36272,0.36443,0.27368,0.32197,OPEN,,0,62
113.7979,113.7979,1,0.35806,0.36537,0.36172,0.36272,0.27368,0.32197,OPEN,,0,62
113.8386,113.8386,1,0.362,0.36959,0.3658,0.36272,0.27368,0.32197,OPEN,,0,62
113.8718,113.8718,1,0.36345,0.37197,0.36771,0.3658,0.27368,0.32197,OPEN,,0,62
113.9066,113.9066,1,0.36316,0.37063,0.3669,0.3669,0.27368,0.32197,OPEN,,0,62
113.94,113.94,1,0.36362,0.37101,0.36732,0.36732,0.27368,0.32197,OPEN,,0,62
113.9765,113.9765,1,0.36452,0.37212,0.36832,0.36732,0.27368,0.32197,OPEN,,0,62
114.011,114.011,1,0.36384,0.37179,0.36782,0.36782,0.27368,0.32197,OPEN,,0,62
114.0308,114.0308,1,0.36319,0.37045,0.36682,0.36782,0.27368,0.32197,OPEN,,0,62
114.0638,114.0638,1,0.36272,0.37,0.36636,0.36682,0.27368,0.32197,OPEN,,0,62
114.0977,114.0977,1,0.36253,0.37052,0.36652,0.36652,0.27368,0.32197,OPEN,,0,62
114.132,114.132,1,0.36339,0.36886,0.36612,0.36636,0.27368,0.32197,OPEN,,0,62
114.1624,114.1624,1,0.36429,0.37,0.36715,0.36652,0.27368,0.32197,OPEN,,0,62
114.1931,114.1931,1,0.36166,0.36634,0.364,0.36612,0.27368,0.32197,OPEN,,0,62
114.226,114.226,1,0.35822,0.36238,0.3603,0.364,0.27368,0.32197,OPEN,,0,62
114.2716,114.2716,1,0.36033,0.3644,0.36236,0.36236,0.27368,0.32197,OPEN,,0,62
114.304,114.304,1,0.35655,0.36321,0.35988,0.3603,0.27368,0.32197,OPEN,,0,62
114.3359,114.3359,1,0.35866,0.36808,0.36337,0.36236,0.27368,0.32197,OPEN,,0,62
114.3708,114.3708,1,0.35868,0.36723,0.36295,0.36295,0.27368,0.32197,OPEN,,0,62
114.3998,114.3998,1,0.35938,0.36648,0.36293,0.36295,0.27368,0.32197,OPEN,,0,62
114.4319,114.4319,1,0.35869,0.36648,0.36258,0.36293,0.27368,0.32197,OPEN,,0,62
114.4646,114.4646,1,0.35808,0.3657,0.36189,0.36258,0.27368,0.32197,OPEN,,0,62
114.4972,114.4972,1,0.35719,0.36655,0.36187,0.36189,0.27368,0.32197,OPEN,,0,62
114.5298,114.5298,1,0.3551,0.3648,0.35995,0.36187,0.27368,0.32197,OPEN,,0,62
114.5645,114.5645,1,0.35942,0.36813,0.36378,0.36187,0.27368,0.32197,OPEN,,0,62
114.5969,114.5969,1,0.35943,0.36647,0.36295,0.36295,0.27368,0.32197,OPEN,,0,62
114.6273,114.6273,1,0.3583,0.36646,0.36238,0.36295,0.27368,0.32197,OPEN,,0,62
114.6612,114.6612,1,0.35903,0.36777,0.3634,0.36295,0.27368,0.32197,OPEN,,0,62
114.7065,114.7065,1,0.3582,0.36718,0.36269,0.36269,0.27368,0.32197,OPEN,,0,62
114.7382,114.7382,1,0.35707,0.36476,0.36091,0.36269,0.27368,0.32197,OPEN,,0,62
114.7725,114.7725,1,0.35772,0.3649,0.36131,0.36131,0.27368,0.32197,OPEN,,0,62
114.8008,114.8008,1,0.35771,0.36538,0.36154,0.36131,0.27368,0.32197,OPEN,,0,62
114.8321,114.8321,1,0.35946,0.36947,0.36447,0.36154,0.27368,0.32197,OPEN,,0,62
114.8643,114.8643,1,0.35719,0.36856,0.36288,0.36288,0.27368,0.32197,OPEN,,0,62
114.8987,114.8987,1,0.35804,0.36749,0.36276,0.36288,0.27368,0.32197,OPEN,,0,62
114.9293,114.9293,1,0.35727,0.36674,0.36201,0.36276,0.27368,0.32197,OPEN,,0,62
114.9624,114.9624,1,0.3553,0.36554,0.36042,0.36201,0.27368,0.32197,OPEN,,0,62
114.9953,114.9953,1,0.35399,0.36747,0.36073,0.36073,0.27368,0.32197,OPEN,,0,62
115.0306,115.0306,1,0.35584,0.3675,0.36167,0.36073,0.27368,0.32197,OPEN,,0,62
115.0598,115.0598,1,0.35744,0.36765,0.36254,0.36167,0.27368,0.32197,OPEN,,0,62
115.0923,115.0923,1,0.35804,0.36781,0.36292,0.36254,0.27368,0.32197,OPEN,,0,62
115.1384,115.1384,1,0.35801,0.36692,0.36246,0.36254,0.27368,0.32197,OPEN,,0,62
115.1712,115.1712,1,0.36025,0.36732,0.36379,0.36292,0.27368,0.32197,OPEN,,0,62
115.2037,115.2037,1,0.35983,0.36824,0.36404,0.36379,0.27368,0.32197,OPEN,,0,62
115.2452,115.2452,1,0.35831,0.36801,0.36316,0.36379,0.27368,0.32197,OPEN,,0,62
115.2767,115.2767,1,0.35722,0.37004,0.36363,0.36363,0.27368,0.32197,OPEN,,0,62
115.3106,115.3106,1,0.3554,0.36613,0.36077,0.36316,0.27368,0.32197,OPEN,,0,62
115.3436,115.3436,1,0.35351,0.36197,0.35774,0.36077,0.27368,0.32197,OPEN,,0,62
115.3676,115.3676,1,0.35107,0.36373,0.3574,0.35774,0.27368,0.32197,OPEN,,0,62
115.3941,115.3941,1,0.3444,0.3546,0.3495,0.3574,0.27368,0.32197,OPEN,,0,62
115.4266,115.4266,1,0.33995,0.35713,0.34854,0.3495,0.27368,0.32197,OPEN,,0,62
115.4635,115.4635,1,0.33555,0.35348,0.34451,0.34854,0.27368,0.32197,OPEN,,0,62
115.4913,115.4913,1,0.34151,0.36077,0.35114,0.34854,0.27368,0.32197,OPEN,,0,62
115.5385,115.5385,1,0.34614,0.36231,0.35422,0.35114,0.27368,0.32197,OPEN,,0,62
115.5693,115.5693,1,0.34194,0.35605,0.349,0.35114,0.27368,0.32197,OPEN,,0,62
115.6014,115.6014,1,0.32945,0.3359,0.33267,0.349,0.27368,0.32197,OPEN,,0,62
115.632,115.632,1,0.31729,0.31424,0.31577,0.33267,0.27368,0.32197,OPEN,,0,62
115.6641,115.6641,1,0.31787,0.31229,0.31508,0.31577,0.27368,0.32197,OPEN,,0,62
115.7043,115.7043,1,0.3131,0.31116,0.31213,0.31508,0.27368,0.32197,OPEN,,0,62
115.739,115.739,1,0.31691,0.31714,0.31703,0.31508,0.27368,0.32197,OPEN,,0,62
115.7735,115.7735,1,0.31945,0.32243,0.32094,0.31703,0.27368,0.32197,OPEN,,0,62
115.7955,115.7955,1,0.31905,0.30892,0.31398,0.31703,0.27368,0.32197,OPEN,,0,62
115.8256,115.8256,1,0.31985,0.28586,0.30285,0.31398,0.27368,0.32197,OPEN,,0,62
115.8562,115.8562,1,0.31631,0.27761,0.29696,0.30285,0.27368,0.32197,OPEN,,0,62
115.8908,115.8908,1,0.30063,0.27531,0.28797,0.29696,0.27368,0.32197,OPEN,,0,62
115.9235,115.9235,1,0.29549,0.25928,0.27738,0.28797,0.27368,0.32197,OPEN,,0,62
115.9681,115.9681,1,0.29958,0.26883,0.2842,0.2842,0.27368,0.32197,OPEN,,0,62
116.0,116.0,1,0.30469,0.2734,0.28905,0.2842,0.27368,0.32197,OPEN,,0,62
116.035,116.035,1,0.30438,0.27571,0.29004,0.28905,0.27368,0.32197,OPEN,,0,62
116.0652,116.0652,1,0.30724,0.28123,0.29423,0.29004,0.27368,0.32197,OPEN,,0,62
116.0963,116.0963,1,0.30752,0.28794,0.29773,0.29423,0.27368,0.32197,OPEN,,0,62
116.1342,116.1342,1,0.32503,0.30737,0.3162,0.29773,0.27368,0.32197,OPEN,,0,62
116.1699,116.1699,1,0.33625,0.3174,0.32682,0.3162,0.27368,0.32197,OPEN,,0,62
116.203,116.203,1,0.32441,0.29973,0.31207,0.3162,0.27368,0.32197,OPEN,,0,62
116.2242,116.2242,1,0.31811,0.30352,0.31081,0.31207,0.27368,0.32197,OPEN,,0,62
116.2582,116.2582,1,0.21513,0.19513,0.20513,0.31081,0.27368,0.32197,OPEN,,0,62
116.2928,116.2928,1,0.14833,0.13761,0.14297,0.20513,0.27368,0.32197,CLOSING,,0,62
116.3267,116.3267,1,0.15891,0.15121,0.15506,0.15506,0.27368,0.32197,CLOSING,0.03399,0,62
116.3614,116.3614,1,0.19337,0.21145,0.20241,0.15506,0.27368,0.32197,CLOSED,0.06868,0,62
116.4018,116.4018,1,0.22906,0.2664,0.24773,0.20241,0.27368,0.32197,CLOSED,0.10902,0,62
116.4353,116.4353,1,0.25486,0.30887,0.28187,0.24773,0.27368,0.32197,CLOSED,0.1425,0,62
116.4699,116.4699,1,0.27891,0.32388,0.3014,0.28187,0.27368,0.32197,CLOSED,0.17712,0,62
116.5052,116.5052,1,0.31185,0.33821,0.32503,0.3014,0.27368,0.32197,CLOSED,0.2124,0,62
116.5289,116.5289,1,0.33491,0.3554,0.34516,0.32503,0.27368,0.32197,OPENING,0.2361,0,62
116.5662,116.5662,1,0.34458,0.37067,0.35763,0.34516,0.27368,0.32197,OPEN,0.27347,1,63
116.5925,116.5925,1,0.34257,0.37135,0.35696,0.35696,0.27368,0.32197,OPEN,,0,63
116.6263,116.6263,1,0.34285,0.36315,0.353,0.35696,0.27368,0.32197,OPEN,,0,63
116.6613,116.6613,1,0.35575,0.36642,0.36108,0.35696,0.27368,0.32197,OPEN,,0,63
116.6945,116.6945,1,0.3743,0.36943,0.37186,0.36108,0.27368,0.32197,OPEN,,0,63
116.7197,116.7197,1,0.38218,0.36943,0.37581,0.37186,0.27368,0.32197,OPEN,,0,63
116.7566,116.7566,1,0.38795,0.37424,0.3811,0.37581,0.27368,0.32197,OPEN,,0,63
116.7905,116.7905,1,0.39274,0.38113,0.38693,0.3811,0.27368,0.32197,OPEN,,0,63
116.8339,116.8339,1,0.40066,0.39161,0.39614,0.38693,0.27368,0.32197,OPEN,,0,63
116.8661,116.8661,1,0.40049,0.39161,0.39605,0.39605,0.27368,0.32197,OPEN,,0,63
116.8994,116.8994,1,0.40387,0.39787,0.40087,0.39614,0.27368,0.32197,OPEN,,0,63
116.9334,116.9334,1,0.40226,0.39731,0.39978,0.39978,0.27368,0.32197,OPEN,,0,63
116.9673,116.9673,1,0.40108,0.39635,0.39871,0.39978,0.27368,0.32197,OPEN,,0,63
116.9955,116.9955,1,0.40159,0.39567,0.39863,0.39871,0.27368,0.32197,OPEN,,0,63
117.0247,117.0247,1,0.40139,0.39696,0.39917,0.39871,0.27368,0.32197,OPEN,,0,63
117.0584,117.0584,1,0.40089,0.3958,0.39834,0.39863,0.27368,0.32197,OPEN,,0,63
117.093,117.093,1,0.40126,0.39665,0.39895,0.39895,0.27368,0.32197,OPEN,,0,63
117.1262,117.1262,1,0.39846,0.39153,0.395,0.39834,0.27368,0.32197,OPEN,,0,63
117.1522,117.1522,1,0.39578,0.39063,0.3932,0.395,0.27368,0.32197,OPEN,,0,63
117.1861,117.1861,1,0.39272,0.38824,0.39048,0.3932,0.27368,0.32197,OPEN,,0,63
117.2357,117.2357,1,0.39185,0.38802,0.38993,0.39048,0.27368,0.32197,OPEN,,0,63
117.2643,117.2643,1,0.39156,0.38768,0.38962,0.38993,0.27368,0.32197,OPEN,,0,63
117.2983,117.2983,1,0.39349,0.39189,0.39269,0.38993,0.27368,0.32197,OPEN,,0,63
117.3314,117.3314,1,0.38848,0.39166,0.39007,0.39007,0.27368,0.32197,OPEN,,0,63
117.3605,117.3605,1,0.3863,0.39191,0.3891,0.39007,0.27368,0.32197,OPEN,,0,63
117.3947,117.3947,1,0.38443,0.38995,0.38719,0.3891,0.27368,0.32197,OPEN,,0,63
117.4285,117.4285,1,0.38358,0.38991,0.38675,0.38719,0.27368,0.32197,OPEN,,0,63
117.4622,117.4622,1,0.38224,0.38656,0.3844,0.38675,0.27368,0.32197,OPEN,,0,63
117.4892,117.4892,1,0.38163,0.38648,0.38406,0.3844,0.27368,0.32197,OPEN,,0,63
117.5233,117.5233,1,0.3791,0.38567,0.38239,0.38406,0.27368,0.32197,OPEN,,0,63
117.557,117.557,1,0.37817,0.38628,0.38222,0.38239,0.27368,0.32197,OPEN,,0,63
117.5925,117.5925,1,0.37953,0.38673,0.38313,0.38239,0.27368,0.32197,OPEN,,0,63
117.6348,117.6348,1,0.37914,0.38679,0.38297,0.38297,0.27368,0.32197,OPEN,,0,63
117.6653,117.6653,1,0.3783,0.38594,0.38212,0.38297,0.27368,0.32197,OPEN,,0,63
117.6985,117.6985,1,0.37666,0.3834,0.38003,0.38212,0.27368,0.32197,OPEN,,0,63
117.7333,117.7333,1,0.37639,0.38223,0.37931,0.38003,0.27368,0.32197,OPEN,,0,63
117.7615,117.7615,1,0.37623,0.37967,0.37795,0.37931,0.27368,0.32197,OPEN,,0,63
117.7939,117.7939,1,0.37605,0.37903,0.37754,0.37795,0.27368,0.32197,OPEN,,0,63
117.8238,117.8238,1,0.37577,0.37855,0.37716,0.37754,0.27368,0.32197,OPEN,,0,63
117.8659,117.8659,1,0.37292,0.3764,0.37466,0.37716,0.27368,0.32197,OPEN,,0,63
117.9011,117.9011,1,0.37301,0.37691,0.37496,0.37496,0.27368,0.32197,OPEN,,0,63
117.9238,117.9238,1,0.36607,0.37327,0.36967,0.37466,0.27368,0.32197,OPEN,,0,63
117.9528,117.9528,1,0.3645,0.37258,0.36854,0.36967,0.27368,0.32197,OPEN,,0,63
117.9855,117.9855,1,0.36426,0.37155,0.36791,0.36854,0.27368,0.32197,OPEN,,0,63
118.0188,118.0188,1,0.36597,0.37034,0.36816,0.36816,0.27368,0.32197,OPEN,,0,63
118.0531,118.0531,1,0.35541,0.36252,0.35896,0.36791,0.27368,0.32197,OPEN,,0,63
118.096,118.096,1,0.35997,0.36025,0.36011,0.36011,0.27368,0.32197,OPEN,,0,63
118.1303,118.1303,1,0.34491,0.3338,0.33935,0.35896,0.27368,0.32197,OPEN,,0,63
118.1591,118.1591,1,0.33592,0.31946,0.32769,0.33935,0.27368,0.32197,OPEN,,0,63
118.1941,118.1941,1,0.32818,0.31523,0.32171,0.32769,0.27368,0.32197,OPEN,,0,63
118.2245,118.2245,1,0.32159,0.31339,0.31749,0.32171,0.27368,0.32197,OPEN,,0,63
118.2574,118.2574,1,0.32308,0.31532,0.3192,0.3192,0.27368,0.32197,OPEN,,0,63
118.2907,118.2907,1,0.32778,0.31655,0.32216,0.3192,0.27368,0.32197,OPEN,,0,63
118.3186,118.3186,1,0.32148,0.30883,0.31515,0.3192,0.27368,0.32197,OPEN,,0,63
118.3523,118.3523,1,0.32537,0.31207,0.31872,0.31872,0.27368,0.32197,OPEN,,0,63
118.3853,118.3853,1,0.32061,0.309,0.3148,0.31515,0.27368,0.32197,OPEN,,0,63
118.4185,118.4185,1,0.31799,0.30212,0.31005,0.3148,0.27368,0.32197,OPEN,,0,63
118.4534,118.4534,1,0.32002,0.30427,0.31214,0.31214,0.27368,0.32197,OPEN,,0,63
118.4999,118.4999,1,0.3207,0.30474,0.31272,0.31214,0.27368,0.32197,OPEN,,0,63
118.5293,118.5293,1,0.32317,0.30474,0.31396,0.31272,0.27368,0.32197,OPEN,,0,63
118.5611,118.5611,1,0.31479,0.30355,0.30917,0.31272,0.27368,0.32197,OPEN,,0,63
118.5909,118.5909,1,0.33475,0.32685,0.3308,0.31396,0.27368,0.32197,OPEN,,0,63
118.6235,118.6235,1,0.34265,0.34991,0.34628,0.3308,0.27368,0.32197,OPEN,,0,63
118.6549,118.6549,1,0.35674,0.3622,0.35947,0.34628,0.27368,0.32197,OPEN,,0,63
118.6862,118.6862,1,0.36816,0.37096,0.36956,0.35947,0.27368,0.32197,OPEN,,0,63
118.7217,118.7217,1,0.36605,0.3722,0.36912,0.36912,0.27368,0.32197,OPEN,,0,63
118.7508,118.7508,1,0.36777,0.37496,0.37137,0.36956,0.27368,0.32197,OPEN,,0,63
118.7834,118.7834,1,0.36281,0.36927,0.36604,0.36912,0.27368,0.32197,OPEN,,0,63
118.8144,118.8144,1,0.36991,0.37383,0.37187,0.37137,0.27368,0.32197,OPEN,,0,63
118.8464,118.8464,1,0.36859,0.38051,0.37455,0.37187,0.27368,0.32197,OPEN,,0,63
118.8777,118.8777,1,0.36853,0.37987,0.3742,0.3742,0.27368,0.32197,OPEN,,0,63
118.9286,118.9286,1,0.36941,0.37595,0.37268,0.3742,0.27368,0.32197,OPEN,,0,63
118.959,118.959,1,0.36839,0.37518,0.37178,0.37268,0.27368,0.32197,OPEN,,0,63
118.9913,118.9913,1,0.36201,0.36793,0.36497,0.37178,0.27368,0.32197,OPEN,,0,63
119.023,119.023,1,0.35623,0.36254,0.35939,0.36497,0.27368,0.32197,OPEN,,0,63
119.0549,119.0549,1,0.34939,0.35633,0.35286,0.35939,0.27368,0.32197,OPEN,,0,63
119.0865,119.0865,1,0.35461,0.36096,0.35779,0.35779,0.27368,0.32197,OPEN,,0,63
119.1187,119.1187,1,0.35737,0.36581,0.36159,0.35779,0.27368,0.32197,OPEN,,0,63
119.153,119.153,1,0.35873,0.367,0.36286,0.36159,0.27368,0.32197,OPEN,,0,63
119.1841,119.1841,1,0.35559,0.36405,0.35982,0.36159,0.27368,0.32197,OPEN,,0,63
119.2147,119.2147,1,0.36037,0.36563,0.363,0.36286,0.27368,0.32197,OPEN,,0,63
119.2777,119.2777,1,0.36222,0.36698,0.3646,0.363,0.27368,0.32197,OPEN,,0,63
119.2958,119.2958,1,0.36232,0.36731,0.36481,0.3646,0.27368,0.32197,OPEN,,0,63
119.3107,119.3107,1,0.36241,0.36886,0.36563,0.36481,0.27368,0.32197,OPEN,,0,63
119.3602,119.3602,1,0.36289,0.36697,0.36493,0.36493,0.27368,0.32197,OPEN,,0,63
119.3968,119.3968,1,0.3637,0.36999,0.36684,0.36563,0.27368,0.32197,OPEN,,0,63
119.4258,119.4258,1,0.36425,0.37034,0.36729,0.36684,0.27368,0.32197,OPEN,,0,63
119.457,119.457,1,0.36131,0.36757,0.36444,0.36684,0.27368,0.32197,OPEN,,0,63
119.4865,119.4865,1,0.36553,0.37551,0.37052,0.36729,0.27368,0.32197,OPEN,,0,63
119.5189,119.5189,1,0.36603,0.37646,0.37125,0.37052,0.27368,0.32197,OPEN,,0,63
119.5504,119.5504,1,0.36493,0.37626,0.3706,0.3706,0.27368,0.32197,OPEN,,0,63
119.5847,119.5847,1,0.36583,0.37936,0.37259,0.37125,0.27368,0.32197,OPEN,,0,63
119.614,119.614,1,0.3693,0.38328,0.37629,0.37259,0.27368,0.32197,OPEN,,0,63
119.6799,119.6799,1,0.36852,0.37685,0.37269,0.37269,0.27368,0.32197,OPEN,,0,63
119.7127,119.7127,1,0.37031,0.37486,0.37259,0.37269,0.27368,0.32197,OPEN,,0,63
119.7309,119.7309,1,0.37024,0.3723,0.37127,0.37259,0.27368,0.32197,OPEN,,0,63
119.7492,119.7492,1,0.37073,0.37472,0.37272,0.37259,0.27368,0.32197,OPEN,,0,63
119.7944,119.7944,1,0.37609,0.38184,0.37896,0.37272,0.27368,0.32197,OPEN,,0,63
119.8237,119.8237,1,0.37489,0.37864,0.37677,0.37677,0.27368,0.32197,OPEN,,0,63
119.8545,119.8545,1,0.37622,0.38217,0.37919,0.37896,0.27368,0.32197,OPEN,,0,63
119.8864,119.8864,1,0.37593,0.38187,0.3789,0.3789,0.27368,0.32197,OPEN,,0,63
119.9185,119.9185,1,0.37483,0.38068,0.37775,0.3789,0.27368,0.32197,OPEN,,0,63
119.9518,119.9518,1,0.37519,0.38005,0.37762,0.37775,0.27368,0.32197,OPEN,,0,63
119.9838,119.9838,1,0.3789,0.38247,0.38068,0.37775,0.27368,0.32197,OPEN,,0,63
120.0175,120.0175,1,0.37926,0.38579,0.38252,0.38068,0.27368,0.32197,OPEN,,0,63
120.0785,120.0785,1,0.38371,0.38938,0.38655,0.38252,0.27368,0.32197,OPEN,,0,63
120.1099,120.1099,1,0.38352,0.38983,0.38668,0.38655,0.27368,0.32197,OPEN,,0,63
120.1437,120.1437,1,0.38165,0.38978,0.38572,0.38655,0.27368,0.32197,OPEN,,0,63
120.1627,120.1627,1,0.38017,0.38901,0.38459,0.38572,0.27368,0.32197,OPEN,,0,63
120.1918,120.1918,1,0.37942,0.38856,0.38399,0.38459,0.27368,0.32197,OPEN,,0,63
120.2273,120.2273,1,0.38065,0.39173,0.38619,0.38459,0.27368,0.32197,OPEN,,0,63
120.2565,120.2565,1,0.38224,0.39312,0.38768,0.38619,0.27368,0.32197,OPEN,,0,63
120.2859,120.2859,1,0.38399,0.39317,0.38858,0.38768,0.27368,0.32197,OPEN,,0,63
120.3205,120.3205,1,0.38764,0.39765,0.39264,0.38858,0.27368,0.32197,OPEN,,0,63
120.3504,120.3504,1,0.38632,0.39899,0.39266,0.39264,0.27368,0.32197,OPEN,,0,63
120.383,120.383,1,0.3883,0.39918,0.39374,0.39266,0.27368,0.32197,OPEN,,0,63
120.419,120.419,1,0.3925,0.40494,0.39872,0.39374,0.27368,0.32197,OPEN,,0,63
120.4797,120.4797,1,0.39682,0.40607,0.40145,0.39872,0.27368,0.32197,OPEN,,0,63
120.5111,120.5111,1,0.39699,0.40704,0.40201,0.40145,0.27368,0.32197,OPEN,,0,63
120.5419,120.5419,1,0.39827,0.40854,0.4034,0.40201,0.27368,0.32197,OPEN,,0,63
120.5594,120.5594,1,0.39932,0.41092,0.40512,0.4034,0.27368,0.32197,OPEN,,0,63
120.5772,120.5772,1,0.40099,0.41169,0.40634,0.40512,0.27368,0.32197,OPEN,,0,63
120.6226,120.6226,1,0.39896,0.40925,0.40411,0.40512,0.27368,0.32197,OPEN,,0,63
120.6577,120.6577,1,0.40381,0.41049,0.40715,0.40634,0.27368,0.32197,OPEN,,0,63
120.6863,120.6863,1,0.40366,0.40846,0.40606,0.40606,0.27368,0.32197,OPEN,,0,63
120.7185,120.7185,1,0.40029,0.40608,0.40319,0.40606,0.27368,0.32197,OPEN,,0,63
120.7505,120.7505,1,0.39805,0.40551,0.40178,0.40319,0.27368,0.32197,OPEN,,0,63
120.7822,120.7822,1,0.39593,0.40529,0.40061,0.40178,0.27368,0.32197,OPEN,,0,63
120.8264,120.8264,1,0.39686,0.40406,0.40046,0.40061,0.27368,0.32197,OPEN,,0,63
120.88,120.88,1,0.39413,0.4,0.39707,0.40046,0.27368,0.32197,OPEN,,0,63
120.9105,120.9105,1,0.39427,0.40034,0.3973,0.3973,0.27368,0.32197,OPEN,,0,63
120.9431,120.9431,1,0.39445,0.39971,0.39708,0.39708,0.27368,0.32197,OPEN,,0,63
120.9756,120.9756,1,0.39773,0.39848,0.3981,0.3973,0.27368,0.32197,OPEN,,0,63
120.9931,120.9931,1,0.39846,0.39811,0.39828,0.3981,0.27368,0.32197,OPEN,,0,63
121.01,121.01,1,0.39909,0.39956,0.39933,0.39828,0.27368,0.32197,OPEN,,0,63
121.0543,121.0543,1,0.39871,0.40467,0.40169,0.39933,0.27368,0.32197,OPEN,,0,63
121.0895,121.0895,1,0.39794,0.40247,0.40021,0.40021,0.27368,0.32197,OPEN,,0,63
121.1185,121.1185,1,0.39525,0.40121,0.39823,0.40021,0.27368,0.32197,OPEN,,0,63
121.1504,121.1504,1,0.39212,0.40206,0.39709,0.39823,0.27368,0.32197,OPEN,,0,63
121.1837,121.1837,1,0.39308,0.40357,0.39832,0.39823,0.27368,0.32197,OPEN,,0,63
121.2146,121.2146,1,0.39263,0.40284,0.39774,0.39774,0.27368,0.32197,OPEN,,0,63
121.2785,121.2785,1,0.3964,0.40384,0.40012,0.39832,0.27368,0.32197,OPEN,,0,63
121.3139,121.3139,1,0.395,0.40334,0.39917,0.39917,0.27368,0.32197,OPEN,,0,63
121.3422,121.3422,1,0.39757,0.40478,0.40118,0.40012,0.27368,0.32197,OPEN,,0,63
121.3756,121.3756,1,0.3925,0.40288,0.39769,0.39917,0.27368,0.32197,OPEN,,0,63
121.4063,121.4063,1,0.39085,0.40044,0.39564,0.39769,0.27368,0.32197,OPEN,,0,63
121.4242,121.4242,1,0.39048,0.39941,0.39494,0.39564,0.27368,0.32197,OPEN,,0,63
121.4406,121.4406,1,0.39188,0.39983,0.39586,0.39564,0.27368,0.32197,OPEN,,0,63
121.4875,121.4875,1,0.39277,0.4001,0.39644,0.39586,0.27368,0.32197,OPEN,,0,63
121.5242,121.5242,1,0.39229,0.39907,0.39568,0.39586,0.27368,0.32197,OPEN,,0,63
121.5513,121.5513,1,0.39231,0.399,0.39566,0.39568,0.27368,0.32197,OPEN,,0,63
121.582,121.582,1,0.3934,0.40011,0.39675,0.39568,0.27368,0.32197,OPEN,,0,63
121.6139,121.6139,1,0.39135,0.39989,0.39562,0.39566,0.27368,0.32197,OPEN,,0,63
121.6786,121.6786,1,0.3901,0.40008,0.39509,0.39562,0.27368,0.32197,OPEN,,0,63
121.7137,121.7137,1,0.39522,0.40255,0.39889,0.39562,0.27368,0.32197,OPEN,,0,63
121.7479,121.7479,1,0.39515,0.40342,0.39928,0.39889,0.27368,0.32197,OPEN,,0,63
121.7808,121.7808,1,0.39365,0.40251,0.39808,0.39889,0.27368,0.32197,OPEN,,0,63
121.8108,121.8108,1,0.39214,0.4025,0.39732,0.39808,0.27368,0.32197,OPEN,,0,63
121.8432,121.8432,1,0.387,0.39742,0.39221,0.39732,0.27368,0.32197,OPEN,,0,63
121.8598,121.8598,1,0.38574,0.39557,0.39065,0.39221,0.27368,0.32197,OPEN,,0,63
121.8861,121.8861,1,0.38741,0.39667,0.39204,0.39204,0.27368,0.32197,OPEN,,0,63
121.9187,121.9187,1,0.38884,0.3986,0.39372,0.39204,0.27368,0.32197,OPEN,,0,63
121.9566,121.9566,1,0.38975,0.39768,0.39371,0.39371,0.27368,0.32197,OPEN,,0,63
121.9825,121.9825,1,0.39129,0.39939,0.39534,0.39372,0.27368,0.32197,OPEN,,0,63
122.0142,122.0142,1,0.39332,0.40002,0.39667,0.39534,0.27368,0.32197,OPEN,,0,63
122.0799,122.0799,1,0.38795,0.39545,0.3917,0.39534,0.27368,0.32197,OPEN,,0,63
122.1122,122.1122,1,0.39109,0.39745,0.39427,0.39427,0.27368,0.32197,OPEN,,0,63
122.1445,122.1445,1,0.38969,0.39755,0.39362,0.39362,0.27368,0.32197,OPEN,,0,63
122.1802,122.1802,1,0.38777,0.39474,0.39126,0.39362,0.27368,0.32197,OPEN,,0,63
122.2122,122.2122,1,0.38952,0.39437,0.39195,0.39195,0.27368,0.32197,OPEN,,0,63
122.2408,122.2408,1,0.38727,0.39253,0.3899,0.39126,0.27368,0.32197,OPEN,,0,63
122.2609,122.2609,1,0.38626,0.39283,0.38955,0.3899,0.27368,0.32197,OPEN,,0,63
122.2932,122.2932,1,0.38633,0.3931,0.38972,0.38972,0.27368,0.32197,OPEN,,0,63
122.3175,122.3175,1,0.38726,0.39458,0.39092,0.38972,0.27368,0.32197,OPEN,,0,63
122.3514,122.3514,1,0.38799,0.39306,0.39053,0.39053,0.27368,0.32197,OPEN,,0,63
122.3858,122.3858,1,0.38783,0.39057,0.3892,0.39053,0.27368,0.32197,OPEN,,0,63
122.4137,122.4137,1,0.38779,0.38934,0.38856,0.3892,0.27368,0.32197,OPEN,,0,63
122.4836,122.4836,1,0.38754,0.38919,0.38837,0.38856,0.27368,0.32197,OPEN,,0,63
122.5174,122.5174,1,0.38721,0.38717,0.38719,0.38837,0.27368,0.32197,OPEN,,0,63
122.5527,122.5527,1,0.38342,0.38157,0.3825,0.38719,0.27368,0.32197,OPEN,,0,63
122.5914,122.5914,1,0.38291,0.37932,0.38111,0.3825,0.27368,0.32197,OPEN,,0,63
122.6268,122.6268,1,0.38552,0.38257,0.38405,0.3825,0.27368,0.32197,OPEN,,0,63
122.6598,122.6598,1,0.38133,0.3826,0.38197,0.38197,0.27368,0.32197,OPEN,,0,63
122.689,122.689,1,0.38469,0.3863,0.38549,0.38405,0.27368,0.32197,OPEN,,0,63
122.7202,122.7202,1,0.38608,0.3878,0.38694,0.38549,0.27368,0.32197,OPEN,,0,63
122.75,122.75,1,0.38586,0.38722,0.38654,0.38654,0.27368,0.32197,OPEN,,0,63
122.7823,122.7823,1,0.38733,0.38837,0.38785,0.38694,0.27368,0.32197,OPEN,,0,63
122.8139,122.8139,1,0.38512,0.3856,0.38536,0.38654,0.27368,0.32197,OPEN,,0,63
122.8485,122.8485,1,0.38658,0.38581,0.38619,0.38619,0.27368,0.32197,OPEN,,0,63
122.8807,122.8807,1,0.38518,0.38284,0.38401,0.38536,0.27368,0.32197,OPEN,,0,63
122.9133,122.9133,1,0.38561,0.38121,0.38341,0.38401,0.27368,0.32197,OPEN,,0,63
122.9463,122.9463,1,0.38205,0.37763,0.37984,0.38341,0.27368,0.32197,OPEN,,0,63
122.9802,122.9802,1,0.3789,0.37687,0.37788,0.37984,0.27368,0.32197,OPEN,,0,63
123.0078,123.0078,1,0.37716,0.37581,0.37649,0.37788,0.27368,0.32197,OPEN,,0,63
123.0431,123.0431,1,0.37701,0.37612,0.37656,0.37656,0.27368,0.32197,OPEN,,0,63
123.0749,123.0749,1,0.3777,0.37512,0.37641,0.37649,0.27368,0.32197,OPEN,,0,63
123.1127,123.1127,1,0.37777,0.3749,0.37633,0.37641,0.27368,0.32197,OPEN,,0,63
123.139,123.139,1,0.37782,0.37486,0.37634,0.37634,0.27368,0.32197,OPEN,,0,63
123.1716,123.1716,1,0.37791,0.37332,0.37561,0.37633,0.27368,0.32197,OPEN,,0,63
123.2024,123.2024,1,0.37692,0.36956,0.37324,0.37561,0.27368,0.32197,OPEN,,0,63
123.2334,123.2334,1,0.37435,0.36448,0.36941,0.37324,0.27368,0.32197,OPEN,,0,63
123.2792,123.2792,1,0.34621,0.33038,0.33829,0.36941,0.27368,0.32197,OPEN,,0,63
123.3128,123.3128,1,0.24253,0.19848,0.2205,0.33829,0.27368,0.32197,OPEN,,0,63
123.3442,123.3442,1,0.17128,0.14227,0.15678,0.2205,0.27368,0.32197,CLOSING,,0,63
123.376,123.376,1,0.18646,0.16237,0.17441,0.17441,0.27368,0.32197,CLOSING,0.0318,0,63
123.4089,123.4089,1,0.20622,0.18219,0.1942,0.17441,0.27368,0.32197,CLOSED,0.06472,0,63
123.4412,123.4412,1,0.22619,0.21912,0.22265,0.1942,0.27368,0.32197,CLOSED,0.09706,0,63
123.4787,123.4787,1,0.26478,0.26441,0.26459,0.22265,0.27368,0.32197,CLOSED,0.13457,0,63
123.5115,123.5115,1,0.29366,0.29997,0.29682,0.26459,0.27368,0.32197,CLOSED,0.16732,0,63
123.5431,123.5431,1,0.31587,0.31821,0.31704,0.29682,0.27368,0.32197,CLOSED,0.19897,0,63
123.5745,123.5745,1,0.33046,0.33005,0.33025,0.31704,0.27368,0.32197,CLOSED,0.23036,0,63
123.6021,123.6021,1,0.34337,0.34353,0.34345,0.33025,0.27368,0.32197,OPENING,0.25792,0,63
123.6305,123.6305,1,0.36325,0.3637,0.36348,0.34345,0.27368,0.32197,OPEN,0.28635,1,64
123.6867,123.6867,1,0.38381,0.37826,0.38104,0.36348,0.27368,0.32197,OPEN,,0,64
123.7176,123.7176,1,0.38592,0.38102,0.38347,0.38104,0.27368,0.32197,OPEN,,0,64
123.751,123.751,1,0.39174,0.39103,0.39138,0.38347,0.27368,0.32197,OPEN,,0,64
123.7766,123.7766,1,0.39193,0.39243,0.39218,0.39138,0.27368,0.32197,OPEN,,0,64
123.8103,123.8103,1,0.40236,0.40111,0.40173,0.39218,0.27368,0.32197,OPEN,,0,64
123.842,123.842,1,0.41149,0.40847,0.40998,0.40173,0.27368,0.32197,OPEN,,0,64
123.8733,123.8733,1,0.41314,0.41657,0.41485,0.40998,0.27368,0.32197,OPEN,,0,64
123.9128,123.9128,1,0.41921,0.42413,0.42167,0.41485,0.27368,0.32197,OPEN,,0,64
123.9389,123.9389,1,0.42354,0.43064,0.42709,0.42167,0.27368,0.32197,OPEN,,0,64
123.9648,123.9648,1,0.42574,0.43256,0.42915,0.42709,0.27368,0.32197,OPEN,,0,64
123.9921,123.9921,1,0.42102,0.42714,0.42408,0.42709,0.27368,0.32197,OPEN,,0,64
124.0182,124.0182,1,0.38471,0.34569,0.3652,0.42408,0.27368,0.32197,OPEN,,0,64
124.0827,124.0827,1,0.09804,0.05599,0.07701,,0.27368,0.32197,OPEN,,0,64
124.1191,124.1191,1,0.10954,0.08226,0.0959,,0.27368,0.32197,OPEN,,0,64
124.1472,124.1472,1,0.12856,0.13742,0.13299,0.3652,0.27368,0.32197,OPEN,,0,64
124.1779,124.1779,1,0.16154,0.20709,0.18431,0.18431,0.27368,0.32197,CLOSING,,0,64
124.2122,124.2122,1,0.22713,0.25756,0.24234,0.18431,0.27368,0.32197,CLOSING,0.03426,0,64
124.2422,124.2422,1,0.27683,0.30409,0.29046,0.24234,0.27368,0.32197,CLOSED,0.06431,0,64
124.2737,124.2737,1,0.32643,0.33265,0.32954,0.29046,0.27368,0.32197,CLOSED,0.09581,0,64
124.3035,124.3035,1,0.34893,0.35481,0.35187,0.32954,0.27368,0.32197,OPENING,0.12554,0,64
124.3413,124.3413,1,0.36502,0.37031,0.36767,0.35187,0.27368,0.32197,OPEN,0.1634,1,65
124.368,124.368,1,0.37233,0.37655,0.37444,0.36767,0.27368,0.32197,OPEN,,0,65
124.3903,124.3903,1,0.37519,0.37948,0.37733,0.37444,0.27368,0.32197,OPEN,,0,65
124.4182,124.4182,1,0.37626,0.3786,0.37743,0.37733,0.27368,0.32197,OPEN,,0,65
124.4813,124.4813,1,0.39428,0.39049,0.39239,0.37743,0.27368,0.32197,OPEN,,0,65
124.5116,124.5116,1,0.38894,0.38756,0.38825,0.38825,0.27368,0.32197,OPEN,,0,65
124.5459,124.5459,1,0.3824,0.38194,0.38217,0.38825,0.27368,0.32197,OPEN,,0,65
124.5805,124.5805,1,0.37611,0.37665,0.37638,0.38217,0.27368,0.32197,OPEN,,0,65
124.6148,124.6148,1,0.379,0.38206,0.38053,0.38053,0.27368,0.32197,OPEN,,0,65
124.6492,124.6492,1,0.38267,0.38057,0.38162,0.38053,0.27368,0.32197,OPEN,,0,65
124.6827,124.6827,1,0.3784,0.37283,0.37562,0.38053,0.27368,0.32197,OPEN,,0,65
124.7158,124.7158,1,0.38443,0.37913,0.38178,0.38162,0.27368,0.32197,OPEN,,0,65
124.7367,124.7367,1,0.38936,0.38509,0.38723,0.38178,0.27368,0.32197,OPEN,,0,65
124.7706,124.7706,1,0.39054,0.3843,0.38742,0.38723,0.27368,0.32197,OPEN,,0,65
124.8046,124.8046,1,0.39065,0.38348,0.38707,0.38723,0.27368,0.32197,OPEN,,0,65
124.8397,124.8397,1,0.38465,0.37773,0.38119,0.38707,0.27368,0.32197,OPEN,,0,65
124.8789,124.8789,1,0.38527,0.37628,0.38077,0.38119,0.27368,0.32197,OPEN,,0,65
124.9127,124.9127,1,0.37919,0.37318,0.37618,0.38077,0.27368,0.32197,OPEN,,0,65
124.9478,124.9478,1,0.3891,0.3886,0.38885,0.38077,0.27368,0.32197,OPEN,,0,65
124.9784,124.9784,1,0.39161,0.39858,0.3951,0.38885,0.27368,0.32197,OPEN,,0,65
125.0121,125.0121,1,0.38949,0.39211,0.3908,0.3908,0.27368,0.32197,OPEN,,0,65
125.0466,125.0466,1,0.38568,0.38879,0.38724,0.3908,0.27368,0.32197,OPEN,,0,65
125.079,125.079,1,0.38763,0.39348,0.39056,0.39056,0.27368,0.32197,OPEN,,0,65
125.1134,125.1134,1,0.38534,0.39781,0.39158,0.39056,0.27368,0.32197,OPEN,,0,65
125.1357,125.1357,1,0.38178,0.39885,0.39031,0.39056,0.27368,0.32197,OPEN,,0,65
125.1678,125.1678,1,0.38155,0.38779,0.38467,0.39031,0.27368,0.32197,OPEN,,0,65
125.204,125.204,1,0.36322,0.38986,0.37654,0.38467,0.27368,0.32197,OPEN,,0,65
125.2316,125.2316,1,0.38251,0.40311,0.39281,0.38467,0.27368,0.32197,OPEN,,0,65
125.2798,125.2798,1,0.38048,0.40115,0.39081,0.39081,0.27368,0.32197,OPEN,,0,65
125.3121,125.3121,1,0.38677,0.40179,0.39428,0.39281,0.27368,0.32197,OPEN,,0,65
125.3445,125.3445,1,0.36924,0.37656,0.3729,0.39081,0.27368,0.32197,OPEN,,0,65
125.3779,125.3779,1,0.38992,0.39261,0.39126,0.39126,0.27368,0.32197,OPEN,,0,65
125.4128,125.4128,1,0.37429,0.38368,0.37898,0.37898,0.27368,0.32197,OPEN,,0,65
125.447,125.447,1,0.3624,0.35477,0.35859,0.37898,0.27368,0.32197,OPEN,,0,65
125.4803,125.4803,1,0.36339,0.35314,0.35827,0.35859,0.27368,0.32197,OPEN,,0,65
125.5151,125.5151,1,0.36843,0.36079,0.36461,0.35859,0.27368,0.32197,OPEN,,0,65
125.549,125.549,1,0.37239,0.35273,0.36256,0.36256,0.27368,0.32197,OPEN,,0,65
125.5834,125.5834,1,0.37704,0.34978,0.36341,0.36341,0.27368,0.32197,OPEN,,0,65
125.6174,125.6174,1,0.36305,0.34622,0.35463,0.36256,0.27368,0.32197,OPEN,,0,65
125.6484,125.6484,1,0.32718,0.33127,0.32923,0.35463,0.27368,0.32197,OPEN,,0,65
125.6822,125.6822,1,0.31825,0.33523,0.32674,0.32923,0.27368,0.32197,OPEN,,0,65
125.7155,125.7155,1,0.31558,0.33719,0.32639,0.32674,0.27368,0.32197,OPEN,,0,65
125.7487,125.7487,1,0.32104,0.32571,0.32338,0.32639,0.27368,0.32197,OPEN,,0,65
125.7828,125.7828,1,0.3326,0.33303,0.33281,0.32639,0.27368,0.32197,OPEN,,0,65
125.8087,125.8087,1,0.32379,0.31664,0.32021,0.32338,0.27368,0.32197,OPEN,,0,65
125.8428,125.8428,1,0.31059,0.3135,0.31204,0.32021,0.27368,0.32197,OPEN,,0,65
125.8749,125.8749,1,0.31977,0.31502,0.31739,0.31739,0.27368,0.32197,OPEN,,0,65
125.9042,125.9042,1,0.31596,0.31252,0.31424,0.31424,0.27368,0.32197,OPEN,,0,65
125.9353,125.9353,1,0.31298,0.31173,0.31236,0.31424,0.27368,0.32197,OPEN,,0,65
125.9684,125.9684,1,0.30757,0.31261,0.31009,0.31236,0.27368,0.32197,OPEN,,0,65
126.0029,126.0029,1,0.31645,0.32463,0.32054,0.31236,0.27368,0.32197,OPEN,,0,65
126.0322,126.0322,1,0.30966,0.30966,0.30966,0.31009,0.27368,0.32197,OPEN,,0,65
126.0662,126.0662,1,0.32083,0.31478,0.3178,0.3178,0.27368,0.32197,OPEN,,0,65
126.0998,126.0998,1,0.30971,0.30853,0.30912,0.30966,0.27368,0.32197,OPEN,,0,65
126.1435,126.1435,1,0.31819,0.30777,0.31298,0.31298,0.27368,0.32197,OPEN,,0,65
126.1775,126.1775,1,0.31067,0.30057,0.30562,0.30912,0.27368,0.32197,OPEN,,0,65
126.2109,126.2109,1,0.31533,0.30338,0.30936,0.30936,0.27368,0.32197,OPEN,,0,65
126.2407,126.2407,1,0.31119,0.31025,0.31072,0.30936,0.27368,0.32197,OPEN,,0,65
126.2712,126.2712,1,0.31233,0.30643,0.30938,0.30938,0.27368,0.32197,OPEN,,0,65
126.3073,126.3073,1,0.31655,0.3115,0.31402,0.31072,0.27368,0.32197,OPEN,,0,65
126.3413,126.3413,1,0.32377,0.33118,0.32748,0.31402,0.27368,0.32197,OPEN,,0,65
126.3754,126.3754,1,0.33904,0.33544,0.33724,0.32748,0.27368,0.32197,OPEN,,0,65
126.4003,126.4003,1,0.3363,0.33359,0.33495,0.33495,0.27368,0.32197,OPEN,,0,65
126.4329,126.4329,1,0.33357,0.32986,0.33171,0.33495,0.27368,0.32197,OPEN,,0,65
126.4666,126.4666,1,0.33272,0.34385,0.33828,0.33495,0.27368,0.32197,OPEN,,0,65
126.5002,126.5002,1,0.32096,0.32894,0.32495,0.33171,0.27368,0.32197,OPEN,,0,65
126.5313,126.5313,1,0.32785,0.33469,0.33127,0.33127,0.27368,0.32197,OPEN,,0,65
126.5788,126.5788,1,0.3339,0.33597,0.33493,0.33127,0.27368,0.32197,OPEN,,0,65
126.6096,126.6096,1,0.33208,0.33364,0.33286,0.33286,0.27368,0.32197,OPEN,,0,65
126.6433,126.6433,1,0.33153,0.33042,0.33097,0.33286,0.27368,0.32197,OPEN,,0,65
126.6729,126.6729,1,0.33182,0.33081,0.33132,0.33132,0.27368,0.32197,OPEN,,0,65
126.7066,126.7066,1,0.33077,0.32624,0.3285,0.33097,0.27368,0.32197,OPEN,,0,65
126.7424,126.7424,1,0.32913,0.32794,0.32853,0.32853,0.27368,0.32197,OPEN,,0,65
126.7686,126.7686,1,0.3261,0.32565,0.32588,0.3285,0.27368,0.32197,OPEN,,0,65
126.8009,126.8009,1,0.3372,0.32995,0.33357,0.32853,0.27368,0.32197,OPEN,,0,65
126.8325,126.8325,1,0.33825,0.33647,0.33736,0.33357,0.27368,0.32197,OPEN,,0,65
126.8646,126.8646,1,0.33661,0.33767,0.33714,0.33714,0.27368,0.32197,OPEN,,0,65
126.8985,126.8985,1,0.35475,0.33155,0.34315,0.33736,0.27368,0.32197,OPEN,,0,65
126.9322,126.9322,1,0.3643,0.35553,0.35991,0.34315,0.27368,0.32197,OPEN,,0,65
126.9797,126.9797,1,0.36086,0.37736,0.36911,0.35991,0.27368,0.32197,OPEN,,0,65
127.0088,127.0088,1,0.35435,0.37591,0.36513,0.36513,0.27368,0.32197,OPEN,,0,65
127.0408,127.0408,1,0.36555,0.38045,0.373,0.36911,0.27368,0.32197,OPEN,,0,65
127.0747,127.0747,1,0.36595,0.37582,0.37089,0.37089,0.27368,0.32197,OPEN,,0,65
127.1043,127.1043,1,0.36516,0.37711,0.37113,0.37113,0.27368,0.32197,OPEN,,0,65
127.136,127.136,1,0.36114,0.37281,0.36698,0.37089,0.27368,0.32197,OPEN,,0,65
127.175,127.175,1,0.36424,0.37424,0.36924,0.36924,0.27368,0.32197,OPEN,,0,65
127.1998,127.1998,1,0.36422,0.37991,0.37207,0.36924,0.27368,0.32197,OPEN,,0,65
127.2325,127.2325,1,0.36506,0.3669,0.36598,0.36924,0.27368,0.32197,OPEN,,0,65
127.2633,127.2633,1,0.36908,0.37368,0.37138,0.37138,0.27368,0.32197,OPEN,,0,65
127.2992,127.2992,1,0.3752,0.37372,0.37446,0.37138,0.27368,0.32197,OPEN,,0,65
127.3272,127.3272,1,0.37401,0.36925,0.37163,0.37163,0.27368,0.32197,OPEN,,0,65
127.3624,127.3624,1,0.36936,0.36397,0.36667,0.37163,0.27368,0.32197,OPEN,,0,65
127.4088,127.4088,1,0.36889,0.36307,0.36598,0.36667,0.27368,0.32197,OPEN,,0,65
127.4413,127.4413,1,0.3727,0.36415,0.36842,0.36667,0.27368,0.32197,OPEN,,0,65
127.4748,127.4748,1,0.37015,0.36219,0.36617,0.36617,0.27368,0.32197,OPEN,,0,65
127.5093,127.5093,1,0.37015,0.35931,0.36473,0.36617,0.27368,0.32197,OPEN,,0,65
127.5435,127.5435,1,0.37233,0.36048,0.36641,0.36617,0.27368,0.32197,OPEN,,0,65
127.5682,127.5682,1,0.37439,0.36087,0.36763,0.36641,0.27368,0.32197,OPEN,,0,65
127.6079,127.6079,1,0.37502,0.36362,0.36932,0.36763,0.27368,0.32197,OPEN,,0,65
127.6418,127.6418,1,0.3738,0.3652,0.3695,0.36932,0.27368,0.32197,OPEN,,0,65
127.6644,127.6644,1,0.37028,0.3627,0.36649,0.36932,0.27368,0.32197,OPEN,,0,65
127.698,127.698,1,0.3687,0.36589,0.36729,0.36729,0.27368,0.32197,OPEN,,0,65
127.7298,127.7298,1,0.3559,0.35206,0.35398,0.36649,0.27368,0.32197,OPEN,,0,65
127.7616,127.7616,1,0.33789,0.34059,0.33924,0.35398,0.27368,0.32197,OPEN,,0,65
127.7975,127.7975,1,0.3356,0.33135,0.33347,0.33924,0.27368,0.32197,OPEN,,0,65
127.8411,127.8411,1,0.33618,0.33731,0.33675,0.33675,0.27368,0.32197,OPEN,,0,65
127.8737,127.8737,1,0.33187,0.33667,0.33427,0.33427,0.27368,0.32197,OPEN,,0,65
127.9037,127.9037,1,0.33371,0.33779,0.33575,0.33575,0.27368,0.32197,OPEN,,0,65
127.9391,127.9391,1,0.32935,0.33616,0.33276,0.33427,0.27368,0.32197,OPEN,,0,65
127.9695,127.9695,1,0.32226,0.33152,0.32689,0.33276,0.27368,0.32197,OPEN,,0,65
128.0013,128.0013,1,0.3186,0.33031,0.32446,0.32689,0.27368,0.32197,OPEN,,0,65
128.0396,128.0396,1,0.32335,0.33098,0.32717,0.32689,0.27368,0.32197,OPEN,,0,65
128.0646,128.0646,1,0.33673,0.33845,0.33759,0.32717,0.27368,0.32197,OPEN,,0,65
128.0958,128.0958,1,0.33677,0.332,0.33438,0.33438,0.27368,0.32197,OPEN,,0,65
128.1276,128.1276,1,0.33526,0.33023,0.33274,0.33438,0.27368,0.32197,OPEN,,0,65
128.16,128.16,1,0.33309,0.32896,0.33102,0.33274,0.27368,0.32197,OPEN,,0,65
128.1929,128.1929,1,0.33306,0.32918,0.33112,0.33112,0.27368,0.32197,OPEN,,0,65
128.2275,128.2275,1,0.33207,0.32911,0.33059,0.33102,0.27368,0.32197,OPEN,,0,65
128.2743,128.2743,1,0.33251,0.32992,0.33121,0.33112,0.27368,0.32197,OPEN,,0,65
128.3061,128.3061,1,0.33405,0.33008,0.33206,0.33121,0.27368,0.32197,OPEN,,0,65
128.3363,128.3363,1,0.33058,0.325,0.32779,0.33121,0.27368,0.32197,OPEN,,0,65
128.3686,128.3686,1,0.32819,0.32506,0.32663,0.32779,0.27368,0.32197,OPEN,,0,65
128.4038,128.4038,1,0.32169,0.32168,0.32169,0.32663,0.27368,0.32197,OPEN,,0,65
128.4324,128.4324,1,0.32399,0.32148,0.32273,0.32273,0.27368,0.32197,OPEN,,0,65
128.4682,128.4682,1,0.32477,0.32134,0.32306,0.32273,0.27368,0.32197,OPEN,,0,65
128.4959,128.4959,1,0.32596,0.32383,0.32489,0.32306,0.27368,0.32197,OPEN,,0,65
128.5285,128.5285,1,0.33054,0.317,0.32377,0.32377,0.27368,0.32197,OPEN,,0,65
128.5621,128.5621,1,0.33224,0.31701,0.32462,0.32462,0.27368,0.32197,OPEN,,0,65
128.5963,128.5963,1,0.33501,0.31986,0.32743,0.32462,0.27368,0.32197,OPEN,,0,65
128.6246,128.6246,1,0.32498,0.31646,0.32072,0.32462,0.27368,0.32197,OPEN,,0,65
128.6781,128.6781,1,0.33479,0.32578,0.33029,0.32743,0.27368,0.32197,OPEN,,0,65
128.7053,128.7053,1,0.33625,0.32481,0.33053,0.33029,0.27368,0.32197,OPEN,,0,65
128.7922,128.7922,1,0.33525,0.32503,0.33014,0.33029,0.27368,0.32197,OPEN,,0,65
128.8595,128.8595,1,0.34051,0.32535,0.33293,0.33053,0.27368,0.32197,OPEN,,0,65
128.8915,128.8915,1,0.34073,0.32771,0.33422,0.33293,0.27368,0.32197,OPEN,,0,65
128.9275,128.9275,1,0.33808,0.32583,0.33196,0.33293,0.27368,0.32197,OPEN,,0,65
128.9596,128.9596,1,0.33669,0.32718,0.33194,0.33196,0.27368,0.32197,OPEN,,0,65
128.9906,128.9906,1,0.33485,0.32406,0.32946,0.33194,0.27368,0.32197,OPEN,,0,65
129.0193,129.0193,1,0.33738,0.3258,0.33159,0.33159,0.27368,0.32197,OPEN,,0,65
129.0477,129.0477,1,0.34271,0.33056,0.33664,0.33159,0.27368,0.32197,OPEN,,0,65
129.079,129.079,1,0.34064,0.32234,0.33149,0.33159,0.27368,0.32197,OPEN,,0,65
129.1198,129.1198,1,0.34147,0.32359,0.33253,0.33253,0.27368,0.32197,OPEN,,0,65
129.15,129.15,1,0.33367,0.32121,0.32744,0.33149,0.27368,0.32197,OPEN,,0,65
129.1821,129.1821,1,0.33401,0.32044,0.32722,0.32744,0.27368,0.32197,OPEN,,0,65
129.2135,129.2135,1,0.33237,0.31969,0.32603,0.32722,0.27368,0.32197,OPEN,,0,65
129.246,129.246,1,0.33264,0.31776,0.3252,0.32603,0.27368,0.32197,OPEN,,0,65
129.2819,129.2819,1,0.32794,0.30354,0.31574,0.3252,0.27368,0.32197,OPEN,,0,65
129.3142,129.3142,1,0.32359,0.30072,0.31215,0.31574,0.27368,0.32197,OPEN,,0,65
129.3595,129.3595,1,0.32035,0.29866,0.3095,0.31215,0.27368,0.32197,OPEN,,0,65
129.3899,129.3899,1,0.31443,0.29621,0.30532,0.3095,0.27368,0.32197,OPEN,,0,65
129.4216,129.4216,1,0.30945,0.29322,0.30134,0.30532,0.27368,0.32197,OPEN,,0,65
129.4544,129.4544,1,0.31257,0.30709,0.30983,0.30532,0.27368,0.32197,OPEN,,0,65
129.4851,129.4851,1,0.29834,0.29321,0.29577,0.30134,0.27368,0.32197,OPEN,,0,65
129.5168,129.5168,1,0.29982,0.2939,0.29686,0.29686,0.27368,0.32197,OPEN,,0,65
129.551,129.551,1,0.29656,0.29557,0.29606,0.29606,0.27368,0.32197,OPEN,,0,65
129.5976,129.5976,1,0.28962,0.27849,0.28406,0.29606,0.27368,0.32197,OPEN,,0,65
129.6285,129.6285,1,0.28803,0.27883,0.28343,0.28406,0.27368,0.32197,OPEN,,0,65
129.6607,129.6607,1,0.28956,0.28463,0.28709,0.28406,0.27368,0.32197,OPEN,,0,65
129.6922,129.6922,1,0.28873,0.2833,0.28601,0.28601,0.27368,0.32197,OPEN,,0,65
129.7239,129.7239,1,0.2932,0.28795,0.29057,0.28709,0.27368,0.32197,OPEN,,0,65
129.7556,129.7556,1,0.28922,0.28627,0.28775,0.28775,0.27368,0.32197,OPEN,,0,65
129.7909,129.7909,1,0.27888,0.27322,0.27605,0.28775,0.27368,0.32197,OPEN,,0,65
129.8171,129.8171,1,0.283,0.27585,0.27942,0.27942,0.27368,0.32197,OPEN,,0,65
129.8487,129.8487,1,0.29599,0.28348,0.28973,0.27942,0.27368,0.32197,OPEN,,0,65
129.8816,129.8816,1,0.29636,0.28151,0.28893,0.28893,0.27368,0.32197,OPEN,,0,65
129.9139,129.9139,1,0.31562,0.29776,0.30669,0.28973,0.27368,0.32197,OPEN,,0,65
129.9524,129.9524,1,0.31519,0.30292,0.30905,0.30669,0.27368,0.32197,OPEN,,0,65
130.1328,130.1328,1,0.33477,0.32229,0.32853,0.30905,0.27368,0.32197,OPEN,,0,65
130.1804,130.1804,1,0.34029,0.32723,0.33376,0.32853,0.27368,0.32197,OPEN,,0,65
130.234,130.234,1,0.33274,0.33406,0.3334,0.3334,0.27368,0.32197,OPEN,,0,65
130.2933,130.2933,1,0.32894,0.33194,0.33044,0.3334,0.27368,0.32197,OPEN,,0,65
130.3429,130.3429,1,0.3261,0.32813,0.32711,0.33044,0.27368,0.32197,OPEN,,0,65
130.387,130.387,1,0.32731,0.33058,0.32894,0.32894,0.27368,0.32197,OPEN,,0,65
130.45,130.45,1,0.32784,0.32635,0.3271,0.32711,0.27368,0.32197,OPEN,,0,65
130.4997,130.4997,1,0.33829,0.3287,0.3335,0.32894,0.27368,0.32197,OPEN,,0,65
130.5398,130.5398,1,0.34961,0.34163,0.34562,0.3335,0.27368,0.32197,OPEN,,0,65
130.5796,130.5796,1,0.35881,0.3475,0.35315,0.34562,0.27368,0.32197,OPEN,,0,65
130.6113,130.6113,1,0.36473,0.35708,0.3609,0.35315,0.27368,0.32197,OPEN,,0,65
130.6558,130.6558,1,0.37582,0.37121,0.37351,0.3609,0.27368,0.32197,OPEN,,0,65
130.6867,130.6867,1,0.3765,0.37362,0.37506,0.37351,0.27368,0.32197,OPEN,,0,65
130.7177,130.7177,1,0.37531,0.37595,0.37563,0.37506,0.27368,0.32197,OPEN,,0,65
130.7496,130.7496,1,0.3794,0.38313,0.38126,0.37563,0.27368,0.32197,OPEN,,0,65
130.7812,130.7812,1,0.3818,0.38545,0.38363,0.38126,0.27368,0.32197,OPEN,,0,65
130.8127,130.8127,1,0.38274,0.38211,0.38242,0.38242,0.27368,0.32197,OPEN,,0,65
130.8488,130.8488,1,0.38596,0.38573,0.38585,0.38363,0.27368,0.32197,OPEN,,0,65
130.8804,130.8804,1,0.38398,0.38628,0.38513,0.38513,0.27368,0.32197,OPEN,,0,65
130.9123,130.9123,1,0.38312,0.38597,0.38455,0.38513,0.27368,0.32197,OPEN,,0,65
130.9444,130.9444,1,0.3858,0.38906,0.38743,0.38513,0.27368,0.32197,OPEN,,0,65
130.9764,130.9764,1,0.38945,0.38781,0.38863,0.38743,0.27368,0.32197,OPEN,,0,65
131.0087,131.0087,1,0.39692,0.39078,0.39385,0.38863,0.27368,0.32197,OPEN,,0,65
131.0398,131.0398,1,0.39637,0.39103,0.3937,0.3937,0.27368,0.32197,OPEN,,0,65
131.0723,131.0723,1,0.39346,0.38899,0.39123,0.3937,0.27368,0.32197,OPEN,,0,65
131.1043,131.1043,1,0.39438,0.38812,0.39125,0.39125,0.27368,0.32197,OPEN,,0,65
131.136,131.136,1,0.39471,0.38666,0.39068,0.39123,0.27368,0.32197,OPEN,,0,65
131.1678,131.1678,1,0.37404,0.35307,0.36356,0.39068,0.27368,0.32197,OPEN,,0,65
131.1998,131.1998,1,0.3659,0.33216,0.34903,0.36356,0.27368,0.32197,OPEN,,0,65
131.2312,131.2312,1,0.36165,0.32464,0.34314,0.34903,0.27368,0.32197,OPEN,,0,65
131.2635,131.2635,1,0.37,0.33441,0.3522,0.34903,0.27368,0.32197,OPEN,,0,65
131.2967,131.2967,1,0.36511,0.33956,0.35234,0.3522,0.27368,0.32197,OPEN,,0,65
131.329,131.329,1,0.36392,0.33859,0.35126,0.3522,0.27368,0.32197,OPEN,,0,65
131.3607,131.3607,1,0.36236,0.32935,0.34586,0.35126,0.27368,0.32197,OPEN,,0,65
131.3923,131.3923,1,0.35839,0.33002,0.34421,0.34586,0.27368,0.32197,OPEN,,0,65
131.4249,131.4249,1,0.35581,0.32651,0.34116,0.34421,0.27368,0.32197,OPEN,,0,65
131.4642,131.4642,1,0.35414,0.32346,0.3388,0.34116,0.27368,0.32197,OPEN,,0,65
131.5044,131.5044,1,0.35324,0.32607,0.33966,0.33966,0.27368,0.32197,OPEN,,0,65
131.536,131.536,1,0.35217,0.32566,0.33892,0.33892,0.27368,0.32197,OPEN,,0,65
131.5672,131.5672,1,0.3513,0.32771,0.33951,0.33951,0.27368,0.32197,OPEN,,0,65
131.6238,131.6238,1,0.33915,0.32924,0.33419,0.33892,0.27368,0.32197,OPEN,,0,65
131.6732,131.6732,1,0.34241,0.32203,0.33222,0.33419,0.27368,0.32197,OPEN,,0,65
131.7375,131.7375,1,0.33664,0.31178,0.32421,0.33222,0.27368,0.32197,OPEN,,0,65
131.797,131.797,1,0.35028,0.33421,0.34225,0.33222,0.27368,0.32197,OPEN,,0,65
131.8613,131.8613,1,0.36271,0.34888,0.3558,0.34225,0.27368,0.32197,OPEN,,0,65
131.907,131.907,1,0.36696,0.35414,0.36055,0.3558,0.27368,0.32197,OPEN,,0,65
131.9678,131.9678,1,0.3649,0.37143,0.36816,0.36055,0.27368,0.32197,OPEN,,0,65
132.0211,132.0211,1,0.36726,0.37183,0.36955,0.36816,0.27368,0.32197,OPEN,,0,65
132.0696,132.0696,1,0.37135,0.37469,0.37302,0.36955,0.27368,0.32197,OPEN,,0,65
132.1105,132.1105,1,0.37623,0.38261,0.37942,0.37302,0.27368,0.32197,OPEN,,0,65
132.1546,132.1546,1,0.37977,0.38929,0.38453,0.37942,0.27368,0.32197,OPEN,,0,65
132.1984,132.1984,1,0.38067,0.38886,0.38476,0.38453,0.27368,0.32197,OPEN,,0,65
132.2298,132.2298,1,0.37821,0.3866,0.3824,0.38453,0.27368,0.32197,OPEN,,0,65
132.2775,132.2775,1,0.37937,0.38723,0.3833,0.3833,0.27368,0.32197,OPEN,,0,65
132.2972,132.2972,1,0.37895,0.38757,0.38326,0.38326,0.27368,0.32197,OPEN,,0,65
132.3304,132.3304,1,0.37958,0.39085,0.38522,0.3833,0.27368,0.32197,OPEN,,0,65
132.3688,132.3688,1,0.36986,0.38265,0.37626,0.38326,0.27368,0.32197,OPEN,,0,65
132.3872,132.3872,1,0.36691,0.37655,0.37173,0.37626,0.27368,0.32197,OPEN,,0,65
132.4143,132.4143,1,0.36886,0.37989,0.37437,0.37437,0.27368,0.32197,OPEN,,0,65
132.4485,132.4485,1,0.37066,0.38337,0.37701,0.37437,0.27368,0.32197,OPEN,,0,65
132.4976,132.4976,1,0.36998,0.38152,0.37575,0.37575,0.27368,0.32197,OPEN,,0,65
132.5281,132.5281,1,0.37019,0.38239,0.37629,0.37629,0.27368,0.32197,OPEN,,0,65
132.5645,132.5645,1,0.37826,0.39303,0.38565,0.37629,0.27368,0.32197,OPEN,,0,65
132.595,132.595,1,0.3756,0.39401,0.38481,0.38481,0.27368,0.32197,OPEN,,0,65
132.6293,132.6293,1,0.37375,0.38765,0.3807,0.38481,0.27368,0.32197,OPEN,,0,65
132.6624,132.6624,1,0.37455,0.38796,0.38125,0.38125,0.27368,0.32197,OPEN,,0,65
132.6875,132.6875,1,0.37414,0.38649,0.38032,0.3807,0.27368,0.32197,OPEN,,0,65
132.7217,132.7217,1,0.37061,0.38569,0.37815,0.38032,0.27368,0.32197,OPEN,,0,65
132.755,132.755,1,0.36814,0.37863,0.37338,0.37815,0.27368,0.32197,OPEN,,0,65
132.7908,132.7908,1,0.3467,0.35676,0.35173,0.37338,0.27368,0.32197,OPEN,,0,65
132.8251,132.8251,1,0.34169,0.3484,0.34504,0.35173,0.27368,0.32197,OPEN,,0,65
132.8488,132.8488,1,0.34651,0.34591,0.34621,0.34621,0.27368,0.32197,OPEN,,0,65
132.8848,132.8848,1,0.33926,0.3408,0.34003,0.34504,0.27368,0.32197,OPEN,,0,65
132.9295,132.9295,1,0.34468,0.34385,0.34426,0.34426,0.27368,0.32197,OPEN,,0,65
132.9626,132.9626,1,0.34661,0.3432,0.3449,0.34426,0.27368,0.32197,OPEN,,0,65
132.9995,132.9995,1,0.3576,0.34946,0.35353,0.3449,0.27368,0.32197,OPEN,,0,65
133.0353,133.0353,1,0.35668,0.35508,0.35588,0.35353,0.27368,0.32197,OPEN,,0,65
133.0557,133.0557,1,0.35697,0.35634,0.35665,0.35588,0.27368,0.32197,OPEN,,0,65
133.0891,133.0891,1,0.35712,0.35595,0.35654,0.35654,0.27368,0.32197,OPEN,,0,65
133.1229,133.1229,1,0.35535,0.3524,0.35388,0.35654,0.27368,0.32197,OPEN,,0,65
133.1568,133.1568,1,0.35299,0.34891,0.35095,0.35388,0.27368,0.32197,OPEN,,0,65
133.1845,133.1845,1,0.3504,0.34778,0.34909,0.35095,0.27368,0.32197,OPEN,,0,65
133.2206,133.2206,1,0.35161,0.34902,0.35032,0.35032,0.27368,0.32197,OPEN,,0,65
133.2833,133.2833,1,0.34819,0.34836,0.34827,0.34909,0.27368,0.32197,OPEN,,0,65
133.3064,133.3064,1,0.34731,0.34929,0.3483,0.3483,0.27368,0.32197,OPEN,,0,65
133.3394,133.3394,1,0.34892,0.34983,0.34938,0.3483,0.27368,0.32197,OPEN,,0,65
133.3608,133.3608,1,0.34884,0.35242,0.35063,0.34938,0.27368,0.32197,OPEN,,0,65
133.3946,133.3946,1,0.35293,0.35741,0.35517,0.35063,0.27368,0.32197,OPEN,,0,65
133.4299,133.4299,1,0.354,0.35743,0.35572,0.35517,0.27368,0.32197,OPEN,,0,65
133.4644,133.4644,1,0.35232,0.35198,0.35215,0.35517,0.27368,0.32197,OPEN,,0,65
133.4878,133.4878,1,0.35598,0.35624,0.35611,0.35572,0.27368,0.32197,OPEN,,0,65
133.5223,133.5223,1,0.35793,0.35546,0.3567,0.35611,0.27368,0.32197,OPEN,,0,65
133.5556,133.5556,1,0.34893,0.34009,0.34451,0.35611,0.27368,0.32197,OPEN,,0,65
133.5901,133.5901,1,0.33315,0.32309,0.32812,0.34451,0.27368,0.32197,OPEN,,0,65
133.6171,133.6171,1,0.33189,0.32644,0.32917,0.32917,0.27368,0.32197,OPEN,,0,65
133.6837,133.6837,1,0.35777,0.35966,0.35872,0.32917,0.27368,0.32197,OPEN,,0,65
133.7182,133.7182,1,0.34237,0.34332,0.34285,0.34285,0.27368,0.32197,OPEN,,0,65
133.7528,133.7528,1,0.34122,0.3327,0.33696,0.34285,0.27368,0.32197,OPEN,,0,65
133.7871,133.7871,1,0.34529,0.3374,0.34135,0.34135,0.27368,0.32197,OPEN,,0,65
133.8098,133.8098,1,0.3442,0.32417,0.33418,0.33696,0.27368,0.32197,OPEN,,0,65
133.8437,133.8437,1,0.34808,0.33447,0.34127,0.34127,0.27368,0.32197,OPEN,,0,65
133.8744,133.8744,1,0.33727,0.33638,0.33683,0.33683,0.27368,0.32197,OPEN,,0,65
133.9367,133.9367,1,0.34813,0.34968,0.34891,0.34127,0.27368,0.32197,OPEN,,0,65
133.9947,133.9947,1,0.36595,0.37267,0.36931,0.34891,0.27368,0.32197,OPEN,,0,65
134.0489,134.0489,1,0.34627,0.34906,0.34767,0.34891,0.27368,0.32197,OPEN,,0,65
134.0829,134.0829,1,0.34062,0.33682,0.33872,0.34767,0.27368,0.32197,OPEN,,0,65
134.1115,134.1115,1,0.34202,0.33918,0.3406,0.3406,0.27368,0.32197,OPEN,,0,65
134.1656,134.1656,1,0.34643,0.35799,0.35221,0.3406,0.27368,0.32197,OPEN,,0,65
134.1963,134.1963,1,0.34306,0.35271,0.34789,0.34789,0.27368,0.32197,OPEN,,0,65
134.2333,134.2333,1,0.34719,0.34566,0.34642,0.34789,0.27368,0.32197,OPEN,,0,65
134.2631,134.2631,1,0.34697,0.34426,0.34561,0.34642,0.27368,0.32197,OPEN,,0,65
134.295,134.295,1,0.34302,0.34088,0.34195,0.34561,0.27368,0.32197,OPEN,,0,65
134.3337,134.3337,1,0.3477,0.35142,0.34956,0.34561,0.27368,0.32197,OPEN,,0,65
134.3657,134.3657,1,0.35268,0.35484,0.35376,0.34956,0.27368,0.32197,OPEN,,0,65
134.3965,134.3965,1,0.35413,0.35806,0.35609,0.35376,0.27368,0.32197,OPEN,,0,65
134.4284,134.4284,1,0.34318,0.34358,0.34338,0.35376,0.27368,0.32197,OPEN,,0,65
134.49,134.49,1,0.34946,0.3443,0.34688,0.34688,0.27368,0.32197,OPEN,,0,65
134.5268,134.5268,1,0.32597,0.31442,0.32019,0.34338,0.27368,0.32197,OPEN,,0,65
134.5581,134.5581,1,0.3193,0.30763,0.31346,0.32019,0.27368,0.32197,OPEN,,0,65
134.5904,134.5904,1,0.31598,0.30457,0.31028,0.31346,0.27368,0.32197,OPEN,,0,65
134.6227,134.6227,1,0.31365,0.31347,0.31356,0.31346,0.27368,0.32197,OPEN,,0,65
134.6539,134.6539,1,0.30302,0.30902,0.30602,0.31028,0.27368,0.32197,OPEN,,0,65
134.6861,134.6861,1,0.3119,0.31889,0.31539,0.31356,0.27368,0.32197,OPEN,,0,65
134.7176,134.7176,1,0.31727,0.32077,0.31902,0.31539,0.27368,0.32197,OPEN,,0,65
134.7529,134.7529,1,0.32273,0.32181,0.32227,0.31902,0.27368,0.32197,OPEN,,0,65
134.7841,134.7841,1,0.29627,0.29244,0.29435,0.31902,0.27368,0.32197,OPEN,,0,65
134.8163,134.8163,1,0.27687,0.29016,0.28352,0.29435,0.27368,0.32197,OPEN,,0,65
134.8487,134.8487,1,0.28894,0.29476,0.29185,0.29185,0.27368,0.32197,OPEN,,0,65
134.896,134.896,1,0.31393,0.32496,0.31944,0.29185,0.27368,0.32197,OPEN,,0,65
134.9274,134.9274,1,0.31076,0.30988,0.31032,0.31032,0.27368,0.32197,OPEN,,0,65
134.96,134.96,1,0.31345,0.31369,0.31357,0.31357,0.27368,0.32197,OPEN,,0,65
134.9918,134.9918,1,0.3113,0.3052,0.30825,0.31032,0.27368,0.32197,OPEN,,0,65
135.0232,135.0232,1,0.31847,0.31213,0.3153,0.31357,0.27368,0.32197,OPEN,,0,65
135.0551,135.0551,1,0.31107,0.31315,0.31211,0.31211,0.27368,0.32197,OPEN,,0,65
135.087,135.087,1,0.31631,0.31776,0.31703,0.3153,0.27368,0.32197,OPEN,,0,65
135.128,135.128,1,0.31693,0.32779,0.32236,0.31703,0.27368,0.32197,OPEN,,0,65
135.168,135.168,1,0.31273,0.31686,0.3148,0.31703,0.27368,0.32197,OPEN,,0,65
135.1992,135.1992,1,0.30278,0.31097,0.30688,0.3148,0.27368,0.32197,OPEN,,0,65
135.2316,135.2316,1,0.30437,0.31275,0.30856,0.30856,0.27368,0.32197,OPEN,,0,65
135.2622,135.2622,1,0.3138,0.31564,0.31472,0.30856,0.27368,0.32197,OPEN,,0,65
135.2948,135.2948,1,0.30274,0.29886,0.3008,0.30856,0.27368,0.32197,OPEN,,0,65
135.3261,135.3261,1,0.30569,0.29976,0.30273,0.30273,0.27368,0.32197,OPEN,,0,65
135.3576,135.3576,1,0.31215,0.30434,0.30824,0.30273,0.27368,0.32197,OPEN,,0,65
135.3918,135.3918,1,0.32914,0.32349,0.32632,0.30824,0.27368,0.32197,OPEN,,0,65
135.423,135.423,1,0.34357,0.34197,0.34277,0.32632,0.27368,0.32197,OPEN,,0,65
135.4551,135.4551,1,0.35312,0.34936,0.35124,0.34277,0.27368,0.32197,OPEN,,0,65
135.4864,135.4864,1,0.34283,0.3389,0.34086,0.34277,0.27368,0.32197,OPEN,,0,65
135.5197,135.5197,1,0.351,0.34469,0.34784,0.34784,0.27368,0.32197,OPEN,,0,65
135.548,135.548,1,0.34307,0.34513,0.3441,0.3441,0.27368,0.32197,OPEN,,0,65
135.5815,135.5815,1,0.33972,0.34254,0.34113,0.3441,0.27368,0.32197,OPEN,,0,65
135.6169,135.6169,1,0.34012,0.33891,0.33951,0.34113,0.27368,0.32197,OPEN,,0,65
135.649,135.649,1,0.34182,0.3421,0.34196,0.34113,0.27368,0.32197,OPEN,,0,65
135.6964,135.6964,1,0.33242,0.32679,0.3296,0.33951,0.27368,0.32197,OPEN,,0,65
135.7276,135.7276,1,0.33776,0.33476,0.33626,0.33626,0.27368,0.32197,OPEN,,0,65
135.7591,135.7591,1,0.34014,0.33715,0.33865,0.33626,0.27368,0.32197,OPEN,,0,65
135.7912,135.7912,1,0.33506,0.3302,0.33263,0.33626,0.27368,0.32197,OPEN,,0,65
135.824,135.824,1,0.33963,0.34194,0.34078,0.33865,0.27368,0.32197,OPEN,,0,65
135.8568,135.8568,1,0.34338,0.35009,0.34673,0.34078,0.27368,0.32197,OPEN,,0,65
135.8882,135.8882,1,0.33455,0.33948,0.33701,0.34078,0.27368,0.32197,OPEN,,0,65
135.9199,135.9199,1,0.33959,0.33933,0.33946,0.33946,0.27368,0.32197,OPEN,,0,65
135.9518,135.9518,1,0.33663,0.33505,0.33584,0.33701,0.27368,0.32197,OPEN,,0,65
135.9834,135.9834,1,0.33896,0.33717,0.33806,0.33806,0.27368,0.32197,OPEN,,0,65
136.015,136.015,1,0.32973,0.33117,0.33045,0.33584,0.27368,0.32197,OPEN,,0,65
136.0462,136.0462,1,0.32791,0.33133,0.32962,0.33045,0.27368,0.32197,OPEN,,0,65
136.089,136.089,1,0.32775,0.32891,0.32833,0.32962,0.27368,0.32197,OPEN,,0,65
136.1303,136.1303,1,0.32535,0.3266,0.32597,0.32833,0.27368,0.32197,OPEN,,0,65
136.1618,136.1618,1,0.32434,0.32488,0.32461,0.32597,0.27368,0.32197,OPEN,,0,65
136.1943,136.1943,1,0.32469,0.32652,0.3256,0.3256,0.27368,0.32197,OPEN,,0,65
136.2252,136.2252,1,0.32472,0.32584,0.32528,0.32528,0.27368,0.32197,OPEN,,0,65
136.2717,136.2717,1,0.32068,0.32525,0.32297,0.32528,0.27368,0.32197,OPEN,,0,65
136.3034,136.3034,1,0.31954,0.3251,0.32232,0.32297,0.27368,0.32197,OPEN,,0,65
136.3343,136.3343,1,0.31857,0.32576,0.32216,0.32232,0.27368,0.32197,OPEN,,0,65
136.3661,136.3661,1,0.32367,0.32933,0.3265,0.32232,0.27368,0.32197,OPEN,,0,65
136.4128,136.4128,1,0.32517,0.32994,0.32755,0.3265,0.27368,0.32197,OPEN,,0,65
136.4444,136.4444,1,0.32911,0.32969,0.3294,0.32755,0.27368,0.32197,OPEN,,0,65
136.4761,136.4761,1,0.32561,0.32696,0.32629,0.32755,0.27368,0.32197,OPEN,,0,65
136.5117,136.5117,1,0.32347,0.32451,0.32399,0.32629,0.27368,0.32197,OPEN,,0,65
136.5435,136.5435,1,0.32591,0.32701,0.32646,0.32629,0.27368,0.32197,OPEN,,0,65
136.5751,136.5751,1,0.32716,0.33044,0.3288,0.32646,0.27368,0.32197,OPEN,,0,65
136.6076,136.6076,1,0.31955,0.31845,0.319,0.32646,0.27368,0.32197,OPEN,,0,65
136.6388,136.6388,1,0.3133,0.30531,0.30931,0.319,0.27368,0.32197,OPEN,,0,65
136.6758,136.6758,1,0.31273,0.30681,0.30977,0.30977,0.27368,0.32197,OPEN,,0,65
136.7023,136.7023,1,0.31287,0.30363,0.30825,0.30931,0.27368,0.32197,OPEN,,0,65
136.7344,136.7344,1,0.31432,0.30295,0.30864,0.30864,0.27368,0.32197,OPEN,,0,65
136.7656,136.7656,1,0.31335,0.29799,0.30567,0.30825,0.27368,0.32197,OPEN,,0,65
136.7976,136.7976,1,0.31278,0.30016,0.30647,0.30647,0.27368,0.32197,OPEN,,0,65
136.8299,136.8299,1,0.31336,0.30979,0.31158,0.30647,0.27368,0.32197,OPEN,,0,65
136.8618,136.8618,1,0.31494,0.31026,0.3126,0.31158,0.27368,0.32197,OPEN,,0,65
136.8938,136.8938,1,0.31303,0.31376,0.3134,0.3126,0.27368,0.32197,OPEN,,0,65
136.9278,136.9278,1,0.29841,0.2943,0.29635,0.3126,0.27368,0.32197,OPEN,,0,65
136.9598,136.9598,1,0.30218,0.29992,0.30105,0.30105,0.27368,0.32197,OPEN,,0,65
136.991,136.991,1,0.3086,0.30228,0.30544,0.30105,0.27368,0.32197,OPEN,,0,65
137.0231,137.0231,1,0.31043,0.30216,0.30629,0.30544,0.27368,0.32197,OPEN,,0,65
137.055,137.055,1,0.30991,0.30836,0.30913,0.30629,0.27368,0.32197,OPEN,,0,65
137.0872,137.0872,1,0.31449,0.31164,0.31306,0.30913,0.27368,0.32197,OPEN,,0,65
137.1182,137.1182,1,0.31672,0.31855,0.31763,0.31306,0.27368,0.32197,OPEN,,0,65
137.1481,137.1481,1,0.3179,0.32139,0.31965,0.31763,0.27368,0.32197,OPEN,,0,65
137.1882,137.1882,1,0.32025,0.32145,0.32085,0.31965,0.27368,0.32197,OPEN,,0,65
137.2192,137.2192,1,0.32364,0.32215,0.32289,0.32085,0.27368,0.32197,OPEN,,0,65
137.2511,137.2511,1,0.32434,0.32263,0.32348,0.32289,0.27368,0.32197,OPEN,,0,65
137.2831,137.2831,1,0.32316,0.32095,0.32205,0.32289,0.27368,0.32197,OPEN,,0,65
137.3147,137.3147,1,0.32088,0.32016,0.32052,0.32205,0.27368,0.32197,OPEN,,0,65
137.3466,137.3466,1,0.32071,0.31881,0.31976,0.32052,0.27368,0.32197,OPEN,,0,65
137.3913,137.3913,1,0.32078,0.31881,0.3198,0.3198,0.27368,0.32197,OPEN,,0,65
137.4228,137.4228,1,0.32232,0.32477,0.32355,0.3198,0.27368,0.32197,OPEN,,0,65
137.4547,137.4547,1,0.32256,0.32649,0.32453,0.32355,0.27368,0.32197,OPEN,,0,65
137.4867,137.4867,1,0.32468,0.32606,0.32537,0.32453,0.27368,0.32197,OPEN,,0,65
137.5199,137.5199,1,0.32451,0.32345,0.32398,0.32453,0.27368,0.32197,OPEN,,0,65
137.5512,137.5512,1,0.32503,0.32318,0.32411,0.32411,0.27368,0.32197,OPEN,,0,65
137.583,137.583,1,0.32425,0.32241,0.32333,0.32398,0.27368,0.32197,OPEN,,0,65
137.6157,137.6157,1,0.32413,0.3254,0.32477,0.32411,0.27368,0.32197,OPEN,,0,65
137.6465,137.6465,1,0.32433,0.32622,0.32528,0.32477,0.27368,0.32197,OPEN,,0,65
137.6867,137.6867,1,0.32561,0.32115,0.32338,0.32477,0.27368,0.32197,OPEN,,0,65
137.7299,137.7299,1,0.32242,0.31996,0.32119,0.32338,0.27368,0.32197,OPEN,,0,65
137.7617,137.7617,1,0.32325,0.32018,0.32171,0.32171,0.27368,0.32197,OPEN,,0,65
137.7921,137.7921,1,0.32153,0.31998,0.32075,0.32119,0.27368,0.32197,OPEN,,0,65
137.824,137.824,1,0.31886,0.31979,0.31932,0.32075,0.27368,0.32197,OPEN,,0,65
137.8565,137.8565,1,0.31755,0.31956,0.31855,0.31932,0.27368,0.32197,OPEN,,0,65
137.8874,137.8874,1,0.31366,0.3158,0.31473,0.31855,0.27368,0.32197,OPEN,,0,65
137.9199,137.9199,1,0.32191,0.32281,0.32236,0.31855,0.27368,0.32197,OPEN,,0,65
137.9507,137.9507,1,0.32499,0.32213,0.32356,0.32236,0.27368,0.32197,OPEN,,0,65
137.9826,137.9826,1,0.32419,0.32029,0.32224,0.32236,0.27368,0.32197,OPEN,,0,65
138.0143,138.0143,1,0.31027,0.31167,0.31097,0.32224,0.27368,0.32197,OPEN,,0,65
138.0465,138.0465,1,0.302,0.30469,0.30334,0.31097,0.27368,0.32197,OPEN,,0,65
138.0939,138.0939,1,0.31048,0.30512,0.3078,0.3078,0.27368,0.32197,OPEN,,0,65
138.1255,138.1255,1,0.31037,0.30324,0.30681,0.30681,0.27368,0.32197,OPEN,,0,65
138.1569,138.1569,1,0.30896,0.30697,0.30796,0.3078,0.27368,0.32197,OPEN,,0,65
138.1913,138.1913,1,0.30667,0.30044,0.30355,0.30681,0.27368,0.32197,OPEN,,0,65
138.2237,138.2237,1,0.30707,0.29923,0.30315,0.30355,0.27368,0.32197,OPEN,,0,65
138.2548,138.2548,1,0.29754,0.28866,0.2931,0.30315,0.27368,0.32197,OPEN,,0,65
138.2867,138.2867,1,0.29375,0.28529,0.28952,0.2931,0.27368,0.32197,OPEN,,0,65
138.3189,138.3189,1,0.29399,0.28697,0.29048,0.29048,0.27368,0.32197,OPEN,,0,65
138.3507,138.3507,1,0.29608,0.28815,0.29212,0.29048,0.27368,0.32197,OPEN,,0,65
138.3822,138.3822,1,0.29977,0.29184,0.2958,0.29212,0.27368,0.32197,OPEN,,0,65
138.4158,138.4158,1,0.30115,0.29047,0.29581,0.2958,0.27368,0.32197,OPEN,,0,65
138.4478,138.4478,1,0.30025,0.2902,0.29523,0.2958,0.27368,0.32197,OPEN,,0,65
138.496,138.496,1,0.293,0.29155,0.29227,0.29523,0.27368,0.32197,OPEN,,0,65
138.528,138.528,1,0.302,0.28964,0.29582,0.29523,0.27368,0.32197,OPEN,,0,65
138.5755,138.5755,1,0.30752,0.29554,0.30153,0.29582,0.27368,0.32197,OPEN,,0,65
138.6071,138.6071,1,0.31084,0.29887,0.30485,0.30153,0.27368,0.32197,OPEN,,0,65
138.6379,138.6379,1,0.31686,0.30599,0.31142,0.30485,0.27368,0.32197,OPEN,,0,65
138.6789,138.6789,1,0.3176,0.31419,0.31589,0.31142,0.27368,0.32197,OPEN,,0,65
138.711,138.711,1,0.32788,0.32381,0.32584,0.31589,0.27368,0.32197,OPEN,,0,65
138.7432,138.7432,1,0.32688,0.32301,0.32495,0.32495,0.27368,0.32197,OPEN,,0,65
138.7746,138.7746,1,0.32455,0.31804,0.32129,0.32495,0.27368,0.32197,OPEN,,0,65
138.8071,138.8071,1,0.32633,0.31855,0.32244,0.32244,0.27368,0.32197,OPEN,,0,65
138.8392,138.8392,1,0.3264,0.31824,0.32232,0.32232,0.27368,0.32197,OPEN,,0,65
138.8795,138.8795,1,0.32701,0.31779,0.3224,0.3224,0.27368,0.32197,OPEN,,0,65
138.9114,138.9114,1,0.32286,0.31704,0.31995,0.32232,0.27368,0.32197,OPEN,,0,65
138.9428,138.9428,1,0.32547,0.31678,0.32112,0.32112,0.27368,0.32197,OPEN,,0,65
138.9749,138.9749,1,0.32624,0.31766,0.32195,0.32112,0.27368,0.32197,OPEN,,0,65
139.0068,139.0068,1,0.32634,0.31951,0.32293,0.32195,0.27368,0.32197,OPEN,,0,65
139.0387,139.0387,1,0.32182,0.31552,0.31867,0.32195,0.27368,0.32197,OPEN,,0,65
139.0706,139.0706,1,0.32554,0.32045,0.32299,0.32293,0.27368,0.32197,OPEN,,0,65
139.1037,139.1037,1,0.32442,0.32173,0.32308,0.32299,0.27368,0.32197,OPEN,,0,65
139.1358,139.1358,1,0.32002,0.31714,0.31858,0.32299,0.27368,0.32197,OPEN,,0,65
139.1675,139.1675,1,0.32205,0.32049,0.32127,0.32127,0.27368,0.32197,OPEN,,0,65
139.1963,139.1963,1,0.31969,0.32544,0.32256,0.32127,0.27368,0.32197,OPEN,,0,65
139.2278,139.2278,1,0.31947,0.32217,0.32082,0.32127,0.27368,0.32197,OPEN,,0,65
139.2596,139.2596,1,0.31787,0.31731,0.31759,0.32082,0.27368,0.32197,OPEN,,0,65
139.2964,139.2964,1,0.30825,0.31059,0.30942,0.31759,0.27368,0.32197,OPEN,,0,65
139.3281,139.3281,1,0.30512,0.3089,0.30701,0.30942,0.27368,0.32197,OPEN,,0,65
139.3586,139.3586,1,0.30168,0.31093,0.3063,0.30701,0.27368,0.32197,OPEN,,0,65
139.3908,139.3908,1,0.30684,0.30924,0.30804,0.30701,0.27368,0.32197,OPEN,,0,65
139.4222,139.4222,1,0.30537,0.30836,0.30686,0.30686,0.27368,0.32197,OPEN,,0,65
139.4542,139.4542,1,0.30201,0.307,0.3045,0.30686,0.27368,0.32197,OPEN,,0,65
139.4863,139.4863,1,0.30031,0.30313,0.30172,0.3045,0.27368,0.32197,OPEN,,0,65
139.5198,139.5198,1,0.30081,0.30057,0.30069,0.30172,0.27368,0.32197,OPEN,,0,65
139.5513,139.5513,1,0.30045,0.3003,0.30038,0.30069,0.27368,0.32197,OPEN,,0,65
139.5833,139.5833,1,0.30125,0.30092,0.30108,0.30069,0.27368,0.32197,OPEN,,0,65
139.6149,139.6149,1,0.29154,0.28626,0.2889,0.30038,0.27368,0.32197,OPEN,,0,65
139.647,139.647,1,0.2974,0.2899,0.29365,0.29365,0.27368,0.32197,OPEN,,0,65
139.6941,139.6941,1,0.30366,0.29962,0.30164,0.29365,0.27368,0.32197,OPEN,,0,65
139.7294,139.7294,1,0.30398,0.30047,0.30223,0.30164,0.27368,0.32197,OPEN,,0,65
139.7697,139.7697,1,0.31381,0.31108,0.31245,0.30223,0.27368,0.32197,OPEN,,0,65
139.8014,139.8014,1,0.3092,0.30879,0.309,0.309,0.27368,0.32197,OPEN,,0,65
139.8331,139.8331,1,0.32025,0.31684,0.31854,0.31245,0.27368,0.32197,OPEN,,0,65
139.8657,139.8657,1,0.32153,0.31882,0.32017,0.31854,0.27368,0.32197,OPEN,,0,65
139.8965,139.8965,1,0.32005,0.31371,0.31688,0.31854,0.27368,0.32197,OPEN,,0,65
139.9285,139.9285,1,0.3172,0.32334,0.32027,0.32017,0.27368,0.32197,OPEN,,0,65
139.9683,139.9683,1,0.31794,0.32117,0.31955,0.31955,0.27368,0.32197,OPEN,,0,65
140.0,140.0,1,0.31677,0.31974,0.31825,0.31955,0.27368,0.32197,OPEN,,0,65
140.0313,140.0313,1,0.3162,0.3163,0.31625,0.31825,0.27368,0.32197,OPEN,,0,65
140.0633,140.0633,1,0.31564,0.31585,0.31574,0.31625,0.27368,0.32197,OPEN,,0,65
140.0943,140.0943,1,0.3179,0.31683,0.31737,0.31625,0.27368,0.32197,OPEN,,0,65
140.126,140.126,1,0.31684,0.3242,0.32052,0.31737,0.27368,0.32197,OPEN,,0,65
140.1589,140.1589,1,0.32506,0.33174,0.3284,0.32052,0.27368,0.32197,OPEN,,0,65
140.191,140.191,1,0.32143,0.32414,0.32279,0.32279,0.27368,0.32197,OPEN,,0,65
140.2222,140.2222,1,0.31981,0.32074,0.32028,0.32279,0.27368,0.32197,OPEN,,0,65
140.2509,140.2509,1,0.32019,0.31969,0.31994,0.32028,0.27368,0.32197,OPEN,,0,65
140.2782,140.2782,1,0.31979,0.31888,0.31934,0.31994,0.27368,0.32197,OPEN,,0,65
140.3101,140.3101,1,0.32104,0.32507,0.32305,0.31994,0.27368,0.32197,OPEN,,0,65
140.342,140.342,1,0.32134,0.32477,0.32305,0.32305,0.27368,0.32197,OPEN,,0,65
140.3826,140.3826,1,0.32845,0.3281,0.32827,0.32305,0.27368,0.32197,OPEN,,0,65
140.4141,140.4141,1,0.32597,0.32613,0.32605,0.32605,0.27368,0.32197,OPEN,,0,65
140.4461,140.4461,1,0.32513,0.32809,0.32661,0.32661,0.27368,0.32197,OPEN,,0,65
140.4777,140.4777,1,0.32325,0.32774,0.3255,0.32605,0.27368,0.32197,OPEN,,0,65
140.5105,140.5105,1,0.31962,0.32696,0.32329,0.3255,0.27368,0.32197,OPEN,,0,65
140.5582,140.5582,1,0.31991,0.33155,0.32573,0.3255,0.27368,0.32197,OPEN,,0,65
140.5914,140.5914,1,0.31603,0.33093,0.32348,0.32348,0.27368,0.32197,OPEN,,0,65
140.6235,140.6235,1,0.3063,0.32517,0.31573,0.32348,0.27368,0.32197,OPEN,,0,65
140.6559,140.6559,1,0.30692,0.31673,0.31183,0.31573,0.27368,0.32197,OPEN,,0,65
140.6864,140.6864,1,0.31131,0.31988,0.3156,0.3156,0.27368,0.32197,OPEN,,0,65
140.7188,140.7188,1,0.30939,0.31054,0.30997,0.31183,0.27368,0.32197,OPEN,,0,65
140.7835,140.7835,1,0.30362,0.31689,0.31025,0.31025,0.27368,0.32197,OPEN,,0,65
140.8694,140.8694,1,0.30809,0.31049,0.30929,0.30997,0.27368,0.32197,OPEN,,0,65
140.924,140.924,1,0.31012,0.30778,0.30895,0.30929,0.27368,0.32197,OPEN,,0,65
140.9553,140.9553,1,0.30009,0.30268,0.30138,0.30895,0.27368,0.32197,OPEN,,0,65
140.9868,140.9868,1,0.30527,0.30813,0.3067,0.3067,0.27368,0.32197,OPEN,,0,65
141.0406,141.0406,1,0.29724,0.30574,0.30149,0.30149,0.27368,0.32197,OPEN,,0,65
141.0722,141.0722,1,0.30366,0.30683,0.30525,0.30525,0.27368,0.32197,OPEN,,0,65
141.1053,141.1053,1,0.30335,0.3066,0.30497,0.30497,0.27368,0.32197,OPEN,,0,65
141.1365,141.1365,1,0.30505,0.30555,0.3053,0.30525,0.27368,0.32197,OPEN,,0,65
141.1687,141.1687,1,0.30114,0.3012,0.30117,0.30497,0.27368,0.32197,OPEN,,0,65
141.2004,141.2004,1,0.29974,0.28896,0.29435,0.30117,0.27368,0.32197,OPEN,,0,65
141.2323,141.2323,1,0.29826,0.28411,0.29118,0.29435,0.27368,0.32197,OPEN,,0,65
141.2643,141.2643,1,0.29677,0.28319,0.28998,0.29118,0.27368,0.32197,OPEN,,0,65
141.2966,141.2966,1,0.29057,0.28574,0.28815,0.28998,0.27368,0.32197,OPEN,,0,65
141.3285,141.3285,1,0.2888,0.2849,0.28685,0.28815,0.27368,0.32197,OPEN,,0,65
141.369,141.369,1,0.28697,0.28689,0.28693,0.28693,0.27368,0.32197,OPEN,,0,65
141.3995,141.3995,1,0.27825,0.28336,0.28081,0.28685,0.27368,0.32197,OPEN,,0,65
141.4309,141.4309,1,0.28092,0.28665,0.28378,0.28378,0.27368,0.32197,OPEN,,0,65
141.4721,141.4721,1,0.28561,0.28917,0.28739,0.28378,0.27368,0.32197,OPEN,,0,65
141.5029,141.5029,1,0.28716,0.29652,0.29184,0.28739,0.27368,0.32197,OPEN,,0,65
141.5346,141.5346,1,0.2878,0.28936,0.28858,0.28858,0.27368,0.32197,OPEN,,0,65
141.5664,141.5664,1,0.27303,0.28653,0.27978,0.28858,0.27368,0.32197,OPEN,,0,65
141.5983,141.5983,1,0.28262,0.29513,0.28887,0.28858,0.27368,0.32197,OPEN,,0,65
141.6298,141.6298,1,0.27402,0.28473,0.27938,0.27978,0.27368,0.32197,OPEN,,0,65
141.6619,141.6619,1,0.28611,0.29295,0.28953,0.28887,0.27368,0.32197,OPEN,,0,65
141.7034,141.7034,1,0.29508,0.29584,0.29546,0.28953,0.27368,0.32197,OPEN,,0,65
141.7364,141.7364,1,0.28959,0.29019,0.28989,0.28989,0.27368,0.32197,OPEN,,0,65
141.7771,141.7771,1,0.28511,0.28214,0.28363,0.28989,0.27368,0.32197,OPEN,,0,65
141.8091,141.8091,1,0.27867,0.28064,0.27966,0.28363,0.27368,0.32197,OPEN,,0,65
141.8347,141.8347,1,0.25992,0.28516,0.27254,0.27966,0.27368,0.32197,OPEN,,0,65
141.8859,141.8859,1,0.25127,0.27249,0.26188,0.27254,0.27368,0.32197,CLOSING,,0,65
141.9864,141.9864,1,0.24288,0.26377,0.25332,0.26188,0.27368,0.32197,CLOSED,0.10048,0,65
142.043,142.043,1,0.33472,0.3393,0.33701,0.26188,0.27368,0.32197,CLOSED,0.15716,0,65
142.1055,142.1055,1,0.34039,0.35528,0.34784,0.33701,0.27368,0.32197,OPENING,0.21963,0,65
142.1442,142.1442,1,0.34118,0.35706,0.34912,0.34784,0.27368,0.32197,OPEN,0.25835,1,66
142.1756,142.1756,1,0.3428,0.35463,0.34871,0.34871,0.27368,0.32197,OPEN,,0,66
142.2148,142.2148,1,0.34664,0.36115,0.35389,0.34912,0.27368,0.32197,OPEN,,0,66
142.2394,142.2394,1,0.36031,0.37274,0.36653,0.35389,0.27368,0.32197,OPEN,,0,66
142.2731,142.2731,1,0.35892,0.36443,0.36167,0.36167,0.27368,0.32197,OPEN,,0,66
142.3,142.3,1,0.36288,0.36542,0.36415,0.36415,0.27368,0.32197,OPEN,,0,66
142.3295,142.3295,1,0.37095,0.37136,0.37115,0.36415,0.27368,0.32197,OPEN,,0,66
142.3636,142.3636,1,0.37996,0.38155,0.38075,0.37115,0.27368,0.32197,OPEN,,0,66
142.3972,142.3972,1,0.3881,0.3901,0.3891,0.38075,0.27368,0.32197,OPEN,,0,66
142.4201,142.4201,1,0.38863,0.38945,0.38904,0.38904,0.27368,0.32197,OPEN,,0,66
142.4545,142.4545,1,0.38838,0.38992,0.38915,0.3891,0.27368,0.32197,OPEN,,0,66
142.4808,142.4808,1,0.38805,0.38755,0.3878,0.38904,0.27368,0.32197,OPEN,,0,66
142.5151,142.5151,1,0.39485,0.39977,0.39731,0.38915,0.27368,0.32197,OPEN,,0,66
142.5482,142.5482,1,0.40339,0.41359,0.40849,0.39731,0.27368,0.32197,OPEN,,0,66
142.568,142.568,1,0.41812,0.42333,0.42073,0.40849,0.27368,0.32197,OPEN,,0,66
142.5896,142.5896,1,0.43159,0.43308,0.43233,0.42073,0.27368,0.32197,OPEN,,0,66
142.6076,142.6076,1,0.43374,0.43808,0.43591,0.43233,0.27368,0.32197,OPEN,,0,66
142.6256,142.6256,1,0.42943,0.43099,0.43021,0.43233,0.27368,0.32197,OPEN,,0,66
142.6727,142.6727,1,0.42187,0.42325,0.42256,0.43021,0.27368,0.32197,OPEN,,0,66
142.7042,142.7042,1,0.42403,0.42674,0.42539,0.42539,0.27368,0.32197,OPEN,,0,66
142.7385,142.7385,1,0.42415,0.43312,0.42863,0.42539,0.27368,0.32197,OPEN,,0,66
142.768,142.768,1,0.42436,0.43534,0.42985,0.42863,0.27368,0.32197,OPEN,,0,66
142.8012,142.8012,1,0.42612,0.43905,0.43259,0.42985,0.27368,0.32197,OPEN,,0,66
142.8341,142.8341,1,0.41925,0.43357,0.42641,0.42985,0.27368,0.32197,OPEN,,0,66
142.866,142.866,1,0.42614,0.43951,0.43283,0.43259,0.27368,0.32197,OPEN,,0,66
142.8975,142.8975,1,0.42325,0.43788,0.43056,0.43056,0.27368,0.32197,OPEN,,0,66
142.9311,142.9311,1,0.42112,0.43303,0.42708,0.43056,0.27368,0.32197,OPEN,,0,66
142.9649,142.9649,1,0.41817,0.4267,0.42244,0.42708,0.27368,0.32197,OPEN,,0,66
142.9985,142.9985,1,0.42122,0.42361,0.42242,0.42244,0.27368,0.32197,OPEN,,0,66
143.0237,143.0237,1,0.41996,0.41913,0.41954,0.42242,0.27368,0.32197,OPEN,,0,66
143.0559,143.0559,1,0.42251,0.4227,0.4226,0.42242,0.27368,0.32197,OPEN,,0,66
143.1032,143.1032,1,0.42769,0.43024,0.42896,0.4226,0.27368,0.32197,OPEN,,0,66
143.1388,143.1388,1,0.42368,0.42319,0.42344,0.42344,0.27368,0.32197,OPEN,,0,66
143.1736,143.1736,1,0.41841,0.41583,0.41712,0.42344,0.27368,0.32197,OPEN,,0,66
143.2083,143.2083,1,0.41588,0.41433,0.4151,0.41712,0.27368,0.32197,OPEN,,0,66
143.2334,143.2334,1,0.41495,0.41393,0.41444,0.4151,0.27368,0.32197,OPEN,,0,66
143.2645,143.2645,1,0.41404,0.41683,0.41544,0.4151,0.27368,0.32197,OPEN,,0,66
143.296,143.296,1,0.41401,0.41742,0.41572,0.41544,0.27368,0.32197,OPEN,,0,66
143.3275,143.3275,1,0.41216,0.41866,0.41541,0.41544,0.27368,0.32197,OPEN,,0,66
143.3602,143.3602,1,0.41429,0.41797,0.41613,0.41572,0.27368,0.32197,OPEN,,0,66
143.3969,143.3969,1,0.41295,0.41924,0.4161,0.4161,0.27368,0.32197,OPEN,,0,66
143.4271,143.4271,1,0.41427,0.41742,0.41584,0.4161,0.27368,0.32197,OPEN,,0,66
143.457,143.457,1,0.41542,0.41612,0.41577,0.41584,0.27368,0.32197,OPEN,,0,66
143.4875,143.4875,1,0.41074,0.41279,0.41176,0.41577,0.27368,0.32197,OPEN,,0,66
143.5367,143.5367,1,0.41099,0.41583,0.41341,0.41341,0.27368,0.32197,OPEN,,0,66
143.5682,143.5682,1,0.41268,0.41288,0.41278,0.41278,0.27368,0.32197,OPEN,,0,66
143.6038,143.6038,1,0.41025,0.40945,0.40985,0.41278,0.27368,0.32197,OPEN,,0,66
143.6333,143.6333,1,0.40815,0.40804,0.4081,0.40985,0.27368,0.32197,OPEN,,0,66
143.6668,143.6668,1,0.40408,0.40528,0.40468,0.4081,0.27368,0.32197,OPEN,,0,66
143.6985,143.6985,1,0.4053,0.4053,0.4053,0.4053,0.27368,0.32197,OPEN,,0,66
143.7306,143.7306,1,0.40204,0.40368,0.40286,0.40468,0.27368,0.32197,OPEN,,0,66
143.7626,143.7626,1,0.39904,0.40303,0.40103,0.40286,0.27368,0.32197,OPEN,,0,66
143.7961,143.7961,1,0.40236,0.40407,0.40321,0.40286,0.27368,0.32197,OPEN,,0,66
143.8291,143.8291,1,0.397,0.40143,0.39921,0.40103,0.27368,0.32197,OPEN,,0,66
144.1184,144.1184,1,0.41376,0.4058,0.40978,0.40321,0.27368,0.32197,OPEN,,0,66
144.1717,144.1717,1,0.40855,0.40802,0.40829,0.40829,0.27368,0.32197,OPEN,,0,66
144.2,144.2,1,0.40374,0.40452,0.40413,0.40829,0.27368,0.32197,OPEN,,0,66
144.237,144.237,1,0.40277,0.40287,0.40282,0.40413,0.27368,0.32197,OPEN,,0,66
144.2652,144.2652,1,0.39999,0.40136,0.40068,0.40282,0.27368,0.32197,OPEN,,0,66
144.291,144.291,1,0.39931,0.40126,0.40028,0.40068,0.27368,0.32197,OPEN,,0,66
144.3244,144.3244,1,0.39744,0.40093,0.39919,0.40028,0.27368,0.32197,OPEN,,0,66
144.3592,144.3592,1,0.39099,0.39358,0.39229,0.39919,0.27368,0.32197,OPEN,,0,66
144.389,144.389,1,0.39665,0.40253,0.39959,0.39919,0.27368,0.32197,OPEN,,0,66
144.423,144.423,1,0.3942,0.40501,0.3996,0.39959,0.27368,0.32197,OPEN,,0,66
144.4416,144.4416,1,0.39288,0.40574,0.39931,0.39959,0.27368,0.32197,OPEN,,0,66
144.4608,144.4608,1,0.39252,0.40467,0.39859,0.39931,0.27368,0.32197,OPEN,,0,66
144.4971,144.4971,1,0.39151,0.40403,0.39777,0.39859,0.27368,0.32197,OPEN,,0,66
144.5315,144.5315,1,0.39405,0.40391,0.39898,0.39859,0.27368,0.32197,OPEN,,0,66
144.5657,144.5657,1,0.39168,0.40351,0.3976,0.39777,0.27368,0.32197,OPEN,,0,66
144.5994,144.5994,1,0.39121,0.40102,0.39612,0.3976,0.27368,0.32197,OPEN,,0,66
144.6325,144.6325,1,0.39206,0.40064,0.39635,0.39635,0.27368,0.32197,OPEN,,0,66
144.6655,144.6655,1,0.39202,0.40049,0.39626,0.39626,0.27368,0.32197,OPEN,,0,66
144.707,144.707,1,0.39262,0.40386,0.39824,0.39635,0.27368,0.32197,OPEN,,0,66
144.729,144.729,1,0.39244,0.4034,0.39792,0.39792,0.27368,0.32197,OPEN,,0,66
144.7638,144.7638,1,0.38888,0.40099,0.39493,0.39792,0.27368,0.32197,OPEN,,0,66
144.7976,144.7976,1,0.38914,0.40152,0.39533,0.39533,0.27368,0.32197,OPEN,,0,66
144.8185,144.8185,1,0.38842,0.39869,0.39355,0.39493,0.27368,0.32197,OPEN,,0,66
144.8389,144.8389,1,0.38964,0.39805,0.39384,0.39384,0.27368,0.32197,OPEN,,0,66
144.8733,144.8733,1,0.39326,0.3989,0.39608,0.39384,0.27368,0.32197,OPEN,,0,66
144.9015,144.9015,1,0.39204,0.39688,0.39446,0.39446,0.27368,0.32197,OPEN,,0,66
144.9291,144.9291,1,0.39369,0.39723,0.39546,0.39546,0.27368,0.32197,OPEN,,0,66
144.9619,144.9619,1,0.39266,0.39559,0.39413,0.39446,0.27368,0.32197,OPEN,,0,66
144.9965,144.9965,1,0.38751,0.38998,0.38874,0.39413,0.27368,0.32197,OPEN,,0,66
145.031,145.031,1,0.36864,0.36821,0.36842,0.38874,0.27368,0.32197,OPEN,,0,66
145.0648,145.0648,1,0.35768,0.35397,0.35582,0.36842,0.27368,0.32197,OPEN,,0,66
145.0888,145.0888,1,0.35521,0.35341,0.35431,0.35582,0.27368,0.32197,OPEN,,0,66
145.1278,145.1278,1,0.35296,0.34976,0.35136,0.35431,0.27368,0.32197,OPEN,,0,66
145.1526,145.1526,1,0.35143,0.35012,0.35077,0.35136,0.27368,0.32197,OPEN,,0,66
145.1841,145.1841,1,0.35023,0.35006,0.35014,0.35077,0.27368,0.32197,OPEN,,0,66
145.2317,145.2317,1,0.35272,0.34982,0.35127,0.35077,0.27368,0.32197,OPEN,,0,66
145.2636,145.2636,1,0.35236,0.34845,0.35041,0.35041,0.27368,0.32197,OPEN,,0,66
145.2975,145.2975,1,0.3494,0.34134,0.34537,0.35041,0.27368,0.32197,OPEN,,0,66
145.3345,145.3345,1,0.34325,0.33944,0.34135,0.34537,0.27368,0.32197,OPEN,,0,66
145.3584,145.3584,1,0.34008,0.32969,0.33488,0.34135,0.27368,0.32197,OPEN,,0,66
145.394,145.394,1,0.3504,0.33799,0.34419,0.34135,0.27368,0.32197,OPEN,,0,66
145.4236,145.4236,1,0.34976,0.34153,0.34565,0.34419,0.27368,0.32197,OPEN,,0,66
145.4572,145.4572,1,0.34571,0.34118,0.34345,0.34419,0.27368,0.32197,OPEN,,0,66
145.4862,145.4862,1,0.34031,0.33356,0.33693,0.34345,0.27368,0.32197,OPEN,,0,66
145.5201,145.5201,1,0.33864,0.33098,0.33481,0.33693,0.27368,0.32197,OPEN,,0,66
145.5576,145.5576,1,0.3348,0.32578,0.33029,0.33481,0.27368,0.32197,OPEN,,0,66
145.5922,145.5922,1,0.32539,0.31014,0.31777,0.33029,0.27368,0.32197,OPEN,,0,66
145.6331,145.6331,1,0.31858,0.31077,0.31468,0.31777,0.27368,0.32197,OPEN,,0,66
145.6655,145.6655,1,0.31499,0.30573,0.31036,0.31468,0.27368,0.32197,OPEN,,0,66
145.6991,145.6991,1,0.31402,0.30439,0.30921,0.31036,0.27368,0.32197,OPEN,,0,66
145.7341,145.7341,1,0.30833,0.3015,0.30491,0.30921,0.27368,0.32197,OPEN,,0,66
145.7791,145.7791,1,0.30159,0.29702,0.2993,0.30491,0.27368,0.32197,OPEN,,0,66
145.8125,145.8125,1,0.30232,0.3,0.30116,0.30116,0.27368,0.32197,OPEN,,0,66
145.8459,145.8459,1,0.30157,0.29672,0.29914,0.2993,0.27368,0.32197,OPEN,,0,66
145.8789,145.8789,1,0.30024,0.2959,0.29807,0.29914,0.27368,0.32197,OPEN,,0,66
145.9124,145.9124,1,0.3021,0.29729,0.2997,0.29914,0.27368,0.32197,OPEN,,0,66
145.9355,145.9355,1,0.29972,0.29877,0.29925,0.29925,0.27368,0.32197,OPEN,,0,66
145.9564,145.9564,1,0.29987,0.2923,0.29609,0.29925,0.27368,0.32197,OPEN,,0,66
145.9892,145.9892,1,0.30013,0.29437,0.29725,0.29725,0.27368,0.32197,OPEN,,0,66
146.0234,146.0234,1,0.29569,0.29412,0.29491,0.29609,0.27368,0.32197,OPEN,,0,66
146.0653,146.0653,1,0.29768,0.29279,0.29523,0.29523,0.27368,0.32197,OPEN,,0,66
146.0994,146.0994,1,0.30635,0.29575,0.30105,0.29523,0.27368,0.32197,OPEN,,0,66
146.133,146.133,1,0.30281,0.29424,0.29853,0.29853,0.27368,0.32197,OPEN,,0,66
146.1609,146.1609,1,0.31149,0.3054,0.30844,0.30105,0.27368,0.32197,OPEN,,0,66
146.196,146.196,1,0.32765,0.32117,0.32441,0.30844,0.27368,0.32197,OPEN,,0,66
146.2324,146.2324,1,0.36079,0.34885,0.35482,0.32441,0.27368,0.32197,OPEN,,0,66
