timestamp,elapsed_seconds,left_ear,right_ear,average_ear,smoothed_ear,eye_state,blink_event,blink_duration,face_detected
2026-08-12T11:00:30.202508,0.3924,0.374907,0.397093,0.386,0.386,OPEN,0,0.0,1
2026-08-12T11:00:30.301302,0.4878,0.096596,0.126649,0.111622,0.289968,OPEN,0,0.0,1
2026-08-12T11:00:30.331023,0.5179,0.13989,0.174871,0.157381,0.243562,CLOSING,0,0.0,1
2026-08-12T11:00:30.360937,0.557,0.233805,0.222611,0.228208,0.238188,CLOSING,0,0.0,1
2026-08-12T11:00:30.393380,0.5904,0.350323,0.359433,0.354878,0.27903,OPEN,0,0.0,1
2026-08-12T11:00:30.412363,0.61,0.460542,0.473515,0.467028,0.344829,OPEN,0,0.0,1
2026-08-12T11:00:30.448176,0.644,0.477082,0.493615,0.485349,0.394011,OPEN,0,0.0,1
2026-08-12T11:00:30.469352,0.6632,0.47002,0.497728,0.483874,0.425463,OPEN,0,0.0,1
2026-08-12T11:00:30.498606,0.692,0.452661,0.479775,0.466218,0.439727,OPEN,0,0.0,1
2026-08-12T11:00:30.529046,0.7256,0.443427,0.452641,0.448034,0.442635,OPEN,0,0.0,1
2026-08-12T11:00:30.547256,0.7444,0.486073,0.505424,0.495749,0.461225,OPEN,0,0.0,1
2026-08-12T11:00:30.562726,0.7611,0.46806,0.483984,0.476022,0.466404,OPEN,0,0.0,1
2026-08-12T11:00:30.602573,0.7951,0.254062,0.3012,0.277631,0.400333,OPEN,0,0.0,1
2026-08-12T11:00:30.639018,0.8302,0.145128,0.154916,0.150022,0.312724,OPEN,0,0.0,1
2026-08-12T11:00:30.674988,0.8658,0.168507,0.180339,0.174423,0.264319,OPEN,0,0.0,1
2026-08-12T11:00:30.703568,0.8974,0.119011,0.141899,0.130455,0.217466,CLOSING,0,0.0,1
2026-08-12T11:00:30.740615,0.9337,0.280628,0.300735,0.290681,0.243092,CLOSING,0,0.0,1
2026-08-12T11:00:30.775576,0.9695,0.337015,0.352129,0.344572,0.27861,OPEN,0,0.0,1
2026-08-12T11:00:30.809378,1.0032,0.359837,0.372956,0.366396,0.309335,OPEN,0,0.0,1
2026-08-12T11:00:30.847903,1.0378,0.395071,0.40967,0.402371,0.341898,OPEN,0,0.0,1
2026-08-12T11:00:30.868694,1.0624,0.409819,0.422905,0.416362,0.36796,OPEN,0,0.0,1
2026-08-12T11:00:30.902189,1.0971,0.416618,0.441015,0.428816,0.38926,OPEN,0,0.0,1
2026-08-12T11:00:30.927418,1.1248,0.424291,0.446352,0.435322,0.405382,OPEN,0,0.0,1
2026-08-12T11:00:30.963275,1.1579,0.41739,0.442522,0.429956,0.413983,OPEN,0,0.0,1
2026-08-12T11:00:30.992188,1.1847,0.416083,0.437835,0.426959,0.418525,OPEN,0,0.0,1
2026-08-12T11:00:31.022431,1.2192,0.43483,0.446237,0.440533,0.426228,OPEN,0,0.0,1
2026-08-12T11:00:31.059042,1.2536,0.437861,0.460731,0.449296,0.434302,OPEN,0,0.0,1
2026-08-12T11:00:31.103640,1.2975,0.418908,0.448644,0.433776,0.434118,OPEN,0,0.0,1
2026-08-12T11:00:31.136663,1.3297,0.419243,0.44693,0.433086,0.433757,OPEN,0,0.0,1
2026-08-12T11:00:31.177318,1.3693,0.429428,0.455366,0.442397,0.436781,OPEN,0,0.0,1
2026-08-12T11:00:31.196871,1.3923,0.443816,0.467352,0.455584,0.443362,OPEN,0,0.0,1
2026-08-12T11:00:31.235060,1.4279,0.43995,0.461802,0.450876,0.445992,OPEN,0,0.0,1
2026-08-12T11:00:31.267310,1.4614,0.431263,0.453999,0.442631,0.444816,OPEN,0,0.0,1
2026-08-12T11:00:31.298426,1.4914,0.424505,0.445866,0.435186,0.441445,OPEN,0,0.0,1
2026-08-12T11:00:31.349905,1.5384,0.423028,0.456052,0.43954,0.440778,OPEN,0,0.0,1
2026-08-12T11:00:31.376415,1.5746,0.429942,0.465206,0.447574,0.443157,OPEN,0,0.0,1
2026-08-12T11:00:31.405378,1.6011,0.431308,0.464632,0.44797,0.444841,OPEN,0,0.0,1
2026-08-12T11:00:31.439612,1.6334,0.438287,0.469806,0.454046,0.448063,OPEN,0,0.0,1
2026-08-12T11:00:31.473389,1.6669,0.439731,0.471597,0.455664,0.450723,OPEN,0,0.0,1
2026-08-12T11:00:31.507470,1.6988,0.445156,0.473232,0.459194,0.453688,OPEN,0,0.0,1
2026-08-12T11:00:31.536838,1.7308,0.453294,0.476498,0.464896,0.457611,OPEN,0,0.0,1
2026-08-12T11:00:31.571855,1.7642,0.454222,0.478357,0.466289,0.460648,OPEN,0,0.0,1
2026-08-12T11:00:31.603638,1.7988,0.453554,0.477615,0.465584,0.462376,OPEN,0,0.0,1
2026-08-12T11:00:31.623642,1.8173,0.45483,0.478164,0.466497,0.463818,OPEN,0,0.0,1
2026-08-12T11:00:31.652895,1.8509,0.458788,0.483595,0.471192,0.466399,OPEN,0,0.0,1
2026-08-12T11:00:31.675523,1.8728,0.456117,0.481788,0.468953,0.467293,OPEN,0,0.0,1
2026-08-12T11:00:31.745348,1.9384,0.450725,0.46084,0.455783,0.463264,OPEN,0,0.0,1
2026-08-12T11:00:31.778080,1.9706,0.456264,0.464642,0.460453,0.46228,OPEN,0,0.0,1
2026-08-12T11:00:31.808829,2.0015,0.455856,0.464158,0.460007,0.461485,OPEN,0,0.0,1
2026-08-12T11:00:31.844266,2.0383,0.440154,0.459203,0.449679,0.457353,OPEN,0,0.0,1
2026-08-12T11:00:31.869079,2.065,0.433777,0.454056,0.443917,0.45265,OPEN,0,0.0,1
2026-08-12T11:00:31.902148,2.0983,0.433685,0.454801,0.444243,0.449708,OPEN,0,0.0,1
2026-08-12T11:00:31.935550,2.1328,0.432383,0.453129,0.442756,0.447274,OPEN,0,0.0,1
2026-08-12T11:00:31.970193,2.165,0.433452,0.45361,0.443531,0.445964,OPEN,0,0.0,1
2026-08-12T11:00:31.999470,2.1979,0.430009,0.452833,0.441421,0.444374,OPEN,0,0.0,1
2026-08-12T11:00:32.021764,2.2161,0.429965,0.452714,0.441339,0.443312,OPEN,0,0.0,1
2026-08-12T11:00:32.042699,2.241,0.430408,0.451015,0.440712,0.442402,OPEN,0,0.0,1
2026-08-12T11:00:32.080800,2.2737,0.388623,0.403096,0.39586,0.426112,OPEN,0,0.0,1
2026-08-12T11:00:32.145471,2.3389,0.226232,0.240765,0.233499,0.358697,OPEN,0,0.0,1
2026-08-12T11:00:32.176351,2.3694,0.262408,0.279318,0.270863,0.327955,OPEN,0,0.0,1
2026-08-12T11:00:32.209973,2.4032,0.305917,0.322209,0.314063,0.323093,OPEN,0,0.0,1
2026-08-12T11:00:32.241480,2.4332,0.329576,0.332975,0.331275,0.325957,OPEN,0,0.0,1
2026-08-12T11:00:32.275021,2.469,0.361691,0.383995,0.372843,0.342367,OPEN,0,0.0,1
2026-08-12T11:00:32.301865,2.4969,0.377215,0.408248,0.392731,0.359995,OPEN,0,0.0,1
2026-08-12T11:00:32.337808,2.5309,0.401295,0.431442,0.416368,0.379725,OPEN,0,0.0,1
2026-08-12T11:00:32.371041,2.5631,0.401434,0.437002,0.419218,0.393548,OPEN,0,0.0,1
2026-08-12T11:00:32.401713,2.5949,0.405446,0.441607,0.423527,0.40404,OPEN,0,0.0,1
2026-08-12T11:00:32.434926,2.6285,0.408866,0.443006,0.425936,0.411704,OPEN,0,0.0,1
2026-08-12T11:00:32.458010,2.6485,0.410465,0.444152,0.427308,0.417165,OPEN,0,0.0,1
2026-08-12T11:00:32.478065,2.6751,0.412296,0.444535,0.428415,0.421103,OPEN,0,0.0,1
2026-08-12T11:00:32.547036,2.7398,0.431712,0.461651,0.446681,0.430055,OPEN,0,0.0,1
2026-08-12T11:00:32.576898,2.7693,0.431777,0.459279,0.445528,0.435471,OPEN,0,0.0,1
2026-08-12T11:00:32.609946,2.8027,0.428761,0.456545,0.442653,0.437985,OPEN,0,0.0,1
2026-08-12T11:00:32.640588,2.8337,0.430901,0.461266,0.446083,0.440819,OPEN,0,0.0,1
2026-08-12T11:00:32.675405,2.8663,0.430055,0.462067,0.446061,0.442654,OPEN,0,0.0,1
2026-08-12T11:00:32.705563,2.9022,0.428884,0.462145,0.445515,0.443655,OPEN,0,0.0,1
2026-08-12T11:00:32.732229,2.9283,0.430647,0.461847,0.446247,0.444562,OPEN,0,0.0,1
2026-08-12T11:00:32.769765,2.9629,0.434249,0.462577,0.448413,0.44591,OPEN,0,0.0,1
2026-08-12T11:00:32.800549,2.9937,0.437594,0.466698,0.452146,0.448093,OPEN,0,0.0,1
2026-08-12T11:00:32.834773,3.0273,0.437905,0.465592,0.451749,0.449372,OPEN,0,0.0,1
2026-08-12T11:00:32.866432,3.0597,0.437384,0.464295,0.450839,0.449886,OPEN,0,0.0,1
2026-08-12T11:00:32.888802,3.0801,0.436539,0.464288,0.450414,0.450071,OPEN,0,0.0,1
2026-08-12T11:00:32.949087,3.1403,0.443678,0.466806,0.455242,0.451881,OPEN,0,0.0,1
2026-08-12T11:00:32.973318,3.1684,0.442221,0.465228,0.453724,0.452526,OPEN,0,0.0,1
2026-08-12T11:00:33.004615,3.2019,0.442209,0.465784,0.453997,0.453041,OPEN,0,0.0,1
2026-08-12T11:00:33.038138,3.2348,0.438189,0.466024,0.452107,0.452714,OPEN,0,0.0,1
2026-08-12T11:00:33.072288,3.2684,0.438688,0.465147,0.451918,0.452435,OPEN,0,0.0,1
2026-08-12T11:00:33.107201,3.3032,0.436764,0.459818,0.448291,0.450985,OPEN,0,0.0,1
2026-08-12T11:00:33.135492,3.3325,0.267538,0.270308,0.268923,0.387263,OPEN,0,0.0,1
2026-08-12T11:00:33.164153,3.3603,0.106239,0.098766,0.102503,0.287597,OPEN,0,0.0,1
2026-08-12T11:00:33.196137,3.3933,0.176858,0.1788,0.177829,0.249178,CLOSING,0,0.0,1
2026-08-12T11:00:33.228787,3.4253,0.18162,0.208491,0.195055,0.230235,CLOSING,0,0.0,1
2026-08-12T11:00:33.263829,3.4595,0.252101,0.277622,0.264861,0.242354,CLOSED,0,0.0,1
2026-08-12T11:00:33.291418,3.4878,0.301127,0.321078,0.311103,0.266416,OPENING,0,0.0,1
2026-08-12T11:00:33.354047,3.5473,0.342812,0.360595,0.351703,0.296267,OPEN,1,0.154014,1
2026-08-12T11:00:33.387115,3.5821,0.371612,0.391445,0.381529,0.326108,OPEN,0,0.0,1
2026-08-12T11:00:33.420349,3.6147,0.385642,0.414606,0.400124,0.352014,OPEN,0,0.0,1
2026-08-12T11:00:33.437963,3.6345,0.397041,0.418764,0.407903,0.371575,OPEN,0,0.0,1
2026-08-12T11:00:33.470358,3.6676,0.412287,0.442409,0.427348,0.391095,OPEN,0,0.0,1
2026-08-12T11:00:33.498319,3.6949,0.417978,0.442813,0.430396,0.40485,OPEN,0,0.0,1
2026-08-12T11:00:33.531355,3.7286,0.423309,0.444531,0.43392,0.415025,OPEN,0,0.0,1
2026-08-12T11:00:33.568487,3.7657,0.425149,0.439179,0.432164,0.421024,OPEN,0,0.0,1
2026-08-12T11:00:33.603764,3.7997,0.423964,0.438828,0.431396,0.424654,OPEN,0,0.0,1
2026-08-12T11:00:33.626309,3.8235,0.42393,0.439715,0.431822,0.427163,OPEN,0,0.0,1
2026-08-12T11:00:33.659883,3.857,0.42829,0.443739,0.436015,0.430261,OPEN,0,0.0,1
2026-08-12T11:00:33.694362,3.8902,0.433783,0.453415,0.443599,0.434929,OPEN,0,0.0,1
2026-08-12T11:00:33.729004,3.9254,0.434536,0.454335,0.444436,0.438257,OPEN,0,0.0,1
2026-08-12T11:00:33.781641,3.9779,0.434274,0.454472,0.444373,0.440397,OPEN,0,0.0,1
2026-08-12T11:00:33.824216,4.0124,0.444003,0.458579,0.451291,0.44421,OPEN,0,0.0,1
2026-08-12T11:00:33.849931,4.0461,0.442074,0.459375,0.450725,0.44649,OPEN,0,0.0,1
2026-08-12T11:00:33.886264,4.0802,0.444602,0.458555,0.451578,0.448271,OPEN,0,0.0,1
2026-08-12T11:00:33.923766,4.115,0.444701,0.458825,0.451763,0.449493,OPEN,0,0.0,1
2026-08-12T11:00:33.954967,4.1487,0.446594,0.460736,0.453665,0.450953,OPEN,0,0.0,1
2026-08-12T11:00:33.993455,4.1823,0.440478,0.459149,0.449813,0.450554,OPEN,0,0.0,1
2026-08-12T11:00:34.011745,4.2082,0.440412,0.457492,0.448952,0.449994,OPEN,0,0.0,1
2026-08-12T11:00:34.027102,4.2253,0.441025,0.45725,0.449138,0.449694,OPEN,0,0.0,1
2026-08-12T11:00:34.058525,4.2562,0.439307,0.45626,0.447783,0.449025,OPEN,0,0.0,1
2026-08-12T11:00:34.092041,4.289,0.439976,0.457086,0.448531,0.448852,OPEN,0,0.0,1
2026-08-12T11:00:34.125559,4.3209,0.445446,0.457654,0.45155,0.449796,OPEN,0,0.0,1
2026-08-12T11:00:34.157597,4.3543,0.43919,0.452774,0.445982,0.448461,OPEN,0,0.0,1
2026-08-12T11:00:34.237973,4.4249,0.442022,0.454058,0.44804,0.448314,OPEN,0,0.0,1
2026-08-12T11:00:34.258733,4.4522,0.442113,0.454842,0.448477,0.448371,OPEN,0,0.0,1
2026-08-12T11:00:34.293670,4.4859,0.437876,0.452202,0.445039,0.447205,OPEN,0,0.0,1
2026-08-12T11:00:34.323072,4.5192,0.438731,0.454243,0.446487,0.446954,OPEN,0,0.0,1
2026-08-12T11:00:34.356536,4.5519,0.441846,0.45536,0.448603,0.447531,OPEN,0,0.0,1
2026-08-12T11:00:34.394263,4.589,0.452588,0.462476,0.457532,0.451031,OPEN,0,0.0,1
2026-08-12T11:00:34.433678,4.6234,0.453953,0.462012,0.457983,0.453464,OPEN,0,0.0,1
2026-08-12T11:00:34.453301,4.6475,0.45002,0.457924,0.453972,0.453642,OPEN,0,0.0,1
2026-08-12T11:00:34.489426,4.6809,0.443542,0.446435,0.444989,0.450613,OPEN,0,0.0,1
2026-08-12T11:00:34.524737,4.7152,0.190755,0.182136,0.186445,0.358155,OPEN,0,0.0,1
2026-08-12T11:00:34.557798,4.7504,0.118904,0.110725,0.114814,0.272985,OPEN,0,0.0,1
2026-08-12T11:00:34.592497,4.7849,0.193346,0.182216,0.187781,0.243164,CLOSING,0,0.0,1
2026-08-12T11:00:34.612653,4.8062,0.241949,0.237974,0.239962,0.242043,CLOSING,0,0.0,1
2026-08-12T11:00:34.658704,4.8496,0.330546,0.325771,0.328158,0.272183,OPEN,0,0.0,1
2026-08-12T11:00:34.680181,4.8726,0.359636,0.362226,0.360931,0.303245,OPEN,0,0.0,1
2026-08-12T11:00:34.700461,4.8973,0.379263,0.378939,0.379101,0.329795,OPEN,0,0.0,1
2026-08-12T11:00:34.736108,4.9312,0.386993,0.388575,0.387784,0.350091,OPEN,0,0.0,1
2026-08-12T11:00:34.771406,4.9649,0.389411,0.396212,0.392811,0.365043,OPEN,0,0.0,1
2026-08-12T11:00:34.807162,4.9997,0.397888,0.41155,0.404719,0.37893,OPEN,0,0.0,1
2026-08-12T11:00:34.826611,5.0243,0.418609,0.429903,0.424256,0.394794,OPEN,0,0.0,1
2026-08-12T11:00:34.869438,5.0629,0.425855,0.437061,0.431458,0.407626,OPEN,0,0.0,1
2026-08-12T11:00:34.906451,5.0974,0.423604,0.437323,0.430463,0.415619,OPEN,0,0.0,1
2026-08-12T11:00:34.929786,5.1227,0.42638,0.440835,0.433607,0.421915,OPEN,0,0.0,1
2026-08-12T11:00:34.964548,5.1582,0.430469,0.440411,0.43544,0.426649,OPEN,0,0.0,1
2026-08-12T11:00:35.004528,5.1919,0.428867,0.43988,0.434373,0.429352,OPEN,0,0.0,1
2026-08-12T11:00:35.040465,5.2334,0.433319,0.439332,0.436325,0.431793,OPEN,0,0.0,1
2026-08-12T11:00:35.069415,5.2669,0.429951,0.441529,0.43574,0.433174,OPEN,0,0.0,1
2026-08-12T11:00:35.102409,5.2967,0.430898,0.443769,0.437334,0.43463,OPEN,0,0.0,1
2026-08-12T11:00:35.137538,5.3305,0.428239,0.442847,0.435543,0.43495,OPEN,0,0.0,1
2026-08-12T11:00:35.170667,5.3644,0.429874,0.444437,0.437155,0.435722,OPEN,0,0.0,1
2026-08-12T11:00:35.205986,5.3995,0.431728,0.44873,0.440229,0.437299,OPEN,0,0.0,1
2026-08-12T11:00:35.240934,5.4336,0.434373,0.453189,0.443781,0.439568,OPEN,0,0.0,1
2026-08-12T11:00:35.276342,5.4684,0.430912,0.448558,0.439735,0.439626,OPEN,0,0.0,1
2026-08-12T11:00:35.301157,5.4937,0.431063,0.448266,0.439665,0.43964,OPEN,0,0.0,1
2026-08-12T11:00:35.327252,5.5225,0.423673,0.436767,0.43022,0.436343,OPEN,0,0.0,1
2026-08-12T11:00:35.362093,5.5548,0.416906,0.431815,0.424361,0.432149,OPEN,0,0.0,1
2026-08-12T11:00:35.393360,5.5852,0.41916,0.433643,0.426401,0.430137,OPEN,0,0.0,1
2026-08-12T11:00:35.426687,5.619,0.419146,0.433789,0.426468,0.428853,OPEN,0,0.0,1
2026-08-12T11:00:35.474638,5.6666,0.421147,0.435118,0.428133,0.428601,OPEN,0,0.0,1
2026-08-12T11:00:35.508501,5.7039,0.421367,0.435298,0.428332,0.428507,OPEN,0,0.0,1
2026-08-12T11:00:35.530398,5.7276,0.416123,0.433727,0.424925,0.427253,OPEN,0,0.0,1
2026-08-12T11:00:35.565495,5.7612,0.417529,0.439499,0.428514,0.427694,OPEN,0,0.0,1
2026-08-12T11:00:35.604703,5.7955,0.417925,0.440606,0.429265,0.428244,OPEN,0,0.0,1
2026-08-12T11:00:35.621002,5.8181,0.41954,0.44133,0.430435,0.429011,OPEN,0,0.0,1
2026-08-12T11:00:35.641738,5.8398,0.420824,0.438126,0.429475,0.429173,OPEN,0,0.0,1
2026-08-12T11:00:35.679532,5.8748,0.404042,0.417461,0.410751,0.422726,OPEN,0,0.0,1
2026-08-12T11:00:35.737220,5.9286,0.182625,0.130332,0.156478,0.329539,OPEN,0,0.0,1
2026-08-12T11:00:35.762789,5.9544,0.08386,0.057778,0.070819,0.238987,CLOSING,0,0.0,1
2026-08-12T11:00:35.793463,5.9865,0.143387,0.135899,0.139643,0.204217,CLOSING,0,0.0,1
2026-08-12T11:00:35.827805,6.0206,0.1624,0.148594,0.155497,0.187165,CLOSED,0,0.0,1
2026-08-12T11:00:35.873861,6.0665,0.29223,0.259911,0.27607,0.218282,CLOSED,0,0.0,1
2026-08-12T11:00:35.903017,6.0977,0.361491,0.341439,0.351465,0.264896,OPENING,0,0.0,1
2026-08-12T11:00:35.935896,6.1336,0.39662,0.388374,0.392497,0.309556,OPEN,1,0.179181,1
2026-08-12T11:00:35.969148,6.1617,0.408122,0.410497,0.40931,0.34447,OPEN,0,0.0,1
2026-08-12T11:00:36.019240,6.2115,0.411077,0.422857,0.416967,0.369844,OPEN,0,0.0,1
2026-08-12T11:00:36.053118,6.2452,0.412745,0.427009,0.419877,0.387355,OPEN,0,0.0,1
2026-08-12T11:00:36.086417,6.2791,0.416144,0.430597,0.423371,0.399961,OPEN,0,0.0,1
2026-08-12T11:00:36.121602,6.314,0.418883,0.43201,0.425446,0.408881,OPEN,0,0.0,1
2026-08-12T11:00:36.162130,6.3487,0.418832,0.431754,0.425293,0.414625,OPEN,0,0.0,1
2026-08-12T11:00:36.196821,6.3888,0.427783,0.44617,0.436977,0.422448,OPEN,0,0.0,1
2026-08-12T11:00:36.230270,6.4234,0.430953,0.450949,0.440951,0.428924,OPEN,0,0.0,1
2026-08-12T11:00:36.264523,6.4572,0.437224,0.453889,0.445556,0.434746,OPEN,0,0.0,1
2026-08-12T11:00:36.302824,6.4916,0.434739,0.450234,0.442486,0.437455,OPEN,0,0.0,1
2026-08-12T11:00:36.326432,6.5244,0.43649,0.447732,0.442111,0.439085,OPEN,0,0.0,1
2026-08-12T11:00:36.346359,6.5425,0.437087,0.447738,0.442412,0.440249,OPEN,0,0.0,1
2026-08-12T11:00:36.383770,6.5805,0.439236,0.447196,0.443216,0.441288,OPEN,0,0.0,1
2026-08-12T11:00:36.417668,6.6135,0.436116,0.444814,0.440465,0.441,OPEN,0,0.0,1
2026-08-12T11:00:36.433830,6.6308,0.437499,0.443615,0.440557,0.440845,OPEN,0,0.0,1
2026-08-12T11:00:36.462988,6.6566,0.435586,0.44207,0.438828,0.440139,OPEN,0,0.0,1
2026-08-12T11:00:36.495256,6.6919,0.431816,0.444144,0.43798,0.439383,OPEN,0,0.0,1
2026-08-12T11:00:36.527681,6.7254,0.431224,0.444769,0.437996,0.438898,OPEN,0,0.0,1
2026-08-12T11:00:36.556039,6.7519,0.43179,0.444065,0.437927,0.438558,OPEN,0,0.0,1
2026-08-12T11:00:36.591185,6.7874,0.43154,0.443164,0.437352,0.438136,OPEN,0,0.0,1
2026-08-12T11:00:36.622954,6.8201,0.430989,0.443096,0.437042,0.437753,OPEN,0,0.0,1
2026-08-12T11:00:36.648743,6.8469,0.431998,0.443311,0.437655,0.437719,OPEN,0,0.0,1
2026-08-12T11:00:36.683797,6.8805,0.433911,0.444643,0.439277,0.438264,OPEN,0,0.0,1
2026-08-12T11:00:36.719493,6.913,0.429499,0.437793,0.433646,0.436648,OPEN,0,0.0,1
2026-08-12T11:00:36.750040,6.9472,0.436647,0.441013,0.43883,0.437411,OPEN,0,0.0,1
2026-08-12T11:00:36.778936,6.9764,0.436711,0.441224,0.438967,0.437956,OPEN,0,0.0,1
2026-08-12T11:00:36.816805,7.0137,0.436989,0.441218,0.439103,0.438358,OPEN,0,0.0,1
2026-08-12T11:00:36.854962,7.0476,0.435838,0.442113,0.438976,0.438574,OPEN,0,0.0,1
2026-08-12T11:00:36.897884,7.0905,0.44196,0.444877,0.443418,0.440269,OPEN,0,0.0,1
2026-08-12T11:00:36.926405,7.1239,0.440676,0.444666,0.442671,0.44111,OPEN,0,0.0,1
2026-08-12T11:00:36.959364,7.1536,0.439499,0.443951,0.441725,0.441325,OPEN,0,0.0,1
2026-08-12T11:00:36.993941,7.1871,0.432948,0.443153,0.438051,0.440179,OPEN,0,0.0,1
2026-08-12T11:00:37.026578,7.2223,0.430043,0.440468,0.435255,0.438456,OPEN,0,0.0,1
2026-08-12T11:00:37.058566,7.2556,0.428929,0.438884,0.433907,0.436864,OPEN,0,0.0,1
2026-08-12T11:00:37.083326,7.2806,0.429635,0.438822,0.434228,0.435941,OPEN,0,0.0,1
2026-08-12T11:00:37.117632,7.3137,0.423047,0.434164,0.428606,0.433374,OPEN,0,0.0,1
2026-08-12T11:00:37.156419,7.3486,0.425806,0.436646,0.431226,0.432622,OPEN,0,0.0,1
2026-08-12T11:00:37.188060,7.3817,0.424946,0.437104,0.431025,0.432063,OPEN,0,0.0,1
2026-08-12T11:00:37.216012,7.4089,0.425523,0.436941,0.431232,0.431772,OPEN,0,0.0,1
2026-08-12T11:00:37.253482,7.4464,0.422267,0.434475,0.428371,0.430582,OPEN,0,0.0,1
2026-08-12T11:00:37.284893,7.4798,0.18079,0.158452,0.169621,0.339245,OPEN,0,0.0,1
2026-08-12T11:00:37.329817,7.5215,0.082511,0.057033,0.069772,0.24493,CLOSING,0,0.0,1
2026-08-12T11:00:37.361698,7.5553,0.13286,0.101766,0.117313,0.200264,CLOSING,0,0.0,1
2026-08-12T11:00:37.392043,7.589,0.148306,0.147238,0.147772,0.181892,CLOSED,0,0.0,1
2026-08-12T11:00:37.422124,7.6169,0.219693,0.230968,0.225331,0.197095,CLOSED,0,0.0,1
2026-08-12T11:00:37.458261,7.6515,0.321407,0.327192,0.324299,0.241617,CLOSED,0,0.0,1
2026-08-12T11:00:37.488697,7.6848,0.376128,0.378168,0.377148,0.289053,OPENING,0,0.0,1
2026-08-12T11:00:37.519993,7.7132,0.392421,0.395444,0.393932,0.325761,OPEN,1,0.191738,1
2026-08-12T11:00:37.553796,7.7464,0.407236,0.409421,0.408329,0.354659,OPEN,0,0.0,1
2026-08-12T11:00:37.583725,7.7765,0.4139,0.414054,0.413977,0.375421,OPEN,0,0.0,1
2026-08-12T11:00:37.616817,7.8096,0.419222,0.422016,0.420619,0.39124,OPEN,0,0.0,1
2026-08-12T11:00:37.650270,7.8431,0.42381,0.427176,0.425493,0.403229,OPEN,0,0.0,1
2026-08-12T11:00:37.687226,7.8813,0.430743,0.436848,0.433795,0.413927,OPEN,0,0.0,1
2026-08-12T11:00:37.721901,7.9158,0.431534,0.438083,0.434809,0.421236,OPEN,0,0.0,1
2026-08-12T11:00:37.762479,7.9548,0.429042,0.437136,0.433089,0.425384,OPEN,0,0.0,1
2026-08-12T11:00:37.795521,7.9857,0.433405,0.443885,0.438645,0.430026,OPEN,0,0.0,1
2026-08-12T11:00:37.823053,8.0189,0.435579,0.450084,0.442831,0.434508,OPEN,0,0.0,1
2026-08-12T11:00:37.851312,8.0486,0.431626,0.443568,0.437597,0.435589,OPEN,0,0.0,1
2026-08-12T11:00:37.888066,8.0815,0.43159,0.440715,0.436153,0.435786,OPEN,0,0.0,1
2026-08-12T11:00:37.924789,8.1191,0.429653,0.434872,0.432262,0.434553,OPEN,0,0.0,1
2026-08-12T11:00:37.959598,8.1521,0.430717,0.433766,0.432242,0.433744,OPEN,0,0.0,1
2026-08-12T11:00:37.977666,8.1755,0.431306,0.431794,0.43155,0.432976,OPEN,0,0.0,1
2026-08-12T11:00:38.013719,8.2096,0.430296,0.434295,0.432295,0.432738,OPEN,0,0.0,1
2026-08-12T11:00:38.044372,8.2425,0.440202,0.442774,0.441488,0.4358,OPEN,0,0.0,1
2026-08-12T11:00:38.077333,8.273,0.441799,0.449125,0.445462,0.439182,OPEN,0,0.0,1
2026-08-12T11:00:38.117617,8.3107,0.445901,0.437657,0.441779,0.440091,OPEN,0,0.0,1
2026-08-12T11:00:38.162189,8.354,0.438859,0.424118,0.431488,0.43708,OPEN,0,0.0,1
2026-08-12T11:00:38.192477,8.3858,0.454017,0.435115,0.444566,0.4397,OPEN,0,0.0,1
2026-08-12T11:00:38.224997,8.4191,0.448941,0.425951,0.437446,0.438911,OPEN,0,0.0,1
2026-08-12T11:00:38.261978,8.4552,0.441649,0.419543,0.430596,0.436001,OPEN,0,0.0,1
2026-08-12T11:00:38.298375,8.4902,0.451513,0.426118,0.438815,0.436986,OPEN,0,0.0,1
2026-08-12T11:00:38.328586,8.5227,0.453444,0.431992,0.442718,0.438992,OPEN,0,0.0,1
2026-08-12T11:00:38.367183,8.562,0.458172,0.437209,0.44769,0.442036,OPEN,0,0.0,1
2026-08-12T11:00:38.405719,8.5963,0.448273,0.423941,0.436107,0.439961,OPEN,0,0.0,1
2026-08-12T11:00:38.431652,8.629,0.439704,0.410418,0.425061,0.434746,OPEN,0,0.0,1
2026-08-12T11:00:38.450657,8.6481,0.438402,0.408545,0.423474,0.430801,OPEN,0,0.0,1
2026-08-12T11:00:38.476372,8.6741,0.433358,0.403106,0.418232,0.426402,OPEN,0,0.0,1
2026-08-12T11:00:38.511713,8.7057,0.317871,0.310255,0.314063,0.387083,OPEN,0,0.0,1
2026-08-12T11:00:38.549750,8.7444,0.083412,0.087429,0.08542,0.281501,OPEN,0,0.0,1
2026-08-12T11:00:38.592050,8.7849,0.081819,0.08219,0.082004,0.211677,CLOSING,0,0.0,1
2026-08-12T11:00:38.623940,8.8162,0.064389,0.096034,0.080212,0.165664,CLOSING,0,0.0,1
2026-08-12T11:00:38.657084,8.8495,0.200974,0.221702,0.211338,0.18165,CLOSED,0,0.0,1
2026-08-12T11:00:38.693114,8.8855,0.289767,0.285948,0.287858,0.218823,CLOSED,0,0.0,1
2026-08-12T11:00:38.717049,8.9119,0.315708,0.311024,0.313366,0.251913,OPENING,0,0.0,1
2026-08-12T11:00:38.749398,8.9452,0.345239,0.328859,0.337049,0.281711,OPEN,1,0.1603,1
2026-08-12T11:00:38.782621,8.9798,0.366159,0.342426,0.354292,0.307114,OPEN,0,0.0,1
2026-08-12T11:00:38.810822,9.008,0.378423,0.356629,0.367526,0.328258,OPEN,0,0.0,1
2026-08-12T11:00:38.844504,9.0406,0.373742,0.355725,0.364734,0.341025,OPEN,0,0.0,1
2026-08-12T11:00:38.874744,9.0728,0.371812,0.359676,0.365744,0.349676,OPEN,0,0.0,1
2026-08-12T11:00:38.942909,9.1372,0.367315,0.365956,0.366636,0.355612,OPEN,0,0.0,1
2026-08-12T11:00:38.966820,9.1565,0.368499,0.365342,0.36692,0.35957,OPEN,0,0.0,1
2026-08-12T11:00:38.993292,9.1877,0.373728,0.365721,0.369725,0.363124,OPEN,0,0.0,1
2026-08-12T11:00:39.028372,9.2221,0.385529,0.373209,0.379369,0.36881,OPEN,0,0.0,1
2026-08-12T11:00:39.063494,9.2568,0.390057,0.384897,0.387477,0.375343,OPEN,0,0.0,1
2026-08-12T11:00:39.098173,9.2913,0.384231,0.381736,0.382983,0.378017,OPEN,0,0.0,1
2026-08-12T11:00:39.132115,9.3252,0.405057,0.414204,0.409631,0.389082,OPEN,0,0.0,1
2026-08-12T11:00:39.166791,9.3592,0.390926,0.422984,0.406955,0.395338,OPEN,0,0.0,1
2026-08-12T11:00:39.203323,9.3933,0.38989,0.424619,0.407254,0.399508,OPEN,0,0.0,1
2026-08-12T11:00:39.231649,9.4253,0.382484,0.406365,0.394425,0.397729,OPEN,0,0.0,1
2026-08-12T11:00:39.270882,9.4605,0.383601,0.388906,0.386254,0.393713,OPEN,0,0.0,1
2026-08-12T11:00:39.292039,9.4851,0.381956,0.390084,0.38602,0.39102,OPEN,0,0.0,1
2026-08-12T11:00:39.346326,9.5384,0.373137,0.386204,0.379671,0.387048,OPEN,0,0.0,1
2026-08-12T11:00:39.379569,9.5714,0.382487,0.38982,0.386153,0.386735,OPEN,0,0.0,1
2026-08-12T11:00:39.411485,9.6082,0.382002,0.380397,0.381199,0.384797,OPEN,0,0.0,1
2026-08-12T11:00:39.429362,9.6256,0.37603,0.385648,0.380839,0.383412,OPEN,0,0.0,1
2026-08-12T11:00:39.452432,9.6483,0.370749,0.381713,0.376231,0.380899,OPEN,0,0.0,1
2026-08-12T11:00:39.488984,9.6837,0.37422,0.384072,0.379146,0.380285,OPEN,0,0.0,1
2026-08-12T11:00:39.519990,9.7134,0.38084,0.392096,0.386468,0.382449,OPEN,0,0.0,1
2026-08-12T11:00:39.556486,9.7484,0.374932,0.381704,0.378318,0.381003,OPEN,0,0.0,1
2026-08-12T11:00:39.589356,9.7817,0.376494,0.379834,0.378164,0.380009,OPEN,0,0.0,1
2026-08-12T11:00:39.624222,9.8165,0.363661,0.369033,0.366347,0.375228,OPEN,0,0.0,1
2026-08-12T11:00:39.664048,9.8565,0.36332,0.370449,0.366884,0.372308,OPEN,0,0.0,1
2026-08-12T11:00:39.697183,9.8889,0.356024,0.364066,0.360045,0.368016,OPEN,0,0.0,1
2026-08-12T11:00:39.746300,9.9383,0.365446,0.371087,0.368267,0.368103,OPEN,0,0.0,1
2026-08-12T11:00:39.778454,9.9709,0.365845,0.370109,0.367977,0.368059,OPEN,0,0.0,1
2026-08-12T11:00:39.811934,10.0042,0.369005,0.373367,0.371186,0.369153,OPEN,0,0.0,1
2026-08-12T11:00:39.849805,10.0383,0.367427,0.371099,0.369263,0.369192,OPEN,0,0.0,1
2026-08-12T11:00:39.868829,10.0655,0.366621,0.371322,0.368971,0.369115,OPEN,0,0.0,1
2026-08-12T11:00:39.908691,10.0996,0.365706,0.372048,0.368877,0.369031,OPEN,0,0.0,1
2026-08-12T11:00:39.926800,10.1231,0.364005,0.375408,0.369707,0.369268,OPEN,0,0.0,1
2026-08-12T11:00:39.963136,10.1567,0.3704,0.381986,0.376193,0.371692,OPEN,0,0.0,1
2026-08-12T11:00:39.999428,10.1914,0.36743,0.393931,0.38068,0.374838,OPEN,0,0.0,1
2026-08-12T11:00:40.033848,10.2258,0.372641,0.389444,0.381043,0.377009,OPEN,0,0.0,1
2026-08-12T11:00:40.069053,10.26,0.380319,0.384977,0.382648,0.378983,OPEN,0,0.0,1
2026-08-12T11:00:40.099036,10.2915,0.380367,0.37739,0.378878,0.378946,OPEN,0,0.0,1
2026-08-12T11:00:40.147652,10.3395,0.49292,0.404186,0.448553,0.403309,OPEN,0,0.0,1
2026-08-12T11:00:40.175573,10.3704,0.537632,0.418579,0.478106,0.429488,OPEN,0,0.0,1
2026-08-12T11:00:40.209774,10.4045,0.638342,0.448074,0.543208,0.46929,OPEN,0,0.0,1
2026-08-12T11:00:40.245392,10.4389,0.634026,0.448222,0.541124,0.494432,OPEN,0,0.0,1
2026-08-12T11:00:40.287446,10.474,0.77077,0.443896,0.607333,0.533947,OPEN,0,0.0,1
2026-08-12T11:00:40.308557,10.5042,0.82032,0.46351,0.641915,0.571736,OPEN,0,0.0,1
2026-08-12T11:00:40.347550,10.5377,0.821962,0.465546,0.643754,0.596942,OPEN,0,0.0,1
2026-08-12T11:00:40.366911,10.563,0.824607,0.46218,0.643393,0.6132,OPEN,0,0.0,1
2026-08-12T11:00:40.406235,10.5974,0.858097,0.471802,0.664949,0.631312,OPEN,0,0.0,1
2026-08-12T11:00:40.441241,10.6319,0.860622,0.477643,0.669132,0.644549,OPEN,0,0.0,1
2026-08-12T11:00:40.479081,10.6664,0.87406,0.466828,0.670444,0.653613,OPEN,0,0.0,1
2026-08-12T11:00:40.509208,10.7018,0.802378,0.461095,0.631736,0.645956,OPEN,0,0.0,1
2026-08-12T11:00:40.541071,10.7378,0.78466,0.45723,0.620945,0.637202,OPEN,0,0.0,1
2026-08-12T11:00:40.580152,10.7733,0.774217,0.454526,0.614372,0.629212,OPEN,0,0.0,1
2026-08-12T11:00:40.608406,10.8016,0.794883,0.462571,0.628727,0.629042,OPEN,0,0.0,1
2026-08-12T11:00:40.641614,10.8355,0.781499,0.454358,0.617928,0.625152,OPEN,0,0.0,1
2026-08-12T11:00:40.677937,10.8703,0.790295,0.456286,0.623291,0.624501,OPEN,0,0.0,1
2026-08-12T11:00:40.696564,10.8926,0.857609,0.467271,0.66244,0.637779,OPEN,0,0.0,1
2026-08-12T11:00:40.737888,10.9297,0.930663,0.475348,0.703005,0.660608,OPEN,0,0.0,1
2026-08-12T11:00:40.755976,10.9531,0.852996,0.471053,0.662025,0.661104,OPEN,0,0.0,1
2026-08-12T11:00:40.797300,10.9879,0.85369,0.489203,0.671446,0.664724,OPEN,0,0.0,1
2026-08-12T11:00:40.823593,11.0204,0.84612,0.484342,0.665231,0.664902,OPEN,0,0.0,1
2026-08-12T11:00:40.864126,11.0557,0.836204,0.49123,0.663717,0.664487,OPEN,0,0.0,1
2026-08-12T11:00:40.886820,11.0788,0.819414,0.488299,0.653856,0.660766,OPEN,0,0.0,1
2026-08-12T11:00:40.954250,11.1459,0.776249,0.497406,0.636828,0.652388,OPEN,0,0.0,1
2026-08-12T11:00:40.970547,11.1681,0.750354,0.478791,0.614572,0.639152,OPEN,0,0.0,1
2026-08-12T11:00:41.004001,11.2008,0.631961,0.355552,0.493757,0.588264,OPEN,0,0.0,1
2026-08-12T11:00:41.040910,11.2351,0.295959,0.122389,0.209174,0.455582,OPEN,0,0.0,1
2026-08-12T11:00:41.073136,11.2694,0.134489,0.056216,0.095352,0.329502,OPEN,0,0.0,1
2026-08-12T11:00:41.105748,11.3035,0.172213,0.074887,0.12355,0.257419,OPEN,0,0.0,1
2026-08-12T11:00:41.124475,11.3201,0.138294,0.098345,0.11832,0.208734,CLOSING,0,0.0,1
2026-08-12T11:00:41.155604,11.3533,0.14362,0.096542,0.120081,0.177706,CLOSING,0,0.0,1
2026-08-12T11:00:41.178769,11.3756,0.163037,0.087533,0.125285,0.159358,CLOSED,0,0.0,1
2026-08-12T11:00:41.208787,11.4072,0.204927,0.197153,0.20104,0.173947,CLOSED,0,0.0,1
2026-08-12T11:00:41.245305,11.4404,0.234174,0.26106,0.247617,0.199732,CLOSED,0,0.0,1
2026-08-12T11:00:41.282471,11.4754,0.270984,0.306849,0.288916,0.230946,CLOSED,0,0.0,1
2026-08-12T11:00:41.346221,11.5386,0.329282,0.350597,0.339939,0.269094,OPENING,0,0.0,1
2026-08-12T11:00:41.385849,11.577,0.349691,0.359984,0.354838,0.299104,OPEN,1,0.256934,1
2026-08-12T11:00:41.419190,11.6117,0.365344,0.366613,0.365978,0.32251,OPEN,0,0.0,1
2026-08-12T11:00:41.441053,11.6339,0.372548,0.368698,0.370623,0.33935,OPEN,0,0.0,1
2026-08-12T11:00:41.477807,11.6704,0.386967,0.386737,0.386852,0.355975,OPEN,0,0.0,1
2026-08-12T11:00:41.505075,11.7029,0.398947,0.398823,0.398885,0.370994,OPEN,0,0.0,1
2026-08-12T11:00:41.522987,11.7213,0.406682,0.407776,0.407229,0.383676,OPEN,0,0.0,1
2026-08-12T11:00:41.544824,11.7426,0.412186,0.41084,0.411513,0.393419,OPEN,0,0.0,1
2026-08-12T11:00:41.583173,11.7797,0.420116,0.426338,0.423227,0.403852,OPEN,0,0.0,1
2026-08-12T11:00:41.613216,11.81,0.420689,0.422473,0.421581,0.410057,OPEN,0,0.0,1
2026-08-12T11:00:41.649079,11.8445,0.420149,0.419713,0.419931,0.413513,OPEN,0,0.0,1
2026-08-12T11:00:41.686345,11.8793,0.421671,0.423124,0.422397,0.416622,OPEN,0,0.0,1
2026-08-12T11:00:41.748858,11.9399,0.415755,0.423807,0.419781,0.417728,OPEN,0,0.0,1
2026-08-12T11:00:41.778100,11.9703,0.418015,0.425378,0.421697,0.419117,OPEN,0,0.0,1
2026-08-12T11:00:41.811522,12.0085,0.425935,0.432925,0.42943,0.422727,OPEN,0,0.0,1
2026-08-12T11:00:41.847921,12.0423,0.426544,0.432519,0.429532,0.425108,OPEN,0,0.0,1
2026-08-12T11:00:41.883191,12.0767,0.425052,0.430434,0.427743,0.426031,OPEN,0,0.0,1
2026-08-12T11:00:41.919194,12.1107,0.425173,0.43154,0.428357,0.426845,OPEN,0,0.0,1
2026-08-12T11:00:41.938220,12.1335,0.425544,0.43452,0.430032,0.42796,OPEN,0,0.0,1
2026-08-12T11:00:41.979609,12.1689,0.42643,0.434699,0.430564,0.428872,OPEN,0,0.0,1
2026-08-12T11:00:42.005993,12.1945,0.431183,0.440638,0.435911,0.431335,OPEN,0,0.0,1
2026-08-12T11:00:42.031731,12.2269,0.430015,0.441272,0.435644,0.432843,OPEN,0,0.0,1
2026-08-12T11:00:42.071960,12.262,0.429169,0.441916,0.435542,0.433788,OPEN,0,0.0,1
2026-08-12T11:00:42.092019,12.2859,0.429113,0.445864,0.437489,0.435083,OPEN,0,0.0,1
2026-08-12T11:00:42.147279,12.3386,0.430317,0.447611,0.438964,0.436442,OPEN,0,0.0,1
2026-08-12T11:00:42.180349,12.3735,0.428091,0.447474,0.437783,0.436911,OPEN,0,0.0,1
2026-08-12T11:00:42.214419,12.4079,0.429592,0.447929,0.438761,0.437558,OPEN,0,0.0,1
2026-08-12T11:00:42.262155,12.452,0.303972,0.30841,0.306191,0.39158,OPEN,0,0.0,1
2026-08-12T11:00:42.292621,12.4863,0.093516,0.057674,0.075595,0.280985,OPEN,0,0.0,1
2026-08-12T11:00:42.327838,12.5203,0.061347,0.02586,0.043603,0.197901,CLOSING,0,0.0,1
2026-08-12T11:00:42.350353,12.5429,0.111337,0.077448,0.094393,0.161673,CLOSING,0,0.0,1
2026-08-12T11:00:42.385787,12.5777,0.131474,0.105933,0.118704,0.146634,CLOSED,0,0.0,1
2026-08-12T11:00:42.406334,12.5993,0.154387,0.101889,0.128138,0.14016,CLOSED,0,0.0,1
2026-08-12T11:00:42.448970,12.6348,0.23292,0.19404,0.21348,0.165822,CLOSED,0,0.0,1
2026-08-12T11:00:42.485725,12.6757,0.294088,0.274369,0.284228,0.207264,CLOSED,0,0.0,1
2026-08-12T11:00:42.517640,12.7101,0.32066,0.319974,0.320317,0.246833,CLOSED,0,0.0,1
2026-08-12T11:00:42.552289,12.7441,0.349652,0.348279,0.348966,0.282579,OPENING,0,0.0,1
2026-08-12T11:00:42.571006,12.7686,0.387721,0.382663,0.385192,0.318494,OPEN,1,0.248318,1
2026-08-12T11:00:42.609363,12.8018,0.405761,0.39808,0.40192,0.347693,OPEN,0,0.0,1
2026-08-12T11:00:42.641234,12.8334,0.417267,0.411271,0.414269,0.370995,OPEN,0,0.0,1
2026-08-12T11:00:42.678317,12.8709,0.414222,0.413331,0.413777,0.385968,OPEN,0,0.0,1
2026-08-12T11:00:42.702592,12.8968,0.423033,0.420422,0.421727,0.398484,OPEN,0,0.0,1
2026-08-12T11:00:42.736090,12.9307,0.426293,0.422444,0.424368,0.407543,OPEN,0,0.0,1
2026-08-12T11:00:42.768942,12.9641,0.422703,0.421302,0.422002,0.412604,OPEN,0,0.0,1
2026-08-12T11:00:42.803601,12.9984,0.419933,0.4196,0.419767,0.415111,OPEN,0,0.0,1
2026-08-12T11:00:42.839702,13.0326,0.418673,0.422449,0.420561,0.417019,OPEN,0,0.0,1
2026-08-12T11:00:42.880883,13.0677,0.4195,0.422934,0.421217,0.418488,OPEN,0,0.0,1
2026-08-12T11:00:42.914054,13.1067,0.420424,0.424804,0.422614,0.419932,OPEN,0,0.0,1
2026-08-12T11:00:42.948597,13.1403,0.42117,0.426097,0.423634,0.421228,OPEN,0,0.0,1
2026-08-12T11:00:42.981174,13.1738,0.420935,0.425583,0.423259,0.421939,OPEN,0,0.0,1
2026-08-12T11:00:43.016621,13.2079,0.422079,0.427659,0.424869,0.422964,OPEN,0,0.0,1
2026-08-12T11:00:43.049707,13.2416,0.419361,0.421462,0.420412,0.422071,OPEN,0,0.0,1
2026-08-12T11:00:43.089358,13.2762,0.417825,0.422726,0.420275,0.421442,OPEN,0,0.0,1
2026-08-12T11:00:43.123130,13.3149,0.416923,0.423005,0.419964,0.420925,OPEN,0,0.0,1
2026-08-12T11:00:43.159458,13.3497,0.416553,0.422464,0.419509,0.420429,OPEN,0,0.0,1
2026-08-12T11:00:43.177276,13.3739,0.417004,0.422511,0.419758,0.420194,OPEN,0,0.0,1
2026-08-12T11:00:43.213526,13.4081,0.418124,0.422561,0.420342,0.420246,OPEN,0,0.0,1
2026-08-12T11:00:43.249416,13.4426,0.418487,0.422639,0.420563,0.420357,OPEN,0,0.0,1
2026-08-12T11:00:43.284785,13.4769,0.417256,0.422374,0.419815,0.420167,OPEN,0,0.0,1
2026-08-12T11:00:43.315980,13.5121,0.420102,0.424231,0.422166,0.420867,OPEN,0,0.0,1
2026-08-12T11:00:43.348977,13.5459,0.421338,0.425516,0.423427,0.421763,OPEN,0,0.0,1
2026-08-12T11:00:43.381101,13.5783,0.42184,0.425319,0.42358,0.422399,OPEN,0,0.0,1
2026-08-12T11:00:43.405895,13.5991,0.420558,0.425308,0.422933,0.422586,OPEN,0,0.0,1
2026-08-12T11:00:43.433973,13.6313,0.423103,0.428574,0.425838,0.423724,OPEN,0,0.0,1
2026-08-12T11:00:43.465584,13.664,0.236408,0.24008,0.238244,0.358806,OPEN,0,0.0,1
2026-08-12T11:00:43.499693,13.6965,0.076016,0.068847,0.072431,0.258575,OPEN,0,0.0,1
2026-08-12T11:00:43.539351,13.7352,0.086762,0.054142,0.070452,0.192732,CLOSING,0,0.0,1
2026-08-12T11:00:43.572298,13.7695,0.141742,0.135469,0.138605,0.173788,CLOSING,0,0.0,1
2026-08-12T11:00:43.595031,13.7926,0.17088,0.145484,0.158182,0.168326,CLOSED,0,0.0,1
2026-08-12T11:00:43.615081,13.8121,0.193387,0.155225,0.174306,0.170419,CLOSED,0,0.0,1
2026-08-12T11:00:43.632010,13.8297,0.227035,0.202115,0.214575,0.185873,CLOSED,0,0.0,1
2026-08-12T11:00:43.683216,13.8753,0.307427,0.295699,0.301563,0.226365,CLOSED,0,0.0,1
2026-08-12T11:00:43.753371,13.9472,0.353623,0.361248,0.357436,0.27224,OPENING,0,0.0,1
2026-08-12T11:00:43.789225,13.9808,0.373353,0.384157,0.378755,0.30952,OPEN,1,0.245615,1
2026-08-12T11:00:43.822524,14.0154,0.37532,0.385972,0.380646,0.334414,OPEN,0,0.0,1
2026-08-12T11:00:43.855088,14.0499,0.378522,0.387303,0.382913,0.351389,OPEN,0,0.0,1
2026-08-12T11:00:43.891606,14.0851,0.386234,0.392422,0.389328,0.364668,OPEN,0,0.0,1
2026-08-12T11:00:43.923336,14.1181,0.390426,0.400618,0.395522,0.375467,OPEN,0,0.0,1
2026-08-12T11:00:43.965437,14.1547,0.39101,0.403098,0.397054,0.383022,OPEN,0,0.0,1
2026-08-12T11:00:43.994505,14.1924,0.402629,0.414202,0.408415,0.39191,OPEN,0,0.0,1
2026-08-12T11:00:44.014285,14.2109,0.40138,0.412772,0.407076,0.397218,OPEN,0,0.0,1
2026-08-12T11:00:44.053914,14.2456,0.401574,0.414569,0.408071,0.401017,OPEN,0,0.0,1
2026-08-12T11:00:44.073426,14.2687,0.401896,0.414528,0.408212,0.403535,OPEN,0,0.0,1
2026-08-12T11:00:44.110570,14.3029,0.405385,0.417942,0.411663,0.40638,OPEN,0,0.0,1
2026-08-12T11:00:44.147020,14.3391,0.410719,0.422389,0.416554,0.409941,OPEN,0,0.0,1
2026-08-12T11:00:44.181415,14.3756,0.414573,0.424641,0.419607,0.413324,OPEN,0,0.0,1
2026-08-12T11:00:44.207284,14.4014,0.415022,0.42916,0.422091,0.416393,OPEN,0,0.0,1
2026-08-12T11:00:44.241591,14.4353,0.416445,0.431308,0.423877,0.419012,OPEN,0,0.0,1
2026-08-12T11:00:44.274507,14.4662,0.417009,0.429141,0.423075,0.420434,OPEN,0,0.0,1
2026-08-12T11:00:44.306773,14.5019,0.418649,0.426547,0.422598,0.421192,OPEN,0,0.0,1
2026-08-12T11:00:44.342612,14.5356,0.4183,0.425879,0.42209,0.421506,OPEN,0,0.0,1
2026-08-12T11:00:44.367689,14.5612,0.421314,0.426501,0.423907,0.422346,OPEN,0,0.0,1
2026-08-12T11:00:44.398110,14.5959,0.421847,0.425978,0.423912,0.422894,OPEN,0,0.0,1
2026-08-12T11:00:44.429019,14.626,0.422346,0.42644,0.424393,0.423419,OPEN,0,0.0,1
2026-08-12T11:00:44.459685,14.657,0.422438,0.426162,0.4243,0.423727,OPEN,0,0.0,1
2026-08-12T11:00:44.479615,14.675,0.422574,0.426319,0.424447,0.423979,OPEN,0,0.0,1
2026-08-12T11:00:44.546910,14.7393,0.45387,0.450908,0.452389,0.433922,OPEN,0,0.0,1
2026-08-12T11:00:44.576941,14.7693,0.473247,0.468247,0.470747,0.446811,OPEN,0,0.0,1
2026-08-12T11:00:44.614745,14.8106,0.490165,0.481333,0.485749,0.460439,OPEN,0,0.0,1
2026-08-12T11:00:44.650026,14.844,0.49257,0.482974,0.487772,0.470006,OPEN,0,0.0,1
2026-08-12T11:00:44.688688,14.8793,0.489264,0.48437,0.486817,0.47589,OPEN,0,0.0,1
2026-08-12T11:00:44.710631,14.9035,0.492693,0.485243,0.488968,0.480467,OPEN,0,0.0,1
2026-08-12T11:00:44.739602,14.936,0.490925,0.483864,0.487394,0.482892,OPEN,0,0.0,1
2026-08-12T11:00:44.762756,14.9602,0.492185,0.487089,0.489637,0.485252,OPEN,0,0.0,1
2026-08-12T11:00:44.798037,14.9937,0.495281,0.499074,0.497177,0.489426,OPEN,0,0.0,1
2026-08-12T11:00:44.831174,15.0289,0.497229,0.504758,0.500993,0.493475,OPEN,0,0.0,1
2026-08-12T11:00:44.860678,15.0569,0.499743,0.510139,0.504941,0.497488,OPEN,0,0.0,1
2026-08-12T11:00:44.897615,15.0893,0.465092,0.457432,0.461262,0.484809,OPEN,0,0.0,1
2026-08-12T11:00:44.947354,15.1398,0.123456,0.109017,0.116236,0.355808,OPEN,0,0.0,1
2026-08-12T11:00:44.981779,15.1735,0.064547,0.038758,0.051653,0.249354,CLOSING,0,0.0,1
2026-08-12T11:00:45.007745,15.2014,0.063124,0.031955,0.047539,0.178719,CLOSING,0,0.0,1
2026-08-12T11:00:45.045782,15.24,0.084634,0.040956,0.062795,0.138146,CLOSED,0,0.0,1
2026-08-12T11:00:45.081097,15.273,0.128787,0.121255,0.125021,0.133552,CLOSED,0,0.0,1
2026-08-12T11:00:45.099470,15.296,0.138534,0.123742,0.131138,0.132707,CLOSED,0,0.0,1
2026-08-12T11:00:45.139493,15.3316,0.231832,0.22437,0.228101,0.166095,CLOSED,0,0.0,1
2026-08-12T11:00:45.173103,15.3654,0.31114,0.309378,0.310259,0.216553,CLOSED,0,0.0,1
2026-08-12T11:00:45.207047,15.3995,0.340632,0.343999,0.342315,0.26057,OPENING,0,0.0,1
2026-08-12T11:00:45.242192,15.4338,0.360352,0.367147,0.363749,0.296682,OPEN,1,0.260258,1
2026-08-12T11:00:45.262918,15.4596,0.383637,0.396258,0.389947,0.329325,OPEN,0,0.0,1
2026-08-12T11:00:45.297241,15.4921,0.415444,0.431303,0.423373,0.362242,OPEN,0,0.0,1
2026-08-12T11:00:45.325941,15.5208,0.430705,0.450126,0.440416,0.389603,OPEN,0,0.0,1
2026-08-12T11:00:45.378286,15.5705,0.442219,0.468014,0.455116,0.412533,OPEN,0,0.0,1
2026-08-12T11:00:45.411766,15.6042,0.442613,0.461077,0.451845,0.426292,OPEN,0,0.0,1
2026-08-12T11:00:45.447790,15.6386,0.438296,0.458507,0.448402,0.43403,OPEN,0,0.0,1
2026-08-12T11:00:45.490277,15.6819,0.445813,0.469689,0.457751,0.442333,OPEN,0,0.0,1
2026-08-12T11:00:45.527783,15.719,0.446543,0.46952,0.458031,0.447827,OPEN,0,0.0,1
2026-08-12T11:00:45.561825,15.7537,0.452418,0.471646,0.462032,0.452799,OPEN,0,0.0,1
2026-08-12T11:00:45.589885,15.7874,0.450755,0.467097,0.458926,0.454943,OPEN,0,0.0,1
2026-08-12T11:00:45.609807,15.8056,0.450107,0.466371,0.458239,0.456097,OPEN,0,0.0,1
2026-08-12T11:00:45.643376,15.8398,0.451055,0.465314,0.458184,0.456828,OPEN,0,0.0,1
2026-08-12T11:00:45.661321,15.8584,0.451901,0.46863,0.460266,0.458031,OPEN,0,0.0,1
2026-08-12T11:00:45.693898,15.8903,0.451651,0.467932,0.459791,0.458647,OPEN,0,0.0,1
2026-08-12T11:00:45.726878,15.9229,0.450669,0.467009,0.458839,0.458714,OPEN,0,0.0,1
2026-08-12T11:00:45.758062,15.957,0.450342,0.466104,0.458223,0.458542,OPEN,0,0.0,1
2026-08-12T11:00:45.809090,16.0024,0.449181,0.462492,0.455836,0.457595,OPEN,0,0.0,1
2026-08-12T11:00:45.842343,16.0348,0.449484,0.461156,0.45532,0.456799,OPEN,0,0.0,1
2026-08-12T11:00:45.873606,16.0682,0.448209,0.461533,0.454871,0.456124,OPEN,0,0.0,1
2026-08-12T11:00:45.921675,16.1135,0.396952,0.406463,0.401708,0.437078,OPEN,0,0.0,1
2026-08-12T11:00:45.958143,16.1485,0.159773,0.128154,0.143963,0.334488,OPEN,0,0.0,1
2026-08-12T11:00:45.991822,16.1825,0.078045,0.04113,0.059587,0.238273,CLOSING,0,0.0,1
2026-08-12T11:00:46.013706,16.2067,0.068631,0.015725,0.042178,0.16964,CLOSING,0,0.0,1
2026-08-12T11:00:46.048994,16.2412,0.049781,0.013878,0.031829,0.121406,CLOSED,0,0.0,1
2026-08-12T11:00:46.066346,16.2624,0.061431,0.019648,0.04054,0.093103,CLOSED,0,0.0,1
2026-08-12T11:00:46.106225,16.2981,0.061736,0.015143,0.038439,0.073971,CLOSED,0,0.0,1
2026-08-12T11:00:46.143339,16.3375,0.065591,0.025221,0.045406,0.063973,CLOSED,0,0.0,1
2026-08-12T11:00:46.178581,16.371,0.068109,0.025009,0.046559,0.057878,CLOSED,0,0.0,1
2026-08-12T11:00:46.195492,16.3921,0.072052,0.028222,0.050137,0.055169,CLOSED,0,0.0,1
2026-08-12T11:00:46.242368,16.4344,0.068551,0.032861,0.050706,0.053607,CLOSED,0,0.0,1
2026-08-12T11:00:46.272358,16.4691,0.071531,0.025236,0.048383,0.051779,CLOSED,0,0.0,1
2026-08-12T11:00:46.306759,16.5029,0.070913,0.032865,0.051889,0.051817,CLOSED,0,0.0,1
2026-08-12T11:00:46.352447,16.5469,0.059473,0.028207,0.04384,0.049025,CLOSED,0,0.0,1
2026-08-12T11:00:46.392038,16.5822,0.074268,0.0389,0.056584,0.051671,CLOSED,0,0.0,1
2026-08-12T11:00:46.425783,16.6163,0.078258,0.039016,0.058637,0.054109,CLOSED,0,0.0,1
2026-08-12T11:00:46.460353,16.6529,0.075153,0.04287,0.059012,0.055825,CLOSED,0,0.0,1
2026-08-12T11:00:46.496216,16.6889,0.076104,0.041768,0.058936,0.056914,CLOSED,0,0.0,1
2026-08-12T11:00:46.514962,16.7096,0.076304,0.040889,0.058597,0.057503,CLOSED,0,0.0,1
2026-08-12T11:00:46.554748,16.7444,0.073638,0.037227,0.055433,0.056778,CLOSED,0,0.0,1
2026-08-12T11:00:46.576329,16.771,0.075226,0.037424,0.056325,0.05662,CLOSED,0,0.0,1
2026-08-12T11:00:46.612765,16.8053,0.07052,0.034945,0.052732,0.055259,CLOSED,0,0.0,1
2026-08-12T11:00:46.647453,16.8396,0.070497,0.03679,0.053644,0.054694,CLOSED,0,0.0,1
2026-08-12T11:00:46.672982,16.8648,0.07219,0.037264,0.054727,0.054705,CLOSED,0,0.0,1
2026-08-12T11:00:46.706568,16.8992,0.069892,0.037119,0.053506,0.054285,CLOSED,0,0.0,1
2026-08-12T11:00:46.741026,16.9337,0.070367,0.03891,0.054638,0.054409,CLOSED,0,0.0,1
2026-08-12T11:00:46.772002,16.9667,0.07059,0.041868,0.056229,0.055046,CLOSED,0,0.0,1
2026-08-12T11:00:46.795172,16.9917,0.069585,0.040458,0.055022,0.055037,CLOSED,0,0.0,1
2026-08-12T11:00:46.836583,17.0268,0.069845,0.041553,0.055699,0.055269,CLOSED,0,0.0,1
2026-08-12T11:00:46.868738,17.0614,0.070805,0.050034,0.06042,0.057072,CLOSED,0,0.0,1
2026-08-12T11:00:46.902714,17.0959,0.07087,0.046255,0.058563,0.057593,CLOSED,0,0.0,1
2026-08-12T11:00:46.937029,17.1292,0.071325,0.045212,0.058269,0.05783,CLOSED,0,0.0,1
2026-08-12T11:00:46.972740,17.1641,0.069703,0.045104,0.057403,0.05768,CLOSED,0,0.0,1
2026-08-12T11:00:46.994715,17.1905,0.071889,0.045421,0.058655,0.058021,CLOSED,0,0.0,1
2026-08-12T11:00:47.034369,17.2253,0.075269,0.046485,0.060877,0.059021,CLOSED,0,0.0,1
2026-08-12T11:00:47.073808,17.2665,0.081339,0.050159,0.065749,0.061376,CLOSED,0,0.0,1
2026-08-12T11:00:47.110422,17.3018,0.078001,0.050014,0.064008,0.062297,CLOSED,0,0.0,1
2026-08-12T11:00:47.136231,17.3293,0.071311,0.047922,0.059616,0.061359,CLOSED,0,0.0,1
2026-08-12T11:00:47.172112,17.3637,0.073972,0.044573,0.059273,0.060629,CLOSED,0,0.0,1
2026-08-12T11:00:47.206080,17.3973,0.080203,0.045452,0.062827,0.061398,CLOSED,0,0.0,1
2026-08-12T11:00:47.250832,17.442,0.078866,0.042599,0.060732,0.061165,CLOSED,0,0.0,1
2026-08-12T11:00:47.284995,17.4766,0.080975,0.042293,0.061634,0.061329,CLOSED,0,0.0,1
2026-08-12T11:00:47.319545,17.5103,0.082809,0.043016,0.062913,0.061883,CLOSED,0,0.0,1
2026-08-12T11:00:47.353992,17.5445,0.08149,0.042411,0.061951,0.061907,CLOSED,0,0.0,1
2026-08-12T11:00:47.388013,17.5787,0.089234,0.045304,0.067269,0.063784,CLOSED,0,0.0,1
2026-08-12T11:00:47.428130,17.6139,0.090105,0.04605,0.068078,0.065287,CLOSED,0,0.0,1
2026-08-12T11:00:47.446186,17.6417,0.100061,0.048864,0.074462,0.068498,CLOSED,0,0.0,1
2026-08-12T11:00:47.484952,17.6766,0.123734,0.106016,0.114875,0.08473,CLOSED,0,0.0,1
2026-08-12T11:00:47.515983,17.7103,0.228032,0.207541,0.217787,0.1313,CLOSED,0,0.0,1
2026-08-12T11:00:47.551838,17.7444,0.304842,0.29563,0.300236,0.190428,CLOSED,0,0.0,1
2026-08-12T11:00:47.585012,17.7781,0.344795,0.341904,0.34335,0.24395,CLOSED,0,0.0,1
2026-08-12T11:00:47.620356,17.8128,0.378651,0.369924,0.374288,0.289568,OPENING,0,0.0,1
2026-08-12T11:00:47.636514,17.834,0.391328,0.39263,0.391979,0.325412,OPEN,0,1.651482,1
2026-08-12T11:00:47.660690,17.8582,0.403258,0.398007,0.400632,0.351739,OPEN,0,0.0,1
2026-08-12T11:00:47.690600,17.8884,0.411738,0.406808,0.409273,0.371876,OPEN,0,0.0,1
2026-08-12T11:00:47.728389,17.9214,0.413781,0.411343,0.412562,0.386116,OPEN,0,0.0,1
2026-08-12T11:00:47.764059,17.9559,0.417769,0.414437,0.416103,0.396612,OPEN,0,0.0,1
2026-08-12T11:00:47.793962,17.9865,0.420394,0.426839,0.423616,0.406063,OPEN,0,0.0,1
2026-08-12T11:00:47.825286,18.0208,0.424652,0.436273,0.430463,0.414603,OPEN,0,0.0,1
2026-08-12T11:00:47.858801,18.0541,0.432338,0.443782,0.43806,0.422813,OPEN,0,0.0,1
2026-08-12T11:00:47.891264,18.0881,0.431087,0.43978,0.435433,0.42723,OPEN,0,0.0,1
2026-08-12T11:00:47.932456,18.1282,0.427441,0.434799,0.43112,0.428592,OPEN,0,0.0,1
2026-08-12T11:00:47.965627,18.1607,0.423536,0.431338,0.427437,0.428188,OPEN,0,0.0,1
2026-08-12T11:00:47.998360,18.1937,0.423705,0.431039,0.427372,0.427902,OPEN,0,0.0,1
2026-08-12T11:00:48.029101,18.227,0.432923,0.444293,0.438608,0.431649,OPEN,0,0.0,1
2026-08-12T11:00:48.057807,18.256,0.435494,0.447865,0.441679,0.43516,OPEN,0,0.0,1
2026-08-12T11:00:48.094555,18.2922,0.437431,0.452074,0.444753,0.438517,OPEN,0,0.0,1
2026-08-12T11:00:48.122811,18.32,0.440018,0.453441,0.44673,0.441392,OPEN,0,0.0,1
2026-08-12T11:00:48.162525,18.3544,0.441906,0.45196,0.446933,0.443331,OPEN,0,0.0,1
2026-08-12T11:00:48.197573,18.3888,0.441572,0.453756,0.447664,0.444848,OPEN,0,0.0,1
2026-08-12T11:00:48.231209,18.4229,0.440256,0.4504,0.445328,0.445016,OPEN,0,0.0,1
2026-08-12T11:00:48.265089,18.4572,0.443668,0.450881,0.447274,0.445806,OPEN,0,0.0,1
2026-08-12T11:00:48.306104,18.4969,0.444238,0.451786,0.448012,0.446578,OPEN,0,0.0,1
2026-08-12T11:00:48.338731,18.5302,0.44422,0.451833,0.448026,0.447085,OPEN,0,0.0,1
2026-08-12T11:00:48.366732,18.5612,0.445754,0.453264,0.449509,0.447933,OPEN,0,0.0,1
2026-08-12T11:00:48.398669,18.5946,0.445792,0.453525,0.449659,0.448537,OPEN,0,0.0,1
2026-08-12T11:00:48.430636,18.6249,0.443863,0.452664,0.448264,0.448442,OPEN,0,0.0,1
2026-08-12T11:00:48.465758,18.6584,0.447043,0.45498,0.451012,0.449341,OPEN,0,0.0,1
2026-08-12T11:00:48.500174,18.693,0.44713,0.455584,0.451357,0.450047,OPEN,0,0.0,1
2026-08-12T11:00:48.527129,18.7251,0.446886,0.456544,0.451715,0.450631,OPEN,0,0.0,1
2026-08-12T11:00:48.554744,18.7526,0.451023,0.458579,0.454801,0.45209,OPEN,0,0.0,1
2026-08-12T11:00:48.588311,18.7846,0.451969,0.461031,0.4565,0.453633,OPEN,0,0.0,1
2026-08-12T11:00:48.622539,18.8181,0.44863,0.459848,0.454239,0.453845,OPEN,0,0.0,1
2026-08-12T11:00:48.652652,18.8497,0.447441,0.459447,0.453444,0.453705,OPEN,0,0.0,1
2026-08-12T11:00:48.691109,18.8841,0.448027,0.456447,0.452237,0.453191,OPEN,0,0.0,1
2026-08-12T11:00:48.726808,18.92,0.442961,0.443042,0.443002,0.449625,OPEN,0,0.0,1
2026-08-12T11:00:48.769623,18.9627,0.210821,0.200876,0.205848,0.364303,OPEN,0,0.0,1
2026-08-12T11:00:48.805760,18.9969,0.083381,0.038301,0.060841,0.258091,OPEN,0,0.0,1
2026-08-12T11:00:48.834988,19.0258,0.074768,0.02524,0.050004,0.185261,CLOSING,0,0.0,1
2026-08-12T11:00:48.867518,19.0623,0.059318,0.028774,0.044046,0.135835,CLOSING,0,0.0,1
2026-08-12T11:00:48.890858,19.0882,0.076049,0.037051,0.05655,0.108086,CLOSED,0,0.0,1
2026-08-12T11:00:48.928316,19.1213,0.067914,0.037363,0.052639,0.088679,CLOSED,0,0.0,1
2026-08-12T11:00:48.966266,19.1607,0.075555,0.050391,0.062973,0.079682,CLOSED,0,0.0,1
2026-08-12T11:00:49.005105,19.1959,0.07561,0.043639,0.059625,0.072662,CLOSED,0,0.0,1
2026-08-12T11:00:49.038382,19.2293,0.073768,0.046264,0.060016,0.068236,CLOSED,0,0.0,1
2026-08-12T11:00:49.073034,19.2641,0.072534,0.037286,0.05491,0.063572,CLOSED,0,0.0,1
2026-08-12T11:00:49.106451,19.2976,0.060585,0.029331,0.044958,0.057057,CLOSED,0,0.0,1
2026-08-12T11:00:49.145398,19.3333,0.073557,0.039291,0.056424,0.056835,CLOSED,0,0.0,1
2026-08-12T11:00:49.162653,19.3593,0.077874,0.040674,0.059274,0.057689,CLOSED,0,0.0,1
2026-08-12T11:00:49.200545,19.3937,0.075967,0.037406,0.056686,0.057338,CLOSED,0,0.0,1
2026-08-12T11:00:49.235129,19.4271,0.078509,0.034296,0.056403,0.057011,CLOSED,0,0.0,1
2026-08-12T11:00:49.263562,19.4563,0.074453,0.035143,0.054798,0.056236,CLOSED,0,0.0,1
2026-08-12T11:00:49.297053,19.4897,0.072226,0.035126,0.053676,0.05534,CLOSED,0,0.0,1
2026-08-12T11:00:49.327262,19.5227,0.075162,0.037106,0.056134,0.055618,CLOSED,0,0.0,1
2026-08-12T11:00:49.354374,19.5514,0.070304,0.034899,0.052601,0.054562,CLOSED,0,0.0,1
2026-08-12T11:00:49.396570,19.5894,0.052391,0.028625,0.040508,0.049643,CLOSED,0,0.0,1
2026-08-12T11:00:49.424390,19.6173,0.053972,0.029917,0.041945,0.046949,CLOSED,0,0.0,1
2026-08-12T11:00:49.456568,19.6498,0.055584,0.029033,0.042309,0.045325,CLOSED,0,0.0,1
2026-08-12T11:00:49.491652,19.6857,0.060307,0.02637,0.043339,0.04463,CLOSED,0,0.0,1
2026-08-12T11:00:49.525694,19.7192,0.060657,0.0274,0.044028,0.044419,CLOSED,0,0.0,1
2026-08-12T11:00:49.549336,19.7442,0.066588,0.02959,0.048089,0.045703,CLOSED,0,0.0,1
2026-08-12T11:00:49.587600,19.7822,0.06681,0.029564,0.048187,0.046573,CLOSED,0,0.0,1
2026-08-12T11:00:49.633690,19.8251,0.068138,0.031673,0.049905,0.047739,CLOSED,0,0.0,1
2026-08-12T11:00:49.662478,19.8562,0.068363,0.032948,0.050655,0.04876,CLOSED,0,0.0,1
2026-08-12T11:00:49.695055,19.8885,0.069718,0.03605,0.052884,0.050203,CLOSED,0,0.0,1
2026-08-12T11:00:49.730073,19.9225,0.074768,0.039968,0.057368,0.052711,CLOSED,0,0.0,1
2026-08-12T11:00:49.759868,19.9524,0.076188,0.041417,0.058803,0.054843,CLOSED,0,0.0,1
2026-08-12T11:00:49.793170,19.9857,0.084355,0.046967,0.065661,0.058629,CLOSED,0,0.0,1
2026-08-12T11:00:49.828685,20.0232,0.084554,0.051015,0.067785,0.061834,CLOSED,0,0.0,1
2026-08-12T11:00:49.857401,20.0512,0.093879,0.054747,0.074313,0.066201,CLOSED,0,0.0,1
2026-08-12T11:00:49.890417,20.0847,0.089563,0.056986,0.073274,0.068677,CLOSED,0,0.0,1
2026-08-12T11:00:49.924218,20.1181,0.092227,0.057754,0.07499,0.070887,CLOSED,0,0.0,1
2026-08-12T11:00:49.958255,20.1523,0.101158,0.061335,0.081247,0.074513,CLOSED,0,0.0,1
2026-08-12T11:00:49.993083,20.1868,0.104981,0.062641,0.083811,0.077767,CLOSED,0,0.0,1
2026-08-12T11:00:50.037918,20.2307,0.095405,0.060293,0.077849,0.077796,CLOSED,0,0.0,1
2026-08-12T11:00:50.067497,20.2645,0.09272,0.059956,0.076338,0.077285,CLOSED,0,0.0,1
2026-08-12T11:00:50.099714,20.2977,0.100612,0.063497,0.082054,0.078955,CLOSED,0,0.0,1
2026-08-12T11:00:50.124513,20.3202,0.095177,0.062653,0.078915,0.078941,CLOSED,0,0.0,1
2026-08-12T11:00:50.157231,20.3522,0.095223,0.063612,0.079417,0.079108,CLOSED,0,0.0,1
2026-08-12T11:00:50.188637,20.3855,0.098589,0.067675,0.083132,0.080516,CLOSED,0,0.0,1
2026-08-12T11:00:50.219048,20.415,0.103693,0.076013,0.089853,0.083784,CLOSED,0,0.0,1
2026-08-12T11:00:50.252512,20.4501,0.105347,0.08327,0.094309,0.087468,CLOSED,0,0.0,1
2026-08-12T11:00:50.282815,20.4816,0.104715,0.081047,0.092881,0.089362,CLOSED,0,0.0,1
2026-08-12T11:00:50.314839,20.5111,0.105181,0.080822,0.093001,0.090636,CLOSED,0,0.0,1
2026-08-12T11:00:50.353852,20.5462,0.096708,0.074657,0.085682,0.088902,CLOSED,0,0.0,1
2026-08-12T11:00:50.380613,20.5781,0.090525,0.071954,0.08124,0.08622,CLOSED,0,0.0,1
2026-08-12T11:00:50.412557,20.6082,0.092941,0.074036,0.083488,0.085264,CLOSED,0,0.0,1
2026-08-12T11:00:50.471993,20.6637,0.087937,0.071709,0.079823,0.08336,CLOSED,0,0.0,1
2026-08-12T11:00:50.493915,20.6883,0.087339,0.06881,0.078074,0.08151,CLOSED,0,0.0,1
2026-08-12T11:00:50.523592,20.7219,0.092604,0.069141,0.080873,0.081287,CLOSED,0,0.0,1
2026-08-12T11:00:50.557760,20.7522,0.083709,0.060396,0.072053,0.078055,CLOSED,0,0.0,1
2026-08-12T11:00:50.590020,20.7862,0.097102,0.057833,0.077468,0.077849,CLOSED,0,0.0,1
2026-08-12T11:00:50.620986,20.8192,0.206425,0.174321,0.190373,0.117233,CLOSED,0,0.0,1
2026-08-12T11:00:50.656043,20.8489,0.306327,0.300025,0.303176,0.182313,CLOSED,0,0.0,1
2026-08-12T11:00:50.695797,20.8894,0.378341,0.378251,0.378296,0.250907,OPENING,0,0.0,1
2026-08-12T11:00:50.727420,20.9236,0.423262,0.441312,0.432287,0.31439,OPEN,0,1.89775,1
2026-08-12T11:00:50.765134,20.958,0.444638,0.466793,0.455716,0.363854,OPEN,0,0.0,1
2026-08-12T11:00:50.793974,20.9919,0.459359,0.485511,0.472435,0.401857,OPEN,0,0.0,1
2026-08-12T11:00:50.811353,21.0091,0.469733,0.493513,0.481623,0.429775,OPEN,0,0.0,1
2026-08-12T11:00:50.848758,21.0414,0.462143,0.492684,0.477413,0.446449,OPEN,0,0.0,1
2026-08-12T11:00:50.904559,21.0976,0.458204,0.493781,0.475992,0.456789,OPEN,0,0.0,1
2026-08-12T11:00:50.941409,21.1331,0.458755,0.494072,0.476414,0.463658,OPEN,0,0.0,1
2026-08-12T11:00:50.961816,21.155,0.459191,0.494529,0.47686,0.468278,OPEN,0,0.0,1
2026-08-12T11:00:50.993890,21.1886,0.466047,0.501762,0.483904,0.473747,OPEN,0,0.0,1
2026-08-12T11:00:51.030814,21.223,0.473113,0.511366,0.492239,0.48022,OPEN,0,0.0,1
2026-08-12T11:00:51.056506,21.2488,0.483292,0.519369,0.501331,0.487608,OPEN,0,0.0,1
2026-08-12T11:00:51.088423,21.2821,0.490742,0.528897,0.509819,0.495382,OPEN,0,0.0,1
2026-08-12T11:00:51.126824,21.3202,0.497145,0.530972,0.514058,0.501919,OPEN,0,0.0,1
2026-08-12T11:00:51.157989,21.3529,0.49751,0.53101,0.51426,0.506238,OPEN,0,0.0,1
2026-08-12T11:00:51.195247,21.3877,0.499806,0.539186,0.519496,0.510878,OPEN,0,0.0,1
2026-08-12T11:00:51.210882,21.4086,0.510346,0.548149,0.529247,0.517308,OPEN,0,0.0,1
2026-08-12T11:00:51.245473,21.4412,0.50758,0.54773,0.527655,0.520929,OPEN,0,0.0,1
2026-08-12T11:00:51.281413,21.4757,0.499779,0.543191,0.521485,0.521124,OPEN,0,0.0,1
2026-08-12T11:00:51.336930,21.5289,0.487124,0.535709,0.511417,0.517726,OPEN,0,0.0,1
2026-08-12T11:00:51.373831,21.5641,0.475752,0.523995,0.499874,0.511478,OPEN,0,0.0,1
2026-08-12T11:00:51.395256,21.5885,0.468632,0.518976,0.493804,0.505292,OPEN,0,0.0,1
2026-08-12T11:00:51.425259,21.6222,0.467053,0.516068,0.491561,0.500486,OPEN,0,0.0,1
2026-08-12T11:00:51.454924,21.6496,0.463502,0.507411,0.485456,0.495226,OPEN,0,0.0,1
2026-08-12T11:00:51.486650,21.6839,0.462695,0.504923,0.483809,0.49123,OPEN,0,0.0,1
2026-08-12T11:00:51.514825,21.7118,0.458365,0.50393,0.481147,0.487701,OPEN,0,0.0,1
2026-08-12T11:00:51.553431,21.75,0.458499,0.504631,0.481565,0.485553,OPEN,0,0.0,1
2026-08-12T11:00:51.592995,21.7846,0.454341,0.503392,0.478866,0.483213,OPEN,0,0.0,1
2026-08-12T11:00:51.612904,21.8092,0.453658,0.503567,0.478612,0.481603,OPEN,0,0.0,1
2026-08-12T11:00:51.646780,21.8431,0.447548,0.502075,0.474811,0.479226,OPEN,0,0.0,1
2026-08-12T11:00:51.680877,21.8779,0.443733,0.502533,0.473133,0.477093,OPEN,0,0.0,1
2026-08-12T11:00:51.723890,21.9201,0.442457,0.501862,0.472159,0.475366,OPEN,0,0.0,1
2026-08-12T11:00:51.758830,21.9549,0.442226,0.502138,0.472182,0.474252,OPEN,0,0.0,1
2026-08-12T11:00:51.793692,21.9886,0.439652,0.499435,0.469544,0.472604,OPEN,0,0.0,1
2026-08-12T11:00:51.823975,22.022,0.436073,0.491521,0.463797,0.469522,OPEN,0,0.0,1
2026-08-12T11:00:51.852094,22.0479,0.433343,0.487238,0.460291,0.466291,OPEN,0,0.0,1
2026-08-12T11:00:51.889615,22.0821,0.42936,0.487503,0.458431,0.46354,OPEN,0,0.0,1
2026-08-12T11:00:51.919359,22.1151,0.424106,0.481402,0.452754,0.459765,OPEN,0,0.0,1
2026-08-12T11:00:51.953818,22.1492,0.163716,0.13173,0.147723,0.35055,OPEN,0,0.0,1
2026-08-12T11:00:51.986195,22.1835,0.066464,0.035673,0.051068,0.245732,CLOSING,0,0.0,1
2026-08-12T11:00:52.011733,22.2084,0.05267,0.033211,0.04294,0.174755,CLOSING,0,0.0,1
2026-08-12T11:00:52.043319,22.2398,0.079501,0.083359,0.08143,0.142091,CLOSED,0,0.0,1
2026-08-12T11:00:52.075050,22.2729,0.062058,0.119793,0.090926,0.124183,CLOSED,0,0.0,1
2026-08-12T11:00:52.106151,22.3038,0.227148,0.266446,0.246797,0.167098,CLOSED,0,0.0,1
2026-08-12T11:00:52.161170,22.3546,0.326593,0.359539,0.343066,0.228687,CLOSED,0,0.0,1
2026-08-12T11:00:52.192606,22.3897,0.362597,0.380362,0.37148,0.278664,OPENING,0,0.0,1
2026-08-12T11:00:52.220595,22.4166,0.372588,0.389534,0.381061,0.314503,OPEN,1,0.233125,1
2026-08-12T11:00:52.254335,22.4509,0.384615,0.394518,0.389567,0.340775,OPEN,0,0.0,1
2026-08-12T11:00:52.287031,22.4847,0.393252,0.410551,0.401902,0.36217,OPEN,0,0.0,1
2026-08-12T11:00:52.315848,22.5122,0.406911,0.427648,0.417279,0.381458,OPEN,0,0.0,1
2026-08-12T11:00:52.349900,22.5459,0.430299,0.449289,0.439794,0.401876,OPEN,0,0.0,1
2026-08-12T11:00:52.387900,22.5808,0.431809,0.450315,0.441062,0.415591,OPEN,0,0.0,1
2026-08-12T11:00:52.420509,22.6145,0.428007,0.443935,0.435971,0.422724,OPEN,0,0.0,1
2026-08-12T11:00:52.453639,22.6487,0.422506,0.442707,0.432606,0.426183,OPEN,0,0.0,1
2026-08-12T11:00:52.486655,22.6814,0.4219,0.443941,0.43292,0.428541,OPEN,0,0.0,1
2026-08-12T11:00:52.518683,22.7134,0.429489,0.452848,0.441168,0.432961,OPEN,0,0.0,1
2026-08-12T11:00:52.547675,22.7452,0.430423,0.455119,0.442771,0.436394,OPEN,0,0.0,1
2026-08-12T11:00:52.587599,22.7844,0.430621,0.4553,0.44296,0.438692,OPEN,0,0.0,1
2026-08-12T11:00:52.626803,22.8217,0.428493,0.452889,0.440691,0.439392,OPEN,0,0.0,1
2026-08-12T11:00:52.657853,22.8554,0.427856,0.45247,0.440163,0.439662,OPEN,0,0.0,1
2026-08-12T11:00:52.683377,22.8802,0.429227,0.451896,0.440562,0.439977,OPEN,0,0.0,1
2026-08-12T11:00:52.716152,22.9137,0.428894,0.453317,0.441105,0.440372,OPEN,0,0.0,1
2026-08-12T11:00:52.747566,22.9438,0.431681,0.458966,0.445324,0.442105,OPEN,0,0.0,1
2026-08-12T11:00:52.782482,22.9776,0.428742,0.463097,0.445919,0.44344,OPEN,0,0.0,1
2026-08-12T11:00:52.812539,23.0115,0.430561,0.467311,0.448936,0.445363,OPEN,0,0.0,1
2026-08-12T11:00:52.844648,23.0424,0.431142,0.468899,0.450021,0.446993,OPEN,0,0.0,1
2026-08-12T11:00:52.880586,23.074,0.441858,0.482109,0.461984,0.45224,OPEN,0,0.0,1
2026-08-12T11:00:52.949637,23.1383,0.434637,0.472464,0.45355,0.452699,OPEN,0,0.0,1
2026-08-12T11:00:52.976924,23.1731,0.426313,0.465223,0.445768,0.450273,OPEN,0,0.0,1
2026-08-12T11:00:53.007891,23.2065,0.425722,0.46932,0.447521,0.44931,OPEN,0,0.0,1
2026-08-12T11:00:53.024944,23.2237,0.422775,0.469579,0.446177,0.448213,OPEN,0,0.0,1
2026-08-12T11:00:53.052492,23.2507,0.423997,0.467563,0.44578,0.447362,OPEN,0,0.0,1
2026-08-12T11:00:53.088662,23.2819,0.42539,0.468347,0.446868,0.447189,OPEN,0,0.0,1
2026-08-12T11:00:53.114966,23.3133,0.430822,0.474714,0.452768,0.449142,OPEN,0,0.0,1
2026-08-12T11:00:53.151651,23.3478,0.432966,0.471983,0.452475,0.450308,OPEN,0,0.0,1
2026-08-12T11:00:53.183763,23.3815,0.430849,0.470609,0.450729,0.450456,OPEN,0,0.0,1
2026-08-12T11:00:53.212920,23.4079,0.432097,0.470923,0.45151,0.450825,OPEN,0,0.0,1
2026-08-12T11:00:53.245551,23.4426,0.433892,0.470218,0.452055,0.451255,OPEN,0,0.0,1
2026-08-12T11:00:53.283023,23.4788,0.426547,0.468348,0.447447,0.449922,OPEN,0,0.0,1
2026-08-12T11:00:53.347504,23.538,0.131886,0.122365,0.127125,0.336944,OPEN,0,0.0,1
2026-08-12T11:00:53.374139,23.5719,0.104087,0.073095,0.088591,0.25002,OPEN,0,0.0,1
2026-08-12T11:00:53.392203,23.5892,0.099816,0.05993,0.079873,0.190469,CLOSING,0,0.0,1
2026-08-12T11:00:53.417829,23.6155,0.144954,0.139517,0.142235,0.173587,CLOSING,0,0.0,1
2026-08-12T11:00:53.451128,23.6489,0.170072,0.148344,0.159208,0.168554,CLOSED,0,0.0,1
2026-08-12T11:00:53.495574,23.6883,0.264899,0.262588,0.263743,0.201871,CLOSED,0,0.0,1
2026-08-12T11:00:53.533123,23.7235,0.320713,0.333354,0.327034,0.245678,CLOSED,0,0.0,1
2026-08-12T11:00:53.560792,23.7561,0.339375,0.364656,0.352015,0.282896,OPENING,0,0.0,1
2026-08-12T11:00:53.580989,23.7769,0.349193,0.369349,0.359271,0.309627,OPEN,1,0.187707,1
2026-08-12T11:00:53.620063,23.8154,0.366276,0.386737,0.376506,0.333035,OPEN,0,0.0,1
2026-08-12T11:00:53.652111,23.8487,0.378033,0.398859,0.388446,0.352429,OPEN,0,0.0,1
2026-08-12T11:00:53.687519,23.883,0.395691,0.430841,0.413266,0.373722,OPEN,0,0.0,1
2026-08-12T11:00:53.750927,23.9393,0.401661,0.434692,0.418177,0.389281,OPEN,0,0.0,1
2026-08-12T11:00:53.774139,23.9686,0.407299,0.436642,0.421971,0.400722,OPEN,0,0.0,1
2026-08-12T11:00:53.806660,24.0024,0.410671,0.440483,0.425577,0.409422,OPEN,0,0.0,1
2026-08-12T11:00:53.840751,24.037,0.412227,0.445092,0.428659,0.416155,OPEN,0,0.0,1
2026-08-12T11:00:53.881653,24.0722,0.413105,0.442876,0.42799,0.420297,OPEN,0,0.0,1
2026-08-12T11:00:53.920354,24.1076,0.419084,0.450805,0.434945,0.425424,OPEN,0,0.0,1
2026-08-12T11:00:53.953490,24.1466,0.414425,0.454104,0.434265,0.428518,OPEN,0,0.0,1
2026-08-12T11:00:53.984661,24.1793,0.420997,0.467239,0.444118,0.433978,OPEN,0,0.0,1
2026-08-12T11:00:54.019263,24.2133,0.424945,0.469556,0.44725,0.438623,OPEN,0,0.0,1
2026-08-12T11:00:54.051967,24.2468,0.425169,0.468071,0.44662,0.441422,OPEN,0,0.0,1
2026-08-12T11:00:54.071976,24.2655,0.428918,0.471413,0.450165,0.444482,OPEN,0,0.0,1
2026-08-12T11:00:54.103608,24.301,0.435227,0.473478,0.454353,0.447937,OPEN,0,0.0,1
2026-08-12T11:00:54.142233,24.339,0.445175,0.478122,0.461648,0.452736,OPEN,0,0.0,1
2026-08-12T11:00:54.181871,24.369,0.447171,0.480995,0.464083,0.456707,OPEN,0,0.0,1
2026-08-12T11:00:54.216107,24.4032,0.45326,0.486375,0.469818,0.461296,OPEN,0,0.0,1
2026-08-12T11:00:54.241256,24.4364,0.455992,0.489821,0.472907,0.46536,OPEN,0,0.0,1
2026-08-12T11:00:54.276080,24.4697,0.472653,0.499105,0.485879,0.472542,OPEN,0,0.0,1
2026-08-12T11:00:54.318608,24.5046,0.471826,0.501597,0.486712,0.477501,OPEN,0,0.0,1
2026-08-12T11:00:54.348588,24.5388,0.475444,0.511095,0.493269,0.48302,OPEN,0,0.0,1
2026-08-12T11:00:54.383098,24.578,0.484493,0.523284,0.503888,0.490324,OPEN,0,0.0,1
2026-08-12T11:00:54.414801,24.6128,0.493571,0.544666,0.519118,0.500402,OPEN,0,0.0,1
2026-08-12T11:00:54.435912,24.6309,0.494155,0.543189,0.518672,0.506797,OPEN,0,0.0,1
2026-08-12T11:00:54.471459,24.6641,0.493014,0.538625,0.515819,0.509955,OPEN,0,0.0,1
2026-08-12T11:00:54.489856,24.6849,0.493577,0.538413,0.515995,0.512069,OPEN,0,0.0,1
2026-08-12T11:00:54.539773,24.7373,0.495632,0.541979,0.518806,0.514427,OPEN,0,0.0,1
2026-08-12T11:00:54.574234,24.7712,0.49292,0.538588,0.515754,0.514891,OPEN,0,0.0,1
2026-08-12T11:00:54.607144,24.8049,0.490849,0.536523,0.513686,0.514469,OPEN,0,0.0,1
2026-08-12T11:00:54.637175,24.8331,0.486222,0.531613,0.508918,0.512526,OPEN,0,0.0,1
2026-08-12T11:00:54.674823,24.8682,0.482738,0.527006,0.504872,0.509847,OPEN,0,0.0,1
2026-08-12T11:00:54.696146,24.8892,0.478777,0.521959,0.500368,0.506529,OPEN,0,0.0,1
2026-08-12T11:00:54.731843,24.9233,0.477114,0.51537,0.496242,0.502929,OPEN,0,0.0,1
2026-08-12T11:00:54.763479,24.9577,0.472822,0.507534,0.490178,0.498466,OPEN,0,0.0,1
2026-08-12T11:00:54.795720,24.9909,0.470459,0.505938,0.488198,0.494872,OPEN,0,0.0,1
2026-08-12T11:00:54.827842,25.0249,0.464264,0.501454,0.482859,0.490667,OPEN,0,0.0,1
2026-08-12T11:00:54.846585,25.0433,0.464709,0.49891,0.48181,0.487567,OPEN,0,0.0,1
2026-08-12T11:00:54.881747,25.0776,0.459912,0.495477,0.477694,0.484112,OPEN,0,0.0,1
2026-08-12T11:00:54.942133,25.1367,0.450479,0.485745,0.468112,0.478512,OPEN,0,0.0,1
2026-08-12T11:00:54.994927,25.1872,0.446404,0.481261,0.463833,0.473374,OPEN,0,0.0,1
2026-08-12T11:00:55.021324,25.219,0.446845,0.476046,0.461445,0.469199,OPEN,0,0.0,1
2026-08-12T11:00:55.041158,25.2372,0.212037,0.225725,0.218881,0.381588,OPEN,0,0.0,1
2026-08-12T11:00:55.078816,25.2717,0.089011,0.080298,0.084655,0.277661,OPEN,0,0.0,1
2026-08-12T11:00:55.114264,25.306,0.091317,0.078606,0.084961,0.210216,CLOSING,0,0.0,1
2026-08-12T11:00:55.135038,25.329,0.140761,0.122724,0.131742,0.18275,CLOSING,0,0.0,1
2026-08-12T11:00:55.172775,25.3642,0.149205,0.164994,0.1571,0.173773,CLOSED,0,0.0,1
2026-08-12T11:00:55.195068,25.3865,0.16954,0.183835,0.176687,0.174793,CLOSED,0,0.0,1
2026-08-12T11:00:55.215230,25.4123,0.235721,0.243298,0.23951,0.197444,CLOSED,0,0.0,1
2026-08-12T11:00:55.250493,25.4447,0.308869,0.323618,0.316243,0.239023,CLOSED,0,0.0,1
2026-08-12T11:00:55.282009,25.4784,0.338066,0.360102,0.349084,0.277545,OPENING,0,0.0,1
2026-08-12T11:00:55.340463,25.5366,0.364132,0.400399,0.382266,0.314197,OPEN,1,0.230579,1
2026-08-12T11:00:55.374002,25.5706,0.387224,0.421261,0.404242,0.345713,OPEN,0,0.0,1
2026-08-12T11:00:55.407567,25.6036,0.39473,0.429806,0.412268,0.369007,OPEN,0,0.0,1
2026-08-12T11:00:55.454032,25.6505,0.392729,0.428093,0.410411,0.383498,OPEN,0,0.0,1
2026-08-12T11:00:55.489234,25.6852,0.391967,0.427057,0.409512,0.392603,OPEN,0,0.0,1
2026-08-12T11:00:55.524800,25.7195,0.389048,0.423735,0.406392,0.397429,OPEN,0,0.0,1
2026-08-12T11:00:55.558692,25.7536,0.385354,0.420279,0.402817,0.399315,OPEN,0,0.0,1
2026-08-12T11:00:55.592654,25.7879,0.389478,0.421825,0.405651,0.401532,OPEN,0,0.0,1
2026-08-12T11:00:55.625252,25.8209,0.38729,0.422339,0.404815,0.402681,OPEN,0,0.0,1
2026-08-12T11:00:55.661216,25.8564,0.388021,0.421134,0.404577,0.403345,OPEN,0,0.0,1
2026-08-12T11:00:55.693480,25.8903,0.388927,0.420139,0.404533,0.403761,OPEN,0,0.0,1
2026-08-12T11:00:55.728034,25.924,0.389801,0.42112,0.40546,0.404356,OPEN,0,0.0,1
2026-08-12T11:00:55.759118,25.9572,0.390815,0.42074,0.405778,0.404853,OPEN,0,0.0,1
2026-08-12T11:00:55.777677,25.9758,0.395826,0.421453,0.408639,0.406178,OPEN,0,0.0,1
2026-08-12T11:00:55.805956,26.0002,0.396618,0.423409,0.410013,0.407521,OPEN,0,0.0,1
2026-08-12T11:00:55.840505,26.0337,0.396948,0.423273,0.410111,0.408427,OPEN,0,0.0,1
2026-08-12T11:00:55.877013,26.071,0.396027,0.420906,0.408466,0.408441,OPEN,0,0.0,1
2026-08-12T11:00:55.907017,26.0978,0.395245,0.420414,0.407829,0.408227,OPEN,0,0.0,1
2026-08-12T11:00:55.933531,26.1313,0.394185,0.420428,0.407306,0.407905,OPEN,0,0.0,1
2026-08-12T11:00:55.953039,26.1493,0.391981,0.415662,0.403822,0.406476,OPEN,0,0.0,1
2026-08-12T11:00:55.991606,26.1848,0.388236,0.412496,0.400366,0.404337,OPEN,0,0.0,1
2026-08-12T11:00:56.011772,26.2084,0.387568,0.411667,0.399618,0.402685,OPEN,0,0.0,1
2026-08-12T11:00:56.049332,26.2424,0.390266,0.41196,0.401113,0.402135,OPEN,0,0.0,1
2026-08-12T11:00:56.082193,26.2789,0.388583,0.41153,0.400056,0.401407,OPEN,0,0.0,1
2026-08-12T11:00:56.143616,26.3371,0.379858,0.398974,0.389416,0.397211,OPEN,0,0.0,1
2026-08-12T11:00:56.175205,26.3716,0.376272,0.393936,0.385104,0.392973,OPEN,0,0.0,1
2026-08-12T11:00:56.209562,26.4054,0.374358,0.390254,0.382306,0.38924,OPEN,0,0.0,1
2026-08-12T11:00:56.245463,26.4397,0.366617,0.382997,0.374807,0.384188,OPEN,0,0.0,1
2026-08-12T11:00:56.282300,26.4744,0.346256,0.361869,0.354062,0.373644,OPEN,0,0.0,1
2026-08-12T11:00:56.306834,26.5005,0.116348,0.135587,0.125968,0.286957,OPEN,0,0.0,1
2026-08-12T11:00:56.337505,26.5342,0.06629,0.083022,0.074656,0.212652,CLOSING,0,0.0,1
2026-08-12T11:00:56.355575,26.5524,0.060553,0.074331,0.067442,0.161829,CLOSING,0,0.0,1
2026-08-12T11:00:56.371846,26.5698,0.069971,0.076887,0.073429,0.130889,CLOSING,0,0.0,1
2026-08-12T11:00:56.414111,26.6083,0.08489,0.077678,0.081284,0.113527,CLOSED,0,0.0,1
2026-08-12T11:00:56.449729,26.6425,0.068053,0.06168,0.064866,0.096496,CLOSED,0,0.0,1
2026-08-12T11:00:56.485343,26.6761,0.088696,0.081352,0.085024,0.092481,CLOSED,0,0.0,1
2026-08-12T11:00:56.539813,26.7372,0.088191,0.107211,0.097701,0.094308,CLOSED,0,0.0,1
2026-08-12T11:00:56.569815,26.7674,0.096168,0.108994,0.102581,0.097203,CLOSED,0,0.0,1
2026-08-12T11:00:56.607321,26.8022,0.079244,0.092886,0.086065,0.093305,CLOSED,0,0.0,1
2026-08-12T11:00:56.638897,26.8364,0.090377,0.114547,0.102462,0.09651,CLOSED,0,0.0,1
2026-08-12T11:00:56.667860,26.8645,0.086278,0.103233,0.094756,0.095896,CLOSED,0,0.0,1
2026-08-12T11:00:56.700402,26.898,0.096476,0.143275,0.119876,0.104289,CLOSED,0,0.0,1
2026-08-12T11:00:56.735512,26.9334,0.074263,0.10849,0.091377,0.09977,CLOSED,0,0.0,1
2026-08-12T11:00:56.766480,26.9617,0.071229,0.098663,0.084946,0.094581,CLOSED,0,0.0,1
2026-08-12T11:00:56.803355,26.9972,0.072769,0.098346,0.085557,0.091423,CLOSED,0,0.0,1
2026-08-12T11:00:56.834291,27.0296,0.084545,0.118112,0.101328,0.09489,CLOSED,0,0.0,1
2026-08-12T11:00:56.868088,27.0638,0.085152,0.109113,0.097133,0.095675,CLOSED,0,0.0,1
2026-08-12T11:00:56.901489,27.098,0.099758,0.124084,0.111921,0.101361,CLOSED,0,0.0,1
2026-08-12T11:00:56.943393,27.1379,0.135262,0.156402,0.145832,0.116926,CLOSED,0,0.0,1
2026-08-12T11:00:56.977236,27.1713,0.15555,0.164681,0.160115,0.132042,CLOSED,0,0.0,1
2026-08-12T11:00:57.012171,27.206,0.187695,0.195148,0.191421,0.152825,CLOSED,0,0.0,1
2026-08-12T11:00:57.036350,27.2323,0.206799,0.212344,0.209572,0.172686,CLOSED,0,0.0,1
2026-08-12T11:00:57.067620,27.2649,0.235175,0.240183,0.237679,0.195434,CLOSED,0,0.0,1
2026-08-12T11:00:57.100042,27.2983,0.261006,0.250805,0.255905,0.216599,CLOSED,0,0.0,1
2026-08-12T11:00:57.138529,27.3314,0.281791,0.265487,0.273639,0.236563,CLOSED,0,0.0,1
2026-08-12T11:00:57.167721,27.3652,0.291842,0.282736,0.287289,0.254317,OPENING,0,0.0,1
2026-08-12T11:00:57.200045,27.3959,0.294374,0.288403,0.291388,0.267292,OPEN,0,0.861693,1
2026-08-12T11:00:57.216559,27.4138,0.293152,0.284709,0.288931,0.274865,OPEN,0,0.0,1
2026-08-12T11:00:57.247104,27.4414,0.289806,0.284595,0.2872,0.279183,OPEN,0,0.0,1
2026-08-12T11:00:57.282605,27.4758,0.306441,0.308164,0.307302,0.289025,OPEN,0,0.0,1
2026-08-12T11:00:57.348171,27.5398,0.315052,0.337308,0.32618,0.302029,OPEN,0,0.0,1
2026-08-12T11:00:57.374791,27.5692,0.321137,0.340364,0.33075,0.312081,OPEN,0,0.0,1
2026-08-12T11:00:57.408071,27.6056,0.35507,0.34124,0.348155,0.324707,OPEN,0,0.0,1
2026-08-12T11:00:57.438870,27.6337,0.367527,0.342616,0.355071,0.335335,OPEN,0,0.0,1
2026-08-12T11:00:57.475985,27.6675,0.369916,0.347338,0.358627,0.343487,OPEN,0,0.0,1
2026-08-12T11:00:57.503737,27.7007,0.363227,0.352177,0.357702,0.348462,OPEN,0,0.0,1
2026-08-12T11:00:57.541716,27.7344,0.357545,0.358944,0.358245,0.351886,OPEN,0,0.0,1
2026-08-12T11:00:57.569792,27.7624,0.35487,0.364528,0.359699,0.35462,OPEN,0,0.0,1
2026-08-12T11:00:57.606867,27.8004,0.353462,0.361782,0.357622,0.355671,OPEN,0,0.0,1
2026-08-12T11:00:57.635547,27.8331,0.353543,0.359812,0.356678,0.356023,OPEN,0,0.0,1
2026-08-12T11:00:57.654749,27.8524,0.356902,0.360827,0.358864,0.357018,OPEN,0,0.0,1
2026-08-12T11:00:57.675253,27.8722,0.3565,0.358243,0.357372,0.357142,OPEN,0,0.0,1
2026-08-12T11:00:57.746495,27.9395,0.353751,0.361968,0.35786,0.357393,OPEN,0,0.0,1
2026-08-12T11:00:57.774119,27.9678,0.364105,0.362832,0.363469,0.359519,OPEN,0,0.0,1
2026-08-12T11:00:57.805177,28.0018,0.35933,0.363062,0.361196,0.360106,OPEN,0,0.0,1
2026-08-12T11:00:57.840908,28.0376,0.35168,0.356879,0.354279,0.358067,OPEN,0,0.0,1
2026-08-12T11:00:57.872839,28.0704,0.35224,0.354545,0.353393,0.356431,OPEN,0,0.0,1
2026-08-12T11:00:57.902298,28.0981,0.353699,0.360525,0.357112,0.356669,OPEN,0,0.0,1
2026-08-12T11:00:57.936024,28.1325,0.358609,0.369521,0.364065,0.359258,OPEN,0,0.0,1
2026-08-12T11:00:57.969999,28.1669,0.357325,0.36723,0.362277,0.360315,OPEN,0,0.0,1
2026-08-12T11:00:57.996856,28.1921,0.35697,0.363521,0.360245,0.36029,OPEN,0,0.0,1
2026-08-12T11:00:58.031152,28.2284,0.359874,0.365286,0.36258,0.361092,OPEN,0,0.0,1
2026-08-12T11:00:58.053292,28.2465,0.361561,0.36217,0.361865,0.361362,OPEN,0,0.0,1
2026-08-12T11:00:58.082619,28.2799,0.346692,0.35849,0.352591,0.358292,OPEN,0,0.0,1
2026-08-12T11:00:58.146447,28.3382,0.354787,0.361753,0.35827,0.358285,OPEN,0,0.0,1
2026-08-12T11:00:58.175741,28.3722,0.350219,0.365642,0.35793,0.35816,OPEN,0,0.0,1
2026-08-12T11:00:58.209464,28.4062,0.258627,0.298843,0.278735,0.330362,OPEN,0,0.0,1
2026-08-12T11:00:58.249198,28.4406,0.088121,0.11345,0.100785,0.25001,OPEN,0,0.0,1
2026-08-12T11:00:58.273833,28.4697,0.051267,0.068307,0.059787,0.183432,CLOSING,0,0.0,1
2026-08-12T11:00:58.306836,28.5042,0.063909,0.067823,0.065866,0.142284,CLOSING,0,0.0,1
2026-08-12T11:00:58.331685,28.5281,0.067501,0.070014,0.068758,0.11655,CLOSED,0,0.0,1
2026-08-12T11:00:58.367787,28.5612,0.057821,0.067656,0.062738,0.097716,CLOSED,0,0.0,1
2026-08-12T11:00:58.397740,28.5945,0.083647,0.089969,0.086808,0.093898,CLOSED,0,0.0,1
2026-08-12T11:00:58.427837,28.6239,0.197692,0.175056,0.186374,0.126265,CLOSED,0,0.0,1
2026-08-12T11:00:58.464651,28.661,0.286771,0.273301,0.280036,0.180085,CLOSED,0,0.0,1
2026-08-12T11:00:58.507185,28.7013,0.299202,0.290439,0.294821,0.220242,CLOSED,0,0.0,1
2026-08-12T11:00:58.539565,28.7354,0.353042,0.363331,0.358187,0.268523,OPENING,0,0.0,1
2026-08-12T11:00:58.572008,28.7686,0.359875,0.370917,0.365396,0.302428,OPEN,1,0.298893,1
2026-08-12T11:00:58.604745,28.8013,0.38064,0.393686,0.387163,0.332085,OPEN,0,0.0,1
2026-08-12T11:00:58.638301,28.8342,0.395117,0.418768,0.406942,0.358285,OPEN,0,0.0,1
2026-08-12T11:00:58.670527,28.8654,0.401508,0.418135,0.409821,0.376323,OPEN,0,0.0,1
2026-08-12T11:00:58.707144,28.9008,0.398841,0.419852,0.409346,0.387881,OPEN,0,0.0,1
2026-08-12T11:00:58.736711,28.9339,0.391889,0.414223,0.403056,0.393192,OPEN,0,0.0,1
2026-08-12T11:00:58.762698,28.9604,0.39094,0.406455,0.398698,0.395119,OPEN,0,0.0,1
2026-08-12T11:00:58.794818,28.9921,0.391405,0.402066,0.396736,0.395685,OPEN,0,0.0,1
2026-08-12T11:00:58.827541,29.0244,0.392649,0.402213,0.397431,0.396296,OPEN,0,0.0,1
2026-08-12T11:00:58.862531,29.0587,0.404706,0.413401,0.409054,0.400761,OPEN,0,0.0,1
2026-08-12T11:00:58.886044,29.0773,0.404928,0.414899,0.409914,0.403965,OPEN,0,0.0,1
2026-08-12T11:00:58.945477,29.1384,0.419206,0.413602,0.416404,0.408318,OPEN,0,0.0,1
2026-08-12T11:00:58.975660,29.1717,0.4214,0.415031,0.418216,0.411783,OPEN,0,0.0,1
2026-08-12T11:00:59.009242,29.2057,0.419335,0.416665,0.418,0.413959,OPEN,0,0.0,1
2026-08-12T11:00:59.042667,29.2396,0.402162,0.419676,0.410919,0.412895,OPEN,0,0.0,1
2026-08-12T11:00:59.079023,29.2738,0.406798,0.425775,0.416287,0.414082,OPEN,0,0.0,1
2026-08-12T11:00:59.111856,29.3071,0.404526,0.422961,0.413743,0.413963,OPEN,0,0.0,1
2026-08-12T11:00:59.135837,29.3334,0.40202,0.418884,0.410452,0.412734,OPEN,0,0.0,1
2026-08-12T11:00:59.163101,29.3603,0.397106,0.415249,0.406178,0.41044,OPEN,0,0.0,1
2026-08-12T11:00:59.194709,29.3921,0.391286,0.41146,0.401373,0.407266,OPEN,0,0.0,1
2026-08-12T11:00:59.228660,29.4236,0.385244,0.408175,0.396709,0.403571,OPEN,0,0.0,1
2026-08-12T11:00:59.264022,29.4591,0.392224,0.409925,0.401074,0.402697,OPEN,0,0.0,1
2026-08-12T11:00:59.298905,29.4936,0.392027,0.414238,0.403132,0.40285,OPEN,0,0.0,1
2026-08-12T11:00:59.328823,29.5235,0.388636,0.408401,0.398519,0.401334,OPEN,0,0.0,1
2026-08-12T11:00:59.372031,29.5675,0.385325,0.405042,0.395183,0.399181,OPEN,0,0.0,1
2026-08-12T11:00:59.403794,29.6016,0.385894,0.403101,0.394497,0.397542,OPEN,0,0.0,1
2026-08-12T11:00:59.435263,29.6326,0.386318,0.406338,0.396328,0.397117,OPEN,0,0.0,1
2026-08-12T11:00:59.469205,29.6654,0.388261,0.409846,0.399053,0.397795,OPEN,0,0.0,1
2026-08-12T11:00:59.503034,29.6986,0.389285,0.410562,0.399924,0.39854,OPEN,0,0.0,1
2026-08-12T11:00:59.536299,29.7332,0.390152,0.412301,0.401227,0.39948,OPEN,0,0.0,1
2026-08-12T11:00:59.566720,29.7632,0.395663,0.41427,0.404967,0.4014,OPEN,0,0.0,1
2026-08-12T11:00:59.599798,29.7948,0.396403,0.414242,0.405323,0.402773,OPEN,0,0.0,1
2026-08-12T11:00:59.631944,29.8279,0.394975,0.412747,0.403861,0.403154,OPEN,0,0.0,1
2026-08-12T11:00:59.664137,29.861,0.39505,0.41116,0.403105,0.403137,OPEN,0,0.0,1
2026-08-12T11:00:59.698940,29.8948,0.394047,0.412678,0.403362,0.403216,OPEN,0,0.0,1
2026-08-12T11:00:59.734525,29.928,0.351679,0.363324,0.357501,0.387216,OPEN,0,0.0,1
2026-08-12T11:00:59.765760,29.9612,0.123151,0.123107,0.123129,0.294785,OPEN,0,0.0,1
2026-08-12T11:00:59.806716,30.001,0.082323,0.066773,0.074548,0.217702,CLOSING,0,0.0,1
2026-08-12T11:00:59.843075,30.0363,0.158828,0.148044,0.153436,0.195209,CLOSING,0,0.0,1
2026-08-12T11:00:59.879783,30.0714,0.177303,0.189604,0.183453,0.191095,CLOSED,0,0.0,1
2026-08-12T11:00:59.913230,30.1054,0.222941,0.214355,0.218648,0.200738,CLOSED,0,0.0,1
2026-08-12T11:00:59.947865,30.1395,0.275116,0.280415,0.277766,0.227698,CLOSED,0,0.0,1
2026-08-12T11:00:59.987611,30.174,0.337748,0.339856,0.338802,0.266584,OPENING,0,0.0,1
2026-08-12T11:01:00.019953,30.2107,0.354607,0.356701,0.355654,0.297759,OPEN,1,0.209729,1
2026-08-12T11:01:00.049467,30.2437,0.364332,0.373274,0.368803,0.322624,OPEN,0,0.0,1
2026-08-12T11:01:00.079359,30.2774,0.366111,0.374533,0.370322,0.339319,OPEN,0,0.0,1
2026-08-12T11:01:00.097468,30.2955,0.365674,0.37323,0.369452,0.349865,OPEN,0,0.0,1
2026-08-12T11:01:00.120533,30.3186,0.368855,0.377905,0.37338,0.358095,OPEN,0,0.0,1
2026-08-12T11:01:00.161030,30.3546,0.366526,0.380421,0.373474,0.363478,OPEN,0,0.0,1
2026-08-12T11:01:00.215713,30.4076,0.373322,0.382578,0.37795,0.368543,OPEN,0,0.0,1
2026-08-12T11:01:00.237745,30.4319,0.371786,0.381309,0.376548,0.371345,OPEN,0,0.0,1
2026-08-12T11:01:00.266124,30.4628,0.373023,0.37891,0.375967,0.372962,OPEN,0,0.0,1
2026-08-12T11:01:00.306531,30.4991,0.370671,0.377367,0.374019,0.373332,OPEN,0,0.0,1
2026-08-12T11:01:00.334060,30.5288,0.368856,0.380951,0.374904,0.373882,OPEN,0,0.0,1
2026-08-12T11:01:00.369239,30.5611,0.368327,0.379091,0.373709,0.373822,OPEN,0,0.0,1
2026-08-12T11:01:00.407018,30.6009,0.368917,0.385071,0.376994,0.374932,OPEN,0,0.0,1
2026-08-12T11:01:00.450893,30.6427,0.370512,0.385476,0.377994,0.376004,OPEN,0,0.0,1
2026-08-12T11:01:00.487154,30.6761,0.370597,0.384336,0.377466,0.376516,OPEN,0,0.0,1
2026-08-12T11:01:00.504679,30.7008,0.371331,0.383322,0.377327,0.376799,OPEN,0,0.0,1
2026-08-12T11:01:00.541038,30.7346,0.363386,0.384281,0.373834,0.375761,OPEN,0,0.0,1
2026-08-12T11:01:00.575457,30.7681,0.366132,0.384142,0.375137,0.375543,OPEN,0,0.0,1
2026-08-12T11:01:00.610840,30.803,0.36774,0.384402,0.376071,0.375728,OPEN,0,0.0,1
2026-08-12T11:01:00.644943,30.8401,0.3676,0.383679,0.37564,0.375697,OPEN,0,0.0,1
2026-08-12T11:01:00.673458,30.866,0.367383,0.383052,0.375217,0.375529,OPEN,0,0.0,1
2026-08-12T11:01:00.705127,30.8991,0.368974,0.384283,0.376629,0.375914,OPEN,0,0.0,1
2026-08-12T11:01:00.739076,30.9325,0.37132,0.389514,0.380417,0.37749,OPEN,0,0.0,1
2026-08-12T11:01:00.768973,30.9652,0.370852,0.388029,0.37944,0.378173,OPEN,0,0.0,1
2026-08-12T11:01:00.802942,30.9987,0.373169,0.388947,0.381058,0.379182,OPEN,0,0.0,1
2026-08-12T11:01:00.840082,31.0325,0.373982,0.390817,0.3824,0.380308,OPEN,0,0.0,1
2026-08-12T11:01:00.880617,31.0729,0.379015,0.395902,0.387459,0.382811,OPEN,0,0.0,1
2026-08-12T11:01:00.915762,31.1072,0.37951,0.396509,0.388009,0.38463,OPEN,0,0.0,1
2026-08-12T11:01:00.951001,31.1414,0.37719,0.394868,0.386029,0.38512,OPEN,0,0.0,1
2026-08-12T11:01:00.982930,31.1753,0.378589,0.395605,0.387097,0.385812,OPEN,0,0.0,1
2026-08-12T11:01:01.017409,31.2093,0.383896,0.397268,0.390582,0.387481,OPEN,0,0.0,1
2026-08-12T11:01:01.051140,31.2439,0.38434,0.397797,0.391069,0.388737,OPEN,0,0.0,1
2026-08-12T11:01:01.069208,31.2675,0.384301,0.399239,0.39177,0.389798,OPEN,0,0.0,1
2026-08-12T11:01:01.104853,31.2965,0.385968,0.405339,0.395654,0.391848,OPEN,0,0.0,1
2026-08-12T11:01:01.136337,31.3305,0.386653,0.404142,0.395397,0.39309,OPEN,0,0.0,1
2026-08-12T11:01:01.168849,31.3615,0.385659,0.404037,0.394848,0.393705,OPEN,0,0.0,1
2026-08-12T11:01:01.202739,31.3963,0.390065,0.401946,0.396005,0.39451,OPEN,0,0.0,1
2026-08-12T11:01:01.237270,31.4299,0.391879,0.407264,0.399571,0.396282,OPEN,0,0.0,1
2026-08-12T11:01:01.270429,31.4638,0.379795,0.39782,0.388807,0.393666,OPEN,0,0.0,1
2026-08-12T11:01:01.313703,31.506,0.199125,0.164341,0.181733,0.319489,OPEN,0,0.0,1
2026-08-12T11:01:01.350326,31.5409,0.084519,0.072735,0.078627,0.235187,CLOSING,0,0.0,1
2026-08-12T11:01:01.383931,31.5744,0.151509,0.134125,0.142817,0.202858,CLOSING,0,0.0,1
2026-08-12T11:01:01.417348,31.6096,0.17126,0.163478,0.167369,0.190437,CLOSED,0,0.0,1
2026-08-12T11:01:01.453939,31.6447,0.221158,0.220357,0.220757,0.201049,CLOSED,0,0.0,1
2026-08-12T11:01:01.486252,31.6778,0.301593,0.27814,0.289867,0.232135,CLOSED,0,0.0,1
2026-08-12T11:01:01.522100,31.7152,0.346897,0.34297,0.344934,0.271615,OPENING,0,0.0,1
2026-08-12T11:01:01.551994,31.7487,0.368106,0.374156,0.371131,0.306445,OPEN,1,0.207791,1
2026-08-12T11:01:01.584970,31.7825,0.376828,0.382126,0.379477,0.332006,OPEN,0,0.0,1
2026-08-12T11:01:01.602343,31.8007,0.382087,0.386583,0.384335,0.350322,OPEN,0,0.0,1
2026-08-12T11:01:01.625771,31.8229,0.384746,0.387538,0.386142,0.362859,OPEN,0,0.0,1
2026-08-12T11:01:01.657946,31.8555,0.386244,0.397054,0.391649,0.372935,OPEN,0,0.0,1
2026-08-12T11:01:01.689969,31.8879,0.394257,0.405251,0.399754,0.382322,OPEN,0,0.0,1
2026-08-12T11:01:01.731963,31.9267,0.397961,0.408097,0.403029,0.389569,OPEN,0,0.0,1
2026-08-12T11:01:01.763337,31.953,0.399722,0.41037,0.405046,0.394986,OPEN,0,0.0,1
2026-08-12T11:01:01.788317,31.9858,0.399289,0.410587,0.404938,0.398469,OPEN,0,0.0,1
2026-08-12T11:01:01.821044,32.0163,0.402186,0.412003,0.407095,0.401488,OPEN,0,0.0,1
2026-08-12T11:01:01.858736,32.0508,0.401432,0.413395,0.407413,0.403562,OPEN,0,0.0,1
2026-08-12T11:01:01.906860,32.0989,0.400739,0.411697,0.406218,0.404491,OPEN,0,0.0,1
2026-08-12T11:01:01.938709,32.1346,0.398229,0.410187,0.404208,0.404392,OPEN,0,0.0,1
2026-08-12T11:01:01.968702,32.1619,0.397257,0.409496,0.403376,0.404037,OPEN,0,0.0,1
2026-08-12T11:01:02.000076,32.1941,0.404925,0.412681,0.408803,0.405705,OPEN,0,0.0,1
2026-08-12T11:01:02.034267,32.2267,0.402208,0.415262,0.408735,0.406765,OPEN,0,0.0,1
2026-08-12T11:01:02.064921,32.2579,0.398594,0.410737,0.404666,0.406031,OPEN,0,0.0,1
2026-08-12T11:01:02.096018,32.2896,0.398234,0.410285,0.40426,0.405411,OPEN,0,0.0,1
2026-08-12T11:01:02.130203,32.3219,0.39832,0.409939,0.404129,0.404962,OPEN,0,0.0,1
2026-08-12T11:01:02.165421,32.36,0.400308,0.412085,0.406197,0.405394,OPEN,0,0.0,1
2026-08-12T11:01:02.190622,32.3872,0.399963,0.410773,0.405368,0.405385,OPEN,0,0.0,1
2026-08-12T11:01:02.228009,32.4214,0.401677,0.412496,0.407086,0.405981,OPEN,0,0.0,1
2026-08-12T11:01:02.262953,32.4553,0.401482,0.412689,0.407086,0.406367,OPEN,0,0.0,1
2026-08-12T11:01:02.297345,32.4891,0.403477,0.413983,0.40873,0.407194,OPEN,0,0.0,1
2026-08-12T11:01:02.339804,32.5316,0.403925,0.414757,0.409341,0.407946,OPEN,0,0.0,1
2026-08-12T11:01:02.371407,32.5678,0.403477,0.414787,0.409132,0.408361,OPEN,0,0.0,1
2026-08-12T11:01:02.407415,32.6016,0.404511,0.41642,0.410465,0.409097,OPEN,0,0.0,1
2026-08-12T11:01:02.442610,32.6355,0.408694,0.423676,0.416185,0.411578,OPEN,0,0.0,1
2026-08-12T11:01:02.474831,32.6688,0.407843,0.417276,0.412559,0.411921,OPEN,0,0.0,1
2026-08-12T11:01:02.505657,32.7019,0.41076,0.420275,0.415518,0.41318,OPEN,0,0.0,1
2026-08-12T11:01:02.545568,32.737,0.410713,0.419959,0.415336,0.413935,OPEN,0,0.0,1
2026-08-12T11:01:02.565661,32.7592,0.414052,0.422856,0.418454,0.415517,OPEN,0,0.0,1
2026-08-12T11:01:02.611251,32.8027,0.411645,0.420912,0.416278,0.415783,OPEN,0,0.0,1
2026-08-12T11:01:02.630158,32.8257,0.412101,0.422143,0.417122,0.416252,OPEN,0,0.0,1
2026-08-12T11:01:02.669868,32.8609,0.412751,0.424687,0.418719,0.417115,OPEN,0,0.0,1
2026-08-12T11:01:02.688356,32.8832,0.413307,0.424749,0.419028,0.417785,OPEN,0,0.0,1
2026-08-12T11:01:02.720474,32.914,0.416163,0.425905,0.421034,0.418922,OPEN,0,0.0,1
2026-08-12T11:01:02.772588,32.9635,0.416861,0.42707,0.421965,0.419987,OPEN,0,0.0,1
2026-08-12T11:01:02.805067,32.9991,0.419966,0.429256,0.424611,0.421605,OPEN,0,0.0,1
2026-08-12T11:01:02.838756,33.033,0.418593,0.430233,0.424413,0.422588,OPEN,0,0.0,1
2026-08-12T11:01:02.874710,33.0673,0.417876,0.432339,0.425107,0.42347,OPEN,0,0.0,1
2026-08-12T11:01:02.910332,33.102,0.421192,0.437147,0.42917,0.425465,OPEN,0,0.0,1
2026-08-12T11:01:02.932831,33.1257,0.420838,0.43634,0.428589,0.426558,OPEN,0,0.0,1
2026-08-12T11:01:02.960564,33.1535,0.418972,0.432977,0.425975,0.426354,OPEN,0,0.0,1
2026-08-12T11:01:02.994988,33.1878,0.41311,0.428169,0.42064,0.424354,OPEN,0,0.0,1
2026-08-12T11:01:03.030068,33.2241,0.196858,0.179831,0.188345,0.341751,OPEN,0,0.0,1
2026-08-12T11:01:03.068009,33.2598,0.074051,0.05223,0.063141,0.244237,CLOSING,0,0.0,1
2026-08-12T11:01:03.099524,33.2934,0.138186,0.106963,0.122574,0.201655,CLOSING,0,0.0,1
2026-08-12T11:01:03.133901,33.327,0.154517,0.1219,0.138208,0.179449,CLOSED,0,0.0,1
2026-08-12T11:01:03.167691,33.3604,0.230986,0.227266,0.229126,0.196836,CLOSED,0,0.0,1
2026-08-12T11:01:03.202558,33.3948,0.304451,0.301628,0.30304,0.234007,CLOSED,0,0.0,1
2026-08-12T11:01:03.233256,33.4292,0.352527,0.357189,0.354858,0.276305,OPENING,0,0.0,1
2026-08-12T11:01:03.265010,33.4587,0.379533,0.383375,0.381454,0.313107,OPEN,1,0.198913,1
2026-08-12T11:01:03.300448,33.4929,0.406172,0.416716,0.411444,0.347525,OPEN,0,0.0,1
2026-08-12T11:01:03.330394,33.5262,0.417131,0.431429,0.42428,0.374389,OPEN,0,0.0,1
2026-08-12T11:01:03.355659,33.5517,0.412425,0.425156,0.418791,0.38993,OPEN,0,0.0,1
2026-08-12T11:01:03.393010,33.5855,0.408236,0.421744,0.41499,0.398701,OPEN,0,0.0,1
2026-08-12T11:01:03.426640,33.619,0.405497,0.416829,0.411163,0.403063,OPEN,0,0.0,1
2026-08-12T11:01:03.457115,33.6548,0.405811,0.422521,0.414166,0.406949,OPEN,0,0.0,1
2026-08-12T11:01:03.483255,33.68,0.404079,0.41929,0.411685,0.408606,OPEN,0,0.0,1
2026-08-12T11:01:03.522326,33.715,0.401489,0.418709,0.410099,0.409129,OPEN,0,0.0,1
2026-08-12T11:01:03.555014,33.7483,0.404948,0.417424,0.411186,0.409849,OPEN,0,0.0,1
2026-08-12T11:01:03.603720,33.7955,0.401255,0.415863,0.408559,0.409397,OPEN,0,0.0,1
2026-08-12T11:01:03.631410,33.8269,0.4015,0.416294,0.408897,0.409222,OPEN,0,0.0,1
2026-08-12T11:01:03.665360,33.8629,0.400841,0.41726,0.40905,0.409162,OPEN,0,0.0,1
2026-08-12T11:01:03.693808,33.8887,0.401376,0.416824,0.4091,0.40914,OPEN,0,0.0,1
2026-08-12T11:01:03.729478,33.9225,0.400954,0.417125,0.40904,0.409105,OPEN,0,0.0,1
2026-08-12T11:01:03.761593,33.9563,0.406241,0.4199,0.41307,0.410493,OPEN,0,0.0,1
2026-08-12T11:01:03.801345,33.9938,0.405652,0.419331,0.412492,0.411193,OPEN,0,0.0,1
2026-08-12T11:01:03.831427,34.0275,0.405988,0.420079,0.413033,0.411837,OPEN,0,0.0,1
2026-08-12T11:01:03.865487,34.0616,0.41024,0.421466,0.415853,0.413242,OPEN,0,0.0,1
2026-08-12T11:01:03.898613,34.0957,0.41334,0.421184,0.417262,0.414649,OPEN,0,0.0,1
2026-08-12T11:01:03.930280,34.1285,0.412105,0.419382,0.415744,0.415032,OPEN,0,0.0,1
2026-08-12T11:01:03.945982,34.1448,0.41246,0.418975,0.415718,0.415272,OPEN,0,0.0,1
2026-08-12T11:01:03.980813,34.1767,0.414099,0.420393,0.417246,0.415963,OPEN,0,0.0,1
2026-08-12T11:01:04.037627,34.2279,0.412327,0.418834,0.41558,0.415829,OPEN,0,0.0,1
2026-08-12T11:01:04.061078,34.2583,0.412453,0.41986,0.416156,0.415944,OPEN,0,0.0,1
2026-08-12T11:01:04.103728,34.2969,0.411264,0.420971,0.416118,0.416005,OPEN,0,0.0,1
2026-08-12T11:01:04.140137,34.3319,0.409114,0.420135,0.414624,0.415521,OPEN,0,0.0,1
2026-08-12T11:01:04.174406,34.3664,0.407866,0.419884,0.413875,0.414945,OPEN,0,0.0,1
2026-08-12T11:01:04.208153,34.3997,0.409522,0.421914,0.415718,0.415216,OPEN,0,0.0,1
2026-08-12T11:01:04.241955,34.4337,0.408517,0.422245,0.415381,0.415274,OPEN,0,0.0,1
2026-08-12T11:01:04.278419,34.4681,0.410337,0.426532,0.418435,0.41638,OPEN,0,0.0,1
2026-08-12T11:01:04.316405,34.5025,0.414527,0.432744,0.423636,0.418919,OPEN,0,0.0,1
2026-08-12T11:01:04.354622,34.547,0.418918,0.434017,0.426467,0.421561,OPEN,0,0.0,1
2026-08-12T11:01:04.389089,34.5817,0.418068,0.433592,0.42583,0.423055,OPEN,0,0.0,1
2026-08-12T11:01:04.421932,34.6157,0.418268,0.435068,0.426668,0.42432,OPEN,0,0.0,1
2026-08-12T11:01:04.459952,34.6511,0.418075,0.432832,0.425454,0.424717,OPEN,0,0.0,1
2026-08-12T11:01:04.482031,34.6746,0.418032,0.43173,0.424881,0.424774,OPEN,0,0.0,1
2026-08-12T11:01:04.521409,34.7094,0.418171,0.432617,0.425394,0.424991,OPEN,0,0.0,1
2026-08-12T11:01:04.539504,34.7349,0.420222,0.435422,0.427822,0.425982,OPEN,0,0.0,1
2026-08-12T11:01:04.579542,34.7706,0.420092,0.436727,0.428409,0.426831,OPEN,0,0.0,1
2026-08-12T11:01:04.596185,34.7932,0.42148,0.441081,0.43128,0.428389,OPEN,0,0.0,1
2026-08-12T11:01:04.619549,34.8149,0.424747,0.444901,0.434824,0.430641,OPEN,0,0.0,1
2026-08-12T11:01:04.657585,34.8501,0.438182,0.454904,0.446543,0.436207,OPEN,0,0.0,1
2026-08-12T11:01:04.689028,34.8816,0.482874,0.488122,0.485498,0.453459,OPEN,0,0.0,1
2026-08-12T11:01:04.721961,34.9152,0.508682,0.514082,0.511382,0.473732,OPEN,0,0.0,1
2026-08-12T11:01:04.752985,34.9501,0.520371,0.53728,0.528826,0.493015,OPEN,0,0.0,1
2026-08-12T11:01:04.779224,34.976,0.524649,0.54704,0.535845,0.508005,OPEN,0,0.0,1
2026-08-12T11:01:04.816247,35.0092,0.536528,0.555226,0.545877,0.52126,OPEN,0,0.0,1
2026-08-12T11:01:04.848489,35.0418,0.536391,0.559196,0.547793,0.530547,OPEN,0,0.0,1
2026-08-12T11:01:04.897418,35.0905,0.538632,0.561772,0.550202,0.537426,OPEN,0,0.0,1
2026-08-12T11:01:04.931234,35.1227,0.542117,0.571312,0.556715,0.544177,OPEN,0,0.0,1
2026-08-12T11:01:04.965732,35.1594,0.548666,0.576377,0.562522,0.550598,OPEN,0,0.0,1
2026-08-12T11:01:05.002399,35.1942,0.547732,0.579004,0.563368,0.555067,OPEN,0,0.0,1
2026-08-12T11:01:05.020414,35.2163,0.547058,0.577862,0.56246,0.557655,OPEN,0,0.0,1
2026-08-12T11:01:05.056323,35.2498,0.545309,0.577626,0.561468,0.558989,OPEN,0,0.0,1
2026-08-12T11:01:05.091340,35.2833,0.541445,0.57489,0.558168,0.558702,OPEN,0,0.0,1
2026-08-12T11:01:05.124103,35.317,0.549075,0.581296,0.565186,0.560971,OPEN,0,0.0,1
2026-08-12T11:01:05.157506,35.3503,0.542479,0.580356,0.561417,0.561127,OPEN,0,0.0,1
2026-08-12T11:01:05.203047,35.3945,0.522785,0.57181,0.547297,0.556287,OPEN,0,0.0,1
2026-08-12T11:01:05.236083,35.4289,0.231351,0.222929,0.22714,0.441085,OPEN,0,0.0,1
2026-08-12T11:01:05.269907,35.4624,0.084909,0.061251,0.07308,0.312283,OPEN,0,0.0,1
2026-08-12T11:01:05.302127,35.4958,0.088765,0.059385,0.074075,0.22891,CLOSING,0,0.0,1
2026-08-12T11:01:05.336333,35.5307,0.1624,0.131693,0.147047,0.200258,CLOSING,0,0.0,1
2026-08-12T11:01:05.370937,35.5643,0.194631,0.223476,0.209053,0.203336,CLOSED,0,0.0,1
2026-08-12T11:01:05.406645,35.6004,0.308684,0.363274,0.335979,0.249761,CLOSED,0,0.0,1
2026-08-12T11:01:05.444763,35.6358,0.415507,0.462519,0.439013,0.315999,OPENING,0,0.0,1
2026-08-12T11:01:05.480200,35.6701,0.474825,0.516415,0.49562,0.378867,OPEN,1,0.174225,1
2026-08-12T11:01:05.502065,35.6939,0.499294,0.53657,0.517932,0.42754,OPEN,0,0.0,1
2026-08-12T11:01:05.535019,35.7276,0.524417,0.552423,0.53842,0.466348,OPEN,0,0.0,1
2026-08-12T11:01:05.571010,35.7623,0.52436,0.547604,0.535982,0.49072,OPEN,0,0.0,1
2026-08-12T11:01:05.588852,35.7847,0.520545,0.54872,0.534633,0.506089,OPEN,0,0.0,1
2026-08-12T11:01:05.634064,35.826,0.517997,0.556887,0.537442,0.517063,OPEN,0,0.0,1
2026-08-12T11:01:05.652235,35.8473,0.524928,0.561164,0.543046,0.526157,OPEN,0,0.0,1
2026-08-12T11:01:05.679107,35.8743,0.52633,0.563378,0.544854,0.532701,OPEN,0,0.0,1
2026-08-12T11:01:05.722503,35.9201,0.538469,0.58637,0.56242,0.543102,OPEN,0,0.0,1
2026-08-12T11:01:05.753660,35.9513,0.535804,0.580734,0.558269,0.548411,OPEN,0,0.0,1
2026-08-12T11:01:05.792664,35.9858,0.536182,0.576311,0.556247,0.551153,OPEN,0,0.0,1
2026-08-12T11:01:05.830622,36.0233,0.542267,0.576335,0.559301,0.554005,OPEN,0,0.0,1
2026-08-12T11:01:05.865217,36.0578,0.541415,0.574776,0.558096,0.555437,OPEN,0,0.0,1
2026-08-12T11:01:05.883749,36.0797,0.541578,0.572741,0.55716,0.55604,OPEN,0,0.0,1
2026-08-12T11:01:05.915684,36.1129,0.543377,0.575628,0.559502,0.557252,OPEN,0,0.0,1
2026-08-12T11:01:05.951075,36.1446,0.553197,0.579372,0.566284,0.560413,OPEN,0,0.0,1
2026-08-12T11:01:05.985288,36.1778,0.557362,0.579753,0.568557,0.563264,OPEN,0,0.0,1
2026-08-12T11:01:06.016040,36.2115,0.550333,0.578576,0.564455,0.563681,OPEN,0,0.0,1
2026-08-12T11:01:06.051154,36.2478,0.551271,0.578339,0.564805,0.564074,OPEN,0,0.0,1
2026-08-12T11:01:06.085380,36.2816,0.548511,0.576778,0.562645,0.563574,OPEN,0,0.0,1
2026-08-12T11:01:06.119503,36.3156,0.548296,0.565049,0.556672,0.561158,OPEN,0,0.0,1
2026-08-12T11:01:06.156423,36.352,0.542537,0.561122,0.55183,0.557893,OPEN,0,0.0,1
2026-08-12T11:01:06.186811,36.384,0.534173,0.552674,0.543424,0.552829,OPEN,0,0.0,1
2026-08-12T11:01:06.220574,36.4177,0.529791,0.548572,0.539182,0.548052,OPEN,0,0.0,1
2026-08-12T11:01:06.254658,36.4524,0.52406,0.541153,0.532607,0.542646,OPEN,0,0.0,1
2026-08-12T11:01:06.284182,36.4804,0.523991,0.539606,0.531798,0.53885,OPEN,0,0.0,1
2026-08-12T11:01:06.316687,36.5142,0.523101,0.541469,0.532285,0.536552,OPEN,0,0.0,1
2026-08-12T11:01:06.348652,36.5446,0.530423,0.54595,0.538187,0.537124,OPEN,0,0.0,1
2026-08-12T11:01:06.386324,36.5787,0.530652,0.544597,0.537624,0.537299,OPEN,0,0.0,1
2026-08-12T11:01:06.420726,36.6127,0.531143,0.544405,0.537774,0.537466,OPEN,0,0.0,1
2026-08-12T11:01:06.447460,36.641,0.520702,0.534185,0.527443,0.533958,OPEN,0,0.0,1
2026-08-12T11:01:06.483947,36.6795,0.522404,0.531034,0.526719,0.531424,OPEN,0,0.0,1
2026-08-12T11:01:06.521646,36.7141,0.522257,0.528448,0.525352,0.529299,OPEN,0,0.0,1
2026-08-12T11:01:06.555219,36.7478,0.523381,0.529068,0.526225,0.528223,OPEN,0,0.0,1
2026-08-12T11:01:06.596731,36.786,0.523123,0.534731,0.528927,0.528469,OPEN,0,0.0,1
2026-08-12T11:01:06.623423,36.8199,0.52229,0.532759,0.527524,0.528139,OPEN,0,0.0,1
2026-08-12T11:01:06.655559,36.8534,0.514978,0.531337,0.523157,0.526395,OPEN,0,0.0,1
2026-08-12T11:01:06.687407,36.885,0.520986,0.5347,0.527843,0.526902,OPEN,0,0.0,1
2026-08-12T11:01:06.715840,36.912,0.520525,0.528405,0.524465,0.526049,OPEN,0,0.0,1
2026-08-12T11:01:06.753689,36.9466,0.517192,0.52883,0.523011,0.524986,OPEN,0,0.0,1
2026-08-12T11:01:06.788895,36.9797,0.494175,0.515263,0.504719,0.517892,OPEN,0,0.0,1
2026-08-12T11:01:06.812178,37.0087,0.201927,0.191858,0.196893,0.405542,OPEN,0,0.0,1
2026-08-12T11:01:06.848143,37.0416,0.062309,0.051116,0.056712,0.283452,OPEN,0,0.0,1
2026-08-12T11:01:06.881923,37.0754,0.057902,0.054612,0.056257,0.203934,CLOSING,0,0.0,1
2026-08-12T11:01:06.944062,37.1373,0.213225,0.234983,0.224104,0.210993,CLOSED,0,0.0,1
2026-08-12T11:01:06.962120,37.1583,0.250088,0.266759,0.258423,0.227594,CLOSED,0,0.0,1
2026-08-12T11:01:06.988622,37.1843,0.262177,0.281043,0.27161,0.242999,CLOSED,0,0.0,1
2026-08-12T11:01:07.021126,37.2183,0.334704,0.323974,0.329339,0.273218,OPENING,0,0.0,1
2026-08-12T11:01:07.050381,37.247,0.375603,0.369318,0.372461,0.307953,OPEN,1,0.171589,1
2026-08-12T11:01:07.088945,37.2816,0.413154,0.401138,0.407146,0.342671,OPEN,0,0.0,1
2026-08-12T11:01:07.122481,37.3182,0.42971,0.426155,0.427933,0.372512,OPEN,0,0.0,1
2026-08-12T11:01:07.145814,37.3441,0.428109,0.428044,0.428077,0.39196,OPEN,0,0.0,1
2026-08-12T11:01:07.184831,37.378,0.42387,0.437074,0.430472,0.405439,OPEN,0,0.0,1
2026-08-12T11:01:07.218260,37.411,0.424883,0.438728,0.431806,0.414668,OPEN,0,0.0,1
2026-08-12T11:01:07.249642,37.443,0.427578,0.441492,0.434535,0.421621,OPEN,0,0.0,1
2026-08-12T11:01:07.282994,37.4767,0.43298,0.44898,0.44098,0.428397,OPEN,0,0.0,1
2026-08-12T11:01:07.350271,37.5433,0.431548,0.446604,0.439076,0.432135,OPEN,0,0.0,1
2026-08-12T11:01:07.371366,37.5649,0.431118,0.446786,0.438952,0.434521,OPEN,0,0.0,1
2026-08-12T11:01:07.389436,37.585,0.432136,0.445999,0.439068,0.436112,OPEN,0,0.0,1
2026-08-12T11:01:07.425627,37.6186,0.43217,0.446848,0.439509,0.437301,OPEN,0,0.0,1
2026-08-12T11:01:07.456455,37.6494,0.433426,0.445403,0.439414,0.438041,OPEN,0,0.0,1
2026-08-12T11:01:07.489690,37.6827,0.435091,0.445853,0.440472,0.438892,OPEN,0,0.0,1
2026-08-12T11:01:07.523489,37.7165,0.434705,0.445335,0.44002,0.439286,OPEN,0,0.0,1
2026-08-12T11:01:07.550724,37.7441,0.432919,0.445354,0.439136,0.439234,OPEN,0,0.0,1
2026-08-12T11:01:07.587029,37.7824,0.42847,0.444769,0.436619,0.438319,OPEN,0,0.0,1
2026-08-12T11:01:07.621383,37.8148,0.428075,0.445225,0.43665,0.437735,OPEN,0,0.0,1
2026-08-12T11:01:07.656199,37.8483,0.427559,0.445264,0.436412,0.437272,OPEN,0,0.0,1
2026-08-12T11:01:07.675520,37.8729,0.426089,0.445372,0.435731,0.436732,OPEN,0,0.0,1
2026-08-12T11:01:07.745526,37.9386,0.427964,0.447686,0.437825,0.437115,OPEN,0,0.0,1
2026-08-12T11:01:07.783502,37.9797,0.43127,0.448805,0.440038,0.438138,OPEN,0,0.0,1
2026-08-12T11:01:07.820031,38.015,0.434689,0.450645,0.442667,0.439723,OPEN,0,0.0,1
2026-08-12T11:01:07.852411,38.0492,0.434149,0.452617,0.443383,0.441004,OPEN,0,0.0,1
2026-08-12T11:01:07.884677,38.082,0.43498,0.453124,0.444052,0.442071,OPEN,0,0.0,1
2026-08-12T11:01:07.905708,38.1,0.435121,0.453111,0.444116,0.442787,OPEN,0,0.0,1
2026-08-12T11:01:07.938288,38.1329,0.432442,0.452406,0.442424,0.44266,OPEN,0,0.0,1
2026-08-12T11:01:07.973068,38.1662,0.432705,0.455952,0.444328,0.443244,OPEN,0,0.0,1
2026-08-12T11:01:08.010524,38.1998,0.433258,0.456378,0.444818,0.443795,OPEN,0,0.0,1
2026-08-12T11:01:08.029743,38.2246,0.434513,0.456412,0.445463,0.444378,OPEN,0,0.0,1
2026-08-12T11:01:08.063818,38.2586,0.435711,0.45627,0.44599,0.444943,OPEN,0,0.0,1
2026-08-12T11:01:08.095294,38.2911,0.436404,0.457332,0.446868,0.445616,OPEN,0,0.0,1
2026-08-12T11:01:08.138699,38.3355,0.437458,0.457445,0.447452,0.446259,OPEN,0,0.0,1
2026-08-12T11:01:08.174303,38.3694,0.436506,0.456869,0.446688,0.446409,OPEN,0,0.0,1
2026-08-12T11:01:08.208273,38.4053,0.436802,0.456765,0.446784,0.44654,OPEN,0,0.0,1
2026-08-12T11:01:08.246808,38.4391,0.436664,0.455896,0.44628,0.446449,OPEN,0,0.0,1
2026-08-12T11:01:08.285370,38.4751,0.436327,0.454554,0.44544,0.446096,OPEN,0,0.0,1
2026-08-12T11:01:08.316245,38.5081,0.438451,0.454788,0.44662,0.446279,OPEN,0,0.0,1
2026-08-12T11:01:08.344631,38.5415,0.436808,0.449581,0.443194,0.4452,OPEN,0,0.0,1
2026-08-12T11:01:08.378397,38.5749,0.440827,0.449788,0.445308,0.445237,OPEN,0,0.0,1
2026-08-12T11:01:08.410831,38.608,0.439118,0.448292,0.443705,0.444701,OPEN,0,0.0,1
2026-08-12T11:01:08.433328,38.6247,0.439202,0.448751,0.443976,0.444447,OPEN,0,0.0,1
2026-08-12T11:01:08.458051,38.6561,0.439735,0.449835,0.444785,0.444565,OPEN,0,0.0,1
2026-08-12T11:01:08.476100,38.6743,0.440467,0.451175,0.445821,0.445005,OPEN,0,0.0,1
2026-08-12T11:01:08.547522,38.7392,0.43,0.444296,0.437148,0.442255,OPEN,0,0.0,1
2026-08-12T11:01:08.575544,38.7711,0.363518,0.387915,0.375717,0.418966,OPEN,0,0.0,1
2026-08-12T11:01:08.603108,38.7992,0.144102,0.130809,0.137455,0.320438,OPEN,0,0.0,1
2026-08-12T11:01:08.638916,38.8365,0.1362,0.105604,0.120902,0.2506,OPEN,0,0.0,1
2026-08-12T11:01:08.658398,38.8558,0.129336,0.096771,0.113054,0.202459,CLOSING,0,0.0,1
2026-08-12T11:01:08.690854,38.8881,0.16556,0.131001,0.14828,0.183496,CLOSING,0,0.0,1
2026-08-12T11:01:08.714853,38.9111,0.209826,0.207188,0.208507,0.19225,CLOSED,0,0.0,1
2026-08-12T11:01:08.746937,38.9441,0.275304,0.275296,0.2753,0.221318,CLOSED,0,0.0,1
2026-08-12T11:01:08.778460,38.9755,0.301873,0.305917,0.303895,0.25022,OPENING,0,0.0,1
2026-08-12T11:01:08.812837,39.0095,0.336524,0.335774,0.336149,0.280295,OPEN,1,0.153681,1
2026-08-12T11:01:08.846274,39.0427,0.358958,0.364299,0.361628,0.308762,OPEN,0,0.0,1
2026-08-12T11:01:08.882445,39.0776,0.378776,0.383831,0.381303,0.334151,OPEN,0,0.0,1
2026-08-12T11:01:08.947103,39.1391,0.389109,0.396859,0.392984,0.354743,OPEN,0,0.0,1
2026-08-12T11:01:08.972302,39.168,0.389339,0.396844,0.393092,0.368165,OPEN,0,0.0,1
2026-08-12T11:01:09.003426,39.2,0.396655,0.405711,0.401183,0.379721,OPEN,0,0.0,1
2026-08-12T11:01:09.036257,39.2332,0.403211,0.414419,0.408815,0.389904,OPEN,0,0.0,1
2026-08-12T11:01:09.061824,39.2516,0.405561,0.41716,0.411361,0.397414,OPEN,0,0.0,1
2026-08-12T11:01:09.085799,39.2821,0.416018,0.427357,0.421687,0.40591,OPEN,0,0.0,1
2026-08-12T11:01:09.119499,39.3164,0.426001,0.434672,0.430337,0.414459,OPEN,0,0.0,1
2026-08-12T11:01:09.156818,39.3512,0.428354,0.437758,0.433056,0.420968,OPEN,0,0.0,1
2026-08-12T11:01:09.190894,39.3852,0.426219,0.43613,0.431174,0.42454,OPEN,0,0.0,1
2026-08-12T11:01:09.223284,39.4181,0.426078,0.434069,0.430073,0.426477,OPEN,0,0.0,1
2026-08-12T11:01:09.246061,39.441,0.426824,0.434181,0.430503,0.427886,OPEN,0,0.0,1
2026-08-12T11:01:09.278977,39.475,0.429931,0.43844,0.434185,0.430091,OPEN,0,0.0,1
2026-08-12T11:01:09.344502,39.5378,0.431732,0.43735,0.434541,0.431648,OPEN,0,0.0,1
2026-08-12T11:01:09.376495,39.5724,0.431615,0.435495,0.433555,0.432316,OPEN,0,0.0,1
2026-08-12T11:01:09.405237,39.6003,0.431588,0.435144,0.433366,0.432683,OPEN,0,0.0,1
2026-08-12T11:01:09.433991,39.6311,0.428115,0.433252,0.430683,0.431983,OPEN,0,0.0,1
2026-08-12T11:01:09.467575,39.6645,0.43324,0.439456,0.436348,0.433511,OPEN,0,0.0,1
2026-08-12T11:01:09.507725,39.7041,0.436818,0.445212,0.441015,0.436137,OPEN,0,0.0,1
2026-08-12T11:01:09.546275,39.7389,0.433313,0.444528,0.438921,0.437111,OPEN,0,0.0,1
2026-08-12T11:01:09.564968,39.7603,0.433447,0.444692,0.439069,0.437797,OPEN,0,0.0,1
2026-08-12T11:01:09.599781,39.7945,0.437083,0.449935,0.443509,0.439796,OPEN,0,0.0,1
2026-08-12T11:01:09.637055,39.83,0.436898,0.448294,0.442596,0.440776,OPEN,0,0.0,1
2026-08-12T11:01:09.669409,39.8641,0.434084,0.445755,0.43992,0.440476,OPEN,0,0.0,1
2026-08-12T11:01:09.701760,39.8975,0.43278,0.442075,0.437428,0.439409,OPEN,0,0.0,1
2026-08-12T11:01:09.744196,39.9415,0.43306,0.434802,0.433931,0.437492,OPEN,0,0.0,1
2026-08-12T11:01:09.779591,39.9753,0.431347,0.430451,0.430899,0.435184,OPEN,0,0.0,1
2026-08-12T11:01:09.807697,40.0007,0.430181,0.42973,0.429955,0.433354,OPEN,0,0.0,1
2026-08-12T11:01:09.838779,40.0334,0.428129,0.427295,0.427712,0.431379,OPEN,0,0.0,1
2026-08-12T11:01:09.869959,40.0674,0.426615,0.42655,0.426583,0.4297,OPEN,0,0.0,1
2026-08-12T11:01:09.901947,40.095,0.430713,0.428542,0.429627,0.429675,OPEN,0,0.0,1
2026-08-12T11:01:09.937127,40.1326,0.433921,0.430414,0.432167,0.430547,OPEN,0,0.0,1
2026-08-12T11:01:09.972968,40.1668,0.437377,0.434237,0.435807,0.432388,OPEN,0,0.0,1
2026-08-12T11:01:10.008899,40.2015,0.435791,0.43238,0.434086,0.432982,OPEN,0,0.0,1
2026-08-12T11:01:10.046528,40.2367,0.43207,0.427527,0.429799,0.431868,OPEN,0,0.0,1
2026-08-12T11:01:10.067029,40.2602,0.43366,0.426948,0.430304,0.431321,OPEN,0,0.0,1
2026-08-12T11:01:10.102834,40.2952,0.429846,0.426618,0.428232,0.43024,OPEN,0,0.0,1
2026-08-12T11:01:10.146733,40.3381,0.1667,0.138596,0.152648,0.333083,OPEN,0,0.0,1
2026-08-12T11:01:10.181928,40.3756,0.060832,0.044145,0.052488,0.234875,CLOSING,0,0.0,1
2026-08-12T11:01:10.207011,40.4018,0.071372,0.049727,0.06055,0.173861,CLOSING,0,0.0,1
2026-08-12T11:01:10.240159,40.4352,0.117789,0.104247,0.111018,0.151866,CLOSED,0,0.0,1
2026-08-12T11:01:10.273825,40.4701,0.09973,0.122371,0.11105,0.137581,CLOSED,0,0.0,1
2026-08-12T11:01:10.307430,40.5034,0.201162,0.213864,0.207513,0.162057,CLOSED,0,0.0,1
2026-08-12T11:01:10.341620,40.5388,0.282252,0.308164,0.295208,0.20866,CLOSED,0,0.0,1
2026-08-12T11:01:10.359431,40.5575,0.308904,0.333554,0.321229,0.248059,CLOSED,0,0.0,1
2026-08-12T11:01:10.398629,40.594,0.350999,0.368776,0.359887,0.287199,OPENING,0,0.0,1
2026-08-12T11:01:10.434566,40.6284,0.378959,0.388332,0.383645,0.320955,OPEN,1,0.252824,1
2026-08-12T11:01:10.472419,40.6624,0.39634,0.405464,0.400902,0.348937,OPEN,0,0.0,1
2026-08-12T11:01:10.492674,40.6886,0.398715,0.412718,0.405716,0.368809,OPEN,0,0.0,1
2026-08-12T11:01:10.549180,40.7391,0.405122,0.420714,0.412918,0.384247,OPEN,0,0.0,1
2026-08-12T11:01:10.575060,40.7717,0.398587,0.415813,0.4072,0.392281,OPEN,0,0.0,1
2026-08-12T11:01:10.622712,40.817,0.398693,0.412532,0.405613,0.396947,OPEN,0,0.0,1
2026-08-12T11:01:10.655077,40.8507,0.395484,0.406995,0.401239,0.398449,OPEN,0,0.0,1
2026-08-12T11:01:10.689193,40.8845,0.393996,0.406796,0.400396,0.399131,OPEN,0,0.0,1
2026-08-12T11:01:10.720373,40.9171,0.399244,0.411527,0.405385,0.40132,OPEN,0,0.0,1
2026-08-12T11:01:10.752062,40.9498,0.40589,0.42068,0.413285,0.405508,OPEN,0,0.0,1
2026-08-12T11:01:10.768726,40.9669,0.405644,0.421706,0.413675,0.408366,OPEN,0,0.0,1
2026-08-12T11:01:10.789038,40.9865,0.411844,0.426927,0.419385,0.412223,OPEN,0,0.0,1
2026-08-12T11:01:10.812805,41.0107,0.413844,0.427513,0.420679,0.415182,OPEN,0,0.0,1
2026-08-12T11:01:10.852776,41.0428,0.413777,0.426273,0.420025,0.416877,OPEN,0,0.0,1
2026-08-12T11:01:10.881181,41.0767,0.416834,0.42733,0.422082,0.418699,OPEN,0,0.0,1
2026-08-12T11:01:10.945783,41.1375,0.420442,0.431621,0.426032,0.421265,OPEN,0,0.0,1
2026-08-12T11:01:10.977276,41.1701,0.42369,0.433615,0.428652,0.423851,OPEN,0,0.0,1
2026-08-12T11:01:11.006713,41.2043,0.424367,0.434483,0.429425,0.425802,OPEN,0,0.0,1
2026-08-12T11:01:11.036998,41.2348,0.424858,0.435766,0.430312,0.42738,OPEN,0,0.0,1
2026-08-12T11:01:11.067028,41.2641,0.431645,0.439549,0.435597,0.430256,OPEN,0,0.0,1
2026-08-12T11:01:11.105466,41.2983,0.435129,0.443755,0.439442,0.433471,OPEN,0,0.0,1
2026-08-12T11:01:11.136570,41.3308,0.438833,0.444321,0.441577,0.436308,OPEN,0,0.0,1
2026-08-12T11:01:11.167446,41.3623,0.436525,0.443847,0.440186,0.437666,OPEN,0,0.0,1
2026-08-12T11:01:11.189158,41.382,0.436597,0.444852,0.440724,0.438736,OPEN,0,0.0,1
2026-08-12T11:01:11.225817,41.4174,0.438225,0.446444,0.442335,0.439996,OPEN,0,0.0,1
2026-08-12T11:01:11.251188,41.4449,0.440951,0.446916,0.443934,0.441374,OPEN,0,0.0,1
2026-08-12T11:01:11.284326,41.4792,0.440952,0.447511,0.444232,0.442374,OPEN,0,0.0,1
2026-08-12T11:01:11.348188,41.5396,0.442608,0.448822,0.445715,0.443544,OPEN,0,0.0,1
2026-08-12T11:01:11.376727,41.5698,0.443108,0.448697,0.445903,0.444369,OPEN,0,0.0,1
2026-08-12T11:01:11.402492,41.5996,0.446071,0.449148,0.447609,0.445503,OPEN,0,0.0,1
2026-08-12T11:01:11.436009,41.6329,0.443827,0.448746,0.446286,0.445777,OPEN,0,0.0,1
2026-08-12T11:01:11.472713,41.6687,0.44287,0.44833,0.4456,0.445715,OPEN,0,0.0,1
2026-08-12T11:01:11.499654,41.6964,0.439218,0.447186,0.443202,0.444836,OPEN,0,0.0,1
2026-08-12T11:01:11.536563,41.7303,0.439195,0.448018,0.443606,0.444405,OPEN,0,0.0,1
2026-08-12T11:01:11.571819,41.7649,0.440612,0.44819,0.444401,0.444404,OPEN,0,0.0,1
2026-08-12T11:01:11.604481,41.7985,0.44011,0.448259,0.444185,0.444327,OPEN,0,0.0,1
2026-08-12T11:01:11.640091,41.8329,0.438616,0.447082,0.442849,0.44381,OPEN,0,0.0,1
2026-08-12T11:01:11.662795,41.855,0.436359,0.446704,0.441532,0.443012,OPEN,0,0.0,1
2026-08-12T11:01:11.699129,41.8909,0.435565,0.448997,0.442281,0.442756,OPEN,0,0.0,1
2026-08-12T11:01:11.746470,41.9386,0.438738,0.449453,0.444096,0.443225,OPEN,0,0.0,1
2026-08-12T11:01:11.777346,41.9694,0.439427,0.451241,0.445334,0.443963,OPEN,0,0.0,1
2026-08-12T11:01:11.809241,42.0028,0.440794,0.450884,0.445839,0.44462,OPEN,0,0.0,1
2026-08-12T11:01:11.844565,42.0369,0.440276,0.451029,0.445652,0.444981,OPEN,0,0.0,1
2026-08-12T11:01:11.872608,42.0652,0.432825,0.443023,0.437924,0.442511,OPEN,0,0.0,1
2026-08-12T11:01:11.909212,42.103,0.166812,0.146455,0.156633,0.342454,OPEN,0,0.0,1
2026-08-12T11:01:11.936276,42.1297,0.051598,0.042281,0.046939,0.239024,CLOSING,0,0.0,1
2026-08-12T11:01:11.967438,42.1623,0.052772,0.034179,0.043475,0.170582,CLOSING,0,0.0,1
2026-08-12T11:01:12.004521,42.1964,0.110421,0.091278,0.100849,0.146175,CLOSED,0,0.0,1
2026-08-12T11:01:12.031887,42.2258,0.146791,0.143637,0.145214,0.145839,CLOSED,0,0.0,1
2026-08-12T11:01:12.066089,42.259,0.163766,0.180471,0.172119,0.155037,CLOSED,0,0.0,1
2026-08-12T11:01:12.104402,42.2943,0.286017,0.283259,0.284638,0.200397,CLOSED,0,0.0,1
2026-08-12T11:01:12.146905,42.339,0.402079,0.40693,0.404505,0.271835,OPENING,0,0.0,1
2026-08-12T11:01:12.178137,42.3719,0.431379,0.442226,0.436802,0.329573,OPEN,1,0.242187,1
2026-08-12T11:01:12.208950,42.4015,0.434977,0.440969,0.437973,0.367513,OPEN,0,0.0,1
2026-08-12T11:01:12.240540,42.4338,0.431541,0.436227,0.433884,0.390743,OPEN,0,0.0,1
2026-08-12T11:01:12.274875,42.4674,0.42352,0.429913,0.426716,0.403334,OPEN,0,0.0,1
2026-08-12T11:01:12.309561,42.5018,0.425735,0.431352,0.428543,0.412157,OPEN,0,0.0,1
2026-08-12T11:01:12.336170,42.5341,0.427055,0.434964,0.43101,0.418755,OPEN,0,0.0,1
2026-08-12T11:01:12.365528,42.5607,0.426542,0.43911,0.432826,0.42368,OPEN,0,0.0,1
2026-08-12T11:01:12.398048,42.5925,0.429543,0.440794,0.435169,0.427701,OPEN,0,0.0,1
2026-08-12T11:01:12.426864,42.6235,0.433427,0.441378,0.437402,0.431097,OPEN,0,0.0,1
2026-08-12T11:01:12.445985,42.6437,0.435133,0.440755,0.437944,0.433493,OPEN,0,0.0,1
2026-08-12T11:01:12.464097,42.6609,0.436809,0.442354,0.439581,0.435624,OPEN,0,0.0,1
2026-08-12T11:01:12.544750,42.7426,0.446541,0.447964,0.447253,0.439694,OPEN,0,0.0,1
2026-08-12T11:01:12.574894,42.7695,0.44699,0.449322,0.448156,0.442656,OPEN,0,0.0,1
2026-08-12T11:01:12.602269,42.7997,0.446019,0.449671,0.447845,0.444472,OPEN,0,0.0,1
2026-08-12T11:01:12.637897,42.8334,0.444948,0.448853,0.4469,0.445322,OPEN,0,0.0,1
2026-08-12T11:01:12.676056,42.8682,0.444395,0.448588,0.446492,0.445731,OPEN,0,0.0,1
2026-08-12T11:01:12.708704,42.9012,0.440445,0.441447,0.440946,0.444056,OPEN,0,0.0,1
2026-08-12T11:01:12.743187,42.9355,0.439523,0.435527,0.437525,0.44177,OPEN,0,0.0,1
2026-08-12T11:01:12.786942,42.9781,0.439227,0.435954,0.43759,0.440307,OPEN,0,0.0,1
2026-08-12T11:01:12.822752,43.0127,0.43094,0.4317,0.43132,0.437162,OPEN,0,0.0,1
2026-08-12T11:01:12.859692,43.0466,0.43399,0.43198,0.432985,0.4357,OPEN,0,0.0,1
2026-08-12T11:01:12.885484,43.0797,0.431928,0.430029,0.430979,0.434047,OPEN,0,0.0,1
2026-08-12T11:01:12.916677,43.1137,0.431083,0.429232,0.430158,0.432686,OPEN,0,0.0,1
2026-08-12T11:01:12.939288,43.1361,0.433623,0.428239,0.430931,0.432072,OPEN,0,0.0,1
2026-08-12T11:01:12.974989,43.1714,0.432508,0.426411,0.429459,0.431157,OPEN,0,0.0,1
2026-08-12T11:01:13.006023,43.2033,0.432142,0.424852,0.428497,0.430226,OPEN,0,0.0,1
2026-08-12T11:01:13.038084,43.236,0.431919,0.423029,0.427474,0.429263,OPEN,0,0.0,1
2026-08-12T11:01:13.069736,43.2644,0.429171,0.418592,0.423882,0.42738,OPEN,0,0.0,1
2026-08-12T11:01:13.106003,43.2983,0.428294,0.416809,0.422551,0.42569,OPEN,0,0.0,1
2026-08-12T11:01:13.140365,43.3332,0.42296,0.411087,0.417023,0.422656,OPEN,0,0.0,1
2026-08-12T11:01:13.165762,43.3605,0.423628,0.411769,0.417699,0.420921,OPEN,0,0.0,1
2026-08-12T11:01:13.200602,43.3963,0.423809,0.410951,0.41738,0.419682,OPEN,0,0.0,1
2026-08-12T11:01:13.239663,43.4317,0.423529,0.411537,0.417533,0.41893,OPEN,0,0.0,1
2026-08-12T11:01:13.270302,43.4647,0.422186,0.410818,0.416502,0.41808,OPEN,0,0.0,1
2026-08-12T11:01:13.305916,43.4984,0.420441,0.409868,0.415155,0.417056,OPEN,0,0.0,1
2026-08-12T11:01:13.340420,43.5324,0.423089,0.413242,0.418165,0.417444,OPEN,0,0.0,1
2026-08-12T11:01:13.378479,43.5708,0.4251,0.415536,0.420318,0.41845,OPEN,0,0.0,1
2026-08-12T11:01:13.413702,43.6082,0.425839,0.418312,0.422076,0.419719,OPEN,0,0.0,1
2026-08-12T11:01:13.438246,43.6326,0.426502,0.419337,0.422919,0.420839,OPEN,0,0.0,1
2026-08-12T11:01:13.476075,43.6677,0.426743,0.420098,0.423421,0.421743,OPEN,0,0.0,1
2026-08-12T11:01:13.509915,43.7016,0.426923,0.419614,0.423268,0.422277,OPEN,0,0.0,1
2026-08-12T11:01:13.537838,43.7292,0.431574,0.421621,0.426598,0.423789,OPEN,0,0.0,1
2026-08-12T11:01:13.568497,43.7611,0.432979,0.42208,0.42753,0.425098,OPEN,0,0.0,1
2026-08-12T11:01:13.602441,43.7954,0.432944,0.423129,0.428037,0.426127,OPEN,0,0.0,1
2026-08-12T11:01:13.647108,43.8394,0.435466,0.426714,0.43109,0.427864,OPEN,0,0.0,1
2026-08-12T11:01:13.682652,43.8742,0.437293,0.431152,0.434222,0.430089,OPEN,0,0.0,1
2026-08-12T11:01:13.700377,43.897,0.437902,0.433091,0.435496,0.431982,OPEN,0,0.0,1
2026-08-12T11:01:13.738223,43.9316,0.438819,0.43571,0.437264,0.433831,OPEN,0,0.0,1
2026-08-12T11:01:13.778065,43.9705,0.44037,0.437469,0.438919,0.435612,OPEN,0,0.0,1
2026-08-12T11:01:13.811435,44.0045,0.440789,0.438773,0.439781,0.437071,OPEN,0,0.0,1
2026-08-12T11:01:13.839820,44.0379,0.447487,0.443634,0.44556,0.440042,OPEN,0,0.0,1
2026-08-12T11:01:13.866342,44.064,0.446797,0.443027,0.444912,0.441747,OPEN,0,0.0,1
2026-08-12T11:01:13.899259,44.0967,0.44775,0.443314,0.445532,0.443071,OPEN,0,0.0,1
2026-08-12T11:01:13.932067,44.1287,0.447686,0.443066,0.445376,0.443878,OPEN,0,0.0,1
2026-08-12T11:01:13.964865,44.1608,0.447295,0.444822,0.446058,0.444641,OPEN,0,0.0,1
2026-08-12T11:01:14.001233,44.195,0.448445,0.445161,0.446803,0.445398,OPEN,0,0.0,1
2026-08-12T11:01:14.033680,44.2263,0.448283,0.444362,0.446322,0.445721,OPEN,0,0.0,1
2026-08-12T11:01:14.064446,44.2625,0.448978,0.444925,0.446951,0.446152,OPEN,0,0.0,1
2026-08-12T11:01:14.091300,44.2889,0.447508,0.444283,0.445895,0.446062,OPEN,0,0.0,1
2026-08-12T11:01:14.126364,44.3208,0.448142,0.445354,0.446748,0.446302,OPEN,0,0.0,1
2026-08-12T11:01:14.160294,44.3552,0.447625,0.446345,0.446985,0.446541,OPEN,0,0.0,1
2026-08-12T11:01:14.211979,44.4036,0.448371,0.447442,0.447907,0.447019,OPEN,0,0.0,1
2026-08-12T11:01:14.236441,44.4324,0.445221,0.446033,0.445627,0.446532,OPEN,0,0.0,1
2026-08-12T11:01:14.276579,44.4707,0.381765,0.370539,0.376152,0.421899,OPEN,0,0.0,1
2026-08-12T11:01:14.302896,44.4972,0.148594,0.168188,0.158391,0.329671,OPEN,0,0.0,1
2026-08-12T11:01:14.337838,44.5312,0.137301,0.138006,0.137654,0.262465,OPEN,0,0.0,1
2026-08-12T11:01:14.369972,44.5625,0.213655,0.201796,0.207725,0.243306,CLOSING,0,0.0,1
2026-08-12T11:01:14.401773,44.5968,0.219242,0.215782,0.217512,0.234278,CLOSING,0,0.0,1
2026-08-12T11:01:14.435079,44.6303,0.250187,0.263959,0.257073,0.242256,CLOSED,0,0.0,1
2026-08-12T11:01:14.470179,44.6638,0.309237,0.317323,0.31328,0.267115,OPENING,0,0.0,1
2026-08-12T11:01:14.515187,44.7062,0.353731,0.348172,0.350952,0.296458,OPEN,1,0.143707,1
2026-08-12T11:01:14.549983,44.741,0.389611,0.377672,0.383641,0.326972,OPEN,0,0.0,1
2026-08-12T11:01:14.568444,44.7646,0.404239,0.390443,0.397341,0.351601,OPEN,0,0.0,1
2026-08-12T11:01:14.606779,44.7998,0.417489,0.40451,0.411,0.372391,OPEN,0,0.0,1
2026-08-12T11:01:14.642537,44.8348,0.417373,0.410148,0.41376,0.38687,OPEN,0,0.0,1
2026-08-12T11:01:14.674182,44.8656,0.423787,0.418186,0.420986,0.398811,OPEN,0,0.0,1
2026-08-12T11:01:14.709702,44.9045,0.427865,0.420629,0.424247,0.407714,OPEN,0,0.0,1
2026-08-12T11:01:14.746057,44.9387,0.430801,0.427572,0.429187,0.415229,OPEN,0,0.0,1
2026-08-12T11:01:14.764734,44.9602,0.432625,0.429178,0.430901,0.420714,OPEN,0,0.0,1
2026-08-12T11:01:14.798741,44.9944,0.442663,0.434366,0.438515,0.426944,OPEN,0,0.0,1
2026-08-12T11:01:14.834280,45.0275,0.442549,0.432533,0.437541,0.430653,OPEN,0,0.0,1
2026-08-12T11:01:14.869836,45.0625,0.445507,0.432051,0.438779,0.433497,OPEN,0,0.0,1
2026-08-12T11:01:14.904065,45.0961,0.442885,0.434267,0.438576,0.435275,OPEN,0,0.0,1
2026-08-12T11:01:14.946698,45.1377,0.442607,0.438167,0.440387,0.437064,OPEN,0,0.0,1
2026-08-12T11:01:14.980117,45.1707,0.444803,0.440544,0.442673,0.439027,OPEN,0,0.0,1
2026-08-12T11:01:15.014404,45.2064,0.44443,0.440944,0.442687,0.440308,OPEN,0,0.0,1
2026-08-12T11:01:15.048290,45.2402,0.448758,0.441038,0.444898,0.441915,OPEN,0,0.0,1
2026-08-12T11:01:15.084423,45.2755,0.443486,0.436312,0.439899,0.441209,OPEN,0,0.0,1
2026-08-12T11:01:15.117718,45.3092,0.440822,0.431707,0.436265,0.439479,OPEN,0,0.0,1
2026-08-12T11:01:15.151448,45.3458,0.439603,0.437048,0.438326,0.439075,OPEN,0,0.0,1
2026-08-12T11:01:15.183332,45.3803,0.440571,0.437655,0.439113,0.439088,OPEN,0,0.0,1
2026-08-12T11:01:15.201417,45.3967,0.441462,0.439099,0.44028,0.439506,OPEN,0,0.0,1
2026-08-12T11:01:15.233391,45.4293,0.437881,0.433301,0.435591,0.438135,OPEN,0,0.0,1
2026-08-12T11:01:15.265316,45.4623,0.430775,0.429764,0.430269,0.435382,OPEN,0,0.0,1
2026-08-12T11:01:15.297698,45.4963,0.435326,0.432331,0.433829,0.434838,OPEN,0,0.0,1
2026-08-12T11:01:15.322067,45.5201,0.433084,0.429882,0.431483,0.433664,OPEN,0,0.0,1
2026-08-12T11:01:15.359092,45.5567,0.440598,0.438569,0.439583,0.435736,OPEN,0,0.0,1
2026-08-12T11:01:15.387022,45.585,0.436771,0.440364,0.438567,0.436727,OPEN,0,0.0,1
2026-08-12T11:01:15.423817,45.6178,0.443867,0.444727,0.444297,0.439377,OPEN,0,0.0,1
2026-08-12T11:01:15.475358,45.6666,0.447757,0.450436,0.449096,0.442778,OPEN,0,0.0,1
2026-08-12T11:01:15.507032,45.7006,0.44289,0.446789,0.444839,0.4435,OPEN,0,0.0,1
2026-08-12T11:01:15.543112,45.7355,0.442337,0.444507,0.443422,0.443473,OPEN,0,0.0,1
2026-08-12T11:01:15.569898,45.7659,0.436909,0.442413,0.439661,0.442138,OPEN,0,0.0,1
2026-08-12T11:01:15.607108,45.8001,0.437873,0.443333,0.440603,0.441601,OPEN,0,0.0,1
2026-08-12T11:01:15.629122,45.8234,0.43775,0.441119,0.439435,0.440843,OPEN,0,0.0,1
2026-08-12T11:01:15.665764,45.8593,0.437128,0.441908,0.439518,0.440379,OPEN,0,0.0,1
2026-08-12T11:01:15.698033,45.8926,0.434243,0.439047,0.436645,0.439072,OPEN,0,0.0,1
2026-08-12T11:01:15.733802,45.9267,0.435881,0.438405,0.437143,0.438397,OPEN,0,0.0,1
2026-08-12T11:01:15.782771,45.9765,0.436749,0.439433,0.438091,0.43829,OPEN,0,0.0,1
2026-08-12T11:01:15.816765,46.0106,0.442024,0.448904,0.445464,0.440801,OPEN,0,0.0,1
2026-08-12T11:01:15.849754,46.0435,0.43776,0.447465,0.442612,0.441435,OPEN,0,0.0,1
2026-08-12T11:01:15.884891,46.0772,0.439606,0.44481,0.442208,0.441705,OPEN,0,0.0,1
2026-08-12T11:01:15.921798,46.114,0.439579,0.443605,0.441592,0.441666,OPEN,0,0.0,1
2026-08-12T11:01:15.942162,46.1354,0.439354,0.443201,0.441278,0.44153,OPEN,0,0.0,1
2026-08-12T11:01:15.959219,46.1558,0.438347,0.44238,0.440363,0.441122,OPEN,0,0.0,1
2026-08-12T11:01:15.995369,46.1922,0.434241,0.439484,0.436862,0.439631,OPEN,0,0.0,1
2026-08-12T11:01:16.032831,46.2261,0.430322,0.437913,0.434117,0.437701,OPEN,0,0.0,1
2026-08-12T11:01:16.066522,46.2599,0.416391,0.427737,0.422064,0.432228,OPEN,0,0.0,1
2026-08-12T11:01:16.101032,46.2937,0.420706,0.428922,0.424814,0.429633,OPEN,0,0.0,1
2026-08-12T11:01:16.127098,46.3215,0.418798,0.426232,0.422515,0.427142,OPEN,0,0.0,1
2026-08-12T11:01:16.162991,46.3553,0.421764,0.426664,0.424214,0.426117,OPEN,0,0.0,1
2026-08-12T11:01:16.214615,46.4082,0.427438,0.430228,0.428833,0.427068,OPEN,0,0.0,1
2026-08-12T11:01:16.248291,46.4423,0.427905,0.431598,0.429752,0.428007,OPEN,0,0.0,1
2026-08-12T11:01:16.285375,46.4766,0.431266,0.441642,0.436454,0.430963,OPEN,0,0.0,1
2026-08-12T11:01:16.318900,46.5113,0.421846,0.437371,0.429609,0.430489,OPEN,0,0.0,1
2026-08-12T11:01:16.350412,46.5442,0.418071,0.435773,0.426922,0.429241,OPEN,0,0.0,1
2026-08-12T11:01:16.381521,46.5778,0.417649,0.431954,0.424802,0.427687,OPEN,0,0.0,1
2026-08-12T11:01:16.415492,46.6128,0.415336,0.430648,0.422992,0.426044,OPEN,0,0.0,1
2026-08-12T11:01:16.434545,46.6312,0.415377,0.427608,0.421493,0.424451,OPEN,0,0.0,1
2026-08-12T11:01:16.474606,46.6656,0.419237,0.429371,0.424304,0.424399,OPEN,0,0.0,1
2026-08-12T11:01:16.493895,46.69,0.417628,0.4286,0.423114,0.423949,OPEN,0,0.0,1
2026-08-12T11:01:16.530709,46.7234,0.421131,0.431259,0.426195,0.424735,OPEN,0,0.0,1
2026-08-12T11:01:16.564517,46.7568,0.415756,0.426629,0.421192,0.423495,OPEN,0,0.0,1
2026-08-12T11:01:16.589529,46.7853,0.407552,0.420763,0.414157,0.420227,OPEN,0,0.0,1
2026-08-12T11:01:16.626117,46.8231,0.413477,0.424733,0.419105,0.419834,OPEN,0,0.0,1
2026-08-12T11:01:16.666066,46.8579,0.414249,0.425536,0.419893,0.419855,OPEN,0,0.0,1
2026-08-12T11:01:16.701311,46.8927,0.385822,0.403699,0.394761,0.411072,OPEN,0,0.0,1
2026-08-12T11:01:16.720110,46.9152,0.186036,0.199697,0.192867,0.3347,OPEN,0,0.0,1
2026-08-12T11:01:16.750313,46.9447,0.169238,0.153061,0.161149,0.273957,OPEN,0,0.0,1
2026-08-12T11:01:16.787062,46.9786,0.213792,0.207129,0.21046,0.251733,OPEN,0,0.0,1
2026-08-12T11:01:16.814834,47.0086,0.255456,0.255878,0.255667,0.25311,OPEN,0,0.0,1
2026-08-12T11:01:16.851881,47.0458,0.302247,0.301194,0.301721,0.270124,OPEN,0,0.0,1
2026-08-12T11:01:16.879302,47.0727,0.309531,0.308893,0.309212,0.283805,OPEN,0,0.0,1
2026-08-12T11:01:16.929686,47.1218,0.347405,0.35709,0.352247,0.30776,OPEN,0,0.0,1
2026-08-12T11:01:16.964142,47.1562,0.378685,0.389049,0.383867,0.334397,OPEN,0,0.0,1
2026-08-12T11:01:16.998336,47.1897,0.390224,0.398836,0.39453,0.355444,OPEN,0,0.0,1
2026-08-12T11:01:17.032699,47.2233,0.393341,0.399588,0.396465,0.369801,OPEN,0,0.0,1
2026-08-12T11:01:17.051610,47.2479,0.392252,0.403094,0.397673,0.379556,OPEN,0,0.0,1
2026-08-12T11:01:17.090390,47.2862,0.392803,0.402723,0.397763,0.385929,OPEN,0,0.0,1
2026-08-12T11:01:17.116620,47.3122,0.389443,0.401646,0.395544,0.389294,OPEN,0,0.0,1
2026-08-12T11:01:17.153344,47.3463,0.394146,0.408995,0.401571,0.393591,OPEN,0,0.0,1
2026-08-12T11:01:17.188821,47.3808,0.393839,0.411429,0.402634,0.396756,OPEN,0,0.0,1
2026-08-12T11:01:17.223933,47.4154,0.395869,0.410574,0.403221,0.399019,OPEN,0,0.0,1
2026-08-12T11:01:17.258545,47.4495,0.395053,0.407483,0.401268,0.399806,OPEN,0,0.0,1
2026-08-12T11:01:17.299557,47.4913,0.3955,0.403821,0.399661,0.399755,OPEN,0,0.0,1
2026-08-12T11:01:17.326801,47.5247,0.394356,0.405061,0.399708,0.399739,OPEN,0,0.0,1
2026-08-12T11:01:17.353599,47.5514,0.394391,0.404982,0.399687,0.399721,OPEN,0,0.0,1
2026-08-12T11:01:17.393159,47.586,0.388072,0.405322,0.396697,0.398662,OPEN,0,0.0,1
2026-08-12T11:01:17.420938,47.6179,0.390783,0.415295,0.403039,0.400194,OPEN,0,0.0,1
2026-08-12T11:01:17.451492,47.6482,0.390485,0.417272,0.403879,0.401484,OPEN,0,0.0,1
2026-08-12T11:01:17.484722,47.6819,0.400192,0.419322,0.409757,0.40438,OPEN,0,0.0,1
2026-08-12T11:01:17.519295,47.7151,0.403391,0.422444,0.412917,0.407368,OPEN,0,0.0,1
2026-08-12T11:01:17.549345,47.7475,0.404061,0.426342,0.415201,0.41011,OPEN,0,0.0,1
2026-08-12T11:01:17.575937,47.7746,0.405644,0.430844,0.418244,0.412957,OPEN,0,0.0,1
2026-08-12T11:01:17.617602,47.8097,0.421006,0.447538,0.434272,0.420417,OPEN,0,0.0,1
2026-08-12T11:01:17.647049,47.8413,0.418564,0.443168,0.430866,0.424074,OPEN,0,0.0,1
2026-08-12T11:01:17.683280,47.876,0.418029,0.440138,0.429083,0.425827,OPEN,0,0.0,1
2026-08-12T11:01:17.714272,47.9111,0.417022,0.439428,0.428225,0.426667,OPEN,0,0.0,1
2026-08-12T11:01:17.763756,47.9553,0.415794,0.439352,0.427573,0.426984,OPEN,0,0.0,1
2026-08-12T11:01:17.791986,47.9858,0.415132,0.439585,0.427359,0.427115,OPEN,0,0.0,1
2026-08-12T11:01:17.825438,48.0182,0.417008,0.438214,0.427611,0.427289,OPEN,0,0.0,1
2026-08-12T11:01:17.858333,48.0525,0.422854,0.443148,0.433001,0.429288,OPEN,0,0.0,1
2026-08-12T11:01:17.887252,48.081,0.426892,0.441861,0.434376,0.431069,OPEN,0,0.0,1
2026-08-12T11:01:17.922576,48.1148,0.430108,0.448399,0.439254,0.433934,OPEN,0,0.0,1
2026-08-12T11:01:17.955254,48.1521,0.426334,0.445114,0.435724,0.43456,OPEN,0,0.0,1
2026-08-12T11:01:17.992946,48.1868,0.424552,0.442203,0.433378,0.434146,OPEN,0,0.0,1
2026-08-12T11:01:18.017430,48.2092,0.426635,0.44087,0.433752,0.434008,OPEN,0,0.0,1
2026-08-12T11:01:18.050077,48.2437,0.42652,0.440568,0.433544,0.433846,OPEN,0,0.0,1
2026-08-12T11:01:18.086123,48.2781,0.424021,0.440046,0.432033,0.433211,OPEN,0,0.0,1
2026-08-12T11:01:18.120840,48.3126,0.42602,0.445451,0.435735,0.434095,OPEN,0,0.0,1
2026-08-12T11:01:18.150605,48.3461,0.425082,0.445593,0.435338,0.43453,OPEN,0,0.0,1
2026-08-12T11:01:18.194302,48.3867,0.4225,0.442875,0.432688,0.433885,OPEN,0,0.0,1
2026-08-12T11:01:18.228980,48.4215,0.42353,0.442319,0.432924,0.433549,OPEN,0,0.0,1
2026-08-12T11:01:18.263519,48.4563,0.423992,0.440692,0.432342,0.433126,OPEN,0,0.0,1
2026-08-12T11:01:18.297669,48.4907,0.426055,0.441265,0.43366,0.433313,OPEN,0,0.0,1
2026-08-12T11:01:18.331058,48.5245,0.42667,0.44087,0.43377,0.433473,OPEN,0,0.0,1
2026-08-12T11:01:18.371313,48.5587,0.427842,0.442156,0.434999,0.434007,OPEN,0,0.0,1
2026-08-12T11:01:18.402211,48.5937,0.426511,0.446958,0.436735,0.434962,OPEN,0,0.0,1
2026-08-12T11:01:18.438265,48.6289,0.423171,0.442136,0.432653,0.434154,OPEN,0,0.0,1
2026-08-12T11:01:18.473157,48.6638,0.42109,0.440121,0.430605,0.432912,OPEN,0,0.0,1
2026-08-12T11:01:18.505111,48.6972,0.421495,0.438871,0.430183,0.431957,OPEN,0,0.0,1
2026-08-12T11:01:18.545437,48.7388,0.423413,0.442135,0.432774,0.432243,OPEN,0,0.0,1
2026-08-12T11:01:18.578952,48.7754,0.425372,0.44431,0.434841,0.433152,OPEN,0,0.0,1
2026-08-12T11:01:18.615803,48.8099,0.424616,0.44476,0.434688,0.43369,OPEN,0,0.0,1
2026-08-12T11:01:18.650980,48.8444,0.423124,0.444417,0.433771,0.433718,OPEN,0,0.0,1
2026-08-12T11:01:18.685579,48.8775,0.420841,0.444094,0.432468,0.43328,OPEN,0,0.0,1
2026-08-12T11:01:18.718437,48.9121,0.420632,0.444052,0.432342,0.432952,OPEN,0,0.0,1
2026-08-12T11:01:18.749285,48.9446,0.424763,0.448578,0.43667,0.434253,OPEN,0,0.0,1
2026-08-12T11:01:18.764348,48.9625,0.428312,0.451671,0.439991,0.436262,OPEN,0,0.0,1
2026-08-12T11:01:18.783412,48.9806,0.430863,0.452377,0.44162,0.438137,OPEN,0,0.0,1
2026-08-12T11:01:18.818468,49.0153,0.430135,0.451269,0.440702,0.439035,OPEN,0,0.0,1
2026-08-12T11:01:18.856603,49.0503,0.427075,0.443181,0.435128,0.437667,OPEN,0,0.0,1
2026-08-12T11:01:18.892539,49.0849,0.428012,0.442383,0.435197,0.436803,OPEN,0,0.0,1
2026-08-12T11:01:18.947409,49.1397,0.440992,0.4526,0.446796,0.4403,OPEN,0,0.0,1
2026-08-12T11:01:18.979677,49.173,0.441584,0.452599,0.447091,0.442677,OPEN,0,0.0,1
2026-08-12T11:01:19.021727,49.2077,0.447148,0.457217,0.452182,0.446004,OPEN,0,0.0,1
2026-08-12T11:01:19.058728,49.2514,0.450205,0.463319,0.456762,0.449769,OPEN,0,0.0,1
2026-08-12T11:01:19.092330,49.2854,0.44849,0.460554,0.454522,0.451433,OPEN,0,0.0,1
2026-08-12T11:01:19.126635,49.3189,0.456241,0.467157,0.461699,0.455026,OPEN,0,0.0,1
2026-08-12T11:01:19.157806,49.3517,0.469078,0.47707,0.473074,0.461343,OPEN,0,0.0,1
2026-08-12T11:01:19.192770,49.3852,0.473312,0.486456,0.479884,0.467832,OPEN,0,0.0,1
2026-08-12T11:01:19.214849,49.4076,0.471591,0.483936,0.477763,0.471308,OPEN,0,0.0,1
2026-08-12T11:01:19.251219,49.4456,0.468753,0.480012,0.474383,0.472384,OPEN,0,0.0,1
2026-08-12T11:01:19.288502,49.4808,0.47537,0.484447,0.479908,0.475018,OPEN,0,0.0,1
2026-08-12T11:01:19.325170,49.5158,0.473476,0.482644,0.47806,0.476082,OPEN,0,0.0,1
2026-08-12T11:01:19.357480,49.5486,0.473583,0.489654,0.481619,0.47802,OPEN,0,0.0,1
2026-08-12T11:01:19.391251,49.5833,0.476786,0.493028,0.484907,0.480431,OPEN,0,0.0,1
2026-08-12T11:01:19.425818,49.6185,0.478681,0.495277,0.486979,0.482722,OPEN,0,0.0,1
2026-08-12T11:01:19.461761,49.6575,0.48396,0.501987,0.492974,0.48631,OPEN,0,0.0,1
2026-08-12T11:01:19.499114,49.692,0.486228,0.500988,0.493608,0.488864,OPEN,0,0.0,1
2026-08-12T11:01:19.535473,49.7264,0.483105,0.495245,0.489175,0.488973,OPEN,0,0.0,1
2026-08-12T11:01:19.570640,49.761,0.483815,0.495816,0.489815,0.489268,OPEN,0,0.0,1
2026-08-12T11:01:19.591745,49.7853,0.482054,0.494434,0.488244,0.48891,OPEN,0,0.0,1
2026-08-12T11:01:19.628312,49.8207,0.483857,0.494894,0.489376,0.489073,OPEN,0,0.0,1
2026-08-12T11:01:19.660621,49.8547,0.481517,0.490838,0.486177,0.488059,OPEN,0,0.0,1
2026-08-12T11:01:19.682465,49.8772,0.480753,0.490497,0.485625,0.487207,OPEN,0,0.0,1
2026-08-12T11:01:19.699347,49.896,0.480429,0.490421,0.485425,0.486584,OPEN,0,0.0,1
2026-08-12T11:01:19.739370,49.9359,0.478928,0.492216,0.485572,0.486229,OPEN,0,0.0,1
2026-08-12T11:01:19.772585,49.9696,0.461499,0.471999,0.466749,0.479411,OPEN,0,0.0,1
2026-08-12T11:01:19.802223,49.9998,0.207604,0.275107,0.241356,0.396092,OPEN,0,0.0,1
2026-08-12T11:01:19.834301,50.033,0.185898,0.238113,0.212005,0.331662,OPEN,0,0.0,1
2026-08-12T11:01:19.852967,50.0513,0.155391,0.178445,0.166918,0.274001,OPEN,0,0.0,1
2026-08-12T11:01:19.890552,50.0861,0.239736,0.255139,0.247438,0.264704,OPEN,0,0.0,1
2026-08-12T11:01:19.924277,50.1205,0.289511,0.314506,0.302009,0.277761,OPEN,0,0.0,1
2026-08-12T11:01:19.961755,50.1545,0.298946,0.314753,0.30685,0.287942,OPEN,0,0.0,1
2026-08-12T11:01:19.997893,50.1889,0.353491,0.371717,0.362604,0.314074,OPEN,0,0.0,1
2026-08-12T11:01:20.014880,50.2109,0.384836,0.39436,0.389598,0.340507,OPEN,0,0.0,1
2026-08-12T11:01:20.050165,50.2418,0.398858,0.400874,0.399866,0.361283,OPEN,0,0.0,1
2026-08-12T11:01:20.081571,50.2761,0.402888,0.405902,0.404395,0.376372,OPEN,0,0.0,1
2026-08-12T11:01:20.147749,50.3391,0.420734,0.423381,0.422057,0.392362,OPEN,0,0.0,1
2026-08-12T11:01:20.175284,50.3685,0.422924,0.427555,0.425239,0.403869,OPEN,0,0.0,1
2026-08-12T11:01:20.212096,50.4035,0.431554,0.432567,0.432061,0.413736,OPEN,0,0.0,1
2026-08-12T11:01:20.244020,50.4376,0.434315,0.43757,0.435942,0.421508,OPEN,0,0.0,1
2026-08-12T11:01:20.278586,50.4712,0.435504,0.442038,0.438771,0.42755,OPEN,0,0.0,1
2026-08-12T11:01:20.319020,50.5049,0.435353,0.441755,0.438554,0.431402,OPEN,0,0.0,1
2026-08-12T11:01:20.356957,50.5478,0.438652,0.444611,0.441631,0.434982,OPEN,0,0.0,1
2026-08-12T11:01:20.388769,50.5813,0.437789,0.444344,0.441067,0.437112,OPEN,0,0.0,1
2026-08-12T11:01:20.424023,50.616,0.44237,0.451201,0.446785,0.440497,OPEN,0,0.0,1
2026-08-12T11:01:20.458108,50.6506,0.446266,0.453854,0.45006,0.443844,OPEN,0,0.0,1
2026-08-12T11:01:20.493202,50.6856,0.446356,0.453291,0.449824,0.445937,OPEN,0,0.0,1
2026-08-12T11:01:20.513715,50.7077,0.44637,0.453034,0.449702,0.447255,OPEN,0,0.0,1
2026-08-12T11:01:20.545460,50.7419,0.443168,0.449126,0.446147,0.446867,OPEN,0,0.0,1
2026-08-12T11:01:20.575216,50.769,0.443132,0.449093,0.446113,0.446603,OPEN,0,0.0,1
2026-08-12T11:01:20.609524,50.8029,0.44165,0.446837,0.444244,0.445777,OPEN,0,0.0,1
2026-08-12T11:01:20.644232,50.8369,0.441572,0.444002,0.442787,0.444731,OPEN,0,0.0,1
2026-08-12T11:01:20.660226,50.8577,0.441522,0.443007,0.442264,0.443867,OPEN,0,0.0,1
2026-08-12T11:01:20.681414,50.8765,0.444166,0.447294,0.44573,0.444519,OPEN,0,0.0,1
2026-08-12T11:01:20.720937,50.9139,0.437315,0.44149,0.439402,0.442728,OPEN,0,0.0,1
2026-08-12T11:01:20.754613,50.9518,0.438125,0.441562,0.439844,0.441719,OPEN,0,0.0,1
2026-08-12T11:01:20.780068,50.976,0.443675,0.450158,0.446916,0.443538,OPEN,0,0.0,1
2026-08-12T11:01:20.816902,51.0108,0.443168,0.45248,0.447824,0.445038,OPEN,0,0.0,1
2026-08-12T11:01:20.849625,51.0445,0.441289,0.451156,0.446222,0.445453,OPEN,0,0.0,1
2026-08-12T11:01:20.878509,51.0735,0.442212,0.452706,0.447459,0.446155,OPEN,0,0.0,1
2026-08-12T11:01:20.947103,51.1395,0.44377,0.454099,0.448935,0.447128,OPEN,0,0.0,1
2026-08-12T11:01:20.985980,51.1768,0.444164,0.456264,0.450214,0.448208,OPEN,0,0.0,1
2026-08-12T11:01:21.017861,51.2106,0.446863,0.457531,0.452197,0.449604,OPEN,0,0.0,1
2026-08-12T11:01:21.055623,51.2448,0.453091,0.461724,0.457408,0.452335,OPEN,0,0.0,1
2026-08-12T11:01:21.087603,51.2784,0.453986,0.4615,0.457743,0.454228,OPEN,0,0.0,1
2026-08-12T11:01:21.119827,51.3127,0.45363,0.460608,0.457119,0.45524,OPEN,0,0.0,1
2026-08-12T11:01:21.154391,51.3461,0.450973,0.459176,0.455075,0.455182,OPEN,0,0.0,1
2026-08-12T11:01:21.192589,51.3853,0.449487,0.459156,0.454321,0.454881,OPEN,0,0.0,1
2026-08-12T11:01:21.225523,51.419,0.44778,0.455499,0.45164,0.453746,OPEN,0,0.0,1
2026-08-12T11:01:21.260250,51.4517,0.451231,0.456916,0.454073,0.453861,OPEN,0,0.0,1
2026-08-12T11:01:21.293585,51.4845,0.450725,0.457148,0.453936,0.453887,OPEN,0,0.0,1
2026-08-12T11:01:21.326067,51.5191,0.444126,0.450999,0.447563,0.451674,OPEN,0,0.0,1
2026-08-12T11:01:21.361902,51.5538,0.43731,0.446277,0.441793,0.448215,OPEN,0,0.0,1
2026-08-12T11:01:21.399315,51.5872,0.434922,0.442507,0.438715,0.44489,OPEN,0,0.0,1
2026-08-12T11:01:21.424900,51.6195,0.43388,0.442997,0.438438,0.442632,OPEN,0,0.0,1
2026-08-12T11:01:21.461250,51.6534,0.431863,0.44158,0.436721,0.440563,OPEN,0,0.0,1
2026-08-12T11:01:21.496065,51.6882,0.432234,0.440346,0.43629,0.439068,OPEN,0,0.0,1
2026-08-12T11:01:21.532072,51.7227,0.424988,0.428711,0.426849,0.434791,OPEN,0,0.0,1
2026-08-12T11:01:21.564600,51.7567,0.422706,0.42657,0.424638,0.431238,OPEN,0,0.0,1
2026-08-12T11:01:21.580538,51.7779,0.413604,0.417326,0.415465,0.425717,OPEN,0,0.0,1
2026-08-12T11:01:21.603031,51.7973,0.409887,0.415438,0.412663,0.421148,OPEN,0,0.0,1
2026-08-12T11:01:21.628570,51.8252,0.412545,0.420077,0.416311,0.419455,OPEN,0,0.0,1
2026-08-12T11:01:21.666226,51.8592,0.407909,0.416153,0.412031,0.416857,OPEN,0,0.0,1
2026-08-12T11:01:21.684977,51.8797,0.400274,0.411233,0.405753,0.412971,OPEN,0,0.0,1
2026-08-12T11:01:21.748029,51.9391,0.397403,0.410692,0.404048,0.409848,OPEN,0,0.0,1
2026-08-12T11:01:21.781324,51.9738,0.397419,0.407044,0.402232,0.407182,OPEN,0,0.0,1
2026-08-12T11:01:21.813198,52.0069,0.398661,0.407834,0.403248,0.405805,OPEN,0,0.0,1
2026-08-12T11:01:21.860500,52.0506,0.40078,0.407053,0.403917,0.405144,OPEN,0,0.0,1
2026-08-12T11:01:21.895348,52.0847,0.402942,0.414392,0.408667,0.406377,OPEN,0,0.0,1
2026-08-12T11:01:22.069124,52.2643,0.405805,0.418271,0.412038,0.408358,OPEN,0,0.0,1
2026-08-12T11:01:22.086875,52.2832,0.405749,0.418114,0.411931,0.409609,OPEN,0,0.0,1
2026-08-12T11:01:22.119649,52.3175,0.403474,0.417171,0.410322,0.409859,OPEN,0,0.0,1
2026-08-12T11:01:22.137208,52.3351,0.404622,0.41729,0.410956,0.410243,OPEN,0,0.0,1
2026-08-12T11:01:22.153948,52.3518,0.402865,0.416545,0.409705,0.410054,OPEN,0,0.0,1
2026-08-12T11:01:22.170045,52.3678,0.403088,0.417086,0.410087,0.410066,OPEN,0,0.0,1
2026-08-12T11:01:22.205122,52.4008,0.405039,0.417528,0.411283,0.410492,OPEN,0,0.0,1
2026-08-12T11:01:22.242703,52.4357,0.405355,0.4189,0.412127,0.411064,OPEN,0,0.0,1
2026-08-12T11:01:22.274174,52.4718,0.407328,0.419624,0.413476,0.411908,OPEN,0,0.0,1
2026-08-12T11:01:22.301934,52.4965,0.408939,0.420663,0.414801,0.412921,OPEN,0,0.0,1
2026-08-12T11:01:22.337687,52.5305,0.410759,0.42186,0.41631,0.414107,OPEN,0,0.0,1
2026-08-12T11:01:22.373453,52.5649,0.411541,0.422263,0.416902,0.415085,OPEN,0,0.0,1
2026-08-12T11:01:22.409061,52.5993,0.410454,0.422538,0.416496,0.415579,OPEN,0,0.0,1
2026-08-12T11:01:22.442755,52.6337,0.405009,0.419092,0.41205,0.414344,OPEN,0,0.0,1
2026-08-12T11:01:22.480436,52.6681,0.196971,0.209149,0.20306,0.340395,OPEN,0,0.0,1
2026-08-12T11:01:22.515293,52.7072,0.077065,0.099381,0.088223,0.252135,OPEN,0,0.0,1
2026-08-12T11:01:22.547581,52.7412,0.149402,0.175669,0.162536,0.220775,CLOSING,0,0.0,1
2026-08-12T11:01:22.583538,52.7756,0.159675,0.203735,0.181705,0.2071,CLOSING,0,0.0,1
2026-08-12T11:01:22.620916,52.8107,0.188835,0.236017,0.212426,0.208964,CLOSED,0,0.0,1
2026-08-12T11:01:22.653668,52.8451,0.256403,0.270925,0.263664,0.228109,CLOSED,0,0.0,1
2026-08-12T11:01:22.694384,52.8791,0.286918,0.293386,0.290152,0.249824,CLOSED,0,0.0,1
2026-08-12T11:01:22.718851,52.9148,0.324693,0.321117,0.322905,0.275403,OPENING,0,0.0,1
2026-08-12T11:01:22.759726,52.9498,0.356921,0.34836,0.35264,0.302436,OPEN,1,0.208597,1
2026-08-12T11:01:22.780806,52.9745,0.374343,0.371467,0.372905,0.3271,OPEN,0,0.0,1
2026-08-12T11:01:22.817289,53.0094,0.384633,0.388633,0.386633,0.347937,OPEN,0,0.0,1
2026-08-12T11:01:22.835784,53.0317,0.383471,0.390441,0.386956,0.361593,OPEN,0,0.0,1
2026-08-12T11:01:22.876268,53.0675,0.381155,0.393274,0.387214,0.370561,OPEN,0,0.0,1
2026-08-12T11:01:22.900149,53.0908,0.382178,0.393706,0.387942,0.376644,OPEN,0,0.0,1
2026-08-12T11:01:22.947751,53.1393,0.384961,0.400306,0.392634,0.382241,OPEN,0,0.0,1
2026-08-12T11:01:22.980962,53.1733,0.3866,0.406713,0.396657,0.387286,OPEN,0,0.0,1
2026-08-12T11:01:23.008391,53.2017,0.387011,0.407451,0.397231,0.390767,OPEN,0,0.0,1
2026-08-12T11:01:23.044606,53.2362,0.386703,0.409445,0.398074,0.393324,OPEN,0,0.0,1
2026-08-12T11:01:23.077743,53.2713,0.3886,0.413627,0.401114,0.396051,OPEN,0,0.0,1
2026-08-12T11:01:23.100311,53.2967,0.388617,0.413224,0.40092,0.397755,OPEN,0,0.0,1
2026-08-12T11:01:23.138348,53.3355,0.392155,0.412492,0.402324,0.399354,OPEN,0,0.0,1
2026-08-12T11:01:23.176867,53.3696,0.392365,0.413087,0.402726,0.400534,OPEN,0,0.0,1
2026-08-12T11:01:23.212592,53.4042,0.394212,0.418258,0.406235,0.402529,OPEN,0,0.0,1
2026-08-12T11:01:23.233223,53.4263,0.395236,0.419292,0.407264,0.404186,OPEN,0,0.0,1
2026-08-12T11:01:23.249476,53.4469,0.397532,0.423065,0.410299,0.406326,OPEN,0,0.0,1
2026-08-12T11:01:23.277438,53.4722,0.399672,0.424274,0.411973,0.408302,OPEN,0,0.0,1
2026-08-12T11:01:23.352669,53.5437,0.401741,0.429448,0.415595,0.410855,OPEN,0,0.0,1
2026-08-12T11:01:23.375275,53.5693,0.402975,0.431433,0.417204,0.413077,OPEN,0,0.0,1
2026-08-12T11:01:23.408717,53.6032,0.404799,0.432806,0.418802,0.415081,OPEN,0,0.0,1
2026-08-12T11:01:23.441873,53.6367,0.411789,0.439338,0.425563,0.41875,OPEN,0,0.0,1
2026-08-12T11:01:23.475843,53.6704,0.418944,0.447514,0.433229,0.423817,OPEN,0,0.0,1
2026-08-12T11:01:23.499027,53.695,0.419041,0.446211,0.432626,0.4269,OPEN,0,0.0,1
2026-08-12T11:01:23.538000,53.7304,0.418518,0.446464,0.432491,0.428857,OPEN,0,0.0,1
2026-08-12T11:01:23.572910,53.7694,0.421016,0.447029,0.434023,0.430665,OPEN,0,0.0,1
2026-08-12T11:01:23.611987,53.8044,0.427253,0.450264,0.438758,0.433498,OPEN,0,0.0,1
2026-08-12T11:01:23.647064,53.8382,0.433771,0.454915,0.444343,0.437293,OPEN,0,0.0,1
2026-08-12T11:01:23.680909,53.8722,0.432644,0.451668,0.442156,0.438995,OPEN,0,0.0,1
2026-08-12T11:01:23.712628,53.9052,0.443606,0.460997,0.452301,0.443653,OPEN,0,0.0,1
2026-08-12T11:01:23.745227,53.9386,0.439301,0.456229,0.447765,0.445092,OPEN,0,0.0,1
2026-08-12T11:01:23.779877,53.9762,0.429939,0.445434,0.437686,0.4425,OPEN,0,0.0,1
2026-08-12T11:01:23.818210,54.0112,0.423716,0.441953,0.432834,0.439117,OPEN,0,0.0,1
2026-08-12T11:01:23.854735,54.0456,0.422678,0.442886,0.432782,0.4369,OPEN,0,0.0,1
2026-08-12T11:01:23.887706,54.079,0.427799,0.447211,0.437505,0.437112,OPEN,0,0.0,1
2026-08-12T11:01:23.922685,54.1129,0.427432,0.448046,0.437739,0.437331,OPEN,0,0.0,1
2026-08-12T11:01:23.955365,54.1463,0.437,0.455426,0.446213,0.44044,OPEN,0,0.0,1
2026-08-12T11:01:23.993016,54.1802,0.434078,0.453617,0.443847,0.441632,OPEN,0,0.0,1
2026-08-12T11:01:24.016534,54.2111,0.433569,0.452987,0.443278,0.442208,OPEN,0,0.0,1
2026-08-12T11:01:24.055416,54.2459,0.430034,0.44975,0.439892,0.441398,OPEN,0,0.0,1
2026-08-12T11:01:24.076393,54.2691,0.427566,0.44764,0.437603,0.44007,OPEN,0,0.0,1
2026-08-12T11:01:24.093897,54.29,0.426895,0.446848,0.436871,0.43895,OPEN,0,0.0,1
2026-08-12T11:01:24.149219,54.3395,0.434282,0.455472,0.444877,0.441025,OPEN,0,0.0,1
2026-08-12T11:01:24.172191,54.369,0.432057,0.453437,0.442747,0.441628,OPEN,0,0.0,1
2026-08-12T11:01:24.211601,54.4058,0.43153,0.45253,0.44203,0.441768,OPEN,0,0.0,1
2026-08-12T11:01:24.236659,54.4321,0.423125,0.446617,0.434871,0.439354,OPEN,0,0.0,1
2026-08-12T11:01:24.267928,54.4653,0.420627,0.443863,0.432245,0.436866,OPEN,0,0.0,1
2026-08-12T11:01:24.300495,54.4961,0.421097,0.444346,0.432722,0.435416,OPEN,0,0.0,1
2026-08-12T11:01:24.332053,54.529,0.426024,0.45028,0.438152,0.436373,OPEN,0,0.0,1
2026-08-12T11:01:24.365711,54.5628,0.427538,0.454168,0.440853,0.437941,OPEN,0,0.0,1
2026-08-12T11:01:24.397158,54.5951,0.427326,0.453535,0.44043,0.438812,OPEN,0,0.0,1
2026-08-12T11:01:24.432415,54.6282,0.429204,0.450261,0.439733,0.439135,OPEN,0,0.0,1
2026-08-12T11:01:24.471681,54.6626,0.423101,0.446182,0.434642,0.437562,OPEN,0,0.0,1
2026-08-12T11:01:24.506993,54.6968,0.419604,0.443461,0.431532,0.435452,OPEN,0,0.0,1
2026-08-12T11:01:24.543889,54.7377,0.419458,0.44329,0.431374,0.434025,OPEN,0,0.0,1
2026-08-12T11:01:24.576998,54.7701,0.422453,0.443559,0.433006,0.433668,OPEN,0,0.0,1
2026-08-12T11:01:24.607636,54.8009,0.421771,0.442501,0.432136,0.433132,OPEN,0,0.0,1
2026-08-12T11:01:24.647091,54.84,0.416452,0.440518,0.428485,0.431505,OPEN,0,0.0,1
2026-08-12T11:01:24.669907,54.8646,0.415921,0.439863,0.427892,0.430241,OPEN,0,0.0,1
2026-08-12T11:01:24.704853,54.8986,0.412718,0.437322,0.42502,0.428413,OPEN,0,0.0,1
2026-08-12T11:01:24.736455,54.9299,0.41443,0.439816,0.427123,0.427962,OPEN,0,0.0,1
2026-08-12T11:01:24.768580,54.9607,0.414765,0.441446,0.428106,0.428012,OPEN,0,0.0,1
2026-08-12T11:01:24.802129,54.9946,0.379826,0.410847,0.395336,0.416576,OPEN,0,0.0,1
2026-08-12T11:01:24.832589,55.0254,0.091525,0.105849,0.098687,0.305315,OPEN,0,0.0,1
2026-08-12T11:01:24.863359,55.0604,0.061637,0.065233,0.063435,0.220657,CLOSING,0,0.0,1
2026-08-12T11:01:24.902350,55.0946,0.139698,0.121846,0.130772,0.189197,CLOSING,0,0.0,1
2026-08-12T11:01:24.937404,55.1297,0.177467,0.151702,0.164584,0.180582,CLOSED,0,0.0,1
2026-08-12T11:01:24.978254,55.1709,0.238122,0.226369,0.232246,0.198665,CLOSED,0,0.0,1
2026-08-12T11:01:25.010016,55.2021,0.301989,0.301486,0.301738,0.23474,CLOSED,0,0.0,1
2026-08-12T11:01:25.042412,55.2357,0.353305,0.35686,0.355083,0.27686,OPENING,0,0.0,1
2026-08-12T11:01:25.076353,55.2725,0.387242,0.397633,0.392438,0.317312,OPEN,1,0.21208,1
2026-08-12T11:01:25.116596,55.3082,0.39817,0.414027,0.406099,0.348387,OPEN,0,0.0,1
2026-08-12T11:01:25.147137,55.3422,0.417694,0.43184,0.424767,0.37512,OPEN,0,0.0,1
2026-08-12T11:01:25.181739,55.3763,0.419985,0.438088,0.429036,0.393991,OPEN,0,0.0,1
2026-08-12T11:01:25.220272,55.4106,0.417273,0.439067,0.42817,0.405954,OPEN,0,0.0,1
2026-08-12T11:01:25.240776,55.4338,0.415314,0.439127,0.427221,0.413397,OPEN,0,0.0,1
2026-08-12T11:01:25.261157,55.4565,0.414767,0.436106,0.425437,0.417611,OPEN,0,0.0,1
2026-08-12T11:01:25.294795,55.4926,0.411128,0.432886,0.422007,0.41915,OPEN,0,0.0,1
2026-08-12T11:01:25.323726,55.5193,0.409495,0.432369,0.420932,0.419773,OPEN,0,0.0,1
2026-08-12T11:01:25.362204,55.5547,0.410686,0.436389,0.423537,0.421091,OPEN,0,0.0,1
2026-08-12T11:01:25.410854,55.6026,0.413427,0.435218,0.424323,0.422222,OPEN,0,0.0,1
2026-08-12T11:01:25.442905,55.6365,0.415575,0.434835,0.425205,0.423266,OPEN,0,0.0,1
2026-08-12T11:01:25.477662,55.6707,0.413507,0.434333,0.42392,0.423495,OPEN,0,0.0,1
2026-08-12T11:01:25.523037,55.7139,0.414167,0.436816,0.425492,0.424194,OPEN,0,0.0,1
2026-08-12T11:01:25.558869,55.749,0.410796,0.434585,0.42269,0.423668,OPEN,0,0.0,1
2026-08-12T11:01:25.590609,55.7828,0.413484,0.438338,0.425911,0.424453,OPEN,0,0.0,1
2026-08-12T11:01:25.625086,55.816,0.413954,0.439204,0.426579,0.425197,OPEN,0,0.0,1
2026-08-12T11:01:25.659297,55.8493,0.41618,0.441315,0.428748,0.42644,OPEN,0,0.0,1
2026-08-12T11:01:25.679321,55.8727,0.41601,0.441979,0.428995,0.427334,OPEN,0,0.0,1
2026-08-12T11:01:25.720736,55.908,0.417056,0.443653,0.430354,0.428391,OPEN,0,0.0,1
2026-08-12T11:01:25.738099,55.9341,0.416273,0.444293,0.430283,0.429053,OPEN,0,0.0,1
2026-08-12T11:01:25.776663,55.9687,0.419384,0.445752,0.432568,0.430283,OPEN,0,0.0,1
2026-08-12T11:01:25.810026,56.0029,0.420404,0.445122,0.432763,0.431151,OPEN,0,0.0,1
2026-08-12T11:01:25.844872,56.0368,0.420714,0.44311,0.431912,0.431418,OPEN,0,0.0,1
2026-08-12T11:01:25.878440,56.0711,0.422775,0.442532,0.432654,0.43185,OPEN,0,0.0,1
2026-08-12T11:01:25.912790,56.1059,0.42833,0.448001,0.438166,0.434061,OPEN,0,0.0,1
2026-08-12T11:01:25.933996,56.128,0.431224,0.452866,0.442045,0.436855,OPEN,0,0.0,1
2026-08-12T11:01:25.976856,56.1684,0.431052,0.452642,0.441847,0.438602,OPEN,0,0.0,1
2026-08-12T11:01:26.005631,56.2027,0.429594,0.451726,0.44066,0.439323,OPEN,0,0.0,1
2026-08-12T11:01:26.026653,56.2233,0.430882,0.451386,0.441134,0.439957,OPEN,0,0.0,1
2026-08-12T11:01:26.058037,56.2559,0.430398,0.448539,0.439469,0.439786,OPEN,0,0.0,1
2026-08-12T11:01:26.090004,56.2879,0.428087,0.448448,0.438267,0.439254,OPEN,0,0.0,1
2026-08-12T11:01:26.126913,56.3213,0.432676,0.449397,0.441037,0.439878,OPEN,0,0.0,1
2026-08-12T11:01:26.166518,56.357,0.432435,0.447591,0.440013,0.439925,OPEN,0,0.0,1
2026-08-12T11:01:26.190376,56.3851,0.429784,0.447417,0.4386,0.439462,OPEN,0,0.0,1
2026-08-12T11:01:26.243960,56.4349,0.430104,0.448329,0.439216,0.439376,OPEN,0,0.0,1
2026-08-12T11:01:26.277059,56.4699,0.428826,0.447803,0.438315,0.439004,OPEN,0,0.0,1
2026-08-12T11:01:26.310608,56.505,0.429125,0.447557,0.438341,0.438772,OPEN,0,0.0,1
2026-08-12T11:01:26.346896,56.5396,0.428142,0.44659,0.437366,0.43828,OPEN,0,0.0,1
2026-08-12T11:01:26.365998,56.5616,0.429569,0.448126,0.438848,0.438479,OPEN,0,0.0,1
2026-08-12T11:01:26.398918,56.5948,0.430016,0.448669,0.439342,0.438781,OPEN,0,0.0,1
2026-08-12T11:01:26.426784,56.6245,0.42997,0.448399,0.439185,0.438922,OPEN,0,0.0,1
2026-08-12T11:01:26.460378,56.657,0.424081,0.44402,0.43405,0.437217,OPEN,0,0.0,1
2026-08-12T11:01:26.495626,56.6912,0.421826,0.437836,0.429831,0.434632,OPEN,0,0.0,1
2026-08-12T11:01:26.529164,56.7259,0.422889,0.441845,0.432367,0.433839,OPEN,0,0.0,1
2026-08-12T11:01:26.561580,56.759,0.41927,0.438604,0.428937,0.432124,OPEN,0,0.0,1
2026-08-12T11:01:26.589594,56.7864,0.410202,0.434575,0.422388,0.428716,OPEN,0,0.0,1
2026-08-12T11:01:26.623516,56.8169,0.411609,0.435287,0.423448,0.426872,OPEN,0,0.0,1
2026-08-12T11:01:26.665428,56.8639,0.413864,0.434584,0.424224,0.425945,OPEN,0,0.0,1
2026-08-12T11:01:26.703565,56.8971,0.410876,0.43175,0.421313,0.424324,OPEN,0,0.0,1
2026-08-12T11:01:26.739496,56.9314,0.411479,0.433073,0.422276,0.423607,OPEN,0,0.0,1
2026-08-12T11:01:26.768259,56.9658,0.419395,0.444967,0.432181,0.426608,OPEN,0,0.0,1
2026-08-12T11:01:26.794162,56.9908,0.418992,0.446071,0.432532,0.428681,OPEN,0,0.0,1
2026-08-12T11:01:26.829979,57.0277,0.419473,0.445554,0.432514,0.430023,OPEN,0,0.0,1
2026-08-12T11:01:26.859705,57.0566,0.418059,0.446536,0.432298,0.430819,OPEN,0,0.0,1
2026-08-12T11:01:26.894443,57.0892,0.41394,0.437468,0.425704,0.429029,OPEN,0,0.0,1
2026-08-12T11:01:26.930200,57.1238,0.422708,0.437189,0.429948,0.429351,OPEN,0,0.0,1
2026-08-12T11:01:26.966223,57.158,0.423228,0.441173,0.4322,0.430348,OPEN,0,0.0,1
2026-08-12T11:01:27.002935,57.1935,0.419366,0.447696,0.433531,0.431462,OPEN,0,0.0,1
2026-08-12T11:01:27.042266,57.2357,0.41476,0.437769,0.426264,0.429643,OPEN,0,0.0,1
2026-08-12T11:01:27.077537,57.2703,0.416436,0.440136,0.428286,0.429168,OPEN,0,0.0,1
2026-08-12T11:01:27.112231,57.3051,0.418839,0.440216,0.429527,0.429294,OPEN,0,0.0,1
2026-08-12T11:01:27.145492,57.338,0.419508,0.43379,0.426649,0.428368,OPEN,0,0.0,1
2026-08-12T11:01:27.182598,57.373,0.417794,0.433117,0.425456,0.427349,OPEN,0,0.0,1
2026-08-12T11:01:27.211917,57.4061,0.416708,0.434867,0.425787,0.426802,OPEN,0,0.0,1
2026-08-12T11:01:27.251166,57.4408,0.415197,0.448615,0.431906,0.428589,OPEN,0,0.0,1
2026-08-12T11:01:27.283827,57.475,0.414468,0.444748,0.429608,0.428945,OPEN,0,0.0,1
2026-08-12T11:01:27.300589,57.4976,0.415696,0.445366,0.430531,0.4295,OPEN,0,0.0,1
2026-08-12T11:01:27.338076,57.5306,0.404534,0.435335,0.419935,0.426152,OPEN,0,0.0,1
2026-08-12T11:01:27.372050,57.564,0.197148,0.247099,0.222123,0.354742,OPEN,0,0.0,1
2026-08-12T11:01:27.392007,57.5857,0.075458,0.084676,0.080067,0.258606,OPEN,0,0.0,1
2026-08-12T11:01:27.428590,57.6204,0.068138,0.078518,0.073328,0.193759,CLOSING,0,0.0,1
2026-08-12T11:01:27.460030,57.6554,0.101524,0.12121,0.111367,0.164922,CLOSING,0,0.0,1
2026-08-12T11:01:27.507772,57.6991,0.064474,0.096848,0.080661,0.13543,CLOSED,0,0.0,1
2026-08-12T11:01:27.540878,57.733,0.124606,0.13852,0.131563,0.134077,CLOSED,0,0.0,1
2026-08-12T11:01:27.575418,57.7676,0.164876,0.192247,0.178562,0.149647,CLOSED,0,0.0,1
2026-08-12T11:01:27.611489,57.8023,0.226115,0.259542,0.242828,0.18226,CLOSED,0,0.0,1
2026-08-12T11:01:27.644162,57.8356,0.253079,0.282109,0.267594,0.212127,CLOSED,0,0.0,1
2026-08-12T11:01:27.684396,57.8701,0.310262,0.345964,0.328113,0.252722,OPENING,0,0.0,1
2026-08-12T11:01:27.701606,57.8983,0.36126,0.396732,0.378996,0.296918,OPEN,1,0.277896,1
2026-08-12T11:01:27.738864,57.9335,0.385408,0.412288,0.398848,0.332594,OPEN,0,0.0,1
2026-08-12T11:01:27.776135,57.9678,0.383822,0.408217,0.396019,0.354792,OPEN,0,0.0,1
2026-08-12T11:01:27.792005,57.9893,0.390067,0.419284,0.404675,0.372251,OPEN,0,0.0,1
2026-08-12T11:01:27.819402,58.0158,0.400904,0.431391,0.416147,0.387615,OPEN,0,0.0,1
2026-08-12T11:01:27.857689,58.0504,0.407778,0.438403,0.423091,0.400032,OPEN,0,0.0,1
2026-08-12T11:01:27.889742,58.086,0.402577,0.43304,0.417809,0.406254,OPEN,0,0.0,1
2026-08-12T11:01:27.938808,58.1302,0.414152,0.442228,0.42819,0.413931,OPEN,0,0.0,1
2026-08-12T11:01:27.969679,58.1641,0.41916,0.442776,0.430968,0.419894,OPEN,0,0.0,1
2026-08-12T11:01:28.003704,58.199,0.416354,0.439333,0.427843,0.422676,OPEN,0,0.0,1
2026-08-12T11:01:28.041250,58.2333,0.410766,0.434255,0.422511,0.422618,OPEN,0,0.0,1
2026-08-12T11:01:28.071800,58.2672,0.411166,0.430005,0.420586,0.421907,OPEN,0,0.0,1
2026-08-12T11:01:28.091585,58.2883,0.411214,0.432404,0.421809,0.421872,OPEN,0,0.0,1
2026-08-12T11:01:28.134170,58.3273,0.422675,0.441982,0.432328,0.425532,OPEN,0,0.0,1
2026-08-12T11:01:28.164834,58.3609,0.42891,0.454866,0.441888,0.431257,OPEN,0,0.0,1
2026-08-12T11:01:28.204224,58.3964,0.425711,0.449413,0.437562,0.433464,OPEN,0,0.0,1
2026-08-12T11:01:28.237923,58.4309,0.423204,0.44594,0.434572,0.433852,OPEN,0,0.0,1
2026-08-12T11:01:28.259622,58.4528,0.425754,0.444172,0.434963,0.43424,OPEN,0,0.0,1
2026-08-12T11:01:28.291725,58.4863,0.428141,0.451487,0.439814,0.436191,OPEN,0,0.0,1
2026-08-12T11:01:28.338959,58.5305,0.430153,0.447159,0.438656,0.437054,OPEN,0,0.0,1
2026-08-12T11:01:28.368700,58.5613,0.436013,0.454893,0.445453,0.439994,OPEN,0,0.0,1
2026-08-12T11:01:28.402817,58.5968,0.437181,0.456499,0.44684,0.44239,OPEN,0,0.0,1
2026-08-12T11:01:28.434915,58.6258,0.439255,0.456272,0.447763,0.444271,OPEN,0,0.0,1
2026-08-12T11:01:28.464893,58.6582,0.438206,0.45373,0.445968,0.444865,OPEN,0,0.0,1
2026-08-12T11:01:28.497494,58.6906,0.434788,0.454619,0.444704,0.444808,OPEN,0,0.0,1
2026-08-12T11:01:28.530102,58.7245,0.433964,0.458452,0.446208,0.445298,OPEN,0,0.0,1
2026-08-12T11:01:28.568364,58.7639,0.433931,0.458546,0.446239,0.445627,OPEN,0,0.0,1
2026-08-12T11:01:28.587239,58.7837,0.43561,0.460081,0.447845,0.446404,OPEN,0,0.0,1
2026-08-12T11:01:28.625840,58.8185,0.434426,0.458617,0.446522,0.446445,OPEN,0,0.0,1
2026-08-12T11:01:28.658475,58.8526,0.432758,0.458255,0.445507,0.446117,OPEN,0,0.0,1
2026-08-12T11:01:28.693928,58.8863,0.42959,0.456264,0.442927,0.445,OPEN,0,0.0,1
2026-08-12T11:01:28.718558,58.913,0.426482,0.451347,0.438914,0.44287,OPEN,0,0.0,1
2026-08-12T11:01:28.776034,58.9683,0.428296,0.45205,0.440173,0.441926,OPEN,0,0.0,1
2026-08-12T11:01:28.803571,59.0004,0.426554,0.451736,0.439145,0.440953,OPEN,0,0.0,1
2026-08-12T11:01:28.839524,59.0345,0.429297,0.455963,0.44263,0.44154,OPEN,0,0.0,1
2026-08-12T11:01:28.872873,59.0684,0.428931,0.455053,0.441992,0.441698,OPEN,0,0.0,1
2026-08-12T11:01:28.904222,59.1004,0.428721,0.454425,0.441573,0.441654,OPEN,0,0.0,1
2026-08-12T11:01:28.936077,59.1338,0.42885,0.453984,0.441417,0.441571,OPEN,0,0.0,1
2026-08-12T11:01:28.953139,59.1512,0.428816,0.452468,0.440642,0.441246,OPEN,0,0.0,1
2026-08-12T11:01:28.991221,59.1872,0.429985,0.453152,0.441569,0.441359,OPEN,0,0.0,1
2026-08-12T11:01:29.027866,59.2204,0.431534,0.451635,0.441584,0.441438,OPEN,0,0.0,1
2026-08-12T11:01:29.059092,59.2538,0.430299,0.44962,0.439959,0.44092,OPEN,0,0.0,1
2026-08-12T11:01:29.086116,59.281,0.429861,0.448726,0.439294,0.440351,OPEN,0,0.0,1
2026-08-12T11:01:29.121795,59.314,0.430285,0.447556,0.438921,0.43985,OPEN,0,0.0,1
2026-08-12T11:01:29.153507,59.3477,0.429935,0.445406,0.43767,0.439087,OPEN,0,0.0,1
2026-08-12T11:01:29.211286,59.4015,0.42849,0.445183,0.436837,0.4383,OPEN,0,0.0,1
2026-08-12T11:01:29.240637,59.4359,0.434382,0.449373,0.441878,0.439552,OPEN,0,0.0,1
2026-08-12T11:01:29.279887,59.4704,0.435151,0.447327,0.441239,0.440142,OPEN,0,0.0,1
2026-08-12T11:01:29.300407,59.4942,0.43696,0.446636,0.441798,0.440722,OPEN,0,0.0,1
2026-08-12T11:01:29.336270,59.5284,0.436707,0.446747,0.441727,0.441074,OPEN,0,0.0,1
2026-08-12T11:01:29.370055,59.5626,0.438887,0.448668,0.443778,0.44202,OPEN,0,0.0,1
2026-08-12T11:01:29.399607,59.5959,0.435368,0.44886,0.442114,0.442053,OPEN,0,0.0,1
2026-08-12T11:01:29.436434,59.633,0.435629,0.451732,0.443681,0.442623,OPEN,0,0.0,1
2026-08-12T11:01:29.471378,59.667,0.437585,0.454556,0.446071,0.44383,OPEN,0,0.0,1
2026-08-12T11:01:29.503864,59.7007,0.438981,0.456184,0.447582,0.445143,OPEN,0,0.0,1
2026-08-12T11:01:29.522185,59.719,0.439558,0.457343,0.448451,0.446301,OPEN,0,0.0,1
2026-08-12T11:01:29.556313,59.7534,0.437141,0.459157,0.448149,0.446948,OPEN,0,0.0,1
2026-08-12T11:01:29.579169,59.7757,0.437968,0.460421,0.449195,0.447734,OPEN,0,0.0,1
2026-08-12T11:01:29.628658,59.8265,0.437746,0.461164,0.449455,0.448336,OPEN,0,0.0,1
2026-08-12T11:01:29.659754,59.856,0.439655,0.462745,0.4512,0.449339,OPEN,0,0.0,1
2026-08-12T11:01:29.692268,59.8894,0.440315,0.465222,0.452769,0.450539,OPEN,0,0.0,1
2026-08-12T11:01:29.722395,59.9201,0.439418,0.466727,0.453073,0.451426,OPEN,0,0.0,1
2026-08-12T11:01:29.753589,59.9519,0.440908,0.467406,0.454157,0.452382,OPEN,0,0.0,1
2026-08-12T11:01:29.787371,59.9844,0.443228,0.469073,0.456151,0.453701,OPEN,0,0.0,1
2026-08-12T11:01:29.821044,60.0168,0.391808,0.425992,0.4089,0.43802,OPEN,0,0.0,1
