timestamp,elapsed,face_detected,left_ear,right_ear,average_ear,smoothed_ear,closing_threshold,opening_threshold,eye_state,closure_duration,blink_event,blink_count
0.0041,0.0041,1,0.33391,0.30798,0.32094,0.32094,0.24205,0.28476,OPEN,,0,0
0.0767,0.0767,1,0.35287,0.32754,0.3402,0.32768,0.24205,0.28476,OPEN,,0,0
0.1268,0.1268,1,0.34169,0.31801,0.32985,0.32844,0.24205,0.28476,OPEN,,0,0
0.165,0.165,1,0.33531,0.31603,0.32567,0.32747,0.24205,0.28476,OPEN,,0,0
0.2041,0.2041,1,0.33833,0.31641,0.32737,0.32744,0.24205,0.28476,OPEN,,0,0
0.2551,0.2551,1,0.33995,0.31826,0.3291,0.32802,0.24205,0.28476,OPEN,,0,0
0.2878,0.2878,1,0.33641,0.33155,0.33398,0.3301,0.24205,0.28476,OPEN,,0,0
0.3162,0.3162,1,0.33693,0.32988,0.3334,0.33126,0.24205,0.28476,OPEN,,0,0
0.3553,0.3553,1,0.34491,0.32034,0.33263,0.33174,0.24205,0.28476,OPEN,,0,0
0.4029,0.4029,1,0.35076,0.32235,0.33655,0.33342,0.24205,0.28476,OPEN,,0,0
0.4359,0.4359,1,0.34447,0.31874,0.3316,0.33279,0.24205,0.28476,OPEN,,0,0
0.4709,0.4709,1,0.35688,0.31838,0.33763,0.33448,0.24205,0.28476,OPEN,,0,0
0.4998,0.4998,1,0.38114,0.3375,0.35932,0.34317,0.24205,0.28476,OPEN,,0,0
0.5393,0.5393,1,0.38762,0.34727,0.36745,0.35167,0.24205,0.28476,OPEN,,0,0
0.574,0.574,1,0.37997,0.3425,0.36123,0.35502,0.24205,0.28476,OPEN,,0,0
0.601,0.601,1,0.37799,0.34999,0.36399,0.35816,0.24205,0.28476,OPEN,,0,0
0.6385,0.6385,1,0.35844,0.34216,0.3503,0.35541,0.24205,0.28476,OPEN,,0,0
0.6671,0.6671,1,0.35151,0.34521,0.34836,0.35294,0.24205,0.28476,OPEN,,0,0
0.6933,0.6933,1,0.35253,0.3417,0.34711,0.3509,0.24205,0.28476,OPEN,,0,0
0.7329,0.7329,1,0.35278,0.34478,0.34878,0.35016,0.24205,0.28476,OPEN,,0,0
0.7607,0.7607,1,0.35816,0.32719,0.34267,0.34754,0.24205,0.28476,OPEN,,0,0
0.7932,0.7932,1,0.35714,0.32715,0.34214,0.34565,0.24205,0.28476,OPEN,,0,0
0.8359,0.8359,1,0.351,0.32353,0.33726,0.34272,0.24205,0.28476,OPEN,,0,0
0.8684,0.8684,1,0.35082,0.32748,0.33915,0.34147,0.24205,0.28476,OPEN,,0,0
0.8964,0.8964,1,0.34999,0.31503,0.33251,0.33833,0.24205,0.28476,OPEN,,0,0
0.9368,0.9368,1,0.36359,0.32858,0.34608,0.34104,0.24205,0.28476,OPEN,,0,0
0.9688,0.9688,1,0.36246,0.33777,0.35011,0.34422,0.24205,0.28476,OPEN,,0,0
0.9951,0.9951,1,0.36437,0.33772,0.35105,0.34661,0.24205,0.28476,OPEN,,0,0
1.0222,1.0222,1,0.37363,0.34716,0.36039,0.35143,0.24205,0.28476,OPEN,,0,0
1.0588,1.0588,1,0.37826,0.35416,0.36621,0.35661,0.24205,0.28476,OPEN,,0,0
1.0843,1.0843,1,0.39732,0.38469,0.39101,0.36865,0.24205,0.28476,OPEN,,0,0
1.1189,1.1189,1,0.40707,0.39629,0.40168,0.38021,0.24205,0.28476,OPEN,,0,0
1.1539,1.1539,1,0.40349,0.39355,0.39852,0.38662,0.24205,0.28476,OPEN,,0,0
1.1848,1.1848,1,0.40162,0.39196,0.39679,0.39018,0.24205,0.28476,OPEN,,0,0
1.2195,1.2195,1,0.39774,0.37941,0.38858,0.38962,0.24205,0.28476,OPEN,,0,0
1.2512,1.2512,1,0.39371,0.36988,0.38179,0.38688,0.24205,0.28476,OPEN,,0,0
1.2851,1.2851,1,0.39035,0.36467,0.37751,0.3836,0.24205,0.28476,OPEN,,0,0
1.3212,1.3212,1,0.38746,0.36012,0.37379,0.38017,0.24205,0.28476,OPEN,,0,0
1.359,1.359,1,0.38588,0.35794,0.37191,0.37728,0.24205,0.28476,OPEN,,0,0
1.402,1.402,1,0.38349,0.35555,0.36952,0.37456,0.24205,0.28476,OPEN,,0,0
1.4396,1.4396,1,0.38921,0.36825,0.37873,0.37602,0.24205,0.28476,OPEN,,0,0
1.4845,1.4845,1,0.39295,0.37908,0.38601,0.37952,0.24205,0.28476,OPEN,,0,0
1.518,1.518,1,0.39886,0.38206,0.39046,0.38335,0.24205,0.28476,OPEN,,0,0
1.5941,1.5941,1,0.39814,0.3804,0.38927,0.38542,0.24205,0.28476,OPEN,,0,0
1.6253,1.6253,1,0.39906,0.3806,0.38983,0.38696,0.24205,0.28476,OPEN,,0,0
1.6702,1.6702,1,0.2748,0.20795,0.24138,0.33601,0.24205,0.28476,OPEN,,0,0
1.6958,1.6958,1,0.27437,0.21255,0.24346,0.30362,0.24205,0.28476,OPEN,,0,0
1.7232,1.7232,1,0.1347,0.10678,0.12074,0.23961,0.24205,0.28476,CLOSING,,0,0
1.7664,1.7664,1,0.10569,0.08752,0.0966,,0.24205,0.28476,CLOSING,,0,0
1.7941,1.7941,1,0.1911,0.16009,0.17559,0.2172,0.24205,0.28476,CLOSED,0.07087,0,0
1.837,1.837,1,0.23769,0.24144,0.23956,0.22503,0.24205,0.28476,CLOSED,0.11378,0,0
1.8621,1.8621,1,0.36661,0.3784,0.37251,0.27665,0.24205,0.28476,CLOSED,0.13885,0,0
1.8835,1.8835,1,0.4042,0.41088,0.40754,0.32246,0.24205,0.28476,OPENING,0.16026,0,0
1.9188,1.9188,1,0.41402,0.4291,0.42156,0.35715,0.24205,0.28476,OPEN,0.1956,1,1
1.9518,1.9518,1,0.41269,0.43001,0.42135,0.37962,0.24205,0.28476,OPEN,,0,1
1.9922,1.9922,1,0.42095,0.42948,0.42522,0.39558,0.24205,0.28476,OPEN,,0,1
2.0192,2.0192,1,0.42485,0.4319,0.42838,0.40706,0.24205,0.28476,OPEN,,0,1
2.0575,2.0575,1,0.43008,0.43769,0.43389,0.41645,0.24205,0.28476,OPEN,,0,1
2.0847,2.0847,1,0.4297,0.43901,0.43435,0.42271,0.24205,0.28476,OPEN,,0,1
2.1223,2.1223,1,0.43057,0.43129,0.43093,0.42559,0.24205,0.28476,OPEN,,0,1
2.145,2.145,1,0.4306,0.43438,0.43249,0.42801,0.24205,0.28476,OPEN,,0,1
2.1896,2.1896,1,0.4286,0.42862,0.42861,0.42822,0.24205,0.28476,OPEN,,0,1
2.2189,2.2189,1,0.43113,0.42947,0.4303,0.42895,0.24205,0.28476,OPEN,,0,1
2.2525,2.2525,1,0.42732,0.42885,0.42808,0.42864,0.24205,0.28476,OPEN,,0,1
2.2769,2.2769,1,0.42532,0.42795,0.42663,0.42794,0.24205,0.28476,OPEN,,0,1
2.3299,2.3299,1,0.42622,0.42612,0.42617,0.42732,0.24205,0.28476,OPEN,,0,1
2.386,2.386,1,0.42454,0.4248,0.42467,0.42639,0.24205,0.28476,OPEN,,0,1
2.4366,2.4366,1,0.4247,0.41975,0.42223,0.42493,0.24205,0.28476,OPEN,,0,1
2.466,2.466,1,0.42484,0.41906,0.42195,0.42389,0.24205,0.28476,OPEN,,0,1
2.4909,2.4909,1,0.42147,0.4136,0.41753,0.42167,0.24205,0.28476,OPEN,,0,1
2.5177,2.5177,1,0.42488,0.41262,0.41875,0.42064,0.24205,0.28476,OPEN,,0,1
2.5453,2.5453,1,0.42664,0.41268,0.41966,0.4203,0.24205,0.28476,OPEN,,0,1
2.579,2.579,1,0.42313,0.41056,0.41684,0.41909,0.24205,0.28476,OPEN,,0,1
2.6145,2.6145,1,0.43539,0.41693,0.42616,0.42157,0.24205,0.28476,OPEN,,0,1
2.6416,2.6416,1,0.43253,0.42023,0.42638,0.42325,0.24205,0.28476,OPEN,,0,1
2.6658,2.6658,1,0.4359,0.42364,0.42977,0.42553,0.24205,0.28476,OPEN,,0,1
2.6836,2.6836,1,0.44085,0.42617,0.43351,0.42832,0.24205,0.28476,OPEN,,0,1
2.7319,2.7319,1,0.42597,0.40672,0.41635,0.42413,0.24205,0.28476,OPEN,,0,1
2.7669,2.7669,1,0.43451,0.42248,0.42849,0.42566,0.24205,0.28476,OPEN,,0,1
2.8013,2.8013,1,0.42993,0.41148,0.42071,0.42393,0.24205,0.28476,OPEN,,0,1
2.8324,2.8324,1,0.43611,0.42278,0.42944,0.42586,0.24205,0.28476,OPEN,,0,1
2.869,2.869,1,0.44161,0.42646,0.43403,0.42872,0.24205,0.28476,OPEN,,0,1
2.9185,2.9185,1,0.44569,0.43425,0.43997,0.43266,0.24205,0.28476,OPEN,,0,1
2.9512,2.9512,1,0.39734,0.35412,0.37573,0.41273,0.24205,0.28476,OPEN,,0,1
2.9726,2.9726,1,0.39307,0.3633,0.37818,0.40064,0.24205,0.28476,OPEN,,0,1
3.0177,3.0177,1,0.13527,0.12389,0.12958,0.30577,0.24205,0.28476,OPEN,,0,1
3.0535,3.0535,1,0.10933,0.09715,0.10324,0.23488,0.24205,0.28476,CLOSING,,0,1
3.1006,3.1006,1,0.10553,0.09677,0.10115,0.18808,0.24205,0.28476,CLOSING,0.04713,0,1
3.1318,3.1318,1,0.09757,0.09233,0.09495,,0.24205,0.28476,CLOSING,,0,1
3.1702,3.1702,1,0.14873,0.11309,0.13091,0.16807,0.24205,0.28476,CLOSED,0.11677,0,1
3.1996,3.1996,1,0.15438,0.12167,0.13802,0.15755,0.24205,0.28476,CLOSED,0.14616,0,1
3.2333,3.2333,1,0.35753,0.29512,0.32633,0.21662,0.24205,0.28476,CLOSED,0.17978,0,1
3.2725,3.2725,1,0.38004,0.33381,0.35692,0.26573,0.24205,0.28476,CLOSED,0.21899,0,1
3.2957,3.2957,1,0.42148,0.38504,0.40326,0.31387,0.24205,0.28476,OPENING,0.24225,0,1
3.331,3.331,1,0.41656,0.39383,0.40519,0.34583,0.24205,0.28476,OPEN,0.27754,1,2
3.3678,3.3678,1,0.44587,0.41685,0.43136,0.37577,0.24205,0.28476,OPEN,,0,2
3.4087,3.4087,1,0.44182,0.42238,0.4321,0.39548,0.24205,0.28476,OPEN,,0,2
3.4386,3.4386,1,0.42424,0.40282,0.41353,0.4018,0.24205,0.28476,OPEN,,0,2
3.4666,3.4666,1,0.41452,0.40595,0.41023,0.40475,0.24205,0.28476,OPEN,,0,2
3.5055,3.5055,1,0.44192,0.42932,0.43562,0.41556,0.24205,0.28476,OPEN,,0,2
3.552,3.552,1,0.45434,0.44509,0.44972,0.42751,0.24205,0.28476,OPEN,,0,2
3.5904,3.5904,1,0.43558,0.42211,0.42884,0.42798,0.24205,0.28476,OPEN,,0,2
3.6186,3.6186,1,0.43188,0.42158,0.42673,0.42754,0.24205,0.28476,OPEN,,0,2
3.6465,3.6465,1,0.42053,0.41137,0.41595,0.42348,0.24205,0.28476,OPEN,,0,2
3.6806,3.6806,1,0.42177,0.40542,0.4136,0.42002,0.24205,0.28476,OPEN,,0,2
3.7336,3.7336,1,0.42614,0.38558,0.40586,0.41507,0.24205,0.28476,OPEN,,0,2
3.7869,3.7869,1,0.42605,0.40565,0.41585,0.41534,0.24205,0.28476,OPEN,,0,2
3.8152,3.8152,1,0.4221,0.40961,0.41585,0.41552,0.24205,0.28476,OPEN,,0,2
3.8678,3.8678,1,0.4328,0.40662,0.41971,0.41699,0.24205,0.28476,OPEN,,0,2
3.891,3.891,1,0.43975,0.42966,0.43471,0.42319,0.24205,0.28476,OPEN,,0,2
3.9313,3.9313,1,0.4305,0.40325,0.41687,0.42098,0.24205,0.28476,OPEN,,0,2
3.9685,3.9685,1,0.41107,0.40395,0.40751,0.41626,0.24205,0.28476,OPEN,,0,2
4.0043,4.0043,1,0.45125,0.44071,0.44598,0.42666,0.24205,0.28476,OPEN,,0,2
4.0397,4.0397,1,0.44294,0.42115,0.43205,0.42855,0.24205,0.28476,OPEN,,0,2
4.0845,4.0845,1,0.44539,0.41502,0.43021,0.42913,0.24205,0.28476,OPEN,,0,2
4.1199,4.1199,1,0.45677,0.43634,0.44656,0.43523,0.24205,0.28476,OPEN,,0,2
4.1531,4.1531,1,0.22156,0.21915,0.22036,0.36002,0.24205,0.28476,OPEN,,0,2
4.1909,4.1909,1,0.16941,0.16318,0.1663,0.29222,0.24205,0.28476,OPEN,,0,2
4.2186,4.2186,1,0.0725,0.08377,0.07813,,0.24205,0.28476,OPEN,,0,2
4.2498,4.2498,1,0.07062,0.09655,0.08359,,0.24205,0.28476,OPEN,,0,2
4.2809,4.2809,1,0.06279,0.07923,0.07101,,0.24205,0.28476,OPEN,,0,2
4.3131,4.3131,1,0.04424,0.05588,0.05006,,0.24205,0.28476,OPEN,,0,2
4.3646,4.3646,1,0.19966,0.24468,0.22217,0.2677,0.24205,0.28476,OPEN,,0,2
4.4011,4.4011,1,0.24985,0.24478,0.24732,0.26057,0.24205,0.28476,OPEN,,0,2
4.434,4.434,1,0.38939,0.3782,0.38379,0.3037,0.24205,0.28476,OPEN,,0,2
4.4614,4.4614,1,0.40347,0.40721,0.40534,0.33927,0.24205,0.28476,OPEN,,0,2
4.5005,4.5005,1,0.43006,0.40846,0.41926,0.36727,0.24205,0.28476,OPEN,,0,2
4.5395,4.5395,1,0.43269,0.41463,0.42366,0.387,0.24205,0.28476,OPEN,,0,2
4.6045,4.6045,1,0.43751,0.4176,0.42756,0.4012,0.24205,0.28476,OPEN,,0,2
4.6678,4.6678,1,0.34525,0.41212,0.37868,0.39332,0.24205,0.28476,OPEN,,0,2
4.6943,4.6943,1,0.3428,0.41649,0.37965,0.38853,0.24205,0.28476,OPEN,,0,2
4.73,4.73,1,0.36577,0.38088,0.37333,0.38321,0.24205,0.28476,OPEN,,0,2
4.7687,4.7687,1,0.37975,0.37087,0.37531,0.38045,0.24205,0.28476,OPEN,,0,2
4.8042,4.8042,1,0.13163,0.14114,0.13638,0.29502,0.24205,0.28476,OPEN,,0,2
4.8348,4.8348,1,0.07475,0.07462,0.07469,,0.24205,0.28476,OPEN,,0,2
4.8678,4.8678,1,0.07814,0.06714,0.07264,,0.24205,0.28476,OPEN,,0,2
4.8959,4.8959,1,0.0668,0.03603,0.05141,,0.24205,0.28476,OPEN,,0,2
4.9216,4.9216,1,0.06952,0.04517,0.05734,,0.24205,0.28476,OPEN,,0,2
4.954,4.954,1,0.06573,0.04042,0.05308,,0.24205,0.28476,OPEN,,0,2
4.9813,4.9813,1,0.06897,0.0415,0.05523,,0.24205,0.28476,OPEN,,0,2
5.0107,5.0107,1,0.1833,0.18221,0.18276,0.25573,0.24205,0.28476,OPEN,,0,2
5.0674,5.0674,1,0.37017,0.36459,0.36738,0.29481,0.24205,0.28476,OPEN,,0,2
5.1026,5.1026,1,0.39267,0.39846,0.39557,0.33007,0.24205,0.28476,OPEN,,0,2
5.1353,5.1353,1,0.40185,0.39721,0.39953,0.35438,0.24205,0.28476,OPEN,,0,2
5.1852,5.1852,1,0.42058,0.39697,0.40878,0.37342,0.24205,0.28476,OPEN,,0,2
5.2156,5.2156,1,0.48166,0.48926,0.48546,0.41263,0.24205,0.28476,OPEN,,0,2
5.2466,5.2466,1,0.53613,0.50674,0.52143,0.45071,0.24205,0.28476,OPEN,,0,2
5.2797,5.2797,1,0.50473,0.4845,0.49462,0.46608,0.24205,0.28476,OPEN,,0,2
5.3047,5.3047,1,0.47312,0.46031,0.46671,0.4663,0.24205,0.28476,OPEN,,0,2
5.3392,5.3392,1,0.51009,0.46696,0.48853,0.47408,0.24205,0.28476,OPEN,,0,2
5.3678,5.3678,1,0.50669,0.47154,0.48911,0.47934,0.24205,0.28476,OPEN,,0,2
5.4034,5.4034,1,0.49364,0.46396,0.4788,0.47915,0.24205,0.28476,OPEN,,0,2
5.432,5.432,1,0.45135,0.4404,0.44587,0.4675,0.24205,0.28476,OPEN,,0,2
5.4683,5.4683,1,0.4435,0.43159,0.43755,0.45702,0.24205,0.28476,OPEN,,0,2
5.5066,5.5066,1,0.43912,0.42821,0.43367,0.44885,0.24205,0.28476,OPEN,,0,2
5.5341,5.5341,1,0.44166,0.42842,0.43504,0.44401,0.24205,0.28476,OPEN,,0,2
5.565,5.565,1,0.44301,0.42396,0.43349,0.44033,0.24205,0.28476,OPEN,,0,2
5.5956,5.5956,1,0.44719,0.42919,0.43819,0.43958,0.24205,0.28476,OPEN,,0,2
5.6207,5.6207,1,0.44652,0.43036,0.43844,0.43918,0.24205,0.28476,OPEN,,0,2
5.6633,5.6633,1,0.44638,0.42732,0.43685,0.43837,0.24205,0.28476,OPEN,,0,2
5.6975,5.6975,1,0.44376,0.4256,0.43468,0.43708,0.24205,0.28476,OPEN,,0,2
5.7401,5.7401,1,0.44272,0.42457,0.43365,0.43588,0.24205,0.28476,OPEN,,0,2
5.7761,5.7761,1,0.43658,0.42092,0.42875,0.43338,0.24205,0.28476,OPEN,,0,2
5.8198,5.8198,1,0.44026,0.42215,0.4312,0.43262,0.24205,0.28476,OPEN,,0,2
5.8616,5.8616,1,0.44783,0.43593,0.44188,0.43586,0.24205,0.28476,OPEN,,0,2
5.9001,5.9001,1,0.44683,0.43652,0.44168,0.4379,0.24205,0.28476,OPEN,,0,2
5.9355,5.9355,1,0.46426,0.45095,0.4576,0.44479,0.24205,0.28476,OPEN,,0,2
5.9688,5.9688,1,0.45954,0.43974,0.44964,0.44649,0.24205,0.28476,OPEN,,0,2
5.9997,5.9997,1,0.4592,0.43569,0.44745,0.44683,0.24205,0.28476,OPEN,,0,2
6.0311,6.0311,1,0.10328,0.08721,0.09525,,0.24205,0.28476,OPEN,,0,2
6.069,6.069,1,0.00877,0.01455,0.01166,,0.24205,0.28476,OPEN,,0,2
6.1423,6.1423,1,0.16568,0.15078,0.15823,0.34582,0.24205,0.28476,OPEN,,0,2
6.1745,6.1745,1,0.18956,0.16612,0.17784,0.28703,0.24205,0.28476,OPEN,,0,2
6.2181,6.2181,1,0.2998,0.30056,0.30018,0.29163,0.24205,0.28476,OPEN,,0,2
6.2666,6.2666,1,0.34765,0.34482,0.34624,0.31074,0.24205,0.28476,OPEN,,0,2
6.3009,6.3009,1,0.36426,0.36206,0.36316,0.32909,0.24205,0.28476,OPEN,,0,2
6.3316,6.3316,1,0.37726,0.37279,0.37502,0.34517,0.24205,0.28476,OPEN,,0,2
6.3659,6.3659,1,0.3845,0.37821,0.38135,0.35783,0.24205,0.28476,OPEN,,0,2
6.404,6.404,1,0.41124,0.39079,0.40101,0.37294,0.24205,0.28476,OPEN,,0,2
6.435,6.435,1,0.41574,0.39552,0.40563,0.38438,0.24205,0.28476,OPEN,,0,2
6.4648,6.4648,1,0.41641,0.40661,0.41151,0.39388,0.24205,0.28476,OPEN,,0,2
6.4887,6.4887,1,0.41763,0.41226,0.41494,0.40125,0.24205,0.28476,OPEN,,0,2
6.529,6.529,1,0.41881,0.4161,0.41745,0.40692,0.24205,0.28476,OPEN,,0,2
6.5569,6.5569,1,0.41895,0.41583,0.41739,0.41058,0.24205,0.28476,OPEN,,0,2
6.5883,6.5883,1,0.42004,0.41622,0.41813,0.41323,0.24205,0.28476,OPEN,,0,2
6.6158,6.6158,1,0.43043,0.41914,0.42479,0.41727,0.24205,0.28476,OPEN,,0,2
6.6679,6.6679,1,0.43956,0.42308,0.43132,0.42219,0.24205,0.28476,OPEN,,0,2
6.6984,6.6984,1,0.44181,0.42366,0.43273,0.42588,0.24205,0.28476,OPEN,,0,2
6.7306,6.7306,1,0.44175,0.42376,0.43276,0.42829,0.24205,0.28476,OPEN,,0,2
6.7648,6.7648,1,0.44148,0.42302,0.43225,0.42967,0.24205,0.28476,OPEN,,0,2
6.7942,6.7942,1,0.14224,0.08509,0.11366,0.31907,0.24205,0.28476,OPEN,,0,2
6.8344,6.8344,1,0.08692,0.05557,0.07124,,0.24205,0.28476,OPEN,,0,2
6.8829,6.8829,1,0.03972,0.0245,0.03211,,0.24205,0.28476,OPEN,,0,2
6.9157,6.9157,1,0.02894,0.01795,0.02344,,0.24205,0.28476,OPEN,,0,2
6.9565,6.9565,1,0.0288,0.01767,0.02324,,0.24205,0.28476,OPEN,,0,2
6.9995,6.9995,1,0.06212,0.04566,0.05389,,0.24205,0.28476,OPEN,,0,2
7.0299,7.0299,1,0.06411,0.05047,0.05729,,0.24205,0.28476,OPEN,,0,2
7.0634,7.0634,1,0.23029,0.24932,0.2398,0.29133,0.24205,0.28476,OPEN,,0,2
7.096,7.096,1,0.37636,0.3926,0.38448,0.32393,0.24205,0.28476,OPEN,,0,2
7.1271,7.1271,1,0.4061,0.41278,0.40944,0.35386,0.24205,0.28476,OPEN,,0,2
7.1665,7.1665,1,0.40129,0.3994,0.40034,0.37013,0.24205,0.28476,OPEN,,0,2
7.1985,7.1985,1,0.40137,0.3979,0.39963,0.38046,0.24205,0.28476,OPEN,,0,2
7.2316,7.2316,1,0.41161,0.40247,0.40704,0.38976,0.24205,0.28476,OPEN,,0,2
7.2652,7.2652,1,0.463,0.43666,0.44983,0.41078,0.24205,0.28476,OPEN,,0,2
7.3418,7.3418,1,0.45407,0.43687,0.44547,0.42292,0.24205,0.28476,OPEN,,0,2
7.3768,7.3768,1,0.45113,0.43634,0.44373,0.43021,0.24205,0.28476,OPEN,,0,2
7.4067,7.4067,1,0.45032,0.43486,0.44259,0.43454,0.24205,0.28476,OPEN,,0,2
7.4662,7.4662,1,0.45011,0.43963,0.44487,0.43816,0.24205,0.28476,OPEN,,0,2
7.5147,7.5147,1,0.44869,0.43666,0.44267,0.43974,0.24205,0.28476,OPEN,,0,2
7.5429,7.5429,1,0.45498,0.42992,0.44245,0.44069,0.24205,0.28476,OPEN,,0,2
7.5785,7.5785,1,0.44533,0.43215,0.43874,0.44,0.24205,0.28476,OPEN,,0,2
7.6156,7.6156,1,0.43926,0.41734,0.4283,0.43591,0.24205,0.28476,OPEN,,0,2
7.6486,7.6486,1,0.44267,0.41766,0.43017,0.4339,0.24205,0.28476,OPEN,,0,2
7.6823,7.6823,1,0.44076,0.41963,0.4302,0.4326,0.24205,0.28476,OPEN,,0,2
7.7162,7.7162,1,0.44072,0.42149,0.4311,0.43208,0.24205,0.28476,OPEN,,0,2
7.7405,7.7405,1,0.44112,0.42265,0.43189,0.43201,0.24205,0.28476,OPEN,,0,2
7.7765,7.7765,1,0.4425,0.42647,0.43448,0.43288,0.24205,0.28476,OPEN,,0,2
7.806,7.806,1,0.44014,0.42697,0.43356,0.43311,0.24205,0.28476,OPEN,,0,2
7.8481,7.8481,1,0.44354,0.42577,0.43466,0.43365,0.24205,0.28476,OPEN,,0,2
7.8832,7.8832,1,0.44274,0.42579,0.43427,0.43387,0.24205,0.28476,OPEN,,0,2
7.9153,7.9153,1,0.44219,0.42566,0.43392,0.43389,0.24205,0.28476,OPEN,,0,2
7.9415,7.9415,1,0.43953,0.43336,0.43645,0.43478,0.24205,0.28476,OPEN,,0,2
7.9628,7.9628,1,0.4477,0.43749,0.4426,0.43752,0.24205,0.28476,OPEN,,0,2
7.9936,7.9936,1,0.09542,0.07975,0.08758,,0.24205,0.28476,OPEN,,0,2
8.0325,8.0325,1,0.07963,0.05958,0.06961,,0.24205,0.28476,OPEN,,0,2
8.0679,8.0679,1,0.02484,0.02664,0.02574,,0.24205,0.28476,OPEN,,0,2
8.1043,8.1043,1,0.03838,0.02693,0.03266,,0.24205,0.28476,OPEN,,0,2
8.137,8.137,1,0.04213,0.03001,0.03607,,0.24205,0.28476,OPEN,,0,2
8.1831,8.1831,1,0.10761,0.08262,0.09512,,0.24205,0.28476,OPEN,,0,2
8.2157,8.2157,1,0.12934,0.09637,0.11286,0.32389,0.24205,0.28476,OPEN,,0,2
8.2501,8.2501,1,0.26515,0.2562,0.26067,0.30176,0.24205,0.28476,OPEN,,0,2
8.2861,8.2861,1,0.3481,0.33694,0.34252,0.31603,0.24205,0.28476,OPEN,,0,2
8.3169,8.3169,1,0.37769,0.3675,0.37259,0.33583,0.24205,0.28476,OPEN,,0,2
8.3533,8.3533,1,0.43399,0.4155,0.42474,0.36695,0.24205,0.28476,OPEN,,0,2
8.3995,8.3995,1,0.43559,0.4125,0.42405,0.38693,0.24205,0.28476,OPEN,,0,2
8.4337,8.4337,1,0.43034,0.41176,0.42105,0.39887,0.24205,0.28476,OPEN,,0,2
8.4625,8.4625,1,0.41522,0.40033,0.40778,0.40199,0.24205,0.28476,OPEN,,0,2
8.5382,8.5382,1,0.42637,0.40132,0.41385,0.40614,0.24205,0.28476,OPEN,,0,2
8.5664,8.5664,1,0.42834,0.40102,0.41468,0.40913,0.24205,0.28476,OPEN,,0,2
8.6009,8.6009,1,0.43967,0.41246,0.42607,0.41506,0.24205,0.28476,OPEN,,0,2
8.6673,8.6673,1,0.43503,0.40951,0.42227,0.41758,0.24205,0.28476,OPEN,,0,2
8.7131,8.7131,1,0.43398,0.4108,0.42239,0.41926,0.24205,0.28476,OPEN,,0,2
8.744,8.744,1,0.43145,0.41123,0.42134,0.41999,0.24205,0.28476,OPEN,,0,2
8.7729,8.7729,1,0.43076,0.4117,0.42123,0.42043,0.24205,0.28476,OPEN,,0,2
8.8141,8.8141,1,0.42662,0.41152,0.41907,0.41995,0.24205,0.28476,OPEN,,0,2
8.8417,8.8417,1,0.42367,0.41134,0.41751,0.41909,0.24205,0.28476,OPEN,,0,2
8.873,8.873,1,0.42288,0.40824,0.41556,0.41786,0.24205,0.28476,OPEN,,0,2
8.8998,8.8998,1,0.42261,0.40618,0.4144,0.41665,0.24205,0.28476,OPEN,,0,2
8.9329,8.9329,1,0.42297,0.40486,0.41392,0.41569,0.24205,0.28476,OPEN,,0,2
8.9606,8.9606,1,0.41676,0.40487,0.41081,0.41398,0.24205,0.28476,OPEN,,0,2
8.985,8.985,1,0.41614,0.40606,0.4111,0.41298,0.24205,0.28476,OPEN,,0,2
9.0088,9.0088,1,0.2697,0.18753,0.22861,0.34845,0.24205,0.28476,OPEN,,0,2
9.0666,9.0666,1,0.04662,0.02365,0.03514,,0.24205,0.28476,OPEN,,0,2
9.092,9.092,1,0.03984,0.02625,0.03304,,0.24205,0.28476,OPEN,,0,2
9.1306,9.1306,1,0.04785,0.0298,0.03882,,0.24205,0.28476,OPEN,,0,2
9.1648,9.1648,1,0.03597,0.01824,0.02711,,0.24205,0.28476,OPEN,,0,2
9.1988,9.1988,1,0.12164,0.08082,0.10123,0.26192,0.24205,0.28476,OPEN,,0,2
9.2289,9.2289,1,0.15072,0.13501,0.14287,0.22025,0.24205,0.28476,CLOSING,,0,2
9.2788,9.2788,1,0.35344,0.34926,0.35135,0.26614,0.24205,0.28476,CLOSING,,0,2
9.3155,9.3155,1,0.38248,0.38545,0.38396,0.30738,0.24205,0.28476,OPEN,,0,2
9.3501,9.3501,1,0.39073,0.39008,0.3904,0.33644,0.24205,0.28476,OPEN,,0,2
9.3772,9.3772,1,0.39518,0.39113,0.39316,0.35629,0.24205,0.28476,OPEN,,0,2
9.4043,9.4043,1,0.39596,0.3895,0.39273,0.36904,0.24205,0.28476,OPEN,,0,2
9.4341,9.4341,1,0.39198,0.38923,0.39061,0.37659,0.24205,0.28476,OPEN,,0,2
9.4673,9.4673,1,0.39687,0.38908,0.39298,0.38233,0.24205,0.28476,OPEN,,0,2
9.4929,9.4929,1,0.39598,0.38732,0.39165,0.38559,0.24205,0.28476,OPEN,,0,2
9.536,9.536,1,0.40833,0.3952,0.40176,0.39125,0.24205,0.28476,OPEN,,0,2
9.573,9.573,1,0.41273,0.39731,0.40502,0.39607,0.24205,0.28476,OPEN,,0,2
9.6164,9.6164,1,0.42527,0.41853,0.4219,0.40511,0.24205,0.28476,OPEN,,0,2
9.6636,9.6636,1,0.43293,0.42659,0.42976,0.41374,0.24205,0.28476,OPEN,,0,2
9.6991,9.6991,1,0.42517,0.41719,0.42118,0.41634,0.24205,0.28476,OPEN,,0,2
9.7487,9.7487,1,0.43696,0.4236,0.43028,0.42122,0.24205,0.28476,OPEN,,0,2
9.8035,9.8035,1,0.42751,0.42991,0.42871,0.42384,0.24205,0.28476,OPEN,,0,2
9.8668,9.8668,1,0.43096,0.42769,0.42932,0.42576,0.24205,0.28476,OPEN,,0,2
9.9125,9.9125,1,0.43179,0.42503,0.42841,0.42669,0.24205,0.28476,OPEN,,0,2
9.9468,9.9468,1,0.42765,0.41926,0.42345,0.42556,0.24205,0.28476,OPEN,,0,2
9.9813,9.9813,1,0.42656,0.41573,0.42114,0.42401,0.24205,0.28476,OPEN,,0,2
10.0143,10.0143,1,0.42729,0.41519,0.42124,0.42304,0.24205,0.28476,OPEN,,0,2
10.0472,10.0472,1,0.42827,0.41413,0.4212,0.4224,0.24205,0.28476,OPEN,,0,2
10.0889,10.0889,1,0.43452,0.42143,0.42797,0.42435,0.24205,0.28476,OPEN,,0,2
10.1191,10.1191,1,0.43587,0.42519,0.43053,0.42651,0.24205,0.28476,OPEN,,0,2
10.1557,10.1557,1,0.43722,0.42722,0.43222,0.42851,0.24205,0.28476,OPEN,,0,2
10.1826,10.1826,1,0.43912,0.43163,0.43538,0.43091,0.24205,0.28476,OPEN,,0,2
10.2179,10.2179,1,0.44286,0.43586,0.43936,0.43387,0.24205,0.28476,OPEN,,0,2
10.268,10.268,1,0.16633,0.12038,0.14336,0.33219,0.24205,0.28476,OPEN,,0,2
10.299,10.299,1,0.02893,0.02616,0.02754,,0.24205,0.28476,OPEN,,0,2
10.3311,10.3311,1,0.02234,0.02599,0.02416,,0.24205,0.28476,OPEN,,0,2
10.3638,10.3638,1,0.09302,0.09631,0.09466,,0.24205,0.28476,OPEN,,0,2
10.3975,10.3975,1,0.1202,0.13709,0.12865,0.26095,0.24205,0.28476,OPEN,,0,2
10.4352,10.4352,1,0.28069,0.29837,0.28953,0.27095,0.24205,0.28476,OPEN,,0,2
10.4703,10.4703,1,0.33166,0.34383,0.33774,0.29433,0.24205,0.28476,OPEN,,0,2
10.5118,10.5118,1,0.35995,0.35646,0.35821,0.31669,0.24205,0.28476,OPEN,,0,2
10.539,10.539,1,0.36898,0.36167,0.36533,0.33371,0.24205,0.28476,OPEN,,0,2
10.5736,10.5736,1,0.37468,0.36395,0.36932,0.34617,0.24205,0.28476,OPEN,,0,2
10.6076,10.6076,1,0.38586,0.37391,0.37988,0.35797,0.24205,0.28476,OPEN,,0,2
10.643,10.643,1,0.39327,0.37773,0.3855,0.36761,0.24205,0.28476,OPEN,,0,2
10.6698,10.6698,1,0.39549,0.38134,0.38842,0.37489,0.24205,0.28476,OPEN,,0,2
10.707,10.707,1,0.3957,0.3829,0.3893,0.37993,0.24205,0.28476,OPEN,,0,2
10.7478,10.7478,1,0.39761,0.38419,0.3909,0.38377,0.24205,0.28476,OPEN,,0,2
10.7821,10.7821,1,0.40844,0.38912,0.39878,0.38902,0.24205,0.28476,OPEN,,0,2
10.8152,10.8152,1,0.40728,0.38736,0.39732,0.39193,0.24205,0.28476,OPEN,,0,2
10.8427,10.8427,1,0.42204,0.40801,0.41502,0.40001,0.24205,0.28476,OPEN,,0,2
10.8711,10.8711,1,0.43035,0.41799,0.42417,0.40847,0.24205,0.28476,OPEN,,0,2
10.8999,10.8999,1,0.43463,0.42157,0.4281,0.41534,0.24205,0.28476,OPEN,,0,2
10.9302,10.9302,1,0.43404,0.42313,0.42859,0.41997,0.24205,0.28476,OPEN,,0,2
10.9689,10.9689,1,0.43313,0.42197,0.42755,0.42262,0.24205,0.28476,OPEN,,0,2
11.0036,11.0036,1,0.42824,0.43067,0.42946,0.42502,0.24205,0.28476,OPEN,,0,2
11.0398,11.0398,1,0.42847,0.42686,0.42766,0.42594,0.24205,0.28476,OPEN,,0,2
11.0727,11.0727,1,0.42974,0.4182,0.42397,0.42525,0.24205,0.28476,OPEN,,0,2
11.1142,11.1142,1,0.4183,0.39548,0.40689,0.41882,0.24205,0.28476,OPEN,,0,2
11.146,11.146,1,0.41534,0.3909,0.40312,0.41333,0.24205,0.28476,OPEN,,0,2
11.1804,11.1804,1,0.41786,0.39346,0.40566,0.41064,0.24205,0.28476,OPEN,,0,2
11.2049,11.2049,1,0.42047,0.39713,0.4088,0.41,0.24205,0.28476,OPEN,,0,2
11.2321,11.2321,1,0.42079,0.39889,0.40984,0.40994,0.24205,0.28476,OPEN,,0,2
11.2624,11.2624,1,0.42065,0.39859,0.40962,0.40983,0.24205,0.28476,OPEN,,0,2
11.2923,11.2923,1,0.42007,0.3993,0.40968,0.40978,0.24205,0.28476,OPEN,,0,2
11.3322,11.3322,1,0.42007,0.40021,0.41014,0.4099,0.24205,0.28476,OPEN,,0,2
11.3659,11.3659,1,0.42026,0.40016,0.41021,0.41001,0.24205,0.28476,OPEN,,0,2
11.3967,11.3967,1,0.42274,0.40491,0.41382,0.41135,0.24205,0.28476,OPEN,,0,2
11.4322,11.4322,1,0.42189,0.4054,0.41365,0.41215,0.24205,0.28476,OPEN,,0,2
11.4735,11.4735,1,0.43043,0.40849,0.41946,0.41471,0.24205,0.28476,OPEN,,0,2
11.5088,11.5088,1,0.42065,0.40607,0.41336,0.41424,0.24205,0.28476,OPEN,,0,2
11.5459,11.5459,1,0.42633,0.41176,0.41905,0.41592,0.24205,0.28476,OPEN,,0,2
11.5714,11.5714,1,0.42079,0.4118,0.41629,0.41605,0.24205,0.28476,OPEN,,0,2
11.6132,11.6132,1,0.41828,0.41205,0.41516,0.41574,0.24205,0.28476,OPEN,,0,2
11.6436,11.6436,1,0.42994,0.4052,0.41757,0.41638,0.24205,0.28476,OPEN,,0,2
11.6775,11.6775,1,0.4269,0.39806,0.41248,0.41502,0.24205,0.28476,OPEN,,0,2
11.7029,11.7029,1,0.4239,0.4013,0.4126,0.41417,0.24205,0.28476,OPEN,,0,2
11.7368,11.7368,1,0.42183,0.39954,0.41068,0.41295,0.24205,0.28476,OPEN,,0,2
11.7646,11.7646,1,0.42088,0.39792,0.4094,0.41171,0.24205,0.28476,OPEN,,0,2
11.7889,11.7889,1,0.40848,0.39903,0.40375,0.40892,0.24205,0.28476,OPEN,,0,2
11.831,11.831,1,0.41394,0.40353,0.40874,0.40886,0.24205,0.28476,OPEN,,0,2
11.8661,11.8661,1,0.41284,0.40064,0.40674,0.40811,0.24205,0.28476,OPEN,,0,2
11.897,11.897,1,0.419,0.40153,0.41027,0.40887,0.24205,0.28476,OPEN,,0,2
11.9229,11.9229,1,0.41735,0.39218,0.40477,0.40743,0.24205,0.28476,OPEN,,0,2
11.9643,11.9643,1,0.41674,0.39201,0.40437,0.40636,0.24205,0.28476,OPEN,,0,2
11.9956,11.9956,1,0.41118,0.38792,0.39955,0.40398,0.24205,0.28476,OPEN,,0,2
12.0306,12.0306,1,0.41131,0.39025,0.40078,0.40286,0.24205,0.28476,OPEN,,0,2
12.0623,12.0623,1,0.41225,0.39298,0.40261,0.40277,0.24205,0.28476,OPEN,,0,2
12.1089,12.1089,1,0.41972,0.39408,0.4069,0.40422,0.24205,0.28476,OPEN,,0,2
12.13,12.13,1,0.41955,0.39593,0.40774,0.40545,0.24205,0.28476,OPEN,,0,2
12.1639,12.1639,1,0.41955,0.39727,0.40841,0.40648,0.24205,0.28476,OPEN,,0,2
12.1966,12.1966,1,0.42091,0.40654,0.41373,0.40902,0.24205,0.28476,OPEN,,0,2
12.23,12.23,1,0.42253,0.41247,0.4175,0.41199,0.24205,0.28476,OPEN,,0,2
12.266,12.266,1,0.42312,0.41557,0.41935,0.41456,0.24205,0.28476,OPEN,,0,2
12.2985,12.2985,1,0.41949,0.4079,0.41369,0.41426,0.24205,0.28476,OPEN,,0,2
12.3286,12.3286,1,0.42334,0.4114,0.41737,0.41535,0.24205,0.28476,OPEN,,0,2
12.363,12.363,1,0.42463,0.40412,0.41437,0.41501,0.24205,0.28476,OPEN,,0,2
12.3907,12.3907,1,0.42286,0.39314,0.408,0.41255,0.24205,0.28476,OPEN,,0,2
12.4316,12.4316,1,0.41773,0.39568,0.4067,0.41051,0.24205,0.28476,OPEN,,0,2
12.4641,12.4641,1,0.42328,0.39781,0.41055,0.41052,0.24205,0.28476,OPEN,,0,2
12.4896,12.4896,1,0.42626,0.4017,0.41398,0.41173,0.24205,0.28476,OPEN,,0,2
12.53,12.53,1,0.43564,0.41059,0.42311,0.41571,0.24205,0.28476,OPEN,,0,2
12.5805,12.5805,1,0.43823,0.41678,0.42751,0.41984,0.24205,0.28476,OPEN,,0,2
12.6127,12.6127,1,0.4307,0.40786,0.41928,0.41965,0.24205,0.28476,OPEN,,0,2
12.6457,12.6457,1,0.43115,0.41146,0.42131,0.42023,0.24205,0.28476,OPEN,,0,2
12.6843,12.6843,1,0.42852,0.41185,0.42018,0.42021,0.24205,0.28476,OPEN,,0,2
12.7188,12.7188,1,0.42253,0.41178,0.41715,0.41914,0.24205,0.28476,OPEN,,0,2
12.7624,12.7624,1,0.41912,0.41742,0.41827,0.41884,0.24205,0.28476,OPEN,,0,2
12.7848,12.7848,1,0.42159,0.41871,0.42015,0.4193,0.24205,0.28476,OPEN,,0,2
12.8189,12.8189,1,0.42771,0.41277,0.42024,0.41963,0.24205,0.28476,OPEN,,0,2
12.8824,12.8824,1,0.41436,0.40785,0.4111,0.41664,0.24205,0.28476,OPEN,,0,2
12.9151,12.9151,1,0.42157,0.41759,0.41958,0.41767,0.24205,0.28476,OPEN,,0,2
12.9434,12.9434,1,0.41623,0.41041,0.41332,0.41615,0.24205,0.28476,OPEN,,0,2
12.9801,12.9801,1,0.42122,0.40988,0.41555,0.41594,0.24205,0.28476,OPEN,,0,2
13.0151,13.0151,1,0.42924,0.41051,0.41988,0.41732,0.24205,0.28476,OPEN,,0,2
13.0662,13.0662,1,0.423,0.4053,0.41415,0.41621,0.24205,0.28476,OPEN,,0,2
13.1002,13.1002,1,0.42713,0.41166,0.41939,0.41732,0.24205,0.28476,OPEN,,0,2
13.1336,13.1336,1,0.41465,0.4003,0.40748,0.41388,0.24205,0.28476,OPEN,,0,2
13.1614,13.1614,1,0.41734,0.40466,0.411,0.41287,0.24205,0.28476,OPEN,,0,2
13.1949,13.1949,1,0.42243,0.40773,0.41508,0.41364,0.24205,0.28476,OPEN,,0,2
13.23,13.23,1,0.42265,0.40888,0.41576,0.41438,0.24205,0.28476,OPEN,,0,2
13.2681,13.2681,1,0.42224,0.40994,0.41609,0.41498,0.24205,0.28476,OPEN,,0,2
13.2985,13.2985,1,0.11415,0.11146,0.11281,0.30922,0.24205,0.28476,OPEN,,0,2
13.3304,13.3304,1,0.07675,0.07718,0.07697,,0.24205,0.28476,OPEN,,0,2
13.3636,13.3636,1,0.08598,0.075,0.08049,,0.24205,0.28476,OPEN,,0,2
13.3951,13.3951,1,0.0852,0.07435,0.07978,,0.24205,0.28476,OPEN,,0,2
13.4314,13.4314,1,0.22935,0.19201,0.21068,0.27473,0.24205,0.28476,OPEN,,0,2
13.4669,13.4669,1,0.37537,0.34514,0.36025,0.30466,0.24205,0.28476,OPEN,,0,2
13.4964,13.4964,1,0.38888,0.36636,0.37762,0.3302,0.24205,0.28476,OPEN,,0,2
13.5299,13.5299,1,0.4354,0.41238,0.42389,0.36299,0.24205,0.28476,OPEN,,0,2
13.5573,13.5573,1,0.42408,0.40921,0.41665,0.38177,0.24205,0.28476,OPEN,,0,2
13.6,13.6,1,0.44208,0.43166,0.43687,0.40106,0.24205,0.28476,OPEN,,0,2
13.6338,13.6338,1,0.44679,0.43611,0.44145,0.41519,0.24205,0.28476,OPEN,,0,2
13.6735,13.6735,1,0.4489,0.43771,0.44331,0.42503,0.24205,0.28476,OPEN,,0,2
13.7254,13.7254,1,0.44247,0.42069,0.43158,0.42733,0.24205,0.28476,OPEN,,0,2
13.7629,13.7629,1,0.43819,0.41575,0.42697,0.4272,0.24205,0.28476,OPEN,,0,2
13.8003,13.8003,1,0.05085,0.08182,0.06633,,0.24205,0.28476,OPEN,,0,2
13.8339,13.8339,1,0.02407,0.04705,0.03556,,0.24205,0.28476,OPEN,,0,2
13.8778,13.8778,1,0.02056,0.02368,0.02212,,0.24205,0.28476,OPEN,,0,2
13.9129,13.9129,1,0.03227,0.0322,0.03224,,0.24205,0.28476,OPEN,,0,2
13.9431,13.9431,1,0.04836,0.04344,0.0459,,0.24205,0.28476,OPEN,,0,2
13.9803,13.9803,1,0.10668,0.10203,0.10436,0.3142,0.24205,0.28476,OPEN,,0,2
14.0157,14.0157,1,0.30293,0.31157,0.30725,0.31177,0.24205,0.28476,OPEN,,0,2
14.0798,14.0798,1,0.40224,0.38797,0.39511,0.34094,0.24205,0.28476,OPEN,,0,2
14.1197,14.1197,1,0.42144,0.40432,0.41288,0.36612,0.24205,0.28476,OPEN,,0,2
14.1497,14.1497,1,0.47697,0.44567,0.46132,0.39944,0.24205,0.28476,OPEN,,0,2
14.1788,14.1788,1,0.48631,0.45581,0.47106,0.4245,0.24205,0.28476,OPEN,,0,2
14.2136,14.2136,1,0.49218,0.46766,0.47992,0.4439,0.24205,0.28476,OPEN,,0,2
14.2676,14.2676,1,0.46724,0.44996,0.4586,0.44905,0.24205,0.28476,OPEN,,0,2
14.2964,14.2964,1,0.4681,0.45273,0.46042,0.45303,0.24205,0.28476,OPEN,,0,2
14.3358,14.3358,1,0.48858,0.47398,0.48128,0.46292,0.24205,0.28476,OPEN,,0,2
14.3617,14.3617,1,0.49085,0.47434,0.4826,0.4698,0.24205,0.28476,OPEN,,0,2
14.3959,14.3959,1,0.49068,0.48111,0.4859,0.47544,0.24205,0.28476,OPEN,,0,2
14.4308,14.4308,1,0.49306,0.48457,0.48881,0.48012,0.24205,0.28476,OPEN,,0,2
14.4602,14.4602,1,0.49258,0.48424,0.48841,0.48302,0.24205,0.28476,OPEN,,0,2
14.4912,14.4912,1,0.22748,0.16339,0.19543,0.38237,0.24205,0.28476,OPEN,,0,2
14.5245,14.5245,1,0.17509,0.11837,0.14673,0.29989,0.24205,0.28476,OPEN,,0,2
14.5516,14.5516,1,0.01827,0.02499,0.02163,,0.24205,0.28476,OPEN,,0,2
14.5805,14.5805,1,0.01183,0.01936,0.0156,,0.24205,0.28476,OPEN,,0,2
14.612,14.612,1,0.02024,0.03617,0.02821,,0.24205,0.28476,OPEN,,0,2
14.6667,14.6667,1,0.02638,0.0361,0.03124,,0.24205,0.28476,OPEN,,0,2
14.6911,14.6911,1,0.04371,0.05126,0.04748,,0.24205,0.28476,OPEN,,0,2
14.732,14.732,1,0.18268,0.11237,0.14752,0.24656,0.24205,0.28476,OPEN,,0,2
14.7542,14.7542,1,0.22303,0.13352,0.17827,0.22266,0.24205,0.28476,CLOSING,,0,2
14.7996,14.7996,1,0.39778,0.40376,0.40077,0.285,0.24205,0.28476,OPEN,,0,2
14.8291,14.8291,1,0.42599,0.43621,0.4311,0.33614,0.24205,0.28476,OPEN,,0,2
14.8615,14.8615,1,0.43601,0.44565,0.44083,0.37278,0.24205,0.28476,OPEN,,0,2
14.8867,14.8867,1,0.48548,0.48302,0.48425,0.41179,0.24205,0.28476,OPEN,,0,2
14.9134,14.9134,1,0.49696,0.49296,0.49496,0.4409,0.24205,0.28476,OPEN,,0,2
14.944,14.944,1,0.51971,0.49343,0.50657,0.46389,0.24205,0.28476,OPEN,,0,2
14.9783,14.9783,1,0.5188,0.4888,0.5038,0.47786,0.24205,0.28476,OPEN,,0,2
15.0114,15.0114,1,0.50246,0.4699,0.48618,0.48077,0.24205,0.28476,OPEN,,0,2
15.0725,15.0725,1,0.52597,0.48836,0.50717,0.49001,0.24205,0.28476,OPEN,,0,2
15.1123,15.1123,1,0.52205,0.48857,0.50531,0.49537,0.24205,0.28476,OPEN,,0,2
15.1465,15.1465,1,0.53555,0.502,0.51878,0.50356,0.24205,0.28476,OPEN,,0,2
15.1794,15.1794,1,0.5229,0.49504,0.50897,0.50545,0.24205,0.28476,OPEN,,0,2
15.2085,15.2085,1,0.28211,0.24393,0.26302,0.4206,0.24205,0.28476,OPEN,,0,2
15.2396,15.2396,1,0.22614,0.19919,0.21266,0.34782,0.24205,0.28476,OPEN,,0,2
15.2712,15.2712,1,0.21664,0.19635,0.20649,0.29836,0.24205,0.28476,OPEN,,0,2
15.3086,15.3086,1,0.02503,0.03954,0.03228,,0.24205,0.28476,OPEN,,0,2
15.3446,15.3446,1,0.00834,0.03671,0.02252,,0.24205,0.28476,OPEN,,0,2
15.3772,15.3772,1,0.01923,0.0451,0.03216,,0.24205,0.28476,OPEN,,0,2
15.4036,15.4036,1,0.04141,0.06419,0.0528,,0.24205,0.28476,OPEN,,0,2
15.4392,15.4392,1,0.04052,0.07035,0.05544,,0.24205,0.28476,OPEN,,0,2
15.4866,15.4866,1,0.01307,0.02943,0.02125,,0.24205,0.28476,OPEN,,0,2
15.5131,15.5131,1,0.01242,0.02674,0.01958,,0.24205,0.28476,OPEN,,0,2
15.5446,15.5446,1,0.02571,0.03313,0.02942,,0.24205,0.28476,OPEN,,0,2
15.5887,15.5887,1,0.03554,0.03746,0.0365,,0.24205,0.28476,OPEN,,0,2
15.6277,15.6277,1,0.08961,0.11226,0.10093,0.22926,0.24205,0.28476,CLOSING,,0,2
15.6587,15.6587,1,0.14497,0.13522,0.14009,0.19805,0.24205,0.28476,CLOSING,0.03101,0,2
15.695,15.695,1,0.16052,0.14902,0.15477,0.1829,0.24205,0.28476,CLOSED,0.06733,0,2
15.7288,15.7288,1,0.37798,0.40288,0.39043,0.25554,0.24205,0.28476,CLOSED,0.10114,0,2
15.7636,15.7636,1,0.41573,0.43231,0.42402,0.3145,0.24205,0.28476,OPENING,0.13593,0,2
15.8003,15.8003,1,0.43189,0.44215,0.43702,0.35738,0.24205,0.28476,OPEN,0.17264,1,3
15.8349,15.8349,1,0.44639,0.45623,0.45131,0.39026,0.24205,0.28476,OPEN,,0,3
15.8715,15.8715,1,0.46808,0.47022,0.46915,0.41787,0.24205,0.28476,OPEN,,0,3
15.9105,15.9105,1,0.49125,0.48119,0.48622,0.44179,0.24205,0.28476,OPEN,,0,3
15.9445,15.9445,1,0.49365,0.48366,0.48865,0.45819,0.24205,0.28476,OPEN,,0,3
15.9797,15.9797,1,0.4951,0.48361,0.48935,0.4691,0.24205,0.28476,OPEN,,0,3
16.0192,16.0192,1,0.29668,0.23862,0.26765,0.39859,0.24205,0.28476,OPEN,,0,3
16.0735,16.0735,1,0.02368,0.04427,0.03398,,0.24205,0.28476,OPEN,,0,3
16.1119,16.1119,1,0.05844,0.05236,0.0554,,0.24205,0.28476,OPEN,,0,3
16.1453,16.1453,1,0.12077,0.11993,0.12035,0.30121,0.24205,0.28476,OPEN,,0,3
16.179,16.179,1,0.14162,0.14893,0.14527,0.24663,0.24205,0.28476,OPEN,,0,3
16.2165,16.2165,1,0.35995,0.36493,0.36244,0.28716,0.24205,0.28476,OPEN,,0,3
16.271,16.271,1,0.43514,0.44207,0.4386,0.34017,0.24205,0.28476,OPEN,,0,3
16.3066,16.3066,1,0.45358,0.46187,0.45773,0.38131,0.24205,0.28476,OPEN,,0,3
16.3438,16.3438,1,0.48189,0.47976,0.48083,0.41614,0.24205,0.28476,OPEN,,0,3
16.3933,16.3933,1,0.4733,0.47668,0.47499,0.43674,0.24205,0.28476,OPEN,,0,3
16.4273,16.4273,1,0.48699,0.48247,0.48473,0.45354,0.24205,0.28476,OPEN,,0,3
16.4478,16.4478,1,0.49004,0.48794,0.48899,0.46595,0.24205,0.28476,OPEN,,0,3
16.4758,16.4758,1,0.48697,0.4869,0.48694,0.47329,0.24205,0.28476,OPEN,,0,3
16.5116,16.5116,1,0.4742,0.46883,0.47151,0.47267,0.24205,0.28476,OPEN,,0,3
16.548,16.548,1,0.46407,0.46103,0.46255,0.46913,0.24205,0.28476,OPEN,,0,3
16.5873,16.5873,1,0.45936,0.4545,0.45693,0.46486,0.24205,0.28476,OPEN,,0,3
16.6166,16.6166,1,0.45765,0.45419,0.45592,0.46173,0.24205,0.28476,OPEN,,0,3
16.6446,16.6446,1,0.45621,0.45098,0.45359,0.45888,0.24205,0.28476,OPEN,,0,3
16.6666,16.6666,1,0.11529,0.11157,0.11343,0.33797,0.24205,0.28476,OPEN,,0,3
16.7029,16.7029,1,0.04649,0.04626,0.04637,,0.24205,0.28476,OPEN,,0,3
16.7338,16.7338,1,0.02931,0.04091,0.03511,,0.24205,0.28476,OPEN,,0,3
16.7668,16.7668,1,0.06233,0.06033,0.06133,,0.24205,0.28476,OPEN,,0,3
16.8118,16.8118,1,0.04727,0.05668,0.05197,,0.24205,0.28476,OPEN,,0,3
16.8469,16.8469,1,0.03522,0.04938,0.0423,,0.24205,0.28476,OPEN,,0,3
16.8822,16.8822,1,0.03161,0.04635,0.03898,,0.24205,0.28476,OPEN,,0,3
16.9157,16.9157,1,0.12734,0.18235,0.15484,0.27388,0.24205,0.28476,OPEN,,0,3
16.9475,16.9475,1,0.17625,0.23108,0.20367,0.2493,0.24205,0.28476,OPEN,,0,3
16.979,16.979,1,0.37638,0.38551,0.38095,0.29538,0.24205,0.28476,OPEN,,0,3
17.0041,17.0041,1,0.41987,0.41765,0.41876,0.33856,0.24205,0.28476,OPEN,,0,3
17.0445,17.0445,1,0.45585,0.45034,0.45309,0.37865,0.24205,0.28476,OPEN,,0,3
17.0917,17.0917,1,0.47853,0.46355,0.47104,0.41098,0.24205,0.28476,OPEN,,0,3
17.1181,17.1181,1,0.4796,0.4629,0.47125,0.43208,0.24205,0.28476,OPEN,,0,3
17.1532,17.1532,1,0.45176,0.43591,0.44384,0.43619,0.24205,0.28476,OPEN,,0,3
17.185,17.185,1,0.44848,0.43308,0.44078,0.4378,0.24205,0.28476,OPEN,,0,3
17.2285,17.2285,1,0.45022,0.43056,0.44039,0.43871,0.24205,0.28476,OPEN,,0,3
17.2622,17.2622,1,0.45183,0.43046,0.44114,0.43956,0.24205,0.28476,OPEN,,0,3
17.2907,17.2907,1,0.4538,0.43136,0.44258,0.44062,0.24205,0.28476,OPEN,,0,3
17.322,17.322,1,0.46568,0.44651,0.4561,0.44603,0.24205,0.28476,OPEN,,0,3
17.3601,17.3601,1,0.4701,0.45767,0.46388,0.45228,0.24205,0.28476,OPEN,,0,3
17.3924,17.3924,1,0.47331,0.45814,0.46572,0.45699,0.24205,0.28476,OPEN,,0,3
17.427,17.427,1,0.47106,0.45744,0.46425,0.45953,0.24205,0.28476,OPEN,,0,3
17.4606,17.4606,1,0.10516,0.09262,0.09889,,0.24205,0.28476,OPEN,,0,3
17.4973,17.4973,1,0.04605,0.04552,0.04579,,0.24205,0.28476,OPEN,,0,3
17.5284,17.5284,1,0.05234,0.0443,0.04832,,0.24205,0.28476,OPEN,,0,3
17.5542,17.5542,1,0.09262,0.05489,0.07376,,0.24205,0.28476,OPEN,,0,3
17.5892,17.5892,1,0.10744,0.06188,0.08466,,0.24205,0.28476,OPEN,,0,3
17.6156,17.6156,1,0.18986,0.1955,0.19268,0.36613,0.24205,0.28476,OPEN,,0,3
17.6388,17.6388,1,0.22321,0.25942,0.24131,0.32245,0.24205,0.28476,OPEN,,0,3
17.6877,17.6877,1,0.25815,0.30632,0.28223,0.30837,0.24205,0.28476,OPEN,,0,3
17.7098,17.7098,1,0.33634,0.35658,0.34646,0.3217,0.24205,0.28476,OPEN,,0,3
17.7351,17.7351,1,0.38205,0.38343,0.38274,0.34307,0.24205,0.28476,OPEN,,0,3
17.773,17.773,1,0.44996,0.43827,0.44411,0.37843,0.24205,0.28476,OPEN,,0,3
17.8114,17.8114,1,0.45376,0.4439,0.44883,0.40307,0.24205,0.28476,OPEN,,0,3
17.8475,17.8475,1,0.4499,0.44515,0.44753,0.41863,0.24205,0.28476,OPEN,,0,3
17.8964,17.8964,1,0.42955,0.42108,0.42532,0.42097,0.24205,0.28476,OPEN,,0,3
17.9321,17.9321,1,0.42408,0.41714,0.42061,0.42084,0.24205,0.28476,OPEN,,0,3
17.9612,17.9612,1,0.42618,0.4227,0.42444,0.4221,0.24205,0.28476,OPEN,,0,3
17.9939,17.9939,1,0.4316,0.42561,0.42861,0.42438,0.24205,0.28476,OPEN,,0,3
18.0257,18.0257,1,0.43208,0.42657,0.42933,0.42611,0.24205,0.28476,OPEN,,0,3
18.062,18.062,1,0.43266,0.4277,0.43018,0.42754,0.24205,0.28476,OPEN,,0,3
18.0936,18.0936,1,0.43283,0.4277,0.43027,0.42849,0.24205,0.28476,OPEN,,0,3
18.111,18.111,1,0.13128,0.12015,0.12571,0.32252,0.24205,0.28476,OPEN,,0,3
18.1439,18.1439,1,0.09728,0.1031,0.10019,0.2447,0.24205,0.28476,OPEN,,0,3
18.1723,18.1723,1,0.00753,0.02041,0.01397,,0.24205,0.28476,OPEN,,0,3
18.209,18.209,1,0.02553,0.03793,0.03173,,0.24205,0.28476,OPEN,,0,3
18.239,18.239,1,0.11136,0.07838,0.09487,,0.24205,0.28476,OPEN,,0,3
18.2785,18.2785,1,0.33324,0.32354,0.32839,0.27399,0.24205,0.28476,OPEN,,0,3
18.3106,18.3106,1,0.38882,0.37727,0.38304,0.31216,0.24205,0.28476,OPEN,,0,3
18.3377,18.3377,1,0.40439,0.39502,0.3997,0.3428,0.24205,0.28476,OPEN,,0,3
18.3688,18.3688,1,0.41219,0.40816,0.41018,0.36638,0.24205,0.28476,OPEN,,0,3
18.3976,18.3976,1,0.42223,0.41556,0.41889,0.38476,0.24205,0.28476,OPEN,,0,3
18.4266,18.4266,1,0.42753,0.41902,0.42328,0.39824,0.24205,0.28476,OPEN,,0,3
18.4463,18.4463,1,0.43085,0.42074,0.4258,0.40789,0.24205,0.28476,OPEN,,0,3
18.4805,18.4805,1,0.45808,0.43603,0.44705,0.4216,0.24205,0.28476,OPEN,,0,3
18.5102,18.5102,1,0.46762,0.44706,0.45734,0.43411,0.24205,0.28476,OPEN,,0,3
18.5611,18.5611,1,0.48383,0.46049,0.47216,0.44742,0.24205,0.28476,OPEN,,0,3
18.5925,18.5925,1,0.48411,0.46072,0.47241,0.45617,0.24205,0.28476,OPEN,,0,3
18.6291,18.6291,1,0.47095,0.45028,0.46062,0.45773,0.24205,0.28476,OPEN,,0,3
18.6713,18.6713,1,0.08471,0.05384,0.06927,,0.24205,0.28476,OPEN,,0,3
18.7045,18.7045,1,0.07171,0.05555,0.06363,,0.24205,0.28476,OPEN,,0,3
18.735,18.735,1,0.09096,0.06149,0.07623,,0.24205,0.28476,OPEN,,0,3
18.7768,18.7768,1,0.09473,0.06419,0.07946,,0.24205,0.28476,OPEN,,0,3
18.8122,18.8122,1,0.19442,0.22055,0.20748,0.37014,0.24205,0.28476,OPEN,,0,3
18.8387,18.8387,1,0.22619,0.26335,0.24477,0.32626,0.24205,0.28476,OPEN,,0,3
18.8786,18.8786,1,0.24789,0.28686,0.26737,0.30565,0.24205,0.28476,OPEN,,0,3
18.91,18.91,1,0.33014,0.3499,0.34002,0.31768,0.24205,0.28476,OPEN,,0,3
18.9612,18.9612,1,0.36667,0.37846,0.37256,0.33689,0.24205,0.28476,OPEN,,0,3
18.9932,18.9932,1,0.39724,0.40002,0.39863,0.3585,0.24205,0.28476,OPEN,,0,3
19.0226,19.0226,1,0.40764,0.40626,0.40695,0.37546,0.24205,0.28476,OPEN,,0,3
19.0607,19.0607,1,0.44448,0.43401,0.43925,0.39778,0.24205,0.28476,OPEN,,0,3
19.09,19.09,1,0.44801,0.4402,0.44411,0.414,0.24205,0.28476,OPEN,,0,3
19.1217,19.1217,1,0.44941,0.44108,0.44525,0.42493,0.24205,0.28476,OPEN,,0,3
19.1628,19.1628,1,0.44843,0.43572,0.44207,0.43093,0.24205,0.28476,OPEN,,0,3
19.198,19.198,1,0.41871,0.40264,0.41068,0.42384,0.24205,0.28476,OPEN,,0,3
19.2753,19.2753,1,0.1327,0.11293,0.12282,0.31848,0.24205,0.28476,OPEN,,0,3
19.3104,19.3104,1,0.07844,0.05575,0.0671,,0.24205,0.28476,OPEN,,0,3
19.341,19.341,1,0.08389,0.05132,0.0676,,0.24205,0.28476,OPEN,,0,3
19.3771,19.3771,1,0.0752,0.04138,0.05829,,0.24205,0.28476,OPEN,,0,3
19.4136,19.4136,1,0.09253,0.05923,0.07588,,0.24205,0.28476,OPEN,,0,3
19.4669,19.4669,1,0.08188,0.07688,0.07938,,0.24205,0.28476,OPEN,,0,3
19.5105,19.5105,1,0.08751,0.08446,0.08599,,0.24205,0.28476,OPEN,,0,3
19.5431,19.5431,1,0.09237,0.09573,0.09405,,0.24205,0.28476,OPEN,,0,3
19.5964,19.5964,1,0.10282,0.09964,0.10123,0.24245,0.24205,0.28476,OPEN,,0,3
19.6387,19.6387,1,0.12839,0.10715,0.11777,0.19881,0.24205,0.28476,CLOSING,,0,3
19.6789,19.6789,1,0.13699,0.11221,0.1246,0.17284,0.24205,0.28476,CLOSING,0.04016,0,3
19.7381,19.7381,1,0.12454,0.09761,0.11107,0.15122,0.24205,0.28476,CLOSED,0.09936,0,3
19.7785,19.7785,1,0.12538,0.09556,0.11047,0.13696,0.24205,0.28476,CLOSED,0.13981,0,3
19.8086,19.8086,1,0.11732,0.08104,0.09918,,0.24205,0.28476,CLOSED,,0,3
19.8702,19.8702,1,0.12891,0.07852,0.10371,0.12532,0.24205,0.28476,CLOSED,0.23148,0,3
19.907,19.907,1,0.14757,0.09033,0.11895,0.12309,0.24205,0.28476,CLOSED,0.26832,0,3
19.9453,19.9453,1,0.12109,0.08011,0.1006,0.11522,0.24205,0.28476,CLOSED,0.30657,0,3
19.9944,19.9944,1,0.10391,0.07558,0.08975,,0.24205,0.28476,CLOSED,,0,3
20.0221,20.0221,1,0.1087,0.08943,0.09906,,0.24205,0.28476,CLOSED,,0,3
20.0543,20.0543,1,0.10018,0.0893,0.09474,,0.24205,0.28476,CLOSED,,0,3
20.0945,20.0945,1,0.09233,0.08766,0.08999,,0.24205,0.28476,CLOSED,,0,3
20.1417,20.1417,1,0.09786,0.10009,0.09898,,0.24205,0.28476,CLOSED,,0,3
20.2024,20.2024,1,0.08472,0.0972,0.09096,,0.24205,0.28476,CLOSED,,0,3
20.2672,20.2672,1,0.05188,0.06073,0.0563,,0.24205,0.28476,CLOSED,,0,3
20.2975,20.2975,1,0.05286,0.06014,0.0565,,0.24205,0.28476,CLOSED,,0,3
20.3353,20.3353,1,0.06624,0.06276,0.0645,,0.24205,0.28476,CLOSED,,0,3
20.3708,20.3708,1,0.06711,0.06228,0.06469,,0.24205,0.28476,CLOSED,,0,3
20.4072,20.4072,1,0.07904,0.08044,0.07974,,0.24205,0.28476,CLOSED,,0,3
20.4391,20.4391,1,0.07446,0.075,0.07473,,0.24205,0.28476,CLOSED,,0,3
20.4669,20.4669,1,0.07496,0.07013,0.07254,,0.24205,0.28476,CLOSED,,0,3
20.5022,20.5022,1,0.08541,0.07648,0.08095,,0.24205,0.28476,CLOSED,,0,3
20.5386,20.5386,1,0.10585,0.08468,0.09527,,0.24205,0.28476,CLOSED,,0,3
20.5774,20.5774,1,0.11448,0.10383,0.10915,0.1131,0.24205,0.28476,CLOSED,0.93868,0,3
20.6109,20.6109,1,0.1155,0.10659,0.11104,0.11238,0.24205,0.28476,CLOSED,0.97224,0,3
20.6593,20.6593,1,0.1263,0.11465,0.12047,0.11521,0.24205,0.28476,CLOSED,1.02057,0,3
20.7016,20.7016,1,0.16578,0.15947,0.16262,0.13181,0.24205,0.28476,CLOSED,1.06294,0,3
20.7425,20.7425,1,0.17136,0.15204,0.1617,0.14227,0.24205,0.28476,CLOSED,1.10376,0,3
20.7766,20.7766,1,0.17339,0.15388,0.16363,0.14975,0.24205,0.28476,CLOSED,1.13789,0,3
20.8264,20.8264,1,0.15904,0.14315,0.1511,0.15022,0.24205,0.28476,CLOSED,1.18766,0,3
20.8757,20.8757,1,0.15492,0.14636,0.15064,0.15037,0.24205,0.28476,CLOSED,1.23703,0,3
20.9036,20.9036,1,0.15397,0.14777,0.15087,0.15054,0.24205,0.28476,CLOSED,1.26495,0,3
20.9391,20.9391,1,0.14168,0.13908,0.14038,0.14699,0.24205,0.28476,CLOSED,1.30044,0,3
20.9744,20.9744,1,0.14448,0.13145,0.13796,0.14383,0.24205,0.28476,CLOSED,1.33571,0,3
21.0013,21.0013,1,0.17953,0.1547,0.16711,0.15198,0.24205,0.28476,CLOSED,1.36263,0,3
21.0702,21.0702,1,0.16177,0.14873,0.15525,0.15312,0.24205,0.28476,CLOSED,1.43154,0,3
21.0921,21.0921,1,0.16366,0.14937,0.15652,0.15431,0.24205,0.28476,CLOSED,1.45343,0,3
21.129,21.129,1,0.16199,0.14679,0.15439,0.15434,0.24205,0.28476,CLOSED,1.49032,0,3
21.157,21.157,1,0.16013,0.1446,0.15237,0.15365,0.24205,0.28476,CLOSED,1.51829,0,3
21.1951,21.1951,1,0.15067,0.13582,0.14324,0.15001,0.24205,0.28476,CLOSED,1.55638,0,3
21.2437,21.2437,1,0.13819,0.13136,0.13477,0.14467,0.24205,0.28476,CLOSED,1.60503,0,3
21.2818,21.2818,1,0.13519,0.12945,0.13232,0.14035,0.24205,0.28476,CLOSED,1.64306,0,3
21.3115,21.3115,1,0.11033,0.09395,0.10214,0.12698,0.24205,0.28476,CLOSED,1.67282,0,3
21.3408,21.3408,1,0.10497,0.08141,0.09319,,0.24205,0.28476,CLOSED,,0,3
21.3707,21.3707,1,0.08465,0.06772,0.07619,,0.24205,0.28476,CLOSED,,0,3
21.4087,21.4087,1,0.06959,0.06397,0.06678,,0.24205,0.28476,CLOSED,,0,3
21.4411,21.4411,1,0.05844,0.06537,0.0619,,0.24205,0.28476,CLOSED,,0,3
21.4648,21.4648,1,0.11906,0.14064,0.12985,0.12798,0.24205,0.28476,CLOSED,1.82606,0,3
21.4935,21.4935,1,0.15569,0.1833,0.16949,0.14251,0.24205,0.28476,CLOSED,1.85485,0,3
21.5362,21.5362,1,0.2701,0.2826,0.27635,0.18936,0.24205,0.28476,CLOSED,1.89749,0,3
21.567,21.567,1,0.29922,0.30544,0.30233,0.2289,0.24205,0.28476,CLOSED,1.92832,0,3
21.5933,21.5933,1,0.32508,0.32226,0.32367,0.26207,0.24205,0.28476,CLOSED,1.95457,0,3
21.6106,21.6106,1,0.33666,0.33271,0.33469,0.28748,0.24205,0.28476,OPENING,1.97192,0,3
21.6264,21.6264,1,0.34125,0.33681,0.33903,0.30553,0.24205,0.28476,OPEN,1.98773,0,3
21.6754,21.6754,1,0.3607,0.35236,0.35653,0.32338,0.24205,0.28476,OPEN,,0,3
21.7098,21.7098,1,0.36877,0.35858,0.36368,0.33748,0.24205,0.28476,OPEN,,0,3
21.742,21.742,1,0.36737,0.36146,0.36442,0.34691,0.24205,0.28476,OPEN,,0,3
21.775,21.775,1,0.36626,0.36124,0.36375,0.3528,0.24205,0.28476,OPEN,,0,3
21.8092,21.8092,1,0.18827,0.1359,0.16209,0.28605,0.24205,0.28476,OPEN,,0,3
21.8673,21.8673,1,0.08407,0.07734,0.08071,,0.24205,0.28476,OPEN,,0,3
21.9107,21.9107,1,0.06774,0.06449,0.06611,,0.24205,0.28476,OPEN,,0,3
21.9432,21.9432,1,0.10158,0.07376,0.08767,,0.24205,0.28476,OPEN,,0,3
21.9659,21.9659,1,0.11694,0.07982,0.09838,,0.24205,0.28476,OPEN,,0,3
22.0075,22.0075,1,0.28491,0.26999,0.27745,0.28304,0.24205,0.28476,OPEN,,0,3
22.0366,22.0366,1,0.31473,0.30297,0.30885,0.29208,0.24205,0.28476,OPEN,,0,3
22.0739,22.0739,1,0.32701,0.31371,0.32036,0.30198,0.24205,0.28476,OPEN,,0,3
22.0921,22.0921,1,0.36509,0.34336,0.35423,0.32026,0.24205,0.28476,OPEN,,0,3
22.1233,22.1233,1,0.38702,0.36193,0.37448,0.33924,0.24205,0.28476,OPEN,,0,3
22.156,22.156,1,0.40181,0.36642,0.38411,0.35494,0.24205,0.28476,OPEN,,0,3
22.1921,22.1921,1,0.41069,0.37536,0.39303,0.36827,0.24205,0.28476,OPEN,,0,3
22.2249,22.2249,1,0.26841,0.18736,0.22788,0.31914,0.24205,0.28476,OPEN,,0,3
22.2728,22.2728,1,0.11366,0.07594,0.0948,,0.24205,0.28476,OPEN,,0,3
22.2998,22.2998,1,0.0815,0.05613,0.06882,,0.24205,0.28476,OPEN,,0,3
22.3324,22.3324,1,0.20085,0.20757,0.20421,0.27891,0.24205,0.28476,OPEN,,0,3
22.3609,22.3609,1,0.26385,0.26874,0.2663,0.2745,0.24205,0.28476,OPEN,,0,3
22.3942,22.3942,1,0.17052,0.13675,0.15364,0.23219,0.24205,0.28476,CLOSING,,0,3
22.4219,22.4219,1,0.1508,0.12573,0.13826,0.19932,0.24205,0.28476,CLOSING,0.02775,0,3
22.4543,22.4543,1,0.13602,0.11368,0.12485,0.17325,0.24205,0.28476,CLOSED,0.06016,0,3
22.4933,22.4933,1,0.08724,0.08155,0.08439,,0.24205,0.28476,CLOSED,,0,3
22.5269,22.5269,1,0.06899,0.0697,0.06935,,0.24205,0.28476,CLOSED,,0,3
22.561,22.561,1,0.26374,0.26268,0.26321,0.20474,0.24205,0.28476,CLOSED,0.16686,0,3
22.593,22.593,1,0.32228,0.3226,0.32244,0.24593,0.24205,0.28476,CLOSED,0.1988,0,3
22.6245,22.6245,1,0.40602,0.40372,0.40487,0.30156,0.24205,0.28476,OPENING,0.23034,0,3
22.6639,22.6639,1,0.44104,0.42455,0.4328,0.34749,0.24205,0.28476,OPEN,0.2697,1,4
22.6949,22.6949,1,0.44754,0.42918,0.43836,0.3793,0.24205,0.28476,OPEN,,0,4
22.7323,22.7323,1,0.09865,0.08666,0.09265,,0.24205,0.28476,OPEN,,0,4
22.7611,22.7611,1,0.03076,0.03251,0.03164,,0.24205,0.28476,OPEN,,0,4
22.7968,22.7968,1,0.07863,0.07016,0.0744,,0.24205,0.28476,OPEN,,0,4
22.8428,22.8428,1,0.09898,0.09127,0.09513,,0.24205,0.28476,OPEN,,0,4
22.8776,22.8776,1,0.10086,0.09422,0.09754,,0.24205,0.28476,OPEN,,0,4
22.9108,22.9108,1,0.31301,0.29183,0.30242,0.35239,0.24205,0.28476,OPEN,,0,4
22.9478,22.9478,1,0.37335,0.36466,0.36901,0.35821,0.24205,0.28476,OPEN,,0,4
22.9779,22.9779,1,0.43798,0.42872,0.43335,0.38451,0.24205,0.28476,OPEN,,0,4
23.0097,23.0097,1,0.45362,0.44937,0.45149,0.40795,0.24205,0.28476,OPEN,,0,4
23.0433,23.0433,1,0.42964,0.42249,0.42607,0.41429,0.24205,0.28476,OPEN,,0,4
23.0772,23.0772,1,0.13737,0.12221,0.12979,0.31471,0.24205,0.28476,OPEN,,0,4
23.1075,23.1075,1,0.07381,0.06621,0.07001,,0.24205,0.28476,OPEN,,0,4
23.1279,23.1279,1,0.08883,0.08341,0.08612,,0.24205,0.28476,OPEN,,0,4
23.1598,23.1598,1,0.08754,0.08687,0.0872,,0.24205,0.28476,OPEN,,0,4
23.2002,23.2002,1,0.29076,0.28802,0.28939,0.30585,0.24205,0.28476,OPEN,,0,4
23.2401,23.2401,1,0.33965,0.33546,0.33755,0.31695,0.24205,0.28476,OPEN,,0,4
23.2612,23.2612,1,0.35113,0.34563,0.34838,0.32795,0.24205,0.28476,OPEN,,0,4
23.29,23.29,1,0.35578,0.34482,0.3503,0.33577,0.24205,0.28476,OPEN,,0,4
23.3245,23.3245,1,0.36491,0.3475,0.3562,0.34292,0.24205,0.28476,OPEN,,0,4
23.3596,23.3596,1,0.42211,0.39822,0.41017,0.36646,0.24205,0.28476,OPEN,,0,4
23.3897,23.3897,1,0.43774,0.41021,0.42397,0.38659,0.24205,0.28476,OPEN,,0,4
23.4113,23.4113,1,0.43765,0.39989,0.41877,0.39785,0.24205,0.28476,OPEN,,0,4
23.4736,23.4736,1,0.08109,0.08005,0.08057,,0.24205,0.28476,OPEN,,0,4
23.5026,23.5026,1,0.02877,0.03873,0.03375,,0.24205,0.28476,OPEN,,0,4
23.5408,23.5408,1,0.06476,0.04815,0.05646,,0.24205,0.28476,OPEN,,0,4
23.5784,23.5784,1,0.09559,0.08216,0.08888,,0.24205,0.28476,OPEN,,0,4
23.6109,23.6109,1,0.15497,0.18692,0.17094,0.31843,0.24205,0.28476,OPEN,,0,4
23.6531,23.6531,1,0.14433,0.22518,0.18476,0.27165,0.24205,0.28476,OPEN,,0,4
23.6946,23.6946,1,0.15178,0.23077,0.19127,0.24352,0.24205,0.28476,OPEN,,0,4
23.736,23.736,1,0.35256,0.37043,0.3615,0.28481,0.24205,0.28476,OPEN,,0,4
23.7705,23.7705,1,0.37951,0.39414,0.38683,0.32052,0.24205,0.28476,OPEN,,0,4
23.8021,23.8021,1,0.40153,0.40159,0.40156,0.34888,0.24205,0.28476,OPEN,,0,4
23.8316,23.8316,1,0.42212,0.40019,0.41116,0.37068,0.24205,0.28476,OPEN,,0,4
23.8565,23.8565,1,0.41057,0.38044,0.3955,0.37937,0.24205,0.28476,OPEN,,0,4
23.8861,23.8861,1,0.14451,0.11943,0.13197,0.29278,0.24205,0.28476,OPEN,,0,4
23.9115,23.9115,1,0.10072,0.08262,0.09167,,0.24205,0.28476,OPEN,,0,4
23.9487,23.9487,1,0.1546,0.14953,0.15207,0.24353,0.24205,0.28476,OPEN,,0,4
23.9789,23.9789,1,0.19227,0.16474,0.1785,0.22077,0.24205,0.28476,CLOSING,,0,4
24.0121,24.0121,1,0.24302,0.24869,0.24586,0.22955,0.24205,0.28476,CLOSING,0.0332,0,4
24.0387,24.0387,1,0.27826,0.28862,0.28344,0.24841,0.24205,0.28476,CLOSING,,0,4
24.069,24.069,1,0.30144,0.31017,0.30581,0.2685,0.24205,0.28476,CLOSING,,0,4
24.1035,24.1035,1,0.36451,0.36741,0.36596,0.30261,0.24205,0.28476,OPEN,,0,4
24.1412,24.1412,1,0.39138,0.37959,0.38548,0.33162,0.24205,0.28476,OPEN,,0,4
24.167,24.167,1,0.40562,0.38401,0.39481,0.35374,0.24205,0.28476,OPEN,,0,4
24.2078,24.2078,1,0.41574,0.38478,0.40026,0.37002,0.24205,0.28476,OPEN,,0,4
24.2386,24.2386,1,0.41467,0.40619,0.41043,0.38416,0.24205,0.28476,OPEN,,0,4
24.275,24.275,1,0.43435,0.41422,0.42428,0.3982,0.24205,0.28476,OPEN,,0,4
24.3067,24.3067,1,0.44158,0.41646,0.42902,0.40899,0.24205,0.28476,OPEN,,0,4
24.3422,24.3422,1,0.38341,0.38759,0.3855,0.40077,0.24205,0.28476,OPEN,,0,4
24.3757,24.3757,1,0.35758,0.37347,0.36553,0.38843,0.24205,0.28476,OPEN,,0,4
24.4142,24.4142,1,0.02098,0.05135,0.03616,,0.24205,0.28476,OPEN,,0,4
24.4531,24.4531,1,0.01209,0.03805,0.02507,,0.24205,0.28476,OPEN,,0,4
24.4926,24.4926,1,0.02472,0.0513,0.03801,,0.24205,0.28476,OPEN,,0,4
24.521,24.521,1,0.04323,0.03404,0.03863,,0.24205,0.28476,OPEN,,0,4
24.5555,24.5555,1,0.05129,0.03403,0.04266,,0.24205,0.28476,OPEN,,0,4
24.5851,24.5851,1,0.17221,0.21404,0.19312,0.32007,0.24205,0.28476,OPEN,,0,4
24.6254,24.6254,1,0.17878,0.24497,0.21188,0.28221,0.24205,0.28476,OPEN,,0,4
24.6761,24.6761,1,0.35758,0.37539,0.36649,0.3117,0.24205,0.28476,OPEN,,0,4
24.7116,24.7116,1,0.39279,0.38831,0.39055,0.3393,0.24205,0.28476,OPEN,,0,4
24.7466,24.7466,1,0.41366,0.40417,0.40892,0.36367,0.24205,0.28476,OPEN,,0,4
24.7814,24.7814,1,0.40091,0.31035,0.35563,0.36085,0.24205,0.28476,OPEN,,0,4
24.8089,24.8089,1,0.0985,0.09406,0.09628,,0.24205,0.28476,OPEN,,0,4
24.881,24.881,1,0.04495,0.05067,0.04781,,0.24205,0.28476,OPEN,,0,4
24.9073,24.9073,1,0.0529,0.05201,0.05245,,0.24205,0.28476,OPEN,,0,4
24.9399,24.9399,1,0.09483,0.03994,0.06738,,0.24205,0.28476,OPEN,,0,4
24.9791,24.9791,1,0.12321,0.03981,0.08151,,0.24205,0.28476,OPEN,,0,4
25.0166,25.0166,1,0.30981,0.30182,0.30581,0.34159,0.24205,0.28476,OPEN,,0,4
25.0652,25.0652,1,0.41882,0.40551,0.41217,0.36629,0.24205,0.28476,OPEN,,0,4
25.0866,25.0866,1,0.43883,0.43003,0.43443,0.39014,0.24205,0.28476,OPEN,,0,4
25.1368,25.1368,1,0.45055,0.44222,0.44639,0.40983,0.24205,0.28476,OPEN,,0,4
25.1633,25.1633,1,0.45289,0.44195,0.44742,0.42298,0.24205,0.28476,OPEN,,0,4
25.2059,25.2059,1,0.46192,0.45646,0.45919,0.43566,0.24205,0.28476,OPEN,,0,4
25.2405,25.2405,1,0.47091,0.45341,0.46216,0.44493,0.24205,0.28476,OPEN,,0,4
25.2733,25.2733,1,0.47422,0.45137,0.46279,0.45118,0.24205,0.28476,OPEN,,0,4
25.2978,25.2978,1,0.46865,0.44824,0.45844,0.45372,0.24205,0.28476,OPEN,,0,4
25.3298,25.3298,1,0.46394,0.44496,0.45445,0.45398,0.24205,0.28476,OPEN,,0,4
25.3663,25.3663,1,0.46438,0.44973,0.45705,0.45505,0.24205,0.28476,OPEN,,0,4
25.4014,25.4014,1,0.46622,0.45068,0.45845,0.45624,0.24205,0.28476,OPEN,,0,4
25.4352,25.4352,1,0.46591,0.45556,0.46073,0.45781,0.24205,0.28476,OPEN,,0,4
25.4678,25.4678,1,0.4474,0.41524,0.43132,0.44854,0.24205,0.28476,OPEN,,0,4
25.5072,25.5072,1,0.43786,0.40206,0.41996,0.43854,0.24205,0.28476,OPEN,,0,4
25.5327,25.5327,1,0.1555,0.11816,0.13683,0.33294,0.24205,0.28476,OPEN,,0,4
25.5725,25.5725,1,0.10183,0.0881,0.09496,,0.24205,0.28476,OPEN,,0,4
25.6012,25.6012,1,0.08406,0.09096,0.08751,,0.24205,0.28476,OPEN,,0,4
25.629,25.629,1,0.07326,0.08141,0.07733,,0.24205,0.28476,OPEN,,0,4
25.666,25.666,1,0.07005,0.07301,0.07153,,0.24205,0.28476,OPEN,,0,4
25.6938,25.6938,1,0.07644,0.07294,0.07469,,0.24205,0.28476,OPEN,,0,4
25.7248,25.7248,1,0.07628,0.06946,0.07287,,0.24205,0.28476,OPEN,,0,4
25.7575,25.7575,1,0.08412,0.07765,0.08088,,0.24205,0.28476,OPEN,,0,4
25.7935,25.7935,1,0.08872,0.08142,0.08507,,0.24205,0.28476,OPEN,,0,4
25.8245,25.8245,1,0.0516,0.05343,0.05251,,0.24205,0.28476,OPEN,,0,4
25.873,25.873,1,0.02405,0.0355,0.02977,,0.24205,0.28476,OPEN,,0,4
25.8999,25.8999,1,0.02054,0.03541,0.02797,,0.24205,0.28476,OPEN,,0,4
25.9328,25.9328,1,0.02394,0.03572,0.02983,,0.24205,0.28476,OPEN,,0,4
25.9725,25.9725,1,0.02664,0.03236,0.0295,,0.24205,0.28476,OPEN,,0,4
26.0085,26.0085,1,0.04037,0.0337,0.03704,,0.24205,0.28476,OPEN,,0,4
26.0456,26.0456,1,0.04707,0.0344,0.04073,,0.24205,0.28476,OPEN,,0,4
26.1085,26.1085,1,0.05278,0.03521,0.04399,,0.24205,0.28476,OPEN,,0,4
26.1255,26.1255,1,0.0449,0.03211,0.03851,,0.24205,0.28476,OPEN,,0,4
26.1511,26.1511,1,0.05832,0.03649,0.0474,,0.24205,0.28476,OPEN,,0,4
26.1814,26.1814,1,0.06014,0.05052,0.05533,,0.24205,0.28476,OPEN,,0,4
26.2244,26.2244,1,0.06921,0.06513,0.06717,,0.24205,0.28476,OPEN,,0,4
26.2569,26.2569,1,0.06886,0.06371,0.06628,,0.24205,0.28476,OPEN,,0,4
26.2751,26.2751,1,0.06916,0.05269,0.06093,,0.24205,0.28476,OPEN,,0,4
26.2999,26.2999,1,0.06443,0.05123,0.05783,,0.24205,0.28476,OPEN,,0,4
26.3409,26.3409,1,0.06357,0.04631,0.05494,,0.24205,0.28476,OPEN,,0,4
26.3665,26.3665,1,0.06374,0.04339,0.05357,,0.24205,0.28476,OPEN,,0,4
26.4059,26.4059,1,0.06244,0.04708,0.05476,,0.24205,0.28476,OPEN,,0,4
26.4398,26.4398,1,0.06114,0.04648,0.05381,,0.24205,0.28476,OPEN,,0,4
26.4723,26.4723,1,0.05975,0.04578,0.05277,,0.24205,0.28476,OPEN,,0,4
26.5056,26.5056,1,0.09372,0.06804,0.08088,,0.24205,0.28476,OPEN,,0,4
26.5343,26.5343,1,0.11407,0.08252,0.0983,,0.24205,0.28476,OPEN,,0,4
26.5701,26.5701,1,0.25651,0.23463,0.24557,0.30236,0.24205,0.28476,OPEN,,0,4
26.6061,26.6061,1,0.30933,0.29579,0.30256,0.30243,0.24205,0.28476,OPEN,,0,4
26.6381,26.6381,1,0.35677,0.35316,0.35497,0.32082,0.24205,0.28476,OPEN,,0,4
26.6731,26.6731,1,0.392,0.37716,0.38458,0.34313,0.24205,0.28476,OPEN,,0,4
26.7005,26.7005,1,0.40014,0.38303,0.39158,0.36009,0.24205,0.28476,OPEN,,0,4
26.7285,26.7285,1,0.439,0.42164,0.43032,0.38467,0.24205,0.28476,OPEN,,0,4
26.7578,26.7578,1,0.44896,0.41792,0.43344,0.40174,0.24205,0.28476,OPEN,,0,4
26.794,26.794,1,0.44407,0.41185,0.42796,0.41092,0.24205,0.28476,OPEN,,0,4
26.8236,26.8236,1,0.43997,0.40901,0.42449,0.41567,0.24205,0.28476,OPEN,,0,4
26.8564,26.8564,1,0.43459,0.40421,0.4194,0.41697,0.24205,0.28476,OPEN,,0,4
26.887,26.887,1,0.4317,0.40446,0.41808,0.41736,0.24205,0.28476,OPEN,,0,4
26.9242,26.9242,1,0.43122,0.40828,0.41975,0.4182,0.24205,0.28476,OPEN,,0,4
26.9618,26.9618,1,0.43649,0.42658,0.43153,0.42286,0.24205,0.28476,OPEN,,0,4
26.9951,26.9951,1,0.43801,0.42553,0.43177,0.42598,0.24205,0.28476,OPEN,,0,4
27.0399,27.0399,1,0.43005,0.41604,0.42304,0.42495,0.24205,0.28476,OPEN,,0,4
27.0744,27.0744,1,0.16911,0.13428,0.1517,0.32931,0.24205,0.28476,OPEN,,0,4
27.1046,27.1046,1,0.12596,0.10442,0.11519,0.25437,0.24205,0.28476,OPEN,,0,4
27.1379,27.1379,1,0.11344,0.09741,0.10543,0.20224,0.24205,0.28476,CLOSING,,0,4
27.1743,27.1743,1,0.09452,0.07959,0.08706,,0.24205,0.28476,CLOSING,,0,4
27.1935,27.1935,1,0.08283,0.06762,0.07523,,0.24205,0.28476,CLOSING,,0,4
27.2234,27.2234,1,0.07651,0.05729,0.0669,,0.24205,0.28476,CLOSING,,0,4
27.246,27.246,1,0.07264,0.05263,0.06264,,0.24205,0.28476,CLOSING,,0,4
27.2816,27.2816,1,0.05678,0.03803,0.04741,,0.24205,0.28476,CLOSING,,0,4
27.3147,27.3147,1,0.04937,0.0304,0.03989,,0.24205,0.28476,CLOSING,,0,4
27.3448,27.3448,1,0.04307,0.03334,0.0382,,0.24205,0.28476,CLOSING,,0,4
27.3806,27.3806,1,0.04047,0.03614,0.03831,,0.24205,0.28476,CLOSING,,0,4
27.424,27.424,1,0.03666,0.03172,0.03419,,0.24205,0.28476,CLOSING,,0,4
27.4655,27.4655,1,0.0644,0.07121,0.0678,,0.24205,0.28476,CLOSING,,0,4
27.506,27.506,1,0.06435,0.07604,0.07019,,0.24205,0.28476,CLOSING,,0,4
27.5411,27.5411,1,0.17352,0.16989,0.1717,0.19155,0.24205,0.28476,CLOSED,0.40326,0,4
27.5729,27.5729,1,0.20054,0.17461,0.18757,0.19016,0.24205,0.28476,CLOSED,0.43499,0,4
27.606,27.606,1,0.19061,0.1679,0.17926,0.18634,0.24205,0.28476,CLOSED,0.46818,0,4
27.6395,27.6395,1,0.16138,0.15979,0.16058,0.17733,0.24205,0.28476,CLOSED,0.50164,0,4
27.6604,27.6604,1,0.14792,0.15641,0.15216,0.16852,0.24205,0.28476,CLOSED,0.52254,0,4
27.7076,27.7076,1,0.12386,0.12687,0.12536,0.15342,0.24205,0.28476,CLOSED,0.56968,0,4
27.7426,27.7426,1,0.11677,0.12242,0.11959,0.14158,0.24205,0.28476,CLOSED,0.60473,0,4
27.7848,27.7848,1,0.06271,0.06718,0.06494,,0.24205,0.28476,CLOSED,,0,4
27.8207,27.8207,1,0.05333,0.06015,0.05674,,0.24205,0.28476,CLOSED,,0,4
27.8472,27.8472,1,0.15165,0.10084,0.12624,0.13621,0.24205,0.28476,CLOSED,0.70929,0,4
27.8751,27.8751,1,0.19097,0.13645,0.16371,0.14584,0.24205,0.28476,CLOSED,0.7372,0,4
27.906,27.906,1,0.31582,0.27564,0.29573,0.1983,0.24205,0.28476,CLOSED,0.76817,0,4
27.939,27.939,1,0.38364,0.332,0.35782,0.25413,0.24205,0.28476,CLOSED,0.80108,0,4
27.9745,27.9745,1,0.40276,0.3507,0.37673,0.29704,0.24205,0.28476,OPENING,0.8366,0,4
28.0133,28.0133,1,0.38538,0.34621,0.36579,0.3211,0.24205,0.28476,OPEN,0.87542,0,4
28.0419,28.0419,1,0.37811,0.34498,0.36154,0.33526,0.24205,0.28476,OPEN,,0,4
28.0773,28.0773,1,0.37222,0.34327,0.35774,0.34313,0.24205,0.28476,OPEN,,0,4
28.1082,28.1082,1,0.38665,0.3629,0.37477,0.3542,0.24205,0.28476,OPEN,,0,4
28.1455,28.1455,1,0.3879,0.36231,0.3751,0.36152,0.24205,0.28476,OPEN,,0,4
28.1801,28.1801,1,0.40359,0.37286,0.38822,0.37087,0.24205,0.28476,OPEN,,0,4
28.2073,28.2073,1,0.41077,0.37469,0.39273,0.37852,0.24205,0.28476,OPEN,,0,4
28.2487,28.2487,1,0.42668,0.41234,0.41951,0.39286,0.24205,0.28476,OPEN,,0,4
28.2825,28.2825,1,0.41839,0.40777,0.41308,0.39994,0.24205,0.28476,OPEN,,0,4
28.3238,28.3238,1,0.41573,0.40619,0.41096,0.4038,0.24205,0.28476,OPEN,,0,4
28.3562,28.3562,1,0.26827,0.29201,0.28014,0.36052,0.24205,0.28476,OPEN,,0,4
28.3896,28.3896,1,0.21028,0.22201,0.21615,0.30999,0.24205,0.28476,OPEN,,0,4
28.422,28.422,1,0.06106,0.06561,0.06334,,0.24205,0.28476,OPEN,,0,4
28.455,28.455,1,0.04945,0.04162,0.04554,,0.24205,0.28476,OPEN,,0,4
28.4853,28.4853,1,0.04791,0.03764,0.04278,,0.24205,0.28476,OPEN,,0,4
28.5086,28.5086,1,0.06951,0.05825,0.06388,,0.24205,0.28476,OPEN,,0,4
28.5385,28.5385,1,0.08342,0.07542,0.07942,,0.24205,0.28476,OPEN,,0,4
28.5687,28.5687,1,0.2054,0.2156,0.2105,0.27517,0.24205,0.28476,OPEN,,0,4
28.5988,28.5988,1,0.24631,0.2575,0.25191,0.26702,0.24205,0.28476,OPEN,,0,4
28.6391,28.6391,1,0.15005,0.16071,0.15538,0.22795,0.24205,0.28476,CLOSING,,0,4
28.6688,28.6688,1,0.06498,0.07846,0.07172,,0.24205,0.28476,CLOSING,,0,4
28.7066,28.7066,1,0.03139,0.04922,0.04031,,0.24205,0.28476,CLOSING,,0,4
28.7517,28.7517,1,0.05153,0.05633,0.05393,,0.24205,0.28476,CLOSING,,0,4
28.7799,28.7799,1,0.06008,0.06,0.06004,,0.24205,0.28476,CLOSING,,0,4
28.8096,28.8096,1,0.21223,0.18809,0.20016,0.21822,0.24205,0.28476,CLOSED,0.17058,0,4
28.843,28.843,1,0.25515,0.23676,0.24596,0.22793,0.24205,0.28476,CLOSED,0.2039,0,4
28.8701,28.8701,1,0.26938,0.25044,0.25991,0.23912,0.24205,0.28476,CLOSED,0.231,0,4
28.8897,28.8897,1,0.14667,0.11631,0.13149,0.20145,0.24205,0.28476,CLOSED,0.2506,0,4
28.9288,28.9288,1,0.06852,0.06066,0.06459,,0.24205,0.28476,CLOSED,,0,4
28.9709,28.9709,1,0.05053,0.04827,0.0494,,0.24205,0.28476,CLOSED,,0,4
29.0027,29.0027,1,0.05161,0.05045,0.05103,,0.24205,0.28476,CLOSED,,0,4
29.0386,29.0386,1,0.20718,0.20758,0.20738,0.20353,0.24205,0.28476,CLOSED,0.39955,0,4
29.0709,29.0709,1,0.18668,0.20069,0.19369,0.20008,0.24205,0.28476,CLOSED,0.43181,0,4
29.0989,29.0989,1,0.17783,0.19089,0.18436,0.19458,0.24205,0.28476,CLOSED,0.45985,0,4
29.1399,29.1399,1,0.08016,0.09987,0.09001,,0.24205,0.28476,CLOSED,,0,4
29.1701,29.1701,1,0.05188,0.07476,0.06332,,0.24205,0.28476,CLOSED,,0,4
29.2024,29.2024,1,0.12609,0.09376,0.10993,0.16495,0.24205,0.28476,CLOSED,0.56331,0,4
29.2392,29.2392,1,0.16209,0.1286,0.14535,0.15809,0.24205,0.28476,CLOSED,0.60017,0,4
29.2741,29.2741,1,0.16317,0.13256,0.14786,0.15451,0.24205,0.28476,CLOSED,0.63509,0,4
29.3088,29.3088,1,0.27773,0.26661,0.27217,0.19569,0.24205,0.28476,CLOSED,0.66974,0,4
29.3454,29.3454,1,0.31734,0.30882,0.31308,0.23678,0.24205,0.28476,CLOSED,0.70636,0,4
29.3873,29.3873,1,0.35471,0.34908,0.35189,0.27707,0.24205,0.28476,CLOSED,0.74823,0,4
29.4063,29.4063,1,0.36328,0.35976,0.36152,0.30663,0.24205,0.28476,OPENING,0.76725,0,4
29.4389,29.4389,1,0.38563,0.38394,0.38478,0.33398,0.24205,0.28476,OPEN,0.79987,1,5
29.4674,29.4674,1,0.2947,0.27431,0.2845,0.31666,0.24205,0.28476,OPEN,,0,5
29.5042,29.5042,1,0.24559,0.2435,0.24455,0.29142,0.24205,0.28476,OPEN,,0,5
29.54,29.54,1,0.17374,0.13154,0.15264,0.24285,0.24205,0.28476,OPEN,,0,5
29.568,29.568,1,0.14852,0.10743,0.12798,0.20264,0.24205,0.28476,CLOSING,,0,5
29.6062,29.6062,1,0.22451,0.19725,0.21088,0.20553,0.24205,0.28476,CLOSING,0.03817,0,5
29.636,29.636,1,0.25801,0.23142,0.24471,0.21924,0.24205,0.28476,CLOSED,0.06796,0,5
29.6727,29.6727,1,0.27993,0.2549,0.26741,0.2361,0.24205,0.28476,CLOSED,0.10474,0,5
29.7046,29.7046,1,0.32497,0.31375,0.31936,0.26524,0.24205,0.28476,CLOSED,0.13658,0,5
29.7352,29.7352,1,0.34927,0.34133,0.3453,0.29326,0.24205,0.28476,OPENING,0.16717,0,5
29.7664,29.7664,1,0.35927,0.35192,0.35559,0.31508,0.24205,0.28476,OPEN,0.19837,1,6
29.7995,29.7995,1,0.36501,0.35728,0.36115,0.3312,0.24205,0.28476,OPEN,,0,6
29.8372,29.8372,1,0.38442,0.39015,0.38728,0.35083,0.24205,0.28476,OPEN,,0,6
29.8707,29.8707,1,0.39641,0.39565,0.39603,0.36665,0.24205,0.28476,OPEN,,0,6
29.9046,29.9046,1,0.40267,0.39928,0.40097,0.37866,0.24205,0.28476,OPEN,,0,6
29.9332,29.9332,1,0.40746,0.39448,0.40097,0.38647,0.24205,0.28476,OPEN,,0,6
29.9722,29.9722,1,0.41123,0.39135,0.40129,0.39166,0.24205,0.28476,OPEN,,0,6
30.0058,30.0058,1,0.41333,0.39086,0.4021,0.39531,0.24205,0.28476,OPEN,,0,6
30.039,30.039,1,0.41442,0.39071,0.40257,0.39785,0.24205,0.28476,OPEN,,0,6
30.0618,30.0618,1,0.41489,0.39064,0.40276,0.39957,0.24205,0.28476,OPEN,,0,6
30.0929,30.0929,1,0.4184,0.39703,0.40771,0.40242,0.24205,0.28476,OPEN,,0,6
30.1242,30.1242,1,0.42981,0.40453,0.41717,0.40758,0.24205,0.28476,OPEN,,0,6
30.1734,30.1734,1,0.42117,0.41661,0.41889,0.41154,0.24205,0.28476,OPEN,,0,6
30.2068,30.2068,1,0.41808,0.4129,0.41549,0.41292,0.24205,0.28476,OPEN,,0,6
30.239,30.239,1,0.1631,0.12913,0.14612,0.31954,0.24205,0.28476,OPEN,,0,6
30.2711,30.2711,1,0.07718,0.07228,0.07473,,0.24205,0.28476,OPEN,,0,6
30.296,30.296,1,0.06843,0.07647,0.07245,,0.24205,0.28476,OPEN,,0,6
30.3306,30.3306,1,0.09144,0.10923,0.10033,0.24282,0.24205,0.28476,OPEN,,0,6
30.36,30.36,1,0.09241,0.11569,0.10405,0.19425,0.24205,0.28476,CLOSING,,0,6
30.3997,30.3997,1,0.13795,0.14475,0.14135,0.17574,0.24205,0.28476,CLOSING,0.03975,0,6
30.4321,30.4321,1,0.1432,0.12443,0.13382,0.16106,0.24205,0.28476,CLOSED,0.07211,0,6
30.4524,30.4524,1,0.15012,0.12397,0.13705,0.15266,0.24205,0.28476,CLOSED,0.09245,0,6
30.4887,30.4887,1,0.30067,0.27394,0.28731,0.19978,0.24205,0.28476,CLOSED,0.12876,0,6
30.5215,30.5215,1,0.33491,0.30797,0.32144,0.24236,0.24205,0.28476,CLOSED,0.16158,0,6
30.552,30.552,1,0.30774,0.3142,0.31097,0.26637,0.24205,0.28476,CLOSED,0.192,0,6
30.5774,30.5774,1,0.29757,0.32484,0.3112,0.28206,0.24205,0.28476,CLOSED,0.21747,0,6
30.6114,30.6114,1,0.12448,0.17164,0.14806,0.23516,0.24205,0.28476,CLOSED,0.25149,0,6
30.6673,30.6673,1,0.05986,0.07217,0.06602,,0.24205,0.28476,CLOSED,,0,6
30.7042,30.7042,1,0.05418,0.05115,0.05266,,0.24205,0.28476,CLOSED,,0,6
30.7351,30.7351,1,0.10311,0.09123,0.09717,,0.24205,0.28476,CLOSED,,0,6
30.772,30.772,1,0.16263,0.14485,0.15374,0.20666,0.24205,0.28476,CLOSED,0.41205,0,6
30.8172,30.8172,1,0.3255,0.32228,0.32389,0.24769,0.24205,0.28476,CLOSED,0.45728,0,6
30.8388,30.8388,1,0.36587,0.35316,0.35951,0.28683,0.24205,0.28476,OPENING,0.47881,0,6
30.8572,30.8572,1,0.38053,0.36584,0.37319,0.31705,0.24205,0.28476,OPEN,0.49728,1,7
30.9033,30.9033,1,0.31988,0.33924,0.32956,0.32143,0.24205,0.28476,OPEN,,0,7
30.9386,30.9386,1,0.3046,0.29089,0.29774,0.31314,0.24205,0.28476,OPEN,,0,7
30.9695,30.9695,1,0.05816,0.08304,0.0706,,0.24205,0.28476,OPEN,,0,7
31.0026,31.0026,1,0.05119,0.03971,0.04545,,0.24205,0.28476,OPEN,,0,7
31.0387,31.0387,1,0.05029,0.10978,0.08004,,0.24205,0.28476,OPEN,,0,7
31.0759,31.0759,1,0.29887,0.26933,0.2841,0.30298,0.24205,0.28476,OPEN,,0,7
31.1115,31.1115,1,0.32721,0.30705,0.31713,0.30793,0.24205,0.28476,OPEN,,0,7
31.1538,31.1538,1,0.24315,0.25299,0.24807,0.28698,0.24205,0.28476,OPEN,,0,7
31.1866,31.1866,1,0.2168,0.23857,0.22768,0.26623,0.24205,0.28476,OPEN,,0,7
31.2236,31.2236,1,0.06031,0.07931,0.06981,,0.24205,0.28476,OPEN,,0,7
31.261,31.261,1,0.05799,0.08528,0.07163,,0.24205,0.28476,OPEN,,0,7
31.287,31.287,1,0.05905,0.09339,0.07622,,0.24205,0.28476,OPEN,,0,7
31.3117,31.3117,1,0.11974,0.17098,0.14536,0.22392,0.24205,0.28476,CLOSING,,0,7
31.3546,31.3546,1,0.11421,0.21796,0.16609,0.20368,0.24205,0.28476,CLOSING,0.04296,0,7
31.3884,31.3884,1,0.12563,0.22362,0.17463,0.19351,0.24205,0.28476,CLOSED,0.07673,0,7
31.4213,31.4213,1,0.1409,0.21558,0.17824,0.18817,0.24205,0.28476,CLOSED,0.10959,0,7
31.4568,31.4568,1,0.0824,0.14649,0.11445,0.16236,0.24205,0.28476,CLOSED,0.1451,0,7
31.5046,31.5046,1,0.10866,0.11461,0.11163,0.14461,0.24205,0.28476,CLOSED,0.1929,0,7
31.5358,31.5358,1,0.11601,0.11462,0.11532,0.13436,0.24205,0.28476,CLOSED,0.2241,0,7
31.5773,31.5773,1,0.13962,0.1221,0.13086,0.13313,0.24205,0.28476,CLOSED,0.26563,0,7
31.6157,31.6157,1,0.09975,0.11527,0.10751,0.12416,0.24205,0.28476,CLOSED,0.30401,0,7
31.6765,31.6765,1,0.05149,0.06113,0.05631,,0.24205,0.28476,CLOSED,,0,7
31.7187,31.7187,1,0.05246,0.0638,0.05813,,0.24205,0.28476,CLOSED,,0,7
31.7497,31.7497,1,0.08747,0.0979,0.09268,,0.24205,0.28476,CLOSED,,0,7
31.7838,31.7838,1,0.12013,0.11992,0.12002,0.12272,0.24205,0.28476,CLOSED,0.4721,0,7
31.812,31.812,1,0.25664,0.25206,0.25435,0.16879,0.24205,0.28476,CLOSED,0.50026,0,7
31.8731,31.8731,1,0.42806,0.3915,0.40978,0.25314,0.24205,0.28476,CLOSED,0.56145,0,7
31.8971,31.8971,1,0.43543,0.40045,0.41794,0.31082,0.24205,0.28476,OPENING,0.58542,0,7
31.9296,31.9296,1,0.3851,0.33395,0.35952,0.32786,0.24205,0.28476,OPEN,0.6179,1,8
31.955,31.955,1,0.36353,0.32872,0.34613,0.33426,0.24205,0.28476,OPEN,,0,8
31.9956,31.9956,1,0.3961,0.37308,0.38459,0.35187,0.24205,0.28476,OPEN,,0,8
32.0216,32.0216,1,0.41249,0.3857,0.3991,0.3684,0.24205,0.28476,OPEN,,0,8
32.0537,32.0537,1,0.42215,0.3969,0.40952,0.38279,0.24205,0.28476,OPEN,,0,8
32.0785,32.0785,1,0.45298,0.41202,0.4325,0.40019,0.24205,0.28476,OPEN,,0,8
32.1211,32.1211,1,0.46247,0.42715,0.44481,0.41581,0.24205,0.28476,OPEN,,0,8
32.161,32.161,1,0.41318,0.3437,0.37844,0.40273,0.24205,0.28476,OPEN,,0,8
32.203,32.203,1,0.40438,0.3385,0.37144,0.39178,0.24205,0.28476,OPEN,,0,8
32.233,32.233,1,0.06243,0.07868,0.07056,,0.24205,0.28476,OPEN,,0,8
32.2716,32.2716,1,0.03546,0.05522,0.04534,,0.24205,0.28476,OPEN,,0,8
32.3001,32.3001,1,0.03973,0.07672,0.05822,,0.24205,0.28476,OPEN,,0,8
32.3347,32.3347,1,0.14171,0.15053,0.14612,0.3058,0.24205,0.28476,OPEN,,0,8
32.37,32.37,1,0.18453,0.18448,0.1845,0.26335,0.24205,0.28476,OPEN,,0,8
32.412,32.412,1,0.3304,0.31305,0.32173,0.28378,0.24205,0.28476,OPEN,,0,8
32.4536,32.4536,1,0.36106,0.35637,0.35871,0.31001,0.24205,0.28476,OPEN,,0,8
32.4887,32.4887,1,0.3645,0.35829,0.36139,0.32799,0.24205,0.28476,OPEN,,0,8
32.5196,32.5196,1,0.3765,0.37609,0.3763,0.3449,0.24205,0.28476,OPEN,,0,8
32.5552,32.5552,1,0.38318,0.37864,0.38091,0.3575,0.24205,0.28476,OPEN,,0,8
32.5867,32.5867,1,0.42011,0.42455,0.42233,0.38019,0.24205,0.28476,OPEN,,0,8
32.6157,32.6157,1,0.43632,0.43981,0.43807,0.40045,0.24205,0.28476,OPEN,,0,8
32.6491,32.6491,1,0.43569,0.42874,0.43221,0.41157,0.24205,0.28476,OPEN,,0,8
32.6718,32.6718,1,0.43338,0.41661,0.42499,0.41626,0.24205,0.28476,OPEN,,0,8
32.7039,32.7039,1,0.42829,0.40321,0.41575,0.41608,0.24205,0.28476,OPEN,,0,8
32.7361,32.7361,1,0.44717,0.40257,0.42487,0.41916,0.24205,0.28476,OPEN,,0,8
32.7689,32.7689,1,0.45514,0.40182,0.42848,0.42242,0.24205,0.28476,OPEN,,0,8
32.8128,32.8128,1,0.45937,0.41641,0.43789,0.42784,0.24205,0.28476,OPEN,,0,8
32.853,32.853,1,0.46661,0.42632,0.44646,0.43436,0.24205,0.28476,OPEN,,0,8
32.8886,32.8886,1,0.46752,0.42765,0.44758,0.43899,0.24205,0.28476,OPEN,,0,8
32.936,32.936,1,0.45158,0.41504,0.43331,0.437,0.24205,0.28476,OPEN,,0,8
32.9587,32.9587,1,0.4452,0.41614,0.43067,0.43478,0.24205,0.28476,OPEN,,0,8
32.9886,32.9886,1,0.43081,0.39851,0.41466,0.42774,0.24205,0.28476,OPEN,,0,8
33.0147,33.0147,1,0.42312,0.39169,0.40741,0.42062,0.24205,0.28476,OPEN,,0,8
33.0508,33.0508,1,0.42909,0.39693,0.41301,0.41796,0.24205,0.28476,OPEN,,0,8
33.1038,33.1038,1,0.43326,0.39844,0.41585,0.41722,0.24205,0.28476,OPEN,,0,8
33.1452,33.1452,1,0.4354,0.39922,0.41731,0.41725,0.24205,0.28476,OPEN,,0,8
33.1878,33.1878,1,0.4176,0.39506,0.40633,0.41343,0.24205,0.28476,OPEN,,0,8
33.2173,33.2173,1,0.41557,0.39936,0.40747,0.41134,0.24205,0.28476,OPEN,,0,8
33.2782,33.2782,1,0.42918,0.40412,0.41665,0.4132,0.24205,0.28476,OPEN,,0,8
33.3204,33.3204,1,0.43483,0.40603,0.42043,0.41573,0.24205,0.28476,OPEN,,0,8
33.3565,33.3565,1,0.42667,0.40371,0.41519,0.41554,0.24205,0.28476,OPEN,,0,8
33.3963,33.3963,1,0.42444,0.40158,0.41301,0.41466,0.24205,0.28476,OPEN,,0,8
33.4362,33.4362,1,0.41324,0.3845,0.39887,0.40913,0.24205,0.28476,OPEN,,0,8
33.4675,33.4675,1,0.41384,0.38934,0.40159,0.40649,0.24205,0.28476,OPEN,,0,8
33.5061,33.5061,1,0.41493,0.39371,0.40432,0.40573,0.24205,0.28476,OPEN,,0,8
33.5502,33.5502,1,0.37729,0.30434,0.34081,0.38301,0.24205,0.28476,OPEN,,0,8
33.5877,33.5877,1,0.38645,0.329,0.35773,0.37416,0.24205,0.28476,OPEN,,0,8
33.6216,33.6216,1,0.39919,0.36168,0.38044,0.37636,0.24205,0.28476,OPEN,,0,8
33.654,33.654,1,0.43223,0.39113,0.41168,0.38872,0.24205,0.28476,OPEN,,0,8
33.6864,33.6864,1,0.43666,0.39239,0.41452,0.39775,0.24205,0.28476,OPEN,,0,8
33.7187,33.7187,1,0.4216,0.39447,0.40804,0.40135,0.24205,0.28476,OPEN,,0,8
33.749,33.749,1,0.42391,0.40481,0.41436,0.4059,0.24205,0.28476,OPEN,,0,8
33.7866,33.7866,1,0.43823,0.41593,0.42708,0.41332,0.24205,0.28476,OPEN,,0,8
33.821,33.821,1,0.44167,0.43013,0.4359,0.42122,0.24205,0.28476,OPEN,,0,8
33.8431,33.8431,1,0.43514,0.40808,0.42161,0.42136,0.24205,0.28476,OPEN,,0,8
33.8754,33.8754,1,0.4134,0.3974,0.4054,0.41577,0.24205,0.28476,OPEN,,0,8
33.9087,33.9087,1,0.41301,0.3982,0.4056,0.41221,0.24205,0.28476,OPEN,,0,8
33.9403,33.9403,1,0.39768,0.39282,0.39525,0.40628,0.24205,0.28476,OPEN,,0,8
33.9688,33.9688,1,0.40067,0.40123,0.40095,0.40441,0.24205,0.28476,OPEN,,0,8
34.0126,34.0126,1,0.41268,0.38871,0.40069,0.40311,0.24205,0.28476,OPEN,,0,8
34.0438,34.0438,1,0.41103,0.39787,0.40445,0.40358,0.24205,0.28476,OPEN,,0,8
34.0957,34.0957,1,0.42038,0.40325,0.41182,0.40646,0.24205,0.28476,OPEN,,0,8
34.1312,34.1312,1,0.40257,0.36985,0.38621,0.39937,0.24205,0.28476,OPEN,,0,8
34.1715,34.1715,1,0.4022,0.37366,0.38793,0.39537,0.24205,0.28476,OPEN,,0,8
34.221,34.221,1,0.41917,0.39174,0.40546,0.3989,0.24205,0.28476,OPEN,,0,8
34.2523,34.2523,1,0.42843,0.3971,0.41277,0.40375,0.24205,0.28476,OPEN,,0,8
34.2752,34.2752,1,0.11552,0.12728,0.1214,0.30493,0.24205,0.28476,OPEN,,0,8
34.3028,34.3028,1,0.03366,0.06935,0.0515,,0.24205,0.28476,OPEN,,0,8
34.3346,34.3346,1,0.03341,0.05743,0.04542,,0.24205,0.28476,OPEN,,0,8
34.3698,34.3698,1,0.02641,0.07676,0.05159,,0.24205,0.28476,OPEN,,0,8
34.3995,34.3995,1,0.03479,0.08803,0.06141,,0.24205,0.28476,OPEN,,0,8
34.436,34.436,1,0.25169,0.27006,0.26087,0.28951,0.24205,0.28476,OPEN,,0,8
34.4548,34.4548,1,0.30796,0.31475,0.31135,0.29716,0.24205,0.28476,OPEN,,0,8
34.483,34.483,1,0.33993,0.34034,0.34014,0.3122,0.24205,0.28476,OPEN,,0,8
34.5088,34.5088,1,0.38182,0.37844,0.38013,0.33598,0.24205,0.28476,OPEN,,0,8
34.5449,34.5449,1,0.40609,0.39642,0.40126,0.35882,0.24205,0.28476,OPEN,,0,8
34.5764,34.5764,1,0.43866,0.4189,0.42878,0.38331,0.24205,0.28476,OPEN,,0,8
34.6017,34.6017,1,0.44088,0.41794,0.42941,0.39944,0.24205,0.28476,OPEN,,0,8
34.6339,34.6339,1,0.44527,0.41796,0.43162,0.4107,0.24205,0.28476,OPEN,,0,8
34.6699,34.6699,1,0.46004,0.43155,0.44579,0.42298,0.24205,0.28476,OPEN,,0,8
34.6944,34.6944,1,0.46133,0.43326,0.4473,0.43149,0.24205,0.28476,OPEN,,0,8
34.7401,34.7401,1,0.45218,0.4216,0.43689,0.43338,0.24205,0.28476,OPEN,,0,8
34.7708,34.7708,1,0.46115,0.42049,0.44082,0.43599,0.24205,0.28476,OPEN,,0,8
34.8084,34.8084,1,0.19171,0.17089,0.1813,0.34685,0.24205,0.28476,OPEN,,0,8
34.8359,34.8359,1,0.11798,0.11331,0.11564,0.26593,0.24205,0.28476,OPEN,,0,8
34.8571,34.8571,1,0.09645,0.09207,0.09426,,0.24205,0.28476,OPEN,,0,8
34.8863,34.8863,1,0.02872,0.03773,0.03322,,0.24205,0.28476,OPEN,,0,8
34.9181,34.9181,1,0.0275,0.03609,0.0318,,0.24205,0.28476,OPEN,,0,8
34.9534,34.9534,1,0.13866,0.14811,0.14339,0.22304,0.24205,0.28476,CLOSING,,0,8
34.9863,34.9863,1,0.17372,0.17118,0.17245,0.20533,0.24205,0.28476,CLOSING,0.03292,0,8
35.0207,35.0207,1,0.28409,0.31583,0.29996,0.23845,0.24205,0.28476,CLOSED,0.06734,0,8
35.066,35.066,1,0.40877,0.40598,0.40737,0.29757,0.24205,0.28476,OPENING,0.11262,0,8
35.1038,35.1038,1,0.42539,0.4066,0.416,0.33902,0.24205,0.28476,OPEN,0.15044,1,9
35.1358,35.1358,1,0.44587,0.45638,0.45113,0.37826,0.24205,0.28476,OPEN,,0,9
35.1695,35.1695,1,0.46868,0.47971,0.4742,0.41184,0.24205,0.28476,OPEN,,0,9
35.2135,35.2135,1,0.46189,0.45783,0.45986,0.42864,0.24205,0.28476,OPEN,,0,9
35.2528,35.2528,1,0.4507,0.43706,0.44388,0.43398,0.24205,0.28476,OPEN,,0,9
35.2796,35.2796,1,0.44526,0.43004,0.43765,0.43526,0.24205,0.28476,OPEN,,0,9
35.3087,35.3087,1,0.47542,0.4541,0.46476,0.44559,0.24205,0.28476,OPEN,,0,9
35.3513,35.3513,1,0.48101,0.46965,0.47533,0.456,0.24205,0.28476,OPEN,,0,9
35.3947,35.3947,1,0.48742,0.45999,0.47371,0.46219,0.24205,0.28476,OPEN,,0,9
35.4322,35.4322,1,0.4895,0.45105,0.47027,0.46502,0.24205,0.28476,OPEN,,0,9
35.4664,35.4664,1,0.13545,0.1754,0.15542,0.35666,0.24205,0.28476,OPEN,,0,9
35.496,35.496,1,0.04744,0.06612,0.05678,,0.24205,0.28476,OPEN,,0,9
35.5283,35.5283,1,0.04079,0.05156,0.04617,,0.24205,0.28476,OPEN,,0,9
35.5687,35.5687,1,0.13505,0.14337,0.13921,0.28056,0.24205,0.28476,OPEN,,0,9
35.6138,35.6138,1,0.30894,0.32676,0.31785,0.29361,0.24205,0.28476,OPEN,,0,9
35.679,35.679,1,0.35419,0.36034,0.35727,0.31589,0.24205,0.28476,OPEN,,0,9
35.7207,35.7207,1,0.37227,0.37825,0.37526,0.33667,0.24205,0.28476,OPEN,,0,9
35.7615,35.7615,1,0.41967,0.40399,0.41183,0.36298,0.24205,0.28476,OPEN,,0,9
35.7986,35.7986,1,0.43047,0.41352,0.422,0.38363,0.24205,0.28476,OPEN,,0,9
35.836,35.836,1,0.423,0.42167,0.42233,0.39718,0.24205,0.28476,OPEN,,0,9
35.8702,35.8702,1,0.44104,0.43234,0.43669,0.41101,0.24205,0.28476,OPEN,,0,9
35.8972,35.8972,1,0.45039,0.43234,0.44136,0.42163,0.24205,0.28476,OPEN,,0,9
35.9346,35.9346,1,0.4596,0.43618,0.44789,0.43082,0.24205,0.28476,OPEN,,0,9
35.9722,35.9722,1,0.45456,0.43613,0.44534,0.4359,0.24205,0.28476,OPEN,,0,9
36.004,36.004,1,0.45338,0.43669,0.44503,0.4391,0.24205,0.28476,OPEN,,0,9
36.0374,36.0374,1,0.09246,0.11811,0.10529,0.32227,0.24205,0.28476,OPEN,,0,9
36.0711,36.0711,1,0.07467,0.09713,0.0859,,0.24205,0.28476,OPEN,,0,9
36.1015,36.1015,1,0.0901,0.06836,0.07923,,0.24205,0.28476,OPEN,,0,9
36.13,36.13,1,0.08173,0.04597,0.06385,,0.24205,0.28476,OPEN,,0,9
36.1673,36.1673,1,0.169,0.12569,0.14735,0.26105,0.24205,0.28476,OPEN,,0,9
36.1987,36.1987,1,0.16129,0.1524,0.15684,0.22457,0.24205,0.28476,CLOSING,,0,9
36.2346,36.2346,1,0.33171,0.32806,0.32989,0.26143,0.24205,0.28476,CLOSING,,0,9
36.2689,36.2689,1,0.40859,0.39528,0.40194,0.31061,0.24205,0.28476,OPEN,,0,9
36.3026,36.3026,1,0.42391,0.41023,0.41707,0.34787,0.24205,0.28476,OPEN,,0,9
36.3314,36.3314,1,0.44991,0.43351,0.44171,0.38071,0.24205,0.28476,OPEN,,0,9
36.3689,36.3689,1,0.45809,0.43969,0.44889,0.40458,0.24205,0.28476,OPEN,,0,9
36.3983,36.3983,1,0.45778,0.44099,0.44939,0.42026,0.24205,0.28476,OPEN,,0,9
36.4339,36.4339,1,0.45161,0.43727,0.44444,0.42872,0.24205,0.28476,OPEN,,0,9
36.463,36.463,1,0.44871,0.43507,0.44189,0.43333,0.24205,0.28476,OPEN,,0,9
36.4967,36.4967,1,0.43723,0.42446,0.43084,0.43246,0.24205,0.28476,OPEN,,0,9
36.5312,36.5312,1,0.43957,0.42328,0.43143,0.4321,0.24205,0.28476,OPEN,,0,9
36.5697,36.5697,1,0.1068,0.13763,0.12222,0.32364,0.24205,0.28476,OPEN,,0,9
36.6022,36.6022,1,0.07949,0.11724,0.09837,,0.24205,0.28476,OPEN,,0,9
36.6353,36.6353,1,0.03238,0.07127,0.05183,,0.24205,0.28476,OPEN,,0,9
36.671,36.671,1,0.01405,0.08192,0.04799,,0.24205,0.28476,OPEN,,0,9
36.7005,36.7005,1,0.0195,0.07576,0.04763,,0.24205,0.28476,OPEN,,0,9
36.7309,36.7309,1,0.19585,0.25376,0.22481,0.28905,0.24205,0.28476,OPEN,,0,9
36.769,36.769,1,0.27972,0.31447,0.2971,0.29186,0.24205,0.28476,OPEN,,0,9
36.7978,36.7978,1,0.312,0.33333,0.32267,0.30265,0.24205,0.28476,OPEN,,0,9
36.826,36.826,1,0.36212,0.38557,0.37385,0.32757,0.24205,0.28476,OPEN,,0,9
36.8684,36.8684,1,0.37684,0.39162,0.38423,0.3474,0.24205,0.28476,OPEN,,0,9
36.8962,36.8962,1,0.40595,0.42177,0.41386,0.37066,0.24205,0.28476,OPEN,,0,9
36.9344,36.9344,1,0.41993,0.4221,0.42101,0.38828,0.24205,0.28476,OPEN,,0,9
36.9631,36.9631,1,0.44686,0.42442,0.43564,0.40486,0.24205,0.28476,OPEN,,0,9
36.998,36.998,1,0.45517,0.43142,0.4433,0.41831,0.24205,0.28476,OPEN,,0,9
37.0277,37.0277,1,0.47333,0.45174,0.46254,0.43379,0.24205,0.28476,OPEN,,0,9
37.0668,37.0668,1,0.4688,0.4406,0.4547,0.44111,0.24205,0.28476,OPEN,,0,9
37.0946,37.0946,1,0.46386,0.44117,0.45251,0.4451,0.24205,0.28476,OPEN,,0,9
37.1477,37.1477,1,0.07317,0.08717,0.08017,,0.24205,0.28476,OPEN,,0,9
37.1694,37.1694,1,0.06036,0.08005,0.0702,,0.24205,0.28476,OPEN,,0,9
37.2024,37.2024,1,0.0591,0.06308,0.06109,,0.24205,0.28476,OPEN,,0,9
37.2388,37.2388,1,0.05709,0.05608,0.05658,,0.24205,0.28476,OPEN,,0,9
37.2689,37.2689,1,0.05737,0.05827,0.05782,,0.24205,0.28476,OPEN,,0,9
37.3128,37.3128,1,0.18973,0.21739,0.20356,0.36056,0.24205,0.28476,OPEN,,0,9
37.3511,37.3511,1,0.21624,0.25572,0.23598,0.31696,0.24205,0.28476,OPEN,,0,9
37.3875,37.3875,1,0.3461,0.39625,0.37118,0.33593,0.24205,0.28476,OPEN,,0,9
37.4321,37.4321,1,0.38946,0.41913,0.4043,0.35986,0.24205,0.28476,OPEN,,0,9
37.4666,37.4666,1,0.42495,0.42055,0.42275,0.38187,0.24205,0.28476,OPEN,,0,9
37.5476,37.5476,1,0.43711,0.43349,0.4353,0.40057,0.24205,0.28476,OPEN,,0,9
37.582,37.582,1,0.44123,0.43596,0.4386,0.41388,0.24205,0.28476,OPEN,,0,9
37.6177,37.6177,1,0.44325,0.43308,0.43816,0.42238,0.24205,0.28476,OPEN,,0,9
37.6511,37.6511,1,0.44314,0.43198,0.43756,0.42769,0.24205,0.28476,OPEN,,0,9
37.6837,37.6837,1,0.44811,0.42702,0.43756,0.43115,0.24205,0.28476,OPEN,,0,9
37.7147,37.7147,1,0.45116,0.42678,0.43897,0.43389,0.24205,0.28476,OPEN,,0,9
37.7446,37.7446,1,0.16123,0.12795,0.14459,0.33263,0.24205,0.28476,OPEN,,0,9
37.777,37.777,1,0.11206,0.1075,0.10978,0.25463,0.24205,0.28476,OPEN,,0,9
37.82,37.82,1,0.13133,0.13728,0.13431,0.21252,0.24205,0.28476,CLOSING,,0,9
37.872,37.872,1,0.1801,0.24876,0.21443,0.21319,0.24205,0.28476,CLOSED,0.05201,0,9
37.9015,37.9015,1,0.22632,0.28697,0.25664,0.2284,0.24205,0.28476,CLOSED,0.08151,0,9
37.9351,37.9351,1,0.25582,0.30856,0.28219,0.24722,0.24205,0.28476,CLOSED,0.11507,0,9
37.969,37.969,1,0.35293,0.38235,0.36764,0.28937,0.24205,0.28476,OPENING,0.14901,0,9
38.0008,38.0008,1,0.3865,0.39794,0.39222,0.32537,0.24205,0.28476,OPEN,0.18085,1,10
38.0355,38.0355,1,0.42052,0.426,0.42326,0.35963,0.24205,0.28476,OPEN,,0,10
38.0728,38.0728,1,0.43049,0.43075,0.43062,0.38447,0.24205,0.28476,OPEN,,0,10
38.1133,38.1133,1,0.43806,0.44843,0.44324,0.40504,0.24205,0.28476,OPEN,,0,10
38.1404,38.1404,1,0.4437,0.45326,0.44848,0.42025,0.24205,0.28476,OPEN,,0,10
38.17,38.17,1,0.46019,0.44784,0.45401,0.43206,0.24205,0.28476,OPEN,,0,10
38.2075,38.2075,1,0.46674,0.45306,0.4599,0.44181,0.24205,0.28476,OPEN,,0,10
38.2388,38.2388,1,0.47242,0.46094,0.46668,0.45051,0.24205,0.28476,OPEN,,0,10
38.285,38.285,1,0.47694,0.46384,0.47039,0.45747,0.24205,0.28476,OPEN,,0,10
38.3166,38.3166,1,0.47751,0.46066,0.46908,0.46153,0.24205,0.28476,OPEN,,0,10
38.35,38.35,1,0.48003,0.4577,0.46886,0.4641,0.24205,0.28476,OPEN,,0,10
38.386,38.386,1,0.1661,0.15982,0.16296,0.3587,0.24205,0.28476,OPEN,,0,10
38.4188,38.4188,1,0.11359,0.11949,0.11654,0.27394,0.24205,0.28476,OPEN,,0,10
38.452,38.452,1,0.11667,0.12752,0.1221,0.2208,0.24205,0.28476,CLOSING,,0,10
38.4889,38.4889,1,0.12379,0.12983,0.12681,0.1879,0.24205,0.28476,CLOSING,0.03686,0,10
38.5247,38.5247,1,0.07247,0.11826,0.09537,,0.24205,0.28476,CLOSING,,0,10
38.5564,38.5564,1,0.07168,0.12744,0.09956,,0.24205,0.28476,CLOSING,,0,10
38.6006,38.6006,1,0.31757,0.352,0.33479,0.23931,0.24205,0.28476,CLOSED,0.14864,0,10
38.6487,38.6487,1,0.37604,0.3987,0.38737,0.29113,0.24205,0.28476,OPENING,0.19673,0,10
38.6829,38.6829,1,0.42069,0.42063,0.42066,0.33647,0.24205,0.28476,OPEN,0.23091,1,11
38.7188,38.7188,1,0.42597,0.4239,0.42493,0.36743,0.24205,0.28476,OPEN,,0,11
38.7499,38.7499,1,0.44327,0.43395,0.43861,0.39234,0.24205,0.28476,OPEN,,0,11
38.8101,38.8101,1,0.46275,0.44524,0.454,0.41392,0.24205,0.28476,OPEN,,0,11
38.8516,38.8516,1,0.46355,0.45133,0.45744,0.42915,0.24205,0.28476,OPEN,,0,11
38.8888,38.8888,1,0.47803,0.46561,0.47182,0.44409,0.24205,0.28476,OPEN,,0,11
38.9225,38.9225,1,0.48184,0.46855,0.4752,0.45497,0.24205,0.28476,OPEN,,0,11
38.961,38.961,1,0.32005,0.28226,0.30116,0.40114,0.24205,0.28476,OPEN,,0,11
39.0015,39.0015,1,0.25787,0.22807,0.24297,0.34578,0.24205,0.28476,OPEN,,0,11
39.0288,39.0288,1,0.06636,0.06088,0.06362,,0.24205,0.28476,OPEN,,0,11
39.0628,39.0628,1,0.04954,0.03461,0.04208,,0.24205,0.28476,OPEN,,0,11
39.0973,39.0973,1,0.1246,0.10051,0.11255,0.26415,0.24205,0.28476,OPEN,,0,11
39.1334,39.1334,1,0.16216,0.14234,0.15225,0.22498,0.24205,0.28476,CLOSING,,0,11
39.1654,39.1654,1,0.25891,0.27824,0.26857,0.24024,0.24205,0.28476,CLOSING,0.03194,0,11
39.2011,39.2011,1,0.31294,0.33126,0.3221,0.26889,0.24205,0.28476,CLOSING,,0,11
39.2359,39.2359,1,0.38006,0.38425,0.38215,0.30853,0.24205,0.28476,OPEN,,0,11
39.2662,39.2662,1,0.3993,0.38994,0.39462,0.33866,0.24205,0.28476,OPEN,,0,11
39.2997,39.2997,1,0.41231,0.39892,0.40561,0.3621,0.24205,0.28476,OPEN,,0,11
39.3327,39.3327,1,0.41944,0.40393,0.41168,0.37945,0.24205,0.28476,OPEN,,0,11
39.3632,39.3632,1,0.43881,0.42492,0.43186,0.3978,0.24205,0.28476,OPEN,,0,11
39.4012,39.4012,1,0.44258,0.42431,0.43345,0.41027,0.24205,0.28476,OPEN,,0,11
39.4241,39.4241,1,0.45161,0.43343,0.44252,0.42156,0.24205,0.28476,OPEN,,0,11
39.4513,39.4513,1,0.45333,0.43987,0.4466,0.43032,0.24205,0.28476,OPEN,,0,11
39.4841,39.4841,1,0.34572,0.32761,0.33667,0.39754,0.24205,0.28476,OPEN,,0,11
39.5133,39.5133,1,0.30192,0.2695,0.28571,0.3584,0.24205,0.28476,OPEN,,0,11
39.5564,39.5564,1,0.06422,0.03372,0.04897,,0.24205,0.28476,OPEN,,0,11
39.6004,39.6004,1,0.07793,0.04715,0.06254,,0.24205,0.28476,OPEN,,0,11
39.6348,39.6348,1,0.13365,0.12108,0.12737,0.27754,0.24205,0.28476,OPEN,,0,11
39.6702,39.6702,1,0.1561,0.14521,0.15065,0.23313,0.24205,0.28476,CLOSING,,0,11
39.7034,39.7034,1,0.30682,0.28963,0.29822,0.25591,0.24205,0.28476,CLOSING,,0,11
39.7363,39.7363,1,0.33344,0.32701,0.33022,0.28192,0.24205,0.28476,CLOSING,,0,11
39.7739,39.7739,1,0.3722,0.37281,0.37251,0.31363,0.24205,0.28476,OPEN,,0,11
39.8104,39.8104,1,0.38906,0.37947,0.38427,0.33835,0.24205,0.28476,OPEN,,0,11
39.8494,39.8494,1,0.40286,0.40377,0.40332,0.36109,0.24205,0.28476,OPEN,,0,11
39.8777,39.8777,1,0.43275,0.40833,0.42054,0.3819,0.24205,0.28476,OPEN,,0,11
39.9151,39.9151,1,0.45043,0.41461,0.43252,0.39961,0.24205,0.28476,OPEN,,0,11
39.9444,39.9444,1,0.44944,0.41423,0.43183,0.41089,0.24205,0.28476,OPEN,,0,11
39.9704,39.9704,1,0.44492,0.42413,0.43452,0.41916,0.24205,0.28476,OPEN,,0,11
39.9979,39.9979,1,0.45003,0.4347,0.44236,0.42728,0.24205,0.28476,OPEN,,0,11
40.0324,40.0324,1,0.44484,0.43768,0.44126,0.43218,0.24205,0.28476,OPEN,,0,11
40.0609,40.0609,1,0.43593,0.43254,0.43423,0.4329,0.24205,0.28476,OPEN,,0,11
40.0975,40.0975,1,0.30145,0.26745,0.28445,0.38094,0.24205,0.28476,OPEN,,0,11
40.1331,40.1331,1,0.2078,0.1709,0.18935,0.31388,0.24205,0.28476,OPEN,,0,11
40.1664,40.1664,1,0.02042,0.04142,0.03092,,0.24205,0.28476,OPEN,,0,11
40.1999,40.1999,1,0.01905,0.03462,0.02684,,0.24205,0.28476,OPEN,,0,11
40.2395,40.2395,1,0.04511,0.06406,0.05458,,0.24205,0.28476,OPEN,,0,11
40.2715,40.2715,1,0.07665,0.07767,0.07716,,0.24205,0.28476,OPEN,,0,11
40.3031,40.3031,1,0.04698,0.06404,0.05551,,0.24205,0.28476,OPEN,,0,11
40.3305,40.3305,1,0.04177,0.04886,0.04531,,0.24205,0.28476,OPEN,,0,11
40.3629,40.3629,1,0.15728,0.17616,0.16672,0.26238,0.24205,0.28476,OPEN,,0,11
40.3913,40.3913,1,0.18071,0.22484,0.20278,0.24152,0.24205,0.28476,CLOSING,,0,11
40.4215,40.4215,1,0.2857,0.29263,0.28917,0.25819,0.24205,0.28476,CLOSING,,0,11
40.4655,40.4655,1,0.32848,0.32514,0.32681,0.28221,0.24205,0.28476,CLOSING,,0,11
40.5022,40.5022,1,0.40386,0.38419,0.39403,0.32135,0.24205,0.28476,OPEN,,0,11
40.5464,40.5464,1,0.42114,0.39454,0.40784,0.35162,0.24205,0.28476,OPEN,,0,11
40.5914,40.5914,1,0.44398,0.4211,0.43254,0.37994,0.24205,0.28476,OPEN,,0,11
40.6189,40.6189,1,0.43812,0.4222,0.43016,0.39752,0.24205,0.28476,OPEN,,0,11
40.6529,40.6529,1,0.44029,0.42707,0.43368,0.41018,0.24205,0.28476,OPEN,,0,11
40.6864,40.6864,1,0.43966,0.42747,0.43357,0.41836,0.24205,0.28476,OPEN,,0,11
40.7161,40.7161,1,0.45272,0.42813,0.44043,0.42609,0.24205,0.28476,OPEN,,0,11
40.7671,40.7671,1,0.4448,0.42136,0.43308,0.42853,0.24205,0.28476,OPEN,,0,11
40.7988,40.7988,1,0.43672,0.43365,0.43519,0.43086,0.24205,0.28476,OPEN,,0,11
40.8328,40.8328,1,0.43332,0.43697,0.43515,0.43236,0.24205,0.28476,OPEN,,0,11
40.8677,40.8677,1,0.11778,0.14004,0.12891,0.32615,0.24205,0.28476,OPEN,,0,11
40.8986,40.8986,1,0.09614,0.10197,0.09906,,0.24205,0.28476,OPEN,,0,11
40.93,40.93,1,0.07587,0.08106,0.07847,,0.24205,0.28476,OPEN,,0,11
40.9588,40.9588,1,0.07014,0.07245,0.0713,,0.24205,0.28476,OPEN,,0,11
40.9994,40.9994,1,0.09692,0.10055,0.09874,,0.24205,0.28476,OPEN,,0,11
41.0336,41.0336,1,0.11142,0.11619,0.1138,0.25183,0.24205,0.28476,OPEN,,0,11
41.0647,41.0647,1,0.18225,0.16955,0.1759,0.22525,0.24205,0.28476,CLOSING,,0,11
41.098,41.098,1,0.22379,0.22739,0.22559,0.22537,0.24205,0.28476,CLOSING,0.03324,0,11
41.1325,41.1325,1,0.37619,0.35097,0.36358,0.27375,0.24205,0.28476,CLOSING,,0,11
41.1671,41.1671,1,0.39471,0.37001,0.38236,0.31176,0.24205,0.28476,OPEN,,0,11
41.196,41.196,1,0.4111,0.39535,0.40323,0.34377,0.24205,0.28476,OPEN,,0,11
41.232,41.232,1,0.41924,0.40333,0.41128,0.3674,0.24205,0.28476,OPEN,,0,11
41.2565,41.2565,1,0.47575,0.45213,0.46394,0.40119,0.24205,0.28476,OPEN,,0,11
41.2885,41.2885,1,0.47587,0.45522,0.46555,0.42371,0.24205,0.28476,OPEN,,0,11
41.3323,41.3323,1,0.45901,0.43693,0.44797,0.43221,0.24205,0.28476,OPEN,,0,11
41.367,41.367,1,0.44775,0.43078,0.43927,0.43468,0.24205,0.28476,OPEN,,0,11
41.4014,41.4014,1,0.47472,0.44334,0.45903,0.4432,0.24205,0.28476,OPEN,,0,11
41.4283,41.4283,1,0.48603,0.45056,0.4683,0.45198,0.24205,0.28476,OPEN,,0,11
41.4653,41.4653,1,0.48649,0.47731,0.4819,0.46245,0.24205,0.28476,OPEN,,0,11
41.514,41.514,1,0.47434,0.47368,0.47401,0.4665,0.24205,0.28476,OPEN,,0,11
41.5384,41.5384,1,0.30043,0.25069,0.27556,0.39967,0.24205,0.28476,OPEN,,0,11
41.5716,41.5716,1,0.23697,0.18799,0.21248,0.33415,0.24205,0.28476,OPEN,,0,11
41.6024,41.6024,1,0.04141,0.03106,0.03624,,0.24205,0.28476,OPEN,,0,11
41.6489,41.6489,1,0.05042,0.05772,0.05407,,0.24205,0.28476,OPEN,,0,11
41.6834,41.6834,1,0.10313,0.13246,0.11779,0.25843,0.24205,0.28476,OPEN,,0,11
41.7309,41.7309,1,0.12935,0.14291,0.13613,0.21562,0.24205,0.28476,CLOSING,,0,11
41.767,41.767,1,0.27951,0.29634,0.28793,0.24093,0.24205,0.28476,CLOSING,0.03611,0,11
41.8202,41.8202,1,0.34437,0.35636,0.35036,0.27923,0.24205,0.28476,CLOSING,,0,11
41.8521,41.8521,1,0.367,0.37283,0.36992,0.31097,0.24205,0.28476,OPEN,,0,11
41.8904,41.8904,1,0.3925,0.39742,0.39496,0.34037,0.24205,0.28476,OPEN,,0,11
41.925,41.925,1,0.40544,0.40726,0.40635,0.36346,0.24205,0.28476,OPEN,,0,11
41.9652,41.9652,1,0.41332,0.41281,0.41307,0.38082,0.24205,0.28476,OPEN,,0,11
41.9998,41.9998,1,0.41811,0.41632,0.41721,0.39356,0.24205,0.28476,OPEN,,0,11
42.0316,42.0316,1,0.42522,0.42357,0.4244,0.40435,0.24205,0.28476,OPEN,,0,11
42.0623,42.0623,1,0.43129,0.42713,0.42921,0.41305,0.24205,0.28476,OPEN,,0,11
42.0997,42.0997,1,0.43723,0.42968,0.43346,0.42019,0.24205,0.28476,OPEN,,0,11
42.1208,42.1208,1,0.43925,0.43165,0.43545,0.42553,0.24205,0.28476,OPEN,,0,11
42.1523,42.1523,1,0.31201,0.21559,0.2638,0.36893,0.24205,0.28476,OPEN,,0,11
42.1824,42.1824,1,0.26673,0.1747,0.22071,0.31705,0.24205,0.28476,OPEN,,0,11
42.22,42.22,1,0.05373,0.02578,0.03976,,0.24205,0.28476,OPEN,,0,11
42.264,42.264,1,0.05107,0.02677,0.03892,,0.24205,0.28476,OPEN,,0,11
42.2998,42.2998,1,0.06327,0.06069,0.06198,,0.24205,0.28476,OPEN,,0,11
42.3315,42.3315,1,0.06925,0.05295,0.0611,,0.24205,0.28476,OPEN,,0,11
42.3664,42.3664,1,0.14654,0.16422,0.15538,0.26047,0.24205,0.28476,OPEN,,0,11
42.4054,42.4054,1,0.17246,0.19548,0.18397,0.23369,0.24205,0.28476,CLOSING,,0,11
42.4448,42.4448,1,0.32731,0.33724,0.33228,0.2682,0.24205,0.28476,CLOSING,,0,11
42.475,42.475,1,0.34578,0.35317,0.34947,0.29664,0.24205,0.28476,OPEN,,0,11
42.5018,42.5018,1,0.35274,0.35477,0.35376,0.31663,0.24205,0.28476,OPEN,,0,11
42.5314,42.5314,1,0.35351,0.36392,0.35871,0.33136,0.24205,0.28476,OPEN,,0,11
42.5572,42.5572,1,0.3655,0.36215,0.36383,0.34272,0.24205,0.28476,OPEN,,0,11
42.5986,42.5986,1,0.37288,0.3629,0.36789,0.35153,0.24205,0.28476,OPEN,,0,11
42.6322,42.6322,1,0.39758,0.37868,0.38813,0.36434,0.24205,0.28476,OPEN,,0,11
42.6657,42.6657,1,0.39984,0.37913,0.38948,0.37314,0.24205,0.28476,OPEN,,0,11
42.6919,42.6919,1,0.40659,0.38602,0.39631,0.38125,0.24205,0.28476,OPEN,,0,11
42.7322,42.7322,1,0.41043,0.39269,0.40156,0.38836,0.24205,0.28476,OPEN,,0,11
42.7654,42.7654,1,0.43079,0.40687,0.41883,0.39902,0.24205,0.28476,OPEN,,0,11
42.799,42.799,1,0.43173,0.40996,0.42085,0.40666,0.24205,0.28476,OPEN,,0,11
42.8263,42.8263,1,0.14432,0.13196,0.13814,0.31268,0.24205,0.28476,OPEN,,0,11
42.8613,42.8613,1,0.10376,0.09228,0.09802,,0.24205,0.28476,OPEN,,0,11
42.8988,42.8988,1,0.04464,0.03298,0.03881,,0.24205,0.28476,OPEN,,0,11
42.9323,42.9323,1,0.04935,0.04172,0.04553,,0.24205,0.28476,OPEN,,0,11
42.9674,42.9674,1,0.11161,0.10262,0.10712,0.24073,0.24205,0.28476,CLOSING,,0,11
42.9924,42.9924,1,0.1343,0.11977,0.12703,0.20094,0.24205,0.28476,CLOSING,0.02499,0,11
43.0307,43.0307,1,0.217,0.25825,0.23763,0.21378,0.24205,0.28476,CLOSED,0.06326,0,11
43.0688,43.0688,1,0.24811,0.29888,0.27349,0.23468,0.24205,0.28476,CLOSED,0.10139,0,11
43.105,43.105,1,0.31035,0.33865,0.3245,0.26612,0.24205,0.28476,CLOSED,0.13764,0,11
43.1316,43.1316,1,0.33576,0.35486,0.34531,0.29383,0.24205,0.28476,OPENING,0.16417,0,11
43.1642,43.1642,1,0.37835,0.37572,0.37703,0.32295,0.24205,0.28476,OPEN,0.19676,1,12
43.2008,43.2008,1,0.39327,0.3838,0.38854,0.34591,0.24205,0.28476,OPEN,,0,12
43.2301,43.2301,1,0.40838,0.39422,0.4013,0.3653,0.24205,0.28476,OPEN,,0,12
43.2619,43.2619,1,0.41243,0.39635,0.40439,0.37898,0.24205,0.28476,OPEN,,0,12
43.2943,43.2943,1,0.42145,0.41156,0.41651,0.39211,0.24205,0.28476,OPEN,,0,12
43.327,43.327,1,0.42496,0.41684,0.4209,0.40219,0.24205,0.28476,OPEN,,0,12
43.3631,43.3631,1,0.43176,0.43727,0.43451,0.4135,0.24205,0.28476,OPEN,,0,12
43.3987,43.3987,1,0.43838,0.4364,0.43739,0.42186,0.24205,0.28476,OPEN,,0,12
43.4346,43.4346,1,0.14503,0.17407,0.15955,0.33005,0.24205,0.28476,OPEN,,0,12
43.4687,43.4687,1,0.09845,0.12381,0.11113,0.25343,0.24205,0.28476,OPEN,,0,12
43.503,43.503,1,0.08852,0.09781,0.09316,,0.24205,0.28476,OPEN,,0,12
43.545,43.545,1,0.08213,0.06695,0.07454,,0.24205,0.28476,OPEN,,0,12
43.5779,43.5779,1,0.12365,0.10158,0.11262,0.20415,0.24205,0.28476,CLOSING,,0,12
43.6154,43.6154,1,0.15037,0.13557,0.14297,0.18273,0.24205,0.28476,CLOSING,0.03752,0,12
43.6555,43.6555,1,0.25238,0.24646,0.24942,0.20607,0.24205,0.28476,CLOSED,0.07756,0,12
43.6967,43.6967,1,0.297,0.28333,0.29016,0.23551,0.24205,0.28476,CLOSED,0.11885,0,12
43.733,43.733,1,0.32119,0.33422,0.32771,0.26778,0.24205,0.28476,CLOSED,0.15512,0,12
43.7661,43.7661,1,0.33137,0.34049,0.33593,0.29163,0.24205,0.28476,OPENING,0.18825,0,12
43.8017,43.8017,1,0.35848,0.359,0.35874,0.31512,0.24205,0.28476,OPEN,0.22378,1,13
43.8349,43.8349,1,0.36933,0.36446,0.3669,0.33324,0.24205,0.28476,OPEN,,0,13
43.8659,43.8659,1,0.37763,0.37164,0.37464,0.34773,0.24205,0.28476,OPEN,,0,13
43.9003,43.9003,1,0.37997,0.37203,0.376,0.35762,0.24205,0.28476,OPEN,,0,13
43.9346,43.9346,1,0.39632,0.38293,0.38963,0.36882,0.24205,0.28476,OPEN,,0,13
43.9664,43.9664,1,0.40795,0.39324,0.4006,0.37995,0.24205,0.28476,OPEN,,0,13
43.989,43.989,1,0.41993,0.40667,0.4133,0.39162,0.24205,0.28476,OPEN,,0,13
44.021,44.021,1,0.42413,0.40802,0.41608,0.40018,0.24205,0.28476,OPEN,,0,13
44.051,44.051,1,0.17206,0.14223,0.15714,0.31512,0.24205,0.28476,OPEN,,0,13
44.0821,44.0821,1,0.1017,0.09227,0.09698,,0.24205,0.28476,OPEN,,0,13
44.107,44.107,1,0.04021,0.03753,0.03887,,0.24205,0.28476,OPEN,,0,13
44.1478,44.1478,1,0.0498,0.05499,0.05239,,0.24205,0.28476,OPEN,,0,13
44.1996,44.1996,1,0.1418,0.13416,0.13798,0.25312,0.24205,0.28476,OPEN,,0,13
44.2411,44.2411,1,0.16751,0.1658,0.16665,0.22286,0.24205,0.28476,CLOSING,,0,13
44.2705,44.2705,1,0.23737,0.26119,0.24928,0.2321,0.24205,0.28476,CLOSING,0.02943,0,13
44.2986,44.2986,1,0.26568,0.28715,0.27642,0.24761,0.24205,0.28476,CLOSING,,0,13
44.3298,44.3298,1,0.32907,0.34723,0.33815,0.2793,0.24205,0.28476,CLOSING,,0,13
44.3653,44.3653,1,0.3592,0.36242,0.36081,0.30783,0.24205,0.28476,OPEN,,0,13
44.3952,44.3952,1,0.37164,0.36872,0.37018,0.32965,0.24205,0.28476,OPEN,,0,13
44.4284,44.4284,1,0.37893,0.37154,0.37524,0.34561,0.24205,0.28476,OPEN,,0,13
44.4501,44.4501,1,0.41248,0.40358,0.40803,0.36746,0.24205,0.28476,OPEN,,0,13
44.4811,44.4811,1,0.41445,0.4108,0.41262,0.38326,0.24205,0.28476,OPEN,,0,13
44.5321,44.5321,1,0.44654,0.42188,0.43421,0.4011,0.24205,0.28476,OPEN,,0,13
44.5666,44.5666,1,0.44851,0.41891,0.43371,0.41251,0.24205,0.28476,OPEN,,0,13
44.6018,44.6018,1,0.43958,0.41069,0.42514,0.41693,0.24205,0.28476,OPEN,,0,13
44.6361,44.6361,1,0.43277,0.39842,0.41559,0.41646,0.24205,0.28476,OPEN,,0,13
44.6826,44.6826,1,0.10344,0.14377,0.1236,0.31396,0.24205,0.28476,OPEN,,0,13
44.7189,44.7189,1,0.09309,0.11572,0.1044,0.24062,0.24205,0.28476,CLOSING,,0,13
44.7653,44.7653,1,0.13682,0.14061,0.13872,0.20495,0.24205,0.28476,CLOSING,0.04641,0,13
44.8275,44.8275,1,0.20169,0.25155,0.22662,0.21253,0.24205,0.28476,CLOSED,0.10861,0,13
44.8545,44.8545,1,0.23008,0.25895,0.24451,0.22373,0.24205,0.28476,CLOSED,0.13564,0,13
44.8948,44.8948,1,0.29633,0.31,0.30316,0.25153,0.24205,0.28476,CLOSED,0.17596,0,13
44.9309,44.9309,1,0.32031,0.33789,0.3291,0.27868,0.24205,0.28476,CLOSED,0.21208,0,13
44.9628,44.9628,1,0.35982,0.3514,0.35561,0.30561,0.24205,0.28476,OPENING,0.24397,0,13
45.0013,45.0013,1,0.36714,0.35786,0.3625,0.32552,0.24205,0.28476,OPEN,0.28246,1,14
45.0372,45.0372,1,0.40309,0.38135,0.39222,0.34886,0.24205,0.28476,OPEN,,0,14
45.0667,45.0667,1,0.42405,0.39442,0.40924,0.36999,0.24205,0.28476,OPEN,,0,14
45.1043,45.1043,1,0.41809,0.39405,0.40607,0.38262,0.24205,0.28476,OPEN,,0,14
45.1413,45.1413,1,0.41457,0.39381,0.40419,0.39017,0.24205,0.28476,OPEN,,0,14
45.1742,45.1742,1,0.43684,0.42693,0.43189,0.40477,0.24205,0.28476,OPEN,,0,14
45.2137,45.2137,1,0.43909,0.4259,0.43249,0.41447,0.24205,0.28476,OPEN,,0,14
45.2476,45.2476,1,0.43525,0.42232,0.42878,0.41948,0.24205,0.28476,OPEN,,0,14
45.2713,45.2713,1,0.43351,0.42092,0.42722,0.42219,0.24205,0.28476,OPEN,,0,14
45.3011,45.3011,1,0.34334,0.31469,0.32902,0.38958,0.24205,0.28476,OPEN,,0,14
45.3296,45.3296,1,0.33805,0.30546,0.32175,0.36584,0.24205,0.28476,OPEN,,0,14
45.365,45.365,1,0.11407,0.09783,0.10595,0.27488,0.24205,0.28476,OPEN,,0,14
45.386,45.386,1,0.0689,0.08674,0.07782,,0.24205,0.28476,OPEN,,0,14
45.4377,45.4377,1,0.14616,0.14492,0.14554,0.22961,0.24205,0.28476,CLOSING,,0,14
45.4702,45.4702,1,0.16569,0.17387,0.16978,0.20867,0.24205,0.28476,CLOSING,0.03253,0,14
45.5047,45.5047,1,0.19881,0.20481,0.20181,0.20627,0.24205,0.28476,CLOSED,0.06699,0,14
45.5459,45.5459,1,0.22348,0.233,0.22824,0.21396,0.24205,0.28476,CLOSED,0.10822,0,14
45.5841,45.5841,1,0.34121,0.34297,0.34209,0.25881,0.24205,0.28476,CLOSED,0.14639,0,14
45.6151,45.6151,1,0.36323,0.36075,0.36199,0.29492,0.24205,0.28476,OPENING,0.17745,0,14
45.649,45.649,1,0.38999,0.37879,0.38439,0.32624,0.24205,0.28476,OPEN,0.21132,1,15
45.6753,45.6753,1,0.40038,0.3836,0.39199,0.34925,0.24205,0.28476,OPEN,,0,15
45.7124,45.7124,1,0.44107,0.41172,0.42639,0.37625,0.24205,0.28476,OPEN,,0,15
45.7518,45.7518,1,0.45094,0.40851,0.42973,0.39497,0.24205,0.28476,OPEN,,0,15
45.8008,45.8008,1,0.19957,0.16655,0.18306,0.3208,0.24205,0.28476,OPEN,,0,15
45.8293,45.8293,1,0.15128,0.13393,0.14261,0.25843,0.24205,0.28476,OPEN,,0,15
45.8596,45.8596,1,0.12516,0.1219,0.12353,0.21122,0.24205,0.28476,CLOSING,,0,15
45.8984,45.8984,1,0.08762,0.08553,0.08657,,0.24205,0.28476,CLOSING,,0,15
45.935,45.935,1,0.14326,0.14304,0.14315,0.18739,0.24205,0.28476,CLOSED,0.07532,0,15
45.9708,45.9708,1,0.16992,0.16673,0.16833,0.18072,0.24205,0.28476,CLOSED,0.11113,0,15
46.0089,46.0089,1,0.28093,0.27066,0.27579,0.214,0.24205,0.28476,CLOSED,0.14923,0,15
46.0403,46.0403,1,0.31134,0.30526,0.3083,0.247,0.24205,0.28476,CLOSED,0.18064,0,15
46.0789,46.0789,1,0.35278,0.35984,0.35631,0.28526,0.24205,0.28476,OPENING,0.21925,0,15
46.1182,46.1182,1,0.36858,0.37564,0.37211,0.31566,0.24205,0.28476,OPEN,0.25854,1,16
46.147,46.147,1,0.41003,0.41669,0.41336,0.34985,0.24205,0.28476,OPEN,,0,16
46.1696,46.1696,1,0.41649,0.4102,0.41335,0.37208,0.24205,0.28476,OPEN,,0,16
46.2418,46.2418,1,0.40366,0.38706,0.39536,0.38022,0.24205,0.28476,OPEN,,0,16
46.2991,46.2991,1,0.17462,0.15641,0.16551,0.30507,0.24205,0.28476,OPEN,,0,16
46.3327,46.3327,1,0.14778,0.14534,0.14656,0.24959,0.24205,0.28476,OPEN,,0,16
46.3703,46.3703,1,0.05942,0.07925,0.06934,,0.24205,0.28476,OPEN,,0,16
46.4017,46.4017,1,0.05825,0.06943,0.06384,,0.24205,0.28476,OPEN,,0,16
46.43,46.43,1,0.08393,0.10599,0.09496,,0.24205,0.28476,OPEN,,0,16
46.4648,46.4648,1,0.10115,0.12477,0.11296,0.20177,0.24205,0.28476,CLOSING,,0,16
46.4926,46.4926,1,0.16783,0.18072,0.17428,0.19215,0.24205,0.28476,CLOSING,0.02772,0,16
46.5184,46.5184,1,0.19556,0.22374,0.20965,0.19827,0.24205,0.28476,CLOSED,0.05357,0,16
46.5703,46.5703,1,0.29969,0.32021,0.30995,0.23736,0.24205,0.28476,CLOSED,0.10551,0,16
46.611,46.611,1,0.3296,0.34288,0.33624,0.27197,0.24205,0.28476,CLOSED,0.14618,0,16
46.627,46.627,1,0.33822,0.34932,0.34377,0.2971,0.24205,0.28476,OPENING,0.16218,0,16
46.6623,46.6623,1,0.38669,0.38343,0.38506,0.32788,0.24205,0.28476,OPEN,0.19748,1,17
46.7011,46.7011,1,0.41412,0.40065,0.40739,0.35571,0.24205,0.28476,OPEN,,0,17
46.7353,46.7353,1,0.41873,0.40287,0.4108,0.37499,0.24205,0.28476,OPEN,,0,17
46.7827,46.7827,1,0.43291,0.41304,0.42298,0.39179,0.24205,0.28476,OPEN,,0,17
46.8116,46.8116,1,0.43428,0.41538,0.42483,0.40335,0.24205,0.28476,OPEN,,0,17
46.849,46.849,1,0.44073,0.4195,0.43012,0.41272,0.24205,0.28476,OPEN,,0,17
46.8861,46.8861,1,0.44018,0.41843,0.42931,0.41852,0.24205,0.28476,OPEN,,0,17
46.9233,46.9233,1,0.43732,0.41969,0.4285,0.42202,0.24205,0.28476,OPEN,,0,17
46.9641,46.9641,1,0.43348,0.41835,0.42591,0.42338,0.24205,0.28476,OPEN,,0,17
47.002,47.002,1,0.43224,0.41738,0.42481,0.42388,0.24205,0.28476,OPEN,,0,17
47.032,47.032,1,0.4303,0.41697,0.42363,0.4238,0.24205,0.28476,OPEN,,0,17
47.0634,47.0634,1,0.42848,0.41564,0.42206,0.42319,0.24205,0.28476,OPEN,,0,17
47.0907,47.0907,1,0.34559,0.27875,0.31217,0.38433,0.24205,0.28476,OPEN,,0,17
47.1192,47.1192,1,0.12309,0.1039,0.1135,0.28954,0.24205,0.28476,OPEN,,0,17
47.1532,47.1532,1,0.08271,0.07786,0.08029,,0.24205,0.28476,OPEN,,0,17
47.1961,47.1961,1,0.14443,0.16948,0.15696,0.24314,0.24205,0.28476,OPEN,,0,17
47.2468,47.2468,1,0.14375,0.18419,0.16397,0.21543,0.24205,0.28476,CLOSING,,0,17
47.2806,47.2806,1,0.2103,0.26809,0.2392,0.22375,0.24205,0.28476,CLOSING,0.03375,0,17
47.3148,47.3148,1,0.32567,0.35133,0.3385,0.26391,0.24205,0.28476,CLOSING,,0,17
47.3772,47.3772,1,0.40027,0.40456,0.40242,0.31239,0.24205,0.28476,OPEN,,0,17
47.4127,47.4127,1,0.41938,0.41475,0.41707,0.34902,0.24205,0.28476,OPEN,,0,17
47.459,47.459,1,0.41769,0.40868,0.41319,0.37148,0.24205,0.28476,OPEN,,0,17
47.4993,47.4993,1,0.42872,0.41389,0.42131,0.38892,0.24205,0.28476,OPEN,,0,17
47.5304,47.5304,1,0.43266,0.41499,0.42382,0.40114,0.24205,0.28476,OPEN,,0,17
47.5613,47.5613,1,0.44272,0.42964,0.43618,0.4134,0.24205,0.28476,OPEN,,0,17
47.5767,47.5767,1,0.44229,0.43039,0.43634,0.42143,0.24205,0.28476,OPEN,,0,17
47.6256,47.6256,1,0.45563,0.44083,0.44823,0.43081,0.24205,0.28476,OPEN,,0,17
47.6629,47.6629,1,0.45595,0.43874,0.44734,0.4366,0.24205,0.28476,OPEN,,0,17
47.6955,47.6955,1,0.4529,0.43363,0.44326,0.43893,0.24205,0.28476,OPEN,,0,17
47.7314,47.7314,1,0.4119,0.39838,0.40514,0.4271,0.24205,0.28476,OPEN,,0,17
47.7637,47.7637,1,0.41152,0.38739,0.39946,0.41743,0.24205,0.28476,OPEN,,0,17
47.7966,47.7966,1,0.15998,0.13917,0.14957,0.32368,0.24205,0.28476,OPEN,,0,17
47.8305,47.8305,1,0.09642,0.11772,0.10707,0.24787,0.24205,0.28476,OPEN,,0,17
47.8647,47.8647,1,0.13084,0.15204,0.14144,0.21062,0.24205,0.28476,CLOSING,,0,17
47.9004,47.9004,1,0.16839,0.21545,0.19192,0.20407,0.24205,0.28476,CLOSING,0.03567,0,17
47.9328,47.9328,1,0.18289,0.24076,0.21182,0.20678,0.24205,0.28476,CLOSED,0.06806,0,17
47.9688,47.9688,1,0.2708,0.31623,0.29352,0.23714,0.24205,0.28476,CLOSED,0.10407,0,17
48.0044,48.0044,1,0.31107,0.34582,0.32845,0.2691,0.24205,0.28476,CLOSED,0.13969,0,17
48.0296,48.0296,1,0.35676,0.37012,0.36344,0.30212,0.24205,0.28476,OPENING,0.16486,0,17
48.0629,48.0629,1,0.37668,0.37773,0.3772,0.3284,0.24205,0.28476,OPEN,0.19812,1,18
48.0988,48.0988,1,0.38322,0.37931,0.38126,0.3469,0.24205,0.28476,OPEN,,0,18
48.129,48.129,1,0.39896,0.39449,0.39672,0.36434,0.24205,0.28476,OPEN,,0,18
48.1565,48.1565,1,0.40509,0.39956,0.40232,0.37763,0.24205,0.28476,OPEN,,0,18
48.1917,48.1917,1,0.40812,0.40164,0.40488,0.38717,0.24205,0.28476,OPEN,,0,18
48.2199,48.2199,1,0.40708,0.39874,0.40291,0.39268,0.24205,0.28476,OPEN,,0,18
48.2461,48.2461,1,0.23923,0.24412,0.24168,0.33983,0.24205,0.28476,OPEN,,0,18
48.2999,48.2999,1,0.0755,0.07788,0.07669,,0.24205,0.28476,OPEN,,0,18
48.3307,48.3307,1,0.06071,0.058,0.05935,,0.24205,0.28476,OPEN,,0,18
48.3643,48.3643,1,0.08261,0.07323,0.07792,,0.24205,0.28476,OPEN,,0,18
48.3961,48.3961,1,0.0904,0.07991,0.08516,,0.24205,0.28476,OPEN,,0,18
48.4315,48.4315,1,0.16222,0.13216,0.14719,0.2724,0.24205,0.28476,OPEN,,0,18
48.4618,48.4618,1,0.19202,0.15664,0.17433,0.23808,0.24205,0.28476,CLOSING,,0,18
48.4953,48.4953,1,0.21238,0.17285,0.19261,0.22217,0.24205,0.28476,CLOSING,0.0335,0,18
48.5283,48.5283,1,0.29899,0.27009,0.28454,0.244,0.24205,0.28476,CLOSING,,0,18
48.5639,48.5639,1,0.32911,0.30444,0.31677,0.26947,0.24205,0.28476,CLOSING,,0,18
48.6123,48.6123,1,0.37815,0.35906,0.36861,0.30417,0.24205,0.28476,OPEN,,0,18
48.6444,48.6444,1,0.38857,0.36296,0.37577,0.32923,0.24205,0.28476,OPEN,,0,18
48.6787,48.6787,1,0.43514,0.41814,0.42664,0.36332,0.24205,0.28476,OPEN,,0,18
48.7113,48.7113,1,0.46133,0.45042,0.45588,0.39572,0.24205,0.28476,OPEN,,0,18
48.7486,48.7486,1,0.46078,0.45529,0.45803,0.41753,0.24205,0.28476,OPEN,,0,18
48.789,48.789,1,0.47077,0.44918,0.45997,0.43238,0.24205,0.28476,OPEN,,0,18
48.8272,48.8272,1,0.47405,0.45985,0.46695,0.44448,0.24205,0.28476,OPEN,,0,18
48.8633,48.8633,1,0.4703,0.45615,0.46322,0.45104,0.24205,0.28476,OPEN,,0,18
48.8959,48.8959,1,0.46584,0.44725,0.45654,0.45297,0.24205,0.28476,OPEN,,0,18
48.9232,48.9232,1,0.46137,0.44242,0.4519,0.45259,0.24205,0.28476,OPEN,,0,18
48.9485,48.9485,1,0.13861,0.1698,0.1542,0.34816,0.24205,0.28476,OPEN,,0,18
48.9968,48.9968,1,0.14907,0.1326,0.14083,0.27559,0.24205,0.28476,OPEN,,0,18
49.0256,49.0256,1,0.09623,0.08382,0.09002,,0.24205,0.28476,OPEN,,0,18
49.0649,49.0649,1,0.06731,0.06883,0.06807,,0.24205,0.28476,OPEN,,0,18
49.0964,49.0964,1,0.02031,0.03702,0.02867,,0.24205,0.28476,OPEN,,0,18
49.1268,49.1268,1,0.25815,0.23271,0.24543,0.26504,0.24205,0.28476,OPEN,,0,18
49.161,49.161,1,0.32165,0.2972,0.30943,0.28057,0.24205,0.28476,OPEN,,0,18
49.1933,49.1933,1,0.34107,0.32766,0.33437,0.2994,0.24205,0.28476,OPEN,,0,18
49.2288,49.2288,1,0.36385,0.33858,0.35122,0.31754,0.24205,0.28476,OPEN,,0,18
49.2637,49.2637,1,0.37262,0.34319,0.3579,0.33166,0.24205,0.28476,OPEN,,0,18
49.2967,49.2967,1,0.38981,0.36026,0.37503,0.34684,0.24205,0.28476,OPEN,,0,18
49.3319,49.3319,1,0.39543,0.3676,0.38152,0.35898,0.24205,0.28476,OPEN,,0,18
49.3642,49.3642,1,0.42703,0.39748,0.41225,0.37762,0.24205,0.28476,OPEN,,0,18
49.3915,49.3915,1,0.42935,0.41138,0.42036,0.39258,0.24205,0.28476,OPEN,,0,18
49.4188,49.4188,1,0.44049,0.41709,0.42879,0.40526,0.24205,0.28476,OPEN,,0,18
49.4449,49.4449,1,0.44118,0.41721,0.4292,0.41364,0.24205,0.28476,OPEN,,0,18
49.479,49.479,1,0.42331,0.37565,0.39948,0.40868,0.24205,0.28476,OPEN,,0,18
49.5127,49.5127,1,0.06432,0.07122,0.06777,,0.24205,0.28476,OPEN,,0,18
49.5465,49.5465,1,0.04321,0.06688,0.05505,,0.24205,0.28476,OPEN,,0,18
49.5791,49.5791,1,0.0661,0.09559,0.08085,,0.24205,0.28476,OPEN,,0,18
49.615,49.615,1,0.11686,0.11146,0.11416,0.3056,0.24205,0.28476,OPEN,,0,18
49.6478,49.6478,1,0.13509,0.119,0.12704,0.2431,0.24205,0.28476,OPEN,,0,18
49.6772,49.6772,1,0.11708,0.13374,0.12541,0.20191,0.24205,0.28476,CLOSING,,0,18
49.7105,49.7105,1,0.11214,0.13227,0.12221,0.17401,0.24205,0.28476,CLOSING,0.03332,0,18
49.74,49.74,1,0.17151,0.20739,0.18945,0.17942,0.24205,0.28476,CLOSED,0.0628,0,18
49.7782,49.7782,1,0.23971,0.24632,0.24302,0.20168,0.24205,0.28476,CLOSED,0.10097,0,18
49.8267,49.8267,1,0.2905,0.26011,0.2753,0.22745,0.24205,0.28476,CLOSED,0.14955,0,18
49.8612,49.8612,1,0.31533,0.28004,0.29769,0.25203,0.24205,0.28476,CLOSED,0.18396,0,18
49.9011,49.9011,1,0.39715,0.35422,0.37568,0.29531,0.24205,0.28476,OPENING,0.2239,0,18
49.9801,49.9801,1,0.41152,0.39708,0.4043,0.33346,0.24205,0.28476,OPEN,0.30296,1,19
50.0274,50.0274,1,0.41574,0.40068,0.40821,0.35962,0.24205,0.28476,OPEN,,0,19
50.0558,50.0558,1,0.43578,0.42864,0.43221,0.38502,0.24205,0.28476,OPEN,,0,19
50.0887,50.0887,1,0.43558,0.43455,0.43507,0.40254,0.24205,0.28476,OPEN,,0,19
50.1224,50.1224,1,0.44254,0.42741,0.43497,0.41389,0.24205,0.28476,OPEN,,0,19
50.1611,50.1611,1,0.42956,0.41146,0.42051,0.41621,0.24205,0.28476,OPEN,,0,19
50.1901,50.1901,1,0.43555,0.33438,0.38496,0.40527,0.24205,0.28476,OPEN,,0,19
50.2114,50.2114,1,0.42546,0.32422,0.37484,0.39462,0.24205,0.28476,OPEN,,0,19
50.2386,50.2386,1,0.04638,0.03055,0.03846,,0.24205,0.28476,OPEN,,0,19
50.3,50.3,1,0.0302,0.06613,0.04817,,0.24205,0.28476,OPEN,,0,19
50.3405,50.3405,1,0.04344,0.05858,0.05101,,0.24205,0.28476,OPEN,,0,19
50.3799,50.3799,1,0.0529,0.06801,0.06045,,0.24205,0.28476,OPEN,,0,19
50.4112,50.4112,1,0.11847,0.15923,0.13885,0.3051,0.24205,0.28476,OPEN,,0,19
50.4372,50.4372,1,0.15019,0.2004,0.17529,0.25967,0.24205,0.28476,OPEN,,0,19
50.4629,50.4629,1,0.22728,0.22748,0.22738,0.24837,0.24205,0.28476,OPEN,,0,19
50.5018,50.5018,1,0.23484,0.23826,0.23655,0.24423,0.24205,0.28476,OPEN,,0,19
50.531,50.531,1,0.37758,0.3569,0.36724,0.28728,0.24205,0.28476,OPEN,,0,19
50.5573,50.5573,1,0.38249,0.37,0.37625,0.31842,0.24205,0.28476,OPEN,,0,19
50.596,50.596,1,0.40525,0.39889,0.40207,0.3477,0.24205,0.28476,OPEN,,0,19
50.6308,50.6308,1,0.41486,0.41071,0.41279,0.37048,0.24205,0.28476,OPEN,,0,19
50.6521,50.6521,1,0.37553,0.36919,0.37236,0.37114,0.24205,0.28476,OPEN,,0,19
50.7172,50.7172,1,0.37385,0.3834,0.37862,0.37376,0.24205,0.28476,OPEN,,0,19
50.7495,50.7495,1,0.37831,0.3877,0.383,0.37699,0.24205,0.28476,OPEN,,0,19
50.7775,50.7775,1,0.38419,0.39313,0.38866,0.38108,0.24205,0.28476,OPEN,,0,19
50.8238,50.8238,1,0.42323,0.40503,0.41413,0.39265,0.24205,0.28476,OPEN,,0,19
50.8611,50.8611,1,0.43493,0.41735,0.42614,0.40437,0.24205,0.28476,OPEN,,0,19
50.8958,50.8958,1,0.44349,0.44013,0.44181,0.41747,0.24205,0.28476,OPEN,,0,19
50.9429,50.9429,1,0.43848,0.43507,0.43678,0.42423,0.24205,0.28476,OPEN,,0,19
50.9768,50.9768,1,0.10956,0.08906,0.09931,,0.24205,0.28476,OPEN,,0,19
51.0363,51.0363,1,0.13326,0.09442,0.11384,0.31559,0.24205,0.28476,OPEN,,0,19
51.0723,51.0723,1,0.13519,0.10773,0.12146,0.24765,0.24205,0.28476,OPEN,,0,19
51.1152,51.1152,1,0.15643,0.13741,0.14692,0.21239,0.24205,0.28476,CLOSING,,0,19
51.1456,51.1456,1,0.1858,0.1745,0.18015,0.20111,0.24205,0.28476,CLOSING,0.03041,0,19
51.1787,51.1787,1,0.31244,0.30339,0.30791,0.23849,0.24205,0.28476,CLOSED,0.06344,0,19
51.2107,51.2107,1,0.36128,0.34667,0.35397,0.27891,0.24205,0.28476,CLOSED,0.09544,0,19
51.2435,51.2435,1,0.35918,0.34382,0.3515,0.30432,0.24205,0.28476,OPENING,0.12826,0,19
51.2766,51.2766,1,0.35934,0.34044,0.34989,0.32027,0.24205,0.28476,OPEN,0.16135,1,20
51.3102,51.3102,1,0.39236,0.38819,0.39027,0.34477,0.24205,0.28476,OPEN,,0,20
51.3418,51.3418,1,0.40668,0.39847,0.40257,0.365,0.24205,0.28476,OPEN,,0,20
51.3798,51.3798,1,0.41047,0.40025,0.40536,0.37913,0.24205,0.28476,OPEN,,0,20
51.4175,51.4175,1,0.41111,0.40436,0.40773,0.38914,0.24205,0.28476,OPEN,,0,20
51.451,51.451,1,0.11684,0.12538,0.12111,0.29533,0.24205,0.28476,OPEN,,0,20
51.4801,51.4801,1,0.08885,0.1104,0.09963,,0.24205,0.28476,OPEN,,0,20
51.517,51.517,1,0.07376,0.06814,0.07095,,0.24205,0.28476,OPEN,,0,20
51.5622,51.5622,1,0.09435,0.08109,0.08772,,0.24205,0.28476,OPEN,,0,20
51.594,51.594,1,0.06053,0.08019,0.07036,,0.24205,0.28476,OPEN,,0,20
51.6265,51.6265,1,0.0866,0.07961,0.0831,,0.24205,0.28476,OPEN,,0,20
51.6521,51.6521,1,0.26276,0.24836,0.25556,0.28141,0.24205,0.28476,OPEN,,0,20
51.6768,51.6768,1,0.31087,0.30188,0.30637,0.29015,0.24205,0.28476,OPEN,,0,20
51.7082,51.7082,1,0.31624,0.30338,0.30981,0.29703,0.24205,0.28476,OPEN,,0,20
51.7503,51.7503,1,0.31932,0.30971,0.31451,0.30315,0.24205,0.28476,OPEN,,0,20
51.7891,51.7891,1,0.33817,0.35144,0.3448,0.31773,0.24205,0.28476,OPEN,,0,20
51.8185,51.8185,1,0.34338,0.36341,0.3534,0.33021,0.24205,0.28476,OPEN,,0,20
51.8595,51.8595,1,0.3892,0.38261,0.38591,0.3497,0.24205,0.28476,OPEN,,0,20
51.8939,51.8939,1,0.39991,0.39495,0.39743,0.36641,0.24205,0.28476,OPEN,,0,20
51.9299,51.9299,1,0.41366,0.40787,0.41076,0.38193,0.24205,0.28476,OPEN,,0,20
51.9622,51.9622,1,0.42248,0.41295,0.41771,0.39446,0.24205,0.28476,OPEN,,0,20
51.9838,51.9838,1,0.4458,0.4482,0.447,0.41285,0.24205,0.28476,OPEN,,0,20
52.0199,52.0199,1,0.4657,0.47262,0.46916,0.43256,0.24205,0.28476,OPEN,,0,20
52.0628,52.0628,1,0.48246,0.46466,0.47356,0.44691,0.24205,0.28476,OPEN,,0,20
52.1092,52.1092,1,0.49074,0.45558,0.47316,0.4561,0.24205,0.28476,OPEN,,0,20
52.1353,52.1353,1,0.22799,0.19354,0.21076,0.37023,0.24205,0.28476,OPEN,,0,20
52.1736,52.1736,1,0.15743,0.15153,0.15448,0.29472,0.24205,0.28476,OPEN,,0,20
52.2147,52.2147,1,0.09159,0.07718,0.08439,,0.24205,0.28476,OPEN,,0,20
52.2484,52.2484,1,0.08771,0.06904,0.07837,,0.24205,0.28476,OPEN,,0,20
52.2778,52.2778,1,0.12633,0.10832,0.11733,0.23263,0.24205,0.28476,CLOSING,,0,20
52.329,52.329,1,0.15152,0.13861,0.14507,0.20198,0.24205,0.28476,CLOSED,0.05118,0,20
52.362,52.362,1,0.19688,0.20709,0.20198,0.20198,0.24205,0.28476,CLOSED,0.08421,0,20
52.3928,52.3928,1,0.22806,0.25041,0.23923,0.21502,0.24205,0.28476,CLOSED,0.11506,0,20
52.4218,52.4218,1,0.30649,0.33408,0.32028,0.25186,0.24205,0.28476,CLOSED,0.14398,0,20
52.4586,52.4586,1,0.34439,0.36203,0.35321,0.28734,0.24205,0.28476,OPENING,0.18078,0,20
52.4931,52.4931,1,0.37448,0.38015,0.37732,0.31883,0.24205,0.28476,OPEN,0.21531,1,21
52.528,52.528,1,0.38713,0.38052,0.38383,0.34158,0.24205,0.28476,OPEN,,0,21
52.5606,52.5606,1,0.39064,0.38287,0.38675,0.35739,0.24205,0.28476,OPEN,,0,21
52.5951,52.5951,1,0.39213,0.38346,0.3878,0.36803,0.24205,0.28476,OPEN,,0,21
52.6258,52.6258,1,0.39956,0.39131,0.39543,0.37762,0.24205,0.28476,OPEN,,0,21
52.6516,52.6516,1,0.4038,0.3926,0.3982,0.38483,0.24205,0.28476,OPEN,,0,21
52.6954,52.6954,1,0.419,0.40102,0.41001,0.39364,0.24205,0.28476,OPEN,,0,21
52.7236,52.7236,1,0.42129,0.40203,0.41166,0.39995,0.24205,0.28476,OPEN,,0,21
52.7521,52.7521,1,0.41949,0.40377,0.41163,0.40404,0.24205,0.28476,OPEN,,0,21
52.7848,52.7848,1,0.41735,0.40281,0.41008,0.40615,0.24205,0.28476,OPEN,,0,21
52.8175,52.8175,1,0.15515,0.12715,0.14115,0.3134,0.24205,0.28476,OPEN,,0,21
52.863,52.863,1,0.10517,0.08529,0.09523,,0.24205,0.28476,OPEN,,0,21
52.8901,52.8901,1,0.03827,0.01713,0.0277,,0.24205,0.28476,OPEN,,0,21
52.9318,52.9318,1,0.04434,0.02424,0.03429,,0.24205,0.28476,OPEN,,0,21
52.9655,52.9655,1,0.09576,0.06791,0.08184,,0.24205,0.28476,OPEN,,0,21
53.0025,53.0025,1,0.10829,0.07752,0.0929,,0.24205,0.28476,OPEN,,0,21
53.0428,53.0428,1,0.19361,0.22043,0.20702,0.27617,0.24205,0.28476,OPEN,,0,21
53.079,53.079,1,0.22681,0.27161,0.24921,0.26673,0.24205,0.28476,OPEN,,0,21
53.1105,53.1105,1,0.31977,0.34937,0.33457,0.29047,0.24205,0.28476,OPEN,,0,21
53.1438,53.1438,1,0.35219,0.376,0.36409,0.31624,0.24205,0.28476,OPEN,,0,21
53.1764,53.1764,1,0.36802,0.3844,0.37621,0.33723,0.24205,0.28476,OPEN,,0,21
53.2044,53.2044,1,0.37439,0.38671,0.38055,0.35239,0.24205,0.28476,OPEN,,0,21
53.2396,53.2396,1,0.38994,0.38646,0.3882,0.36492,0.24205,0.28476,OPEN,,0,21
53.2762,53.2762,1,0.39935,0.38955,0.39445,0.37526,0.24205,0.28476,OPEN,,0,21
53.3063,53.3063,1,0.4013,0.39206,0.39668,0.38276,0.24205,0.28476,OPEN,,0,21
53.3902,53.3902,1,0.41468,0.39728,0.40598,0.39088,0.24205,0.28476,OPEN,,0,21
53.4149,53.4149,1,0.41684,0.39782,0.40733,0.39664,0.24205,0.28476,OPEN,,0,21
53.4519,53.4519,1,0.42585,0.40703,0.41644,0.40357,0.24205,0.28476,OPEN,,0,21
53.4752,53.4752,1,0.43162,0.41004,0.42083,0.40961,0.24205,0.28476,OPEN,,0,21
53.5161,53.5161,1,0.43071,0.41568,0.42319,0.41436,0.24205,0.28476,OPEN,,0,21
53.5508,53.5508,1,0.43084,0.41886,0.42485,0.41803,0.24205,0.28476,OPEN,,0,21
53.591,53.591,1,0.432,0.42003,0.42602,0.42083,0.24205,0.28476,OPEN,,0,21
53.6268,53.6268,1,0.43779,0.42152,0.42966,0.42392,0.24205,0.28476,OPEN,,0,21
53.6639,53.6639,1,0.43671,0.41756,0.42714,0.42504,0.24205,0.28476,OPEN,,0,21
53.7011,53.7011,1,0.43526,0.41591,0.42558,0.42523,0.24205,0.28476,OPEN,,0,21
53.7286,53.7286,1,0.43205,0.41135,0.4217,0.424,0.24205,0.28476,OPEN,,0,21
53.7569,53.7569,1,0.43013,0.40924,0.41969,0.42249,0.24205,0.28476,OPEN,,0,21
53.7914,53.7914,1,0.4252,0.40959,0.41739,0.4207,0.24205,0.28476,OPEN,,0,21
53.8206,53.8206,1,0.41801,0.40484,0.41143,0.41746,0.24205,0.28476,OPEN,,0,21
53.8535,53.8535,1,0.42104,0.40719,0.41412,0.41629,0.24205,0.28476,OPEN,,0,21
53.8925,53.8925,1,0.42296,0.40816,0.41556,0.41603,0.24205,0.28476,OPEN,,0,21
53.9235,53.9235,1,0.42451,0.41549,0.42,0.41742,0.24205,0.28476,OPEN,,0,21
53.96,53.96,1,0.42745,0.41475,0.4211,0.41871,0.24205,0.28476,OPEN,,0,21
53.9923,53.9923,1,0.44055,0.42768,0.43412,0.4241,0.24205,0.28476,OPEN,,0,21
54.029,54.029,1,0.44645,0.43126,0.43886,0.42927,0.24205,0.28476,OPEN,,0,21
54.0698,54.0698,1,0.45322,0.43567,0.44445,0.43458,0.24205,0.28476,OPEN,,0,21
54.1046,54.1046,1,0.45787,0.44389,0.45088,0.44029,0.24205,0.28476,OPEN,,0,21
54.1396,54.1396,1,0.46154,0.44664,0.45409,0.44512,0.24205,0.28476,OPEN,,0,21
54.1762,54.1762,1,0.46308,0.45183,0.45745,0.44944,0.24205,0.28476,OPEN,,0,21
54.2087,54.2087,1,0.46199,0.45266,0.45732,0.4522,0.24205,0.28476,OPEN,,0,21
54.2416,54.2416,1,0.46271,0.45363,0.45817,0.45429,0.24205,0.28476,OPEN,,0,21
54.2761,54.2761,1,0.44602,0.44081,0.44341,0.45048,0.24205,0.28476,OPEN,,0,21
54.3108,54.3108,1,0.45523,0.44423,0.44973,0.45022,0.24205,0.28476,OPEN,,0,21
54.3487,54.3487,1,0.46539,0.45031,0.45785,0.45289,0.24205,0.28476,OPEN,,0,21
54.3825,54.3825,1,0.464,0.45187,0.45794,0.45466,0.24205,0.28476,OPEN,,0,21
54.4101,54.4101,1,0.45629,0.44713,0.45171,0.45362,0.24205,0.28476,OPEN,,0,21
54.4395,54.4395,1,0.44577,0.43906,0.44241,0.4497,0.24205,0.28476,OPEN,,0,21
54.46,54.46,1,0.44893,0.43933,0.44413,0.44775,0.24205,0.28476,OPEN,,0,21
54.4831,54.4831,1,0.45343,0.44355,0.44849,0.44801,0.24205,0.28476,OPEN,,0,21
54.5292,54.5292,1,0.45857,0.4527,0.45563,0.45068,0.24205,0.28476,OPEN,,0,21
54.5619,54.5619,1,0.46664,0.46181,0.46423,0.45542,0.24205,0.28476,OPEN,,0,21
54.5895,54.5895,1,0.46139,0.45326,0.45733,0.45609,0.24205,0.28476,OPEN,,0,21
54.625,54.625,1,0.46014,0.44843,0.45428,0.45546,0.24205,0.28476,OPEN,,0,21
54.6608,54.6608,1,0.47067,0.45634,0.46351,0.45827,0.24205,0.28476,OPEN,,0,21
54.6938,54.6938,1,0.46644,0.45121,0.45882,0.45847,0.24205,0.28476,OPEN,,0,21
54.7266,54.7266,1,0.46253,0.44954,0.45603,0.45761,0.24205,0.28476,OPEN,,0,21
54.7589,54.7589,1,0.46679,0.4497,0.45824,0.45783,0.24205,0.28476,OPEN,,0,21
54.7922,54.7922,1,0.47134,0.4481,0.45972,0.4585,0.24205,0.28476,OPEN,,0,21
54.8245,54.8245,1,0.46822,0.44412,0.45617,0.45768,0.24205,0.28476,OPEN,,0,21
54.8599,54.8599,1,0.46585,0.44331,0.45458,0.4566,0.24205,0.28476,OPEN,,0,21
54.8868,54.8868,1,0.46441,0.4424,0.4534,0.45548,0.24205,0.28476,OPEN,,0,21
54.9208,54.9208,1,0.46249,0.43936,0.45092,0.45388,0.24205,0.28476,OPEN,,0,21
54.9601,54.9601,1,0.45996,0.43571,0.44784,0.45177,0.24205,0.28476,OPEN,,0,21
54.9897,54.9897,1,0.45302,0.43221,0.44261,0.44856,0.24205,0.28476,OPEN,,0,21
55.025,55.025,1,0.45641,0.43412,0.44527,0.44741,0.24205,0.28476,OPEN,,0,21
55.0556,55.0556,1,0.45003,0.43001,0.44002,0.44482,0.24205,0.28476,OPEN,,0,21
55.0918,55.0918,1,0.44952,0.43188,0.4407,0.44338,0.24205,0.28476,OPEN,,0,21
55.1266,55.1266,1,0.45336,0.43815,0.44576,0.44421,0.24205,0.28476,OPEN,,0,21
55.1745,55.1745,1,0.45721,0.44268,0.44994,0.44622,0.24205,0.28476,OPEN,,0,21
55.2085,55.2085,1,0.45764,0.44265,0.45014,0.44759,0.24205,0.28476,OPEN,,0,21
55.2292,55.2292,1,0.45755,0.44273,0.45014,0.44848,0.24205,0.28476,OPEN,,0,21
55.2589,55.2589,1,0.46136,0.44591,0.45364,0.45029,0.24205,0.28476,OPEN,,0,21
55.2836,55.2836,1,0.46219,0.44869,0.45544,0.45209,0.24205,0.28476,OPEN,,0,21
55.3243,55.3243,1,0.46212,0.44499,0.45355,0.4526,0.24205,0.28476,OPEN,,0,21
55.3562,55.3562,1,0.45878,0.44014,0.44946,0.4515,0.24205,0.28476,OPEN,,0,21
55.3926,55.3926,1,0.24184,0.17181,0.20682,0.36587,0.24205,0.28476,OPEN,,0,21
55.4269,55.4269,1,0.19697,0.14305,0.17001,0.29732,0.24205,0.28476,OPEN,,0,21
55.4717,55.4717,1,0.0119,0.01616,0.01403,,0.24205,0.28476,OPEN,,0,21
55.4996,55.4996,1,0.00746,0.00847,0.00796,,0.24205,0.28476,OPEN,,0,21
55.5307,55.5307,1,0.02884,0.00945,0.01914,,0.24205,0.28476,OPEN,,0,21
55.5572,55.5572,1,0.04263,0.01205,0.02734,,0.24205,0.28476,OPEN,,0,21
55.5886,55.5886,1,0.04509,0.01629,0.03069,,0.24205,0.28476,OPEN,,0,21
55.6246,55.6246,1,0.03854,0.01465,0.02659,,0.24205,0.28476,OPEN,,0,21
55.6654,55.6654,1,0.04184,0.02076,0.0313,,0.24205,0.28476,OPEN,,0,21
55.7071,55.7071,1,0.04624,0.02622,0.03623,,0.24205,0.28476,OPEN,,0,21
55.7546,55.7546,1,0.05465,0.0135,0.03407,,0.24205,0.28476,OPEN,,0,21
55.7914,55.7914,1,0.05067,0.02636,0.03851,,0.24205,0.28476,OPEN,,0,21
55.8243,55.8243,1,0.0676,0.023,0.0453,,0.24205,0.28476,OPEN,,0,21
55.8418,55.8418,1,0.07769,0.02145,0.04957,,0.24205,0.28476,OPEN,,0,21
55.8763,55.8763,1,0.10168,0.02898,0.06533,,0.24205,0.28476,OPEN,,0,21
55.9056,55.9056,1,0.13184,0.06214,0.09699,,0.24205,0.28476,OPEN,,0,21
55.9408,55.9408,1,0.12809,0.07309,0.10059,0.22846,0.24205,0.28476,CLOSING,,0,21
55.9716,55.9716,1,0.12275,0.07533,0.09904,,0.24205,0.28476,CLOSING,,0,21
56.0082,56.0082,1,0.1414,0.09392,0.11766,0.18968,0.24205,0.28476,CLOSED,0.06744,0,21
56.0435,56.0435,1,0.15134,0.09816,0.12475,0.16696,0.24205,0.28476,CLOSED,0.10269,0,21
56.0761,56.0761,1,0.17234,0.10924,0.14079,0.1578,0.24205,0.28476,CLOSED,0.1353,0,21
56.1147,56.1147,1,0.18796,0.12586,0.15691,0.15749,0.24205,0.28476,CLOSED,0.17391,0,21
56.1492,56.1492,1,0.26781,0.20743,0.23762,0.18553,0.24205,0.28476,CLOSED,0.20839,0,21
56.1894,56.1894,1,0.29527,0.24214,0.26871,0.21464,0.24205,0.28476,CLOSED,0.24859,0,21
56.2267,56.2267,1,0.30655,0.26082,0.28369,0.23881,0.24205,0.28476,CLOSED,0.28587,0,21
56.2604,56.2604,1,0.31165,0.27036,0.291,0.25708,0.24205,0.28476,CLOSED,0.31958,0,21
56.2909,56.2909,1,0.32006,0.29435,0.3072,0.27462,0.24205,0.28476,CLOSED,0.35013,0,21
56.3187,56.3187,1,0.32504,0.30624,0.31564,0.28898,0.24205,0.28476,OPENING,0.3779,0,21
56.352,56.352,1,0.33612,0.32668,0.3314,0.30383,0.24205,0.28476,OPEN,0.41124,1,22
56.3955,56.3955,1,0.34481,0.33593,0.34037,0.31662,0.24205,0.28476,OPEN,,0,22
56.4251,56.4251,1,0.27115,0.21022,0.24069,0.29004,0.24205,0.28476,OPEN,,0,22
56.4524,56.4524,1,0.24005,0.18762,0.21383,0.26337,0.24205,0.28476,OPEN,,0,22
56.4903,56.4903,1,0.03289,0.03631,0.0346,,0.24205,0.28476,OPEN,,0,22
56.5215,56.5215,1,0.0432,0.03372,0.03846,,0.24205,0.28476,OPEN,,0,22
56.5587,56.5587,1,0.04442,0.02601,0.03521,,0.24205,0.28476,OPEN,,0,22
56.5913,56.5913,1,0.04077,0.022,0.03138,,0.24205,0.28476,OPEN,,0,22
56.6173,56.6173,1,0.05012,0.0328,0.04146,,0.24205,0.28476,OPEN,,0,22
56.6479,56.6479,1,0.0703,0.04455,0.05742,,0.24205,0.28476,OPEN,,0,22
56.6817,56.6817,1,0.16986,0.14047,0.15517,0.2255,0.24205,0.28476,CLOSING,,0,22
56.7151,56.7151,1,0.17187,0.153,0.16243,0.20342,0.24205,0.28476,CLOSING,0.03342,0,22
56.7512,56.7512,1,0.31924,0.30143,0.31034,0.24084,0.24205,0.28476,CLOSED,0.06953,0,22
56.7853,56.7853,1,0.34276,0.33153,0.33715,0.27455,0.24205,0.28476,CLOSED,0.10368,0,22
56.8256,56.8256,1,0.3638,0.36133,0.36256,0.30535,0.24205,0.28476,OPENING,0.14391,0,22
56.8531,56.8531,1,0.36993,0.36791,0.36892,0.3276,0.24205,0.28476,OPEN,0.17145,1,23
56.8853,56.8853,1,0.38059,0.37248,0.37654,0.34473,0.24205,0.28476,OPEN,,0,23
56.9208,56.9208,1,0.3824,0.3731,0.37775,0.35629,0.24205,0.28476,OPEN,,0,23
56.9505,56.9505,1,0.4009,0.38839,0.39465,0.36971,0.24205,0.28476,OPEN,,0,23
56.9852,56.9852,1,0.40818,0.3955,0.40184,0.38096,0.24205,0.28476,OPEN,,0,23
57.024,57.024,1,0.42999,0.40991,0.41995,0.3946,0.24205,0.28476,OPEN,,0,23
57.0505,57.0505,1,0.43594,0.41319,0.42456,0.40509,0.24205,0.28476,OPEN,,0,23
57.0906,57.0906,1,0.44394,0.42225,0.43309,0.41489,0.24205,0.28476,OPEN,,0,23
57.1178,57.1178,1,0.44816,0.42638,0.43727,0.42272,0.24205,0.28476,OPEN,,0,23
57.1581,57.1581,1,0.4329,0.4249,0.4289,0.42488,0.24205,0.28476,OPEN,,0,23
57.2087,57.2087,1,0.42484,0.41709,0.42096,0.42351,0.24205,0.28476,OPEN,,0,23
57.2423,57.2423,1,0.4246,0.40839,0.4165,0.42106,0.24205,0.28476,OPEN,,0,23
57.273,57.273,1,0.42541,0.40679,0.4161,0.41932,0.24205,0.28476,OPEN,,0,23
57.299,57.299,1,0.42734,0.41022,0.41878,0.41913,0.24205,0.28476,OPEN,,0,23
57.3334,57.3334,1,0.43188,0.41429,0.42309,0.42052,0.24205,0.28476,OPEN,,0,23
57.3741,57.3741,1,0.42455,0.41309,0.41882,0.41992,0.24205,0.28476,OPEN,,0,23
57.4079,57.4079,1,0.41453,0.40272,0.40863,0.41597,0.24205,0.28476,OPEN,,0,23
57.4401,57.4401,1,0.42137,0.41002,0.4157,0.41587,0.24205,0.28476,OPEN,,0,23
57.48,57.48,1,0.42488,0.41355,0.41921,0.41704,0.24205,0.28476,OPEN,,0,23
57.5101,57.5101,1,0.42037,0.40888,0.41462,0.4162,0.24205,0.28476,OPEN,,0,23
57.5455,57.5455,1,0.42115,0.41236,0.41675,0.41639,0.24205,0.28476,OPEN,,0,23
57.584,57.584,1,0.41097,0.40311,0.40704,0.41312,0.24205,0.28476,OPEN,,0,23
57.6179,57.6179,1,0.40611,0.3988,0.40246,0.40939,0.24205,0.28476,OPEN,,0,23
57.6541,57.6541,1,0.38128,0.35664,0.36896,0.39524,0.24205,0.28476,OPEN,,0,23
57.6885,57.6885,1,0.35525,0.33386,0.34456,0.3775,0.24205,0.28476,OPEN,,0,23
57.7224,57.7224,1,0.1296,0.12123,0.12542,0.28927,0.24205,0.28476,OPEN,,0,23
57.7847,57.7847,1,0.10434,0.05079,0.07757,,0.24205,0.28476,OPEN,,0,23
57.8241,57.8241,1,0.08249,0.04289,0.06269,,0.24205,0.28476,OPEN,,0,23
57.8671,57.8671,1,0.08317,0.04691,0.06504,,0.24205,0.28476,OPEN,,0,23
57.904,57.904,1,0.08317,0.05054,0.06686,,0.24205,0.28476,OPEN,,0,23
57.9321,57.9321,1,0.07674,0.04938,0.06306,,0.24205,0.28476,OPEN,,0,23
57.9596,57.9596,1,0.07258,0.04835,0.06047,,0.24205,0.28476,OPEN,,0,23
57.9971,57.9971,1,0.07568,0.04985,0.06276,,0.24205,0.28476,OPEN,,0,23
58.0231,58.0231,1,0.0768,0.05306,0.06493,,0.24205,0.28476,OPEN,,0,23
58.0623,58.0623,1,0.08671,0.06522,0.07596,,0.24205,0.28476,OPEN,,0,23
58.0899,58.0899,1,0.09238,0.06874,0.08056,,0.24205,0.28476,OPEN,,0,23
58.125,58.125,1,0.12208,0.08487,0.10347,0.22424,0.24205,0.28476,CLOSING,,0,23
58.1553,58.1553,1,0.13191,0.09171,0.11181,0.18489,0.24205,0.28476,CLOSING,0.03029,0,23
58.1914,58.1914,1,0.15161,0.11258,0.13209,0.16641,0.24205,0.28476,CLOSED,0.06634,0,23
58.2168,58.2168,1,0.1647,0.12455,0.14462,0.15878,0.24205,0.28476,CLOSED,0.09172,0,23
58.2654,58.2654,1,0.19569,0.12067,0.15818,0.15857,0.24205,0.28476,CLOSED,0.14039,0,23
58.2924,58.2924,1,0.20401,0.11325,0.15863,0.15859,0.24205,0.28476,CLOSED,0.16735,0,23
58.33,58.33,1,0.19738,0.12393,0.16065,0.15931,0.24205,0.28476,CLOSED,0.20501,0,23
58.3556,58.3556,1,0.19956,0.12376,0.16166,0.16014,0.24205,0.28476,CLOSED,0.23061,0,23
58.3952,58.3952,1,0.2024,0.12847,0.16544,0.16199,0.24205,0.28476,CLOSED,0.27017,0,23
58.4254,58.4254,1,0.21092,0.12867,0.1698,0.16472,0.24205,0.28476,CLOSED,0.30033,0,23
58.4621,58.4621,1,0.2387,0.17794,0.20832,0.17998,0.24205,0.28476,CLOSED,0.33708,0,23
58.4905,58.4905,1,0.24648,0.19143,0.21896,0.19362,0.24205,0.28476,CLOSED,0.36543,0,23
58.5235,58.5235,1,0.26899,0.22612,0.24755,0.2125,0.24205,0.28476,CLOSED,0.39844,0,23
58.5588,58.5588,1,0.28747,0.24894,0.26821,0.232,0.24205,0.28476,CLOSED,0.43372,0,23
58.5926,58.5926,1,0.29815,0.26915,0.28365,0.25007,0.24205,0.28476,CLOSED,0.46758,0,23
58.6247,58.6247,1,0.30229,0.27482,0.28855,0.26354,0.24205,0.28476,CLOSED,0.49968,0,23
58.6699,58.6699,1,0.33493,0.32932,0.33212,0.28755,0.24205,0.28476,OPENING,0.54488,0,23
58.6991,58.6991,1,0.34081,0.3456,0.34321,0.30703,0.24205,0.28476,OPEN,0.57407,1,24
58.7394,58.7394,1,0.33908,0.33691,0.33799,0.31787,0.24205,0.28476,OPEN,,0,24
58.773,58.773,1,0.33925,0.33155,0.3354,0.324,0.24205,0.28476,OPEN,,0,24
58.8092,58.8092,1,0.32628,0.30352,0.3149,0.32082,0.24205,0.28476,OPEN,,0,24
58.859,58.859,1,0.31894,0.29515,0.30705,0.316,0.24205,0.28476,OPEN,,0,24
58.8918,58.8918,1,0.24914,0.21351,0.23132,0.28636,0.24205,0.28476,OPEN,,0,24
58.9186,58.9186,1,0.22745,0.18212,0.20478,0.25781,0.24205,0.28476,OPEN,,0,24
58.9408,58.9408,1,0.20608,0.14523,0.17565,0.22905,0.24205,0.28476,CLOSING,,0,24
58.968,58.968,1,0.19165,0.12534,0.1585,0.20436,0.24205,0.28476,CLOSING,0.02724,0,24
59.0023,59.0023,1,0.17677,0.1169,0.14684,0.18423,0.24205,0.28476,CLOSED,0.06156,0,24
59.0378,59.0378,1,0.16116,0.11512,0.13814,0.1681,0.24205,0.28476,CLOSED,0.09704,0,24
59.0803,59.0803,1,0.13735,0.09283,0.11509,0.14955,0.24205,0.28476,CLOSED,0.13954,0,24
59.104,59.104,1,0.13508,0.08947,0.11227,0.1365,0.24205,0.28476,CLOSED,0.16319,0,24
59.1419,59.1419,1,0.11819,0.0845,0.10135,0.1242,0.24205,0.28476,CLOSED,0.20113,0,24
59.1749,59.1749,1,0.10611,0.0678,0.08695,,0.24205,0.28476,CLOSED,,0,24
59.2065,59.2065,1,0.1313,0.08425,0.10778,0.11845,0.24205,0.28476,CLOSED,0.26569,0,24
59.2469,59.2469,1,0.14715,0.09475,0.12095,0.11932,0.24205,0.28476,CLOSED,0.30615,0,24
59.2843,59.2843,1,0.14872,0.0952,0.12196,0.12025,0.24205,0.28476,CLOSED,0.34353,0,24
59.3273,59.3273,1,0.15257,0.0919,0.12223,0.12094,0.24205,0.28476,CLOSED,0.38653,0,24
59.3571,59.3571,1,0.151,0.09751,0.12425,0.1221,0.24205,0.28476,CLOSED,0.41629,0,24
59.3871,59.3871,1,0.14916,0.09709,0.12312,0.12246,0.24205,0.28476,CLOSED,0.44635,0,24
59.4167,59.4167,1,0.14802,0.0978,0.12291,0.12262,0.24205,0.28476,CLOSED,0.47597,0,24
59.4414,59.4414,1,0.15658,0.09216,0.12437,0.12323,0.24205,0.28476,CLOSED,0.50059,0,24
59.4747,59.4747,1,0.15256,0.0888,0.12068,0.12234,0.24205,0.28476,CLOSED,0.53387,0,24
59.5071,59.5071,1,0.14979,0.08587,0.11783,0.12076,0.24205,0.28476,CLOSED,0.56628,0,24
59.5351,59.5351,1,0.14666,0.08793,0.11729,0.11955,0.24205,0.28476,CLOSED,0.59436,0,24
59.5727,59.5727,1,0.14304,0.09333,0.11818,0.11907,0.24205,0.28476,CLOSED,0.63196,0,24
59.6058,59.6058,1,0.14266,0.10605,0.12436,0.12092,0.24205,0.28476,CLOSED,0.66501,0,24
59.6312,59.6312,1,0.14206,0.10987,0.12597,0.12269,0.24205,0.28476,CLOSED,0.69047,0,24
59.6631,59.6631,1,0.14931,0.10902,0.12917,0.12495,0.24205,0.28476,CLOSED,0.72237,0,24
59.7101,59.7101,1,0.15569,0.10239,0.12904,0.12639,0.24205,0.28476,CLOSED,0.76929,0,24
59.745,59.745,1,0.15794,0.10196,0.12995,0.12763,0.24205,0.28476,CLOSED,0.8042,0,24
59.7846,59.7846,1,0.15873,0.10115,0.12994,0.12844,0.24205,0.28476,CLOSED,0.8438,0,24
59.8238,59.8238,1,0.15882,0.10056,0.12969,0.12888,0.24205,0.28476,CLOSED,0.88304,0,24
59.8621,59.8621,1,0.22002,0.15076,0.18539,0.14866,0.24205,0.28476,CLOSED,0.9213,0,24
59.906,59.906,1,0.34182,0.29192,0.31687,0.20753,0.24205,0.28476,CLOSED,0.96525,0,24
59.9438,59.9438,1,0.37322,0.32797,0.3506,0.25761,0.24205,0.28476,CLOSED,1.003,0,24
59.9796,59.9796,1,0.4071,0.37081,0.38895,0.30358,0.24205,0.28476,OPENING,1.03885,0,24
60.0218,60.0218,1,0.41637,0.38109,0.39873,0.33688,0.24205,0.28476,OPEN,1.08103,0,24
60.0604,60.0604,1,0.42189,0.37331,0.3976,0.35813,0.24205,0.28476,OPEN,,0,24
60.1024,60.1024,1,0.09648,0.07044,0.08346,,0.24205,0.28476,OPEN,,0,24
60.1556,60.1556,1,0.02807,0.02333,0.0257,,0.24205,0.28476,OPEN,,0,24
60.2008,60.2008,1,0.03106,0.02037,0.02572,,0.24205,0.28476,OPEN,,0,24
60.2324,60.2324,1,0.06317,0.05209,0.05763,,0.24205,0.28476,OPEN,,0,24
60.2673,60.2673,1,0.08564,0.0737,0.07967,,0.24205,0.28476,OPEN,,0,24
60.3061,60.3061,1,0.10642,0.07241,0.08941,,0.24205,0.28476,OPEN,,0,24
60.3417,60.3417,1,0.09586,0.05657,0.07622,,0.24205,0.28476,OPEN,,0,24
60.3717,60.3717,1,0.10878,0.06986,0.08932,,0.24205,0.28476,OPEN,,0,24
60.4077,60.4077,1,0.14726,0.10579,0.12652,0.27707,0.24205,0.28476,OPEN,,0,24
60.4385,60.4385,1,0.17387,0.14853,0.1612,0.23651,0.24205,0.28476,CLOSING,,0,24
60.4696,60.4696,1,0.18649,0.14586,0.16618,0.2119,0.24205,0.28476,CLOSING,0.03107,0,24
60.5025,60.5025,1,0.19505,0.14101,0.16803,0.19654,0.24205,0.28476,CLOSED,0.06391,0,24
60.5348,60.5348,1,0.20006,0.13953,0.1698,0.18718,0.24205,0.28476,CLOSED,0.09622,0,24
60.5644,60.5644,1,0.20312,0.16442,0.18377,0.18599,0.24205,0.28476,CLOSED,0.12586,0,24
60.5987,60.5987,1,0.20286,0.17615,0.18951,0.18722,0.24205,0.28476,CLOSED,0.16018,0,24
60.6358,60.6358,1,0.28163,0.25001,0.26582,0.21473,0.24205,0.28476,CLOSED,0.19728,0,24
60.6663,60.6663,1,0.33336,0.2991,0.31623,0.25026,0.24205,0.28476,CLOSED,0.22776,0,24
60.6903,60.6903,1,0.35474,0.32413,0.33943,0.28147,0.24205,0.28476,CLOSED,0.25174,0,24
60.7297,60.7297,1,0.38865,0.3602,0.37443,0.314,0.24205,0.28476,OPENING,0.29116,0,24
60.757,60.757,1,0.39826,0.37124,0.38475,0.33876,0.24205,0.28476,OPEN,0.31848,1,25
60.796,60.796,1,0.41139,0.39121,0.4013,0.36065,0.24205,0.28476,OPEN,,0,25
60.8403,60.8403,1,0.42218,0.40248,0.41233,0.37874,0.24205,0.28476,OPEN,,0,25
60.87,60.87,1,0.35915,0.33965,0.3494,0.36847,0.24205,0.28476,OPEN,,0,25
60.8987,60.8987,1,0.32565,0.30318,0.31441,0.34955,0.24205,0.28476,OPEN,,0,25
60.9386,60.9386,1,0.30061,0.27707,0.28884,0.3283,0.24205,0.28476,OPEN,,0,25
60.9726,60.9726,1,0.17264,0.12699,0.14981,0.26583,0.24205,0.28476,OPEN,,0,25
61.0142,61.0142,1,0.11541,0.10961,0.11251,0.21217,0.24205,0.28476,CLOSING,,0,25
61.0504,61.0504,1,0.11974,0.11892,0.11933,0.17967,0.24205,0.28476,CLOSING,0.03619,0,25
61.0899,61.0899,1,0.13259,0.12797,0.13028,0.16239,0.24205,0.28476,CLOSED,0.07573,0,25
61.1175,61.1175,1,0.13602,0.13053,0.13327,0.1522,0.24205,0.28476,CLOSED,0.1033,0,25
61.1386,61.1386,1,0.13812,0.10991,0.12402,0.14233,0.24205,0.28476,CLOSED,0.12436,0,25
61.1731,61.1731,1,0.14093,0.08364,0.11228,0.13182,0.24205,0.28476,CLOSED,0.15889,0,25
61.2063,61.2063,1,0.13552,0.0836,0.10956,0.12403,0.24205,0.28476,CLOSED,0.1921,0,25
61.2398,61.2398,1,0.13346,0.08248,0.10797,0.11841,0.24205,0.28476,CLOSED,0.2256,0,25
61.2729,61.2729,1,0.12933,0.08218,0.10575,0.11398,0.24205,0.28476,CLOSED,0.25872,0,25
61.3059,61.3059,1,0.11109,0.08272,0.0969,,0.24205,0.28476,CLOSED,,0,25
61.3415,61.3415,1,0.10702,0.07979,0.09341,,0.24205,0.28476,CLOSED,,0,25
61.3905,61.3905,1,0.11303,0.08155,0.09729,,0.24205,0.28476,CLOSED,,0,25
61.4334,61.4334,1,0.11131,0.07939,0.09535,,0.24205,0.28476,CLOSED,,0,25
61.4588,61.4588,1,0.13236,0.09171,0.11203,0.1133,0.24205,0.28476,CLOSED,0.4446,0,25
61.4884,61.4884,1,0.1162,0.08361,0.0999,,0.24205,0.28476,CLOSED,,0,25
61.5234,61.5234,1,0.11497,0.08277,0.09887,,0.24205,0.28476,CLOSED,,0,25
61.5563,61.5563,1,0.1182,0.0897,0.10395,0.11003,0.24205,0.28476,CLOSED,0.5421,0,25
61.5899,61.5899,1,0.12189,0.09097,0.10643,0.10877,0.24205,0.28476,CLOSED,0.5757,0,25
61.6223,61.6223,1,0.21275,0.19385,0.2033,0.14185,0.24205,0.28476,CLOSED,0.60813,0,25
61.646,61.646,1,0.25596,0.23387,0.24491,0.17793,0.24205,0.28476,CLOSED,0.63176,0,25
61.6743,61.6743,1,0.27972,0.25373,0.26673,0.20901,0.24205,0.28476,CLOSED,0.66009,0,25
61.6966,61.6966,1,0.30703,0.28745,0.29724,0.23989,0.24205,0.28476,CLOSED,0.68239,0,25
61.7326,61.7326,1,0.33027,0.31786,0.32406,0.26935,0.24205,0.28476,CLOSED,0.71836,0,25
61.7661,61.7661,1,0.32217,0.30497,0.31357,0.28483,0.24205,0.28476,OPENING,0.75192,0,25
61.7995,61.7995,1,0.32013,0.30443,0.31228,0.29443,0.24205,0.28476,OPEN,0.78527,1,26
61.8391,61.8391,1,0.24781,0.20767,0.22774,0.27109,0.24205,0.28476,OPEN,,0,26
61.8665,61.8665,1,0.23239,0.18049,0.20644,0.24846,0.24205,0.28476,OPEN,,0,26
61.9004,61.9004,1,0.21052,0.16069,0.1856,0.22646,0.24205,0.28476,CLOSING,,0,26
61.9373,61.9373,1,0.18977,0.14499,0.16738,0.20578,0.24205,0.28476,CLOSING,0.0369,0,26
61.9724,61.9724,1,0.17822,0.13617,0.1572,0.18878,0.24205,0.28476,CLOSED,0.07197,0,26
62.0097,62.0097,1,0.16954,0.11003,0.13979,0.17163,0.24205,0.28476,CLOSED,0.10924,0,26
62.0337,62.0337,1,0.16648,0.10578,0.13613,0.1592,0.24205,0.28476,CLOSED,0.1333,0,26
62.071,62.071,1,0.16355,0.10158,0.13256,0.14988,0.24205,0.28476,CLOSED,0.17057,0,26
62.1018,62.1018,1,0.15863,0.09874,0.12868,0.14246,0.24205,0.28476,CLOSED,0.20141,0,26
62.1272,62.1272,1,0.15749,0.09868,0.12808,0.13743,0.24205,0.28476,CLOSED,0.2268,0,26
62.1628,62.1628,1,0.16288,0.11589,0.13938,0.13811,0.24205,0.28476,CLOSED,0.26238,0,26
62.2052,62.2052,1,0.16304,0.11724,0.14014,0.13882,0.24205,0.28476,CLOSED,0.30477,0,26
62.2399,62.2399,1,0.16493,0.10904,0.13698,0.13818,0.24205,0.28476,CLOSED,0.3395,0,26
62.271,62.271,1,0.14873,0.10092,0.12482,0.1335,0.24205,0.28476,CLOSED,0.37058,0,26
62.3018,62.3018,1,0.13944,0.09459,0.11702,0.12773,0.24205,0.28476,CLOSED,0.40137,0,26
62.3368,62.3368,1,0.13702,0.08543,0.11123,0.12196,0.24205,0.28476,CLOSED,0.43635,0,26
62.3718,62.3718,1,0.13701,0.08506,0.11103,0.11813,0.24205,0.28476,CLOSED,0.47142,0,26
62.4053,62.4053,1,0.13678,0.08536,0.11107,0.11566,0.24205,0.28476,CLOSED,0.50489,0,26
62.4377,62.4377,1,0.13743,0.09417,0.1158,0.11571,0.24205,0.28476,CLOSED,0.53725,0,26
62.4751,62.4751,1,0.14728,0.0952,0.12124,0.11765,0.24205,0.28476,CLOSED,0.57467,0,26
62.5112,62.5112,1,0.15727,0.12219,0.13973,0.12538,0.24205,0.28476,CLOSED,0.61082,0,26
62.5417,62.5417,1,0.15802,0.12737,0.14269,0.13144,0.24205,0.28476,CLOSED,0.64125,0,26
62.572,62.572,1,0.265,0.24202,0.25351,0.17416,0.24205,0.28476,CLOSED,0.67157,0,26
62.6052,62.6052,1,0.28078,0.26003,0.27041,0.20785,0.24205,0.28476,CLOSED,0.70481,0,26
62.6387,62.6387,1,0.28318,0.25123,0.2672,0.22862,0.24205,0.28476,CLOSED,0.73829,0,26
62.6695,62.6695,1,0.23211,0.167,0.19955,0.21845,0.24205,0.28476,CLOSED,0.7691,0,26
62.7052,62.7052,1,0.2092,0.13559,0.1724,0.20233,0.24205,0.28476,CLOSED,0.80483,0,26
62.7386,62.7386,1,0.1839,0.12919,0.15655,0.18631,0.24205,0.28476,CLOSED,0.83814,0,26
62.7725,62.7725,1,0.16349,0.11543,0.13946,0.16991,0.24205,0.28476,CLOSED,0.87206,0,26
62.8053,62.8053,1,0.15232,0.10729,0.1298,0.15587,0.24205,0.28476,CLOSED,0.9049,0,26
62.8298,62.8298,1,0.15708,0.122,0.13954,0.15016,0.24205,0.28476,CLOSED,0.92939,0,26
62.8645,62.8645,1,0.18371,0.14034,0.16203,0.15431,0.24205,0.28476,CLOSED,0.96409,0,26
62.893,62.893,1,0.15425,0.11497,0.13461,0.14742,0.24205,0.28476,CLOSED,0.99262,0,26
62.9278,62.9278,1,0.15265,0.10464,0.12864,0.14085,0.24205,0.28476,CLOSED,1.02742,0,26
62.9542,62.9542,1,0.17347,0.13404,0.15376,0.14536,0.24205,0.28476,CLOSED,1.05379,0,26
62.9887,62.9887,1,0.16461,0.13036,0.14748,0.14611,0.24205,0.28476,CLOSED,1.08831,0,26
63.0152,63.0152,1,0.1601,0.12769,0.1439,0.14533,0.24205,0.28476,CLOSED,1.1148,0,26
63.0708,63.0708,1,0.155,0.12428,0.13964,0.14334,0.24205,0.28476,CLOSED,1.17038,0,26
63.0987,63.0987,1,0.15619,0.12314,0.13966,0.14205,0.24205,0.28476,CLOSED,1.19826,0,26
63.148,63.148,1,0.1512,0.11213,0.13166,0.13842,0.24205,0.28476,CLOSED,1.24762,0,26
63.1821,63.1821,1,0.14831,0.10917,0.12874,0.13503,0.24205,0.28476,CLOSED,1.28167,0,26
63.2209,63.2209,1,0.14486,0.10722,0.12604,0.13188,0.24205,0.28476,CLOSED,1.32044,0,26
63.2543,63.2543,1,0.13676,0.10904,0.1229,0.12874,0.24205,0.28476,CLOSED,1.35387,0,26
63.289,63.289,1,0.12796,0.10616,0.11706,0.12465,0.24205,0.28476,CLOSED,1.38854,0,26
63.3206,63.3206,1,0.14279,0.10731,0.12505,0.12479,0.24205,0.28476,CLOSED,1.42018,0,26
63.3555,63.3555,1,0.14872,0.1079,0.12831,0.12602,0.24205,0.28476,CLOSED,1.45508,0,26
63.389,63.389,1,0.14656,0.11035,0.12846,0.12687,0.24205,0.28476,CLOSED,1.48861,0,26
63.4176,63.4176,1,0.14693,0.116,0.13146,0.12848,0.24205,0.28476,CLOSED,1.51715,0,26
63.4458,63.4458,1,0.16445,0.11969,0.14207,0.13324,0.24205,0.28476,CLOSED,1.54541,0,26
63.4865,63.4865,1,0.17296,0.11959,0.14627,0.1378,0.24205,0.28476,CLOSED,1.58606,0,26
63.5253,63.5253,1,0.1776,0.13919,0.1584,0.14501,0.24205,0.28476,CLOSED,1.62492,0,26
63.5701,63.5701,1,0.17768,0.13692,0.1573,0.14931,0.24205,0.28476,CLOSED,1.66972,0,26
63.5957,63.5957,1,0.25862,0.21792,0.23827,0.18045,0.24205,0.28476,CLOSED,1.69529,0,26
63.6304,63.6304,1,0.30028,0.25154,0.27591,0.21386,0.24205,0.28476,CLOSED,1.72998,0,26
63.6567,63.6567,1,0.35133,0.31016,0.33074,0.25477,0.24205,0.28476,CLOSED,1.75624,0,26
63.6929,63.6929,1,0.3742,0.33231,0.35325,0.28924,0.24205,0.28476,OPENING,1.79249,0,26
63.7429,63.7429,1,0.39354,0.36897,0.38125,0.32144,0.24205,0.28476,OPEN,1.8425,0,26
63.7804,63.7804,1,0.40102,0.37996,0.39049,0.34561,0.24205,0.28476,OPEN,,0,26
63.8127,63.8127,1,0.4099,0.38073,0.39531,0.36301,0.24205,0.28476,OPEN,,0,26
63.8421,63.8421,1,0.41335,0.3817,0.39753,0.37509,0.24205,0.28476,OPEN,,0,26
63.8706,63.8706,1,0.43561,0.41341,0.42451,0.39239,0.24205,0.28476,OPEN,,0,26
63.9513,63.9513,1,0.41371,0.40332,0.40851,0.39803,0.24205,0.28476,OPEN,,0,26
63.989,63.989,1,0.41732,0.39368,0.4055,0.40064,0.24205,0.28476,OPEN,,0,26
64.023,64.023,1,0.42463,0.41069,0.41766,0.4066,0.24205,0.28476,OPEN,,0,26
64.0545,64.0545,1,0.42984,0.4118,0.42082,0.41158,0.24205,0.28476,OPEN,,0,26
64.0874,64.0874,1,0.42678,0.40567,0.41622,0.4132,0.24205,0.28476,OPEN,,0,26
64.1192,64.1192,1,0.42453,0.40123,0.41288,0.41309,0.24205,0.28476,OPEN,,0,26
64.1535,64.1535,1,0.41238,0.39512,0.40375,0.40982,0.24205,0.28476,OPEN,,0,26
64.1854,64.1854,1,0.40807,0.39451,0.40129,0.40684,0.24205,0.28476,OPEN,,0,26
64.2322,64.2322,1,0.40221,0.38794,0.39507,0.40272,0.24205,0.28476,OPEN,,0,26
64.2694,64.2694,1,0.39583,0.3824,0.38912,0.39796,0.24205,0.28476,OPEN,,0,26
64.3015,64.3015,1,0.39345,0.38075,0.3871,0.39416,0.24205,0.28476,OPEN,,0,26
64.3294,64.3294,1,0.39372,0.38074,0.38723,0.39173,0.24205,0.28476,OPEN,,0,26
64.3612,64.3612,1,0.38072,0.3668,0.37376,0.38544,0.24205,0.28476,OPEN,,0,26
64.3897,64.3897,1,0.37028,0.36106,0.36567,0.37852,0.24205,0.28476,OPEN,,0,26
64.4187,64.4187,1,0.35008,0.32095,0.33552,0.36347,0.24205,0.28476,OPEN,,0,26
64.4364,64.4364,1,0.34024,0.30899,0.32462,0.34987,0.24205,0.28476,OPEN,,0,26
64.4754,64.4754,1,0.29422,0.25287,0.27355,0.32316,0.24205,0.28476,OPEN,,0,26
64.5029,64.5029,1,0.27713,0.22459,0.25086,0.29785,0.24205,0.28476,OPEN,,0,26
64.5411,64.5411,1,0.25553,0.19703,0.22628,0.2728,0.24205,0.28476,OPEN,,0,26
64.5773,64.5773,1,0.24582,0.19218,0.219,0.25397,0.24205,0.28476,OPEN,,0,26
64.6206,64.6206,1,0.24866,0.19711,0.22288,0.24309,0.24205,0.28476,OPEN,,0,26
64.6509,64.6509,1,0.24522,0.19681,0.22102,0.23536,0.24205,0.28476,CLOSING,,0,26
64.6873,64.6873,1,0.24085,0.19343,0.21714,0.22899,0.24205,0.28476,CLOSING,0.03646,0,26
64.723,64.723,1,0.22919,0.19461,0.2119,0.22301,0.24205,0.28476,CLOSED,0.07215,0,26
64.7546,64.7546,1,0.22021,0.18624,0.20323,0.21608,0.24205,0.28476,CLOSED,0.10375,0,26
64.7903,64.7903,1,0.20574,0.17887,0.19231,0.20776,0.24205,0.28476,CLOSED,0.13947,0,26
64.8253,64.8253,1,0.18229,0.19781,0.19005,0.20156,0.24205,0.28476,CLOSED,0.17443,0,26
64.8588,64.8588,1,0.17834,0.19961,0.18898,0.19716,0.24205,0.28476,CLOSED,0.20797,0,26
64.9056,64.9056,1,0.17463,0.19415,0.18439,0.19269,0.24205,0.28476,CLOSED,0.25471,0,26
64.9348,64.9348,1,0.18843,0.20004,0.19423,0.19323,0.24205,0.28476,CLOSED,0.28396,0,26
64.9882,64.9882,1,0.19109,0.19534,0.19322,0.19322,0.24205,0.28476,CLOSED,0.3373,0,26
65.0246,65.0246,1,0.18305,0.1914,0.18722,0.19112,0.24205,0.28476,CLOSED,0.37376,0,26
65.0546,65.0546,1,0.16344,0.17231,0.16787,0.18299,0.24205,0.28476,CLOSED,0.40378,0,26
65.0725,65.0725,1,0.16915,0.17027,0.16971,0.17834,0.24205,0.28476,CLOSED,0.42165,0,26
65.122,65.122,1,0.17186,0.17971,0.17579,0.17745,0.24205,0.28476,CLOSED,0.47117,0,26
65.1499,65.1499,1,0.17504,0.18319,0.17912,0.17803,0.24205,0.28476,CLOSED,0.49905,0,26
65.1861,65.1861,1,0.1372,0.14428,0.14074,0.16498,0.24205,0.28476,CLOSED,0.53527,0,26
65.2205,65.2205,1,0.13147,0.14046,0.13596,0.15482,0.24205,0.28476,CLOSED,0.5696,0,26
65.2542,65.2542,1,0.13789,0.14418,0.14104,0.15,0.24205,0.28476,CLOSED,0.60331,0,26
65.2808,65.2808,1,0.14026,0.1461,0.14318,0.14761,0.24205,0.28476,CLOSED,0.62993,0,26
65.3151,65.3151,1,0.21506,0.21016,0.21261,0.17036,0.24205,0.28476,CLOSED,0.66423,0,26
65.3522,65.3522,1,0.23547,0.2323,0.23389,0.1926,0.24205,0.28476,CLOSED,0.70135,0,26
65.3888,65.3888,1,0.30601,0.29344,0.29973,0.23009,0.24205,0.28476,CLOSED,0.73797,0,26
65.423,65.423,1,0.3367,0.31919,0.32794,0.26434,0.24205,0.28476,CLOSED,0.77209,0,26
65.4497,65.4497,1,0.41515,0.40135,0.40825,0.31471,0.24205,0.28476,OPENING,0.79886,0,26
65.4865,65.4865,1,0.43718,0.409,0.42309,0.35264,0.24205,0.28476,OPEN,0.83561,0,26
65.513,65.513,1,0.44085,0.41113,0.42599,0.37831,0.24205,0.28476,OPEN,,0,26
65.5424,65.5424,1,0.43858,0.41062,0.4246,0.39451,0.24205,0.28476,OPEN,,0,26
65.5638,65.5638,1,0.44203,0.41155,0.42679,0.40581,0.24205,0.28476,OPEN,,0,26
65.6032,65.6032,1,0.44483,0.41969,0.43226,0.41507,0.24205,0.28476,OPEN,,0,26
65.6401,65.6401,1,0.43416,0.41363,0.42389,0.41816,0.24205,0.28476,OPEN,,0,26
65.6885,65.6885,1,0.42934,0.41016,0.41975,0.41871,0.24205,0.28476,OPEN,,0,26
65.7214,65.7214,1,0.42702,0.40779,0.41741,0.41826,0.24205,0.28476,OPEN,,0,26
65.7542,65.7542,1,0.42627,0.40232,0.41429,0.41687,0.24205,0.28476,OPEN,,0,26
65.7871,65.7871,1,0.42633,0.40361,0.41497,0.4162,0.24205,0.28476,OPEN,,0,26
65.8231,65.8231,1,0.42334,0.40136,0.41235,0.41486,0.24205,0.28476,OPEN,,0,26
65.8471,65.8471,1,0.42749,0.40453,0.41601,0.41526,0.24205,0.28476,OPEN,,0,26
65.8759,65.8759,1,0.43352,0.41494,0.42423,0.4184,0.24205,0.28476,OPEN,,0,26
65.9037,65.9037,1,0.4242,0.40262,0.41341,0.41665,0.24205,0.28476,OPEN,,0,26
65.9382,65.9382,1,0.42329,0.39818,0.41074,0.41458,0.24205,0.28476,OPEN,,0,26
65.974,65.974,1,0.4229,0.40149,0.41219,0.41375,0.24205,0.28476,OPEN,,0,26
66.0079,66.0079,1,0.42588,0.40726,0.41657,0.41473,0.24205,0.28476,OPEN,,0,26
66.0377,66.0377,1,0.42616,0.40617,0.41617,0.41524,0.24205,0.28476,OPEN,,0,26
66.0588,66.0588,1,0.4259,0.40508,0.41549,0.41533,0.24205,0.28476,OPEN,,0,26
66.0925,66.0925,1,0.40674,0.38881,0.39777,0.40918,0.24205,0.28476,OPEN,,0,26
66.1203,66.1203,1,0.40186,0.38677,0.39431,0.40398,0.24205,0.28476,OPEN,,0,26
66.1533,66.1533,1,0.36338,0.34449,0.35394,0.38646,0.24205,0.28476,OPEN,,0,26
66.1697,66.1697,1,0.35025,0.32549,0.33787,0.36946,0.24205,0.28476,OPEN,,0,26
66.2205,66.2205,1,0.19426,0.19925,0.19676,0.30901,0.24205,0.28476,OPEN,,0,26
66.255,66.255,1,0.16664,0.18769,0.17716,0.26286,0.24205,0.28476,OPEN,,0,26
66.2924,66.2924,1,0.12979,0.14075,0.13527,0.21821,0.24205,0.28476,CLOSING,,0,26
66.336,66.336,1,0.11598,0.12248,0.11923,0.18357,0.24205,0.28476,CLOSING,0.04356,0,26
66.3623,66.3623,1,0.12904,0.12393,0.12649,0.16359,0.24205,0.28476,CLOSED,0.06994,0,26
66.3936,66.3936,1,0.14118,0.12754,0.13436,0.15336,0.24205,0.28476,CLOSED,0.10119,0,26
66.4259,66.4259,1,0.14504,0.13356,0.1393,0.14844,0.24205,0.28476,CLOSED,0.13349,0,26
66.4564,66.4564,1,0.1435,0.13684,0.14017,0.14554,0.24205,0.28476,CLOSED,0.16404,0,26
66.4967,66.4967,1,0.14568,0.14081,0.14325,0.14474,0.24205,0.28476,CLOSED,0.20433,0,26
66.5381,66.5381,1,0.14755,0.14333,0.14544,0.14498,0.24205,0.28476,CLOSED,0.24573,0,26
66.5742,66.5742,1,0.15684,0.1337,0.14527,0.14508,0.24205,0.28476,CLOSED,0.28175,0,26
66.6084,66.6084,1,0.18547,0.13495,0.16021,0.15038,0.24205,0.28476,CLOSED,0.31598,0,26
66.6364,66.6364,1,0.16717,0.14882,0.15799,0.15304,0.24205,0.28476,CLOSED,0.34403,0,26
66.6686,66.6686,1,0.17876,0.15937,0.16907,0.15865,0.24205,0.28476,CLOSED,0.37619,0,26
66.6996,66.6996,1,0.17172,0.15776,0.16474,0.16078,0.24205,0.28476,CLOSED,0.40718,0,26
66.7378,66.7378,1,0.17316,0.15164,0.1624,0.16135,0.24205,0.28476,CLOSED,0.44543,0,26
66.7865,66.7865,1,0.16558,0.15035,0.15796,0.16016,0.24205,0.28476,CLOSED,0.49409,0,26
66.8169,66.8169,1,0.15032,0.14217,0.14624,0.15529,0.24205,0.28476,CLOSED,0.52453,0,26
66.8457,66.8457,1,0.16207,0.11258,0.13732,0.149,0.24205,0.28476,CLOSED,0.55333,0,26
66.8808,66.8808,1,0.16873,0.10068,0.13471,0.144,0.24205,0.28476,CLOSED,0.58842,0,26
66.9096,66.9096,1,0.16292,0.10592,0.13442,0.14065,0.24205,0.28476,CLOSED,0.61715,0,26
66.9586,66.9586,1,0.16275,0.10929,0.13602,0.13903,0.24205,0.28476,CLOSED,0.66617,0,26
66.9933,66.9933,1,0.16432,0.1116,0.13796,0.13865,0.24205,0.28476,CLOSED,0.70091,0,26
67.0186,67.0186,1,0.16798,0.11237,0.14018,0.13919,0.24205,0.28476,CLOSED,0.72621,0,26
67.0466,67.0466,1,0.18012,0.13939,0.15976,0.14639,0.24205,0.28476,CLOSED,0.75421,0,26
67.0908,67.0908,1,0.18669,0.16158,0.17414,0.1561,0.24205,0.28476,CLOSED,0.7984,0,26
67.119,67.119,1,0.24461,0.21349,0.22905,0.18163,0.24205,0.28476,CLOSED,0.82663,0,26
67.1463,67.1463,1,0.28838,0.25193,0.27016,0.21262,0.24205,0.28476,CLOSED,0.85385,0,26
67.1889,67.1889,1,0.30175,0.2665,0.28413,0.23765,0.24205,0.28476,CLOSED,0.89645,0,26
67.2255,67.2255,1,0.30503,0.27049,0.28776,0.25519,0.24205,0.28476,CLOSED,0.93306,0,26
67.2698,67.2698,1,0.30624,0.26631,0.28627,0.26607,0.24205,0.28476,CLOSED,0.97741,0,26
67.3033,67.3033,1,0.30743,0.26446,0.28594,0.27302,0.24205,0.28476,CLOSED,1.01091,0,26
67.352,67.352,1,0.316,0.26209,0.28904,0.27863,0.24205,0.28476,CLOSED,1.05958,0,26
67.3896,67.3896,1,0.32209,0.26113,0.29161,0.28317,0.24205,0.28476,CLOSED,1.09718,0,26
67.4227,67.4227,1,0.32676,0.26517,0.29596,0.28765,0.24205,0.28476,OPENING,1.13027,0,26
67.4559,67.4559,1,0.32971,0.26807,0.29889,0.29158,0.24205,0.28476,OPEN,1.16354,0,26
67.4819,67.4819,1,0.33288,0.26902,0.30095,0.29486,0.24205,0.28476,OPEN,,0,26
67.5218,67.5218,1,0.33313,0.2684,0.30077,0.29693,0.24205,0.28476,OPEN,,0,26
67.5535,67.5535,1,0.34355,0.28559,0.31457,0.3031,0.24205,0.28476,OPEN,,0,26
67.6187,67.6187,1,0.35402,0.31442,0.33422,0.31399,0.24205,0.28476,OPEN,,0,26
67.6684,67.6684,1,0.36438,0.31799,0.34118,0.32351,0.24205,0.28476,OPEN,,0,26
67.7027,67.7027,1,0.36437,0.3297,0.34704,0.33174,0.24205,0.28476,OPEN,,0,26
67.7348,67.7348,1,0.36432,0.33225,0.34828,0.33753,0.24205,0.28476,OPEN,,0,26
67.7701,67.7701,1,0.34276,0.31926,0.33101,0.33525,0.24205,0.28476,OPEN,,0,26
67.802,67.802,1,0.33718,0.31424,0.32571,0.33191,0.24205,0.28476,OPEN,,0,26
67.8364,67.8364,1,0.31353,0.27867,0.2961,0.31938,0.24205,0.28476,OPEN,,0,26
67.8669,67.8669,1,0.29492,0.26557,0.28025,0.30568,0.24205,0.28476,OPEN,,0,26
67.9033,67.9033,1,0.25613,0.21397,0.23505,0.28096,0.24205,0.28476,OPEN,,0,26
67.9362,67.9362,1,0.24755,0.19752,0.22253,0.26051,0.24205,0.28476,OPEN,,0,26
67.9697,67.9697,1,0.23287,0.20203,0.21745,0.24544,0.24205,0.28476,OPEN,,0,26
68.0016,68.0016,1,0.23391,0.21147,0.22269,0.23748,0.24205,0.28476,CLOSING,,0,26
68.0316,68.0316,1,0.2196,0.19369,0.20665,0.22669,0.24205,0.28476,CLOSING,0.02997,0,26
68.0743,68.0743,1,0.21423,0.17151,0.19287,0.21485,0.24205,0.28476,CLOSED,0.07269,0,26
68.1083,68.1083,1,0.1931,0.15668,0.17489,0.20087,0.24205,0.28476,CLOSED,0.10671,0,26
68.1388,68.1388,1,0.17783,0.14579,0.16181,0.1872,0.24205,0.28476,CLOSED,0.13714,0,26
68.1702,68.1702,1,0.25184,0.23272,0.24228,0.20648,0.24205,0.28476,CLOSED,0.1686,0,26
68.2041,68.2041,1,0.27393,0.26203,0.26798,0.228,0.24205,0.28476,CLOSED,0.20248,0,26
68.242,68.242,1,0.2733,0.24587,0.25959,0.23906,0.24205,0.28476,CLOSED,0.24035,0,26
68.2829,68.2829,1,0.27296,0.23531,0.25413,0.24433,0.24205,0.28476,CLOSED,0.28132,0,26
68.3148,68.3148,1,0.28428,0.23035,0.25731,0.24888,0.24205,0.28476,CLOSED,0.31313,0,26
68.3701,68.3701,1,0.27939,0.26033,0.26986,0.25622,0.24205,0.28476,CLOSED,0.36852,0,26
68.4011,68.4011,1,0.26515,0.25212,0.25863,0.25707,0.24205,0.28476,CLOSED,0.39951,0,26
68.4291,68.4291,1,0.2609,0.2467,0.2538,0.25592,0.24205,0.28476,CLOSED,0.42751,0,26
68.4703,68.4703,1,0.27583,0.27922,0.27752,0.26348,0.24205,0.28476,CLOSED,0.46862,0,26
68.4968,68.4968,1,0.27041,0.28642,0.27842,0.26871,0.24205,0.28476,CLOSED,0.49516,0,26
68.5332,68.5332,1,0.25223,0.25168,0.25195,0.26285,0.24205,0.28476,CLOSED,0.53156,0,26
68.569,68.569,1,0.24032,0.23122,0.23577,0.25337,0.24205,0.28476,CLOSED,0.56741,0,26
68.6017,68.6017,1,0.26438,0.2519,0.25814,0.25504,0.24205,0.28476,CLOSED,0.60008,0,26
68.6375,68.6375,1,0.269,0.25056,0.25978,0.2567,0.24205,0.28476,CLOSED,0.63589,0,26
68.6647,68.6647,1,0.26708,0.249,0.25804,0.25717,0.24205,0.28476,CLOSED,0.66308,0,26
68.7032,68.7032,1,0.26228,0.24153,0.25191,0.25533,0.24205,0.28476,CLOSED,0.7016,0,26
68.7355,68.7355,1,0.28641,0.24269,0.26455,0.25856,0.24205,0.28476,CLOSED,0.73386,0,26
68.7532,68.7532,1,0.29058,0.2319,0.26124,0.2595,0.24205,0.28476,CLOSED,0.75154,0,26
68.783,68.783,1,0.31422,0.26929,0.29175,0.27079,0.24205,0.28476,CLOSED,0.78139,0,26
68.8133,68.8133,1,0.32332,0.28352,0.30342,0.28221,0.24205,0.28476,CLOSED,0.81163,0,26
68.8366,68.8366,1,0.3475,0.30841,0.32796,0.29822,0.24205,0.28476,OPENING,0.83499,0,26
68.8554,68.8554,1,0.35701,0.31451,0.33576,0.31136,0.24205,0.28476,OPEN,0.85375,0,26
68.889,68.889,1,0.38715,0.35056,0.36886,0.33148,0.24205,0.28476,OPEN,,0,26
68.9151,68.9151,1,0.40077,0.36527,0.38302,0.34952,0.24205,0.28476,OPEN,,0,26
68.9556,68.9556,1,0.41464,0.39068,0.40266,0.36812,0.24205,0.28476,OPEN,,0,26
68.9923,68.9923,1,0.42239,0.39241,0.4074,0.38187,0.24205,0.28476,OPEN,,0,26
69.0235,69.0235,1,0.41823,0.39973,0.40898,0.39136,0.24205,0.28476,OPEN,,0,26
69.0649,69.0649,1,0.41201,0.3936,0.4028,0.39536,0.24205,0.28476,OPEN,,0,26
69.0962,69.0962,1,0.38731,0.37161,0.37946,0.3898,0.24205,0.28476,OPEN,,0,26
69.1267,69.1267,1,0.38404,0.36535,0.37469,0.38451,0.24205,0.28476,OPEN,,0,26
69.1521,69.1521,1,0.28137,0.25071,0.26604,0.34305,0.24205,0.28476,OPEN,,0,26
69.1775,69.1775,1,0.26244,0.24635,0.25439,0.31202,0.24205,0.28476,OPEN,,0,26
69.2272,69.2272,1,0.21363,0.17926,0.19645,0.27157,0.24205,0.28476,OPEN,,0,26
69.2617,69.2617,1,0.19064,0.16521,0.17793,0.23879,0.24205,0.28476,CLOSING,,0,26
69.2961,69.2961,1,0.19048,0.16252,0.1765,0.21699,0.24205,0.28476,CLOSING,0.03444,0,26
69.3335,69.3335,1,0.18411,0.17233,0.17822,0.20342,0.24205,0.28476,CLOSED,0.07178,0,26
69.3646,69.3646,1,0.17893,0.19145,0.18519,0.19704,0.24205,0.28476,CLOSED,0.10294,0,26
69.3932,69.3932,1,0.16052,0.15456,0.15754,0.18322,0.24205,0.28476,CLOSED,0.1315,0,26
69.4198,69.4198,1,0.18301,0.12704,0.15503,0.17335,0.24205,0.28476,CLOSED,0.15815,0,26
69.453,69.453,1,0.18387,0.12407,0.15397,0.16657,0.24205,0.28476,CLOSED,0.19129,0,26
69.4851,69.4851,1,0.19036,0.15042,0.17039,0.16791,0.24205,0.28476,CLOSED,0.22344,0,26
69.5375,69.5375,1,0.19514,0.17561,0.18538,0.17402,0.24205,0.28476,CLOSED,0.27585,0,26
69.5643,69.5643,1,0.20246,0.18132,0.19189,0.18027,0.24205,0.28476,CLOSED,0.3026,0,26
69.5916,69.5916,1,0.19982,0.18577,0.1928,0.18466,0.24205,0.28476,CLOSED,0.32992,0,26
69.6248,69.6248,1,0.18146,0.16277,0.17211,0.18027,0.24205,0.28476,CLOSED,0.36314,0,26
69.6552,69.6552,1,0.1823,0.15618,0.16924,0.17641,0.24205,0.28476,CLOSED,0.39349,0,26
69.69,69.69,1,0.17527,0.15125,0.16326,0.17181,0.24205,0.28476,CLOSED,0.42831,0,26
69.7352,69.7352,1,0.17188,0.16485,0.16836,0.1706,0.24205,0.28476,CLOSED,0.47355,0,26
69.7669,69.7669,1,0.14918,0.12516,0.13717,0.1589,0.24205,0.28476,CLOSED,0.50519,0,26
69.8052,69.8052,1,0.15134,0.12453,0.13793,0.15156,0.24205,0.28476,CLOSED,0.54352,0,26
69.8375,69.8375,1,0.15758,0.12651,0.14205,0.14823,0.24205,0.28476,CLOSED,0.57585,0,26
69.8698,69.8698,1,0.15564,0.13484,0.14524,0.14719,0.24205,0.28476,CLOSED,0.60816,0,26
69.9031,69.9031,1,0.18173,0.14057,0.16115,0.15207,0.24205,0.28476,CLOSED,0.64141,0,26
69.9299,69.9299,1,0.17052,0.13573,0.15313,0.15244,0.24205,0.28476,CLOSED,0.66818,0,26
69.9665,69.9665,1,0.2539,0.20524,0.22957,0.17944,0.24205,0.28476,CLOSED,0.70484,0,26
70.0005,70.0005,1,0.2849,0.2321,0.2585,0.20711,0.24205,0.28476,CLOSED,0.73878,0,26
70.0353,70.0353,1,0.34235,0.29708,0.31972,0.24652,0.24205,0.28476,CLOSED,0.77359,0,26
70.0637,70.0637,1,0.36054,0.31837,0.33946,0.27905,0.24205,0.28476,CLOSED,0.802,0,26
70.0884,70.0884,1,0.37711,0.3504,0.36376,0.3087,0.24205,0.28476,OPENING,0.82675,0,26
70.1189,70.1189,1,0.38678,0.36504,0.37591,0.33222,0.24205,0.28476,OPEN,0.85724,0,26
70.1566,70.1566,1,0.40258,0.38279,0.39268,0.35338,0.24205,0.28476,OPEN,,0,26
70.1854,70.1854,1,0.40684,0.38664,0.39674,0.36856,0.24205,0.28476,OPEN,,0,26
70.2211,70.2211,1,0.40193,0.37777,0.38985,0.37601,0.24205,0.28476,OPEN,,0,26
70.249,70.249,1,0.40352,0.37476,0.38914,0.38061,0.24205,0.28476,OPEN,,0,26
70.2999,70.2999,1,0.40329,0.38144,0.39237,0.38472,0.24205,0.28476,OPEN,,0,26
70.3523,70.3523,1,0.40479,0.38323,0.39401,0.38797,0.24205,0.28476,OPEN,,0,26
70.3903,70.3903,1,0.37859,0.35285,0.36572,0.38018,0.24205,0.28476,OPEN,,0,26
70.4292,70.4292,1,0.34767,0.31775,0.33271,0.36357,0.24205,0.28476,OPEN,,0,26
70.4699,70.4699,1,0.28596,0.26052,0.27324,0.33195,0.24205,0.28476,OPEN,,0,26
70.5065,70.5065,1,0.25994,0.2368,0.24837,0.3027,0.24205,0.28476,OPEN,,0,26
70.5377,70.5377,1,0.23028,0.21915,0.22471,0.2754,0.24205,0.28476,OPEN,,0,26
70.5691,70.5691,1,0.21408,0.21106,0.21257,0.25341,0.24205,0.28476,OPEN,,0,26
70.6013,70.6013,1,0.20694,0.20465,0.2058,0.23675,0.24205,0.28476,CLOSING,,0,26
70.6393,70.6393,1,0.20114,0.19914,0.20014,0.22393,0.24205,0.28476,CLOSING,0.03795,0,26
70.672,70.672,1,0.19703,0.18951,0.19327,0.2132,0.24205,0.28476,CLOSED,0.07064,0,26
70.7034,70.7034,1,0.18895,0.1805,0.18472,0.20323,0.24205,0.28476,CLOSED,0.10205,0,26
70.734,70.734,1,0.19798,0.19489,0.19644,0.20086,0.24205,0.28476,CLOSED,0.13273,0,26
70.7615,70.7615,1,0.20383,0.20119,0.20251,0.20143,0.24205,0.28476,CLOSED,0.16018,0,26
70.801,70.801,1,0.18005,0.20254,0.1913,0.19789,0.24205,0.28476,CLOSED,0.19965,0,26
70.8265,70.8265,1,0.17184,0.19151,0.18168,0.19221,0.24205,0.28476,CLOSED,0.22518,0,26
70.8682,70.8682,1,0.18953,0.17794,0.18373,0.18924,0.24205,0.28476,CLOSED,0.26693,0,26
70.8966,70.8966,1,0.19126,0.17811,0.18469,0.18765,0.24205,0.28476,CLOSED,0.29531,0,26
70.9324,70.9324,1,0.18796,0.17058,0.17927,0.18472,0.24205,0.28476,CLOSED,0.33105,0,26
70.967,70.967,1,0.18511,0.16706,0.17609,0.1817,0.24205,0.28476,CLOSED,0.36567,0,26
70.9984,70.9984,1,0.2037,0.17855,0.19112,0.185,0.24205,0.28476,CLOSED,0.39712,0,26
71.0347,71.0347,1,0.22057,0.18948,0.20502,0.192,0.24205,0.28476,CLOSED,0.43342,0,26
71.073,71.073,1,0.21346,0.1707,0.19208,0.19203,0.24205,0.28476,CLOSED,0.47171,0,26
71.1113,71.1113,1,0.20124,0.17384,0.18754,0.19046,0.24205,0.28476,CLOSED,0.50996,0,26
71.137,71.137,1,0.20889,0.18008,0.19448,0.19187,0.24205,0.28476,CLOSED,0.53568,0,26
71.1688,71.1688,1,0.1981,0.17402,0.18606,0.18984,0.24205,0.28476,CLOSED,0.56754,0,26
71.2036,71.2036,1,0.15739,0.14604,0.15171,0.17649,0.24205,0.28476,CLOSED,0.60224,0,26
71.2424,71.2424,1,0.14277,0.13315,0.13796,0.16301,0.24205,0.28476,CLOSED,0.64107,0,26
71.2861,71.2861,1,0.14615,0.14401,0.14508,0.15673,0.24205,0.28476,CLOSED,0.68478,0,26
71.3185,71.3185,1,0.17512,0.14787,0.16149,0.1584,0.24205,0.28476,CLOSED,0.71719,0,26
71.3515,71.3515,1,0.27477,0.2157,0.24524,0.18879,0.24205,0.28476,CLOSED,0.75015,0,26
71.4005,71.4005,1,0.32263,0.25246,0.28754,0.22336,0.24205,0.28476,CLOSED,0.79924,0,26
71.4336,71.4336,1,0.38308,0.37676,0.37992,0.27815,0.24205,0.28476,CLOSED,0.83232,0,26
71.5027,71.5027,1,0.40185,0.38762,0.39474,0.31896,0.24205,0.28476,OPENING,0.9014,0,26
71.5362,71.5362,1,0.40933,0.39342,0.40138,0.3478,0.24205,0.28476,OPEN,0.93488,0,26
71.5855,71.5855,1,0.42915,0.40475,0.41695,0.37201,0.24205,0.28476,OPEN,,0,26
71.6212,71.6212,1,0.43785,0.40842,0.42313,0.3899,0.24205,0.28476,OPEN,,0,26
71.6687,71.6687,1,0.45468,0.40724,0.43096,0.40427,0.24205,0.28476,OPEN,,0,26
71.7053,71.7053,1,0.46071,0.40884,0.43478,0.41495,0.24205,0.28476,OPEN,,0,26
71.7442,71.7442,1,0.45619,0.41251,0.43435,0.42174,0.24205,0.28476,OPEN,,0,26
71.7794,71.7794,1,0.45029,0.4174,0.43384,0.42598,0.24205,0.28476,OPEN,,0,26
71.8352,71.8352,1,0.44702,0.41659,0.43181,0.42802,0.24205,0.28476,OPEN,,0,26
71.8989,71.8989,1,0.42803,0.39638,0.41221,0.42248,0.24205,0.28476,OPEN,,0,26
71.9344,71.9344,1,0.41626,0.38252,0.39939,0.4144,0.24205,0.28476,OPEN,,0,26
71.9688,71.9688,1,0.34579,0.29646,0.32112,0.38175,0.24205,0.28476,OPEN,,0,26
71.9977,71.9977,1,0.31591,0.26928,0.29259,0.35055,0.24205,0.28476,OPEN,,0,26
72.0351,72.0351,1,0.2463,0.18235,0.21432,0.30287,0.24205,0.28476,OPEN,,0,26
72.0587,72.0587,1,0.20734,0.157,0.18217,0.26063,0.24205,0.28476,OPEN,,0,26
72.0948,72.0948,1,0.18743,0.1457,0.16656,0.2277,0.24205,0.28476,CLOSING,,0,26
72.1254,72.1254,1,0.17704,0.14072,0.15888,0.20362,0.24205,0.28476,CLOSING,0.03054,0,26
72.1544,72.1544,1,0.15213,0.11565,0.13389,0.17921,0.24205,0.28476,CLOSED,0.05953,0,26
72.1728,72.1728,1,0.1389,0.10599,0.12244,0.15934,0.24205,0.28476,CLOSED,0.07793,0,26
72.1988,72.1988,1,0.13008,0.10379,0.11694,0.1445,0.24205,0.28476,CLOSED,0.10401,0,26
72.2392,72.2392,1,0.14373,0.11193,0.12783,0.13867,0.24205,0.28476,CLOSED,0.14435,0,26
72.2974,72.2974,1,0.16129,0.11873,0.14001,0.13914,0.24205,0.28476,CLOSED,0.20256,0,26
72.3318,72.3318,1,0.18412,0.14565,0.16489,0.14815,0.24205,0.28476,CLOSED,0.23695,0,26
72.365,72.365,1,0.17937,0.14949,0.16443,0.15385,0.24205,0.28476,CLOSED,0.27021,0,26
72.3999,72.3999,1,0.17994,0.15101,0.16547,0.15792,0.24205,0.28476,CLOSED,0.3051,0,26
72.4275,72.4275,1,0.18319,0.15235,0.16777,0.16137,0.24205,0.28476,CLOSED,0.33267,0,26
72.4659,72.4659,1,0.18933,0.15343,0.17138,0.16487,0.24205,0.28476,CLOSED,0.37109,0,26
72.4982,72.4982,1,0.19622,0.16208,0.17915,0.16987,0.24205,0.28476,CLOSED,0.40335,0,26
72.5248,72.5248,1,0.19793,0.16902,0.18348,0.17463,0.24205,0.28476,CLOSED,0.42993,0,26
72.5601,72.5601,1,0.19745,0.17398,0.18571,0.17851,0.24205,0.28476,CLOSED,0.46529,0,26
72.5891,72.5891,1,0.21567,0.18575,0.20071,0.18628,0.24205,0.28476,CLOSED,0.49431,0,26
72.6198,72.6198,1,0.2132,0.17929,0.19625,0.18977,0.24205,0.28476,CLOSED,0.52493,0,26
72.6515,72.6515,1,0.2267,0.18016,0.20343,0.19455,0.24205,0.28476,CLOSED,0.55664,0,26
72.7004,72.7004,1,0.28776,0.25312,0.27044,0.22111,0.24205,0.28476,CLOSED,0.60553,0,26
72.7332,72.7332,1,0.31996,0.28475,0.30235,0.24955,0.24205,0.28476,CLOSED,0.6384,0,26
72.7646,72.7646,1,0.35418,0.32627,0.34022,0.28128,0.24205,0.28476,CLOSED,0.66973,0,26
72.7849,72.7849,1,0.36367,0.33866,0.35116,0.30574,0.24205,0.28476,OPENING,0.69002,0,26
72.8265,72.8265,1,0.3911,0.38741,0.38926,0.33497,0.24205,0.28476,OPEN,0.73166,1,27
72.8592,72.8592,1,0.40252,0.40398,0.40325,0.35887,0.24205,0.28476,OPEN,,0,27
72.8893,72.8893,1,0.41438,0.40861,0.41149,0.37729,0.24205,0.28476,OPEN,,0,27
72.914,72.914,1,0.417,0.40591,0.41146,0.38925,0.24205,0.28476,OPEN,,0,27
72.9415,72.9415,1,0.41262,0.40073,0.40668,0.39535,0.24205,0.28476,OPEN,,0,27
72.9742,72.9742,1,0.40897,0.39572,0.40235,0.3978,0.24205,0.28476,OPEN,,0,27
72.9975,72.9975,1,0.40798,0.39321,0.4006,0.39878,0.24205,0.28476,OPEN,,0,27
73.0351,73.0351,1,0.4091,0.39434,0.40172,0.39981,0.24205,0.28476,OPEN,,0,27
73.1,73.1,1,0.37176,0.36506,0.36841,0.38882,0.24205,0.28476,OPEN,,0,27
73.1349,73.1349,1,0.36807,0.3605,0.36429,0.38023,0.24205,0.28476,OPEN,,0,27
73.1671,73.1671,1,0.27445,0.26252,0.26849,0.34112,0.24205,0.28476,OPEN,,0,27
73.1846,73.1846,1,0.23916,0.23184,0.2355,0.30415,0.24205,0.28476,OPEN,,0,27
73.2293,73.2293,1,0.20149,0.15472,0.17811,0.26004,0.24205,0.28476,OPEN,,0,27
73.2588,73.2588,1,0.17984,0.14249,0.16116,0.22543,0.24205,0.28476,CLOSING,,0,27
73.2895,73.2895,1,0.16954,0.14746,0.1585,0.202,0.24205,0.28476,CLOSING,0.03068,0,27
73.3336,73.3336,1,0.17246,0.16189,0.16717,0.18981,0.24205,0.28476,CLOSED,0.07478,0,27
73.3678,73.3678,1,0.17168,0.16914,0.17041,0.18302,0.24205,0.28476,CLOSED,0.10899,0,27
73.3998,73.3998,1,0.12382,0.1382,0.13101,0.16482,0.24205,0.28476,CLOSED,0.14102,0,27
73.4295,73.4295,1,0.13776,0.12455,0.13115,0.15304,0.24205,0.28476,CLOSED,0.17067,0,27
73.4667,73.4667,1,0.14513,0.11948,0.1323,0.14578,0.24205,0.28476,CLOSED,0.20791,0,27
73.4966,73.4966,1,0.14669,0.09622,0.12146,0.13727,0.24205,0.28476,CLOSED,0.23776,0,27
73.5422,73.5422,1,0.15136,0.09686,0.12411,0.13266,0.24205,0.28476,CLOSED,0.2834,0,27
73.5717,73.5717,1,0.12501,0.09632,0.11067,0.12496,0.24205,0.28476,CLOSED,0.31295,0,27
73.6006,73.6006,1,0.1103,0.10174,0.10602,0.11833,0.24205,0.28476,CLOSED,0.34184,0,27
73.6329,73.6329,1,0.11991,0.10556,0.11274,0.11637,0.24205,0.28476,CLOSED,0.3741,0,27
73.6685,73.6685,1,0.12519,0.1119,0.11854,0.11713,0.24205,0.28476,CLOSED,0.40966,0,27
73.7007,73.7007,1,0.12984,0.11459,0.12222,0.11891,0.24205,0.28476,CLOSED,0.44193,0,27
73.7336,73.7336,1,0.15031,0.12768,0.139,0.12594,0.24205,0.28476,CLOSED,0.47483,0,27
73.767,73.767,1,0.16597,0.1376,0.15179,0.13499,0.24205,0.28476,CLOSED,0.50822,0,27
73.804,73.804,1,0.18543,0.15599,0.17071,0.14749,0.24205,0.28476,CLOSED,0.54524,0,27
73.8354,73.8354,1,0.17905,0.15473,0.16689,0.15428,0.24205,0.28476,CLOSED,0.57658,0,27
73.8672,73.8672,1,0.25688,0.22677,0.24183,0.18492,0.24205,0.28476,CLOSED,0.60842,0,27
73.9026,73.9026,1,0.31423,0.27539,0.29481,0.22338,0.24205,0.28476,CLOSED,0.64378,0,27
73.9323,73.9323,1,0.33693,0.29569,0.31631,0.25591,0.24205,0.28476,CLOSED,0.67354,0,27
73.9691,73.9691,1,0.35468,0.32151,0.3381,0.28467,0.24205,0.28476,CLOSED,0.71032,0,27
74.0039,74.0039,1,0.36824,0.32963,0.34893,0.30716,0.24205,0.28476,OPENING,0.74507,0,27
74.0392,74.0392,1,0.40167,0.36315,0.38241,0.3335,0.24205,0.28476,OPEN,0.78041,1,28
74.0844,74.0844,1,0.41547,0.37845,0.39696,0.35571,0.24205,0.28476,OPEN,,0,28
74.1168,74.1168,1,0.41775,0.38193,0.39984,0.37116,0.24205,0.28476,OPEN,,0,28
74.1579,74.1579,1,0.41571,0.37311,0.39441,0.37929,0.24205,0.28476,OPEN,,0,28
74.1839,74.1839,1,0.41799,0.37199,0.39499,0.38479,0.24205,0.28476,OPEN,,0,28
74.2149,74.2149,1,0.40214,0.36337,0.38275,0.38408,0.24205,0.28476,OPEN,,0,28
74.2414,74.2414,1,0.39934,0.36188,0.38061,0.38286,0.24205,0.28476,OPEN,,0,28
74.2756,74.2756,1,0.38778,0.35462,0.3712,0.37878,0.24205,0.28476,OPEN,,0,28
74.3165,74.3165,1,0.33879,0.27526,0.30702,0.35367,0.24205,0.28476,OPEN,,0,28
74.3388,74.3388,1,0.32339,0.25641,0.2899,0.33135,0.24205,0.28476,OPEN,,0,28
74.3816,74.3816,1,0.28573,0.19417,0.23995,0.29936,0.24205,0.28476,OPEN,,0,28
74.4117,74.4117,1,0.26887,0.18625,0.22756,0.27423,0.24205,0.28476,OPEN,,0,28
74.466,74.466,1,0.24747,0.16344,0.20545,0.25016,0.24205,0.28476,OPEN,,0,28
74.4988,74.4988,1,0.23967,0.16238,0.20102,0.23296,0.24205,0.28476,CLOSING,,0,28
74.5345,74.5345,1,0.23186,0.1603,0.19608,0.22005,0.24205,0.28476,CLOSING,0.03571,0,28
74.5689,74.5689,1,0.2124,0.16061,0.18651,0.20831,0.24205,0.28476,CLOSED,0.07009,0,28
74.6049,74.6049,1,0.20233,0.16103,0.18168,0.19899,0.24205,0.28476,CLOSED,0.10611,0,28
74.6355,74.6355,1,0.18923,0.14768,0.16845,0.1883,0.24205,0.28476,CLOSED,0.13675,0,28
74.6698,74.6698,1,0.1837,0.14329,0.16349,0.17962,0.24205,0.28476,CLOSED,0.17104,0,28
74.6979,74.6979,1,0.21635,0.1744,0.19537,0.18513,0.24205,0.28476,CLOSED,0.19917,0,28
74.7329,74.7329,1,0.21785,0.17369,0.19577,0.18886,0.24205,0.28476,CLOSED,0.2341,0,28
74.7659,74.7659,1,0.21644,0.17826,0.19735,0.19183,0.24205,0.28476,CLOSED,0.26715,0,28
74.8427,74.8427,1,0.13903,0.13574,0.13739,0.17278,0.24205,0.28476,CLOSED,0.34392,0,28
74.8825,74.8825,1,0.12481,0.12941,0.12711,0.15679,0.24205,0.28476,CLOSED,0.38379,0,28
74.9225,74.9225,1,0.11692,0.11954,0.11823,0.1433,0.24205,0.28476,CLOSED,0.42378,0,28
74.966,74.966,1,0.10664,0.10895,0.10779,0.13087,0.24205,0.28476,CLOSED,0.46722,0,28
75.0009,75.0009,1,0.11783,0.12157,0.1197,0.12696,0.24205,0.28476,CLOSED,0.50215,0,28
75.0302,75.0302,1,0.13513,0.1264,0.13076,0.12829,0.24205,0.28476,CLOSED,0.53148,0,28
75.0591,75.0591,1,0.2261,0.17591,0.201,0.15374,0.24205,0.28476,CLOSED,0.56038,0,28
75.1004,75.1004,1,0.31929,0.26931,0.2943,0.20294,0.24205,0.28476,CLOSED,0.60165,0,28
75.1272,75.1272,1,0.35386,0.30088,0.32737,0.24649,0.24205,0.28476,CLOSED,0.62843,0,28
75.1647,75.1647,1,0.35644,0.31348,0.33496,0.27745,0.24205,0.28476,CLOSED,0.66598,0,28
75.194,75.194,1,0.36305,0.32418,0.34361,0.30061,0.24205,0.28476,OPENING,0.69525,0,28
75.2332,75.2332,1,0.36764,0.32704,0.34734,0.31697,0.24205,0.28476,OPEN,0.73443,1,29
75.262,75.262,1,0.39191,0.33346,0.36269,0.33297,0.24205,0.28476,OPEN,,0,29
75.2994,75.2994,1,0.40204,0.34136,0.3717,0.34653,0.24205,0.28476,OPEN,,0,29
75.334,75.334,1,0.3192,0.31502,0.31711,0.33623,0.24205,0.28476,OPEN,,0,29
75.3739,75.3739,1,0.27541,0.26014,0.26778,0.31227,0.24205,0.28476,OPEN,,0,29
75.4173,75.4173,1,0.35602,0.32229,0.33915,0.32168,0.24205,0.28476,OPEN,,0,29
75.4474,75.4474,1,0.37672,0.34544,0.36108,0.33547,0.24205,0.28476,OPEN,,0,29
75.4843,75.4843,1,0.35617,0.31418,0.33517,0.33537,0.24205,0.28476,OPEN,,0,29
75.5235,75.5235,1,0.36475,0.2972,0.33097,0.33383,0.24205,0.28476,OPEN,,0,29
75.5608,75.5608,1,0.36333,0.28843,0.32588,0.33105,0.24205,0.28476,OPEN,,0,29
75.6059,75.6059,1,0.29745,0.24788,0.27267,0.31061,0.24205,0.28476,OPEN,,0,29
75.632,75.632,1,0.28241,0.2393,0.26086,0.2932,0.24205,0.28476,OPEN,,0,29
75.6553,75.6553,1,0.27866,0.24899,0.26382,0.28292,0.24205,0.28476,OPEN,,0,29
75.6816,75.6816,1,0.32656,0.27017,0.29836,0.28832,0.24205,0.28476,OPEN,,0,29
75.7165,75.7165,1,0.34115,0.29023,0.31569,0.2979,0.24205,0.28476,OPEN,,0,29
75.748,75.748,1,0.32994,0.28055,0.30524,0.30047,0.24205,0.28476,OPEN,,0,29
75.7844,75.7844,1,0.31844,0.27767,0.29806,0.29963,0.24205,0.28476,OPEN,,0,29
75.8218,75.8218,1,0.31334,0.23503,0.27419,0.29072,0.24205,0.28476,OPEN,,0,29
75.8498,75.8498,1,0.31301,0.25526,0.28413,0.28842,0.24205,0.28476,OPEN,,0,29
75.8819,75.8819,1,0.3259,0.26229,0.29409,0.2904,0.24205,0.28476,OPEN,,0,29
75.9124,75.9124,1,0.33055,0.26792,0.29924,0.29349,0.24205,0.28476,OPEN,,0,29
75.9328,75.9328,1,0.33457,0.27261,0.30359,0.29703,0.24205,0.28476,OPEN,,0,29
75.9497,75.9497,1,0.33576,0.27536,0.30556,0.30001,0.24205,0.28476,OPEN,,0,29
75.9767,75.9767,1,0.33666,0.27773,0.30719,0.30253,0.24205,0.28476,OPEN,,0,29
75.9986,75.9986,1,0.34254,0.2851,0.31382,0.30648,0.24205,0.28476,OPEN,,0,29
76.0439,76.0439,1,0.3612,0.30942,0.33531,0.31657,0.24205,0.28476,OPEN,,0,29
76.0743,76.0743,1,0.36451,0.31143,0.33797,0.32406,0.24205,0.28476,OPEN,,0,29
76.1055,76.1055,1,0.35624,0.30579,0.33102,0.32649,0.24205,0.28476,OPEN,,0,29
76.1271,76.1271,1,0.35483,0.3058,0.33032,0.32783,0.24205,0.28476,OPEN,,0,29
76.1746,76.1746,1,0.35956,0.33187,0.34571,0.33409,0.24205,0.28476,OPEN,,0,29
76.1986,76.1986,1,0.36334,0.32939,0.34636,0.33839,0.24205,0.28476,OPEN,,0,29
76.2339,76.2339,1,0.39202,0.34146,0.36674,0.34831,0.24205,0.28476,OPEN,,0,29
76.2981,76.2981,1,0.40121,0.35442,0.37782,0.35864,0.24205,0.28476,OPEN,,0,29
76.3318,76.3318,1,0.40315,0.35784,0.3805,0.36629,0.24205,0.28476,OPEN,,0,29
76.3646,76.3646,1,0.40296,0.3618,0.38238,0.37192,0.24205,0.28476,OPEN,,0,29
76.3994,76.3994,1,0.41075,0.36505,0.3879,0.37751,0.24205,0.28476,OPEN,,0,29
76.4323,76.4323,1,0.4137,0.36592,0.38981,0.38182,0.24205,0.28476,OPEN,,0,29
76.4663,76.4663,1,0.41813,0.369,0.39356,0.38593,0.24205,0.28476,OPEN,,0,29
76.4964,76.4964,1,0.41804,0.37254,0.39529,0.38921,0.24205,0.28476,OPEN,,0,29
76.5185,76.5185,1,0.42642,0.38296,0.40469,0.39462,0.24205,0.28476,OPEN,,0,29
76.5366,76.5366,1,0.42367,0.38541,0.40454,0.39809,0.24205,0.28476,OPEN,,0,29
76.5704,76.5704,1,0.41679,0.38993,0.40336,0.39994,0.24205,0.28476,OPEN,,0,29
76.6148,76.6148,1,0.41044,0.38886,0.39965,0.39984,0.24205,0.28476,OPEN,,0,29
76.6552,76.6552,1,0.4024,0.38288,0.39264,0.39732,0.24205,0.28476,OPEN,,0,29
76.6862,76.6862,1,0.39679,0.37594,0.38636,0.39348,0.24205,0.28476,OPEN,,0,29
76.7169,76.7169,1,0.38316,0.36446,0.37381,0.3866,0.24205,0.28476,OPEN,,0,29
76.7486,76.7486,1,0.37399,0.34627,0.36013,0.37733,0.24205,0.28476,OPEN,,0,29
76.7774,76.7774,1,0.35609,0.32249,0.33929,0.36402,0.24205,0.28476,OPEN,,0,29
76.8078,76.8078,1,0.33789,0.29829,0.31809,0.34794,0.24205,0.28476,OPEN,,0,29
76.8429,76.8429,1,0.32204,0.2924,0.30722,0.33369,0.24205,0.28476,OPEN,,0,29
76.8798,76.8798,1,0.31081,0.28687,0.29884,0.32149,0.24205,0.28476,OPEN,,0,29
76.9164,76.9164,1,0.29508,0.26406,0.27957,0.30682,0.24205,0.28476,OPEN,,0,29
76.9497,76.9497,1,0.28873,0.2377,0.26321,0.29156,0.24205,0.28476,OPEN,,0,29
76.9816,76.9816,1,0.27846,0.22679,0.25263,0.27793,0.24205,0.28476,OPEN,,0,29
77.0085,77.0085,1,0.26723,0.20947,0.23835,0.26408,0.24205,0.28476,OPEN,,0,29
77.0479,77.0479,1,0.27103,0.20179,0.23641,0.25439,0.24205,0.28476,OPEN,,0,29
77.0847,77.0847,1,0.27268,0.2123,0.24249,0.25023,0.24205,0.28476,OPEN,,0,29
77.1201,77.1201,1,0.27607,0.21909,0.24758,0.2493,0.24205,0.28476,OPEN,,0,29
77.151,77.151,1,0.28038,0.22628,0.25333,0.25071,0.24205,0.28476,OPEN,,0,29
77.186,77.186,1,0.28134,0.24717,0.26426,0.25545,0.24205,0.28476,OPEN,,0,29
77.2329,77.2329,1,0.28203,0.23624,0.25913,0.25674,0.24205,0.28476,OPEN,,0,29
77.2623,77.2623,1,0.29612,0.25447,0.27529,0.26323,0.24205,0.28476,OPEN,,0,29
77.2968,77.2968,1,0.30564,0.26208,0.28386,0.27045,0.24205,0.28476,OPEN,,0,29
77.3486,77.3486,1,0.17295,0.20545,0.1892,0.24201,0.24205,0.28476,CLOSING,,0,29
77.3697,77.3697,1,0.15569,0.19656,0.17613,0.21895,0.24205,0.28476,CLOSING,0.02105,0,29
77.4078,77.4078,1,0.06385,0.10012,0.08198,,0.24205,0.28476,CLOSING,,0,29
77.4476,77.4476,1,0.04705,0.07816,0.0626,,0.24205,0.28476,CLOSING,,0,29
77.4778,77.4778,1,0.0517,0.09105,0.07138,,0.24205,0.28476,CLOSING,,0,29
77.5133,77.5133,1,0.0591,0.0827,0.0709,,0.24205,0.28476,CLOSING,,0,29
77.549,77.549,1,0.11704,0.12538,0.12121,0.18474,0.24205,0.28476,CLOSED,0.2004,0,29
77.576,77.576,1,0.12849,0.12262,0.12556,0.16403,0.24205,0.28476,CLOSED,0.22738,0,29
77.6155,77.6155,1,0.22774,0.21485,0.2213,0.18407,0.24205,0.28476,CLOSED,0.26688,0,29
77.6483,77.6483,1,0.25883,0.2312,0.24501,0.2054,0.24205,0.28476,CLOSED,0.29973,0,29
77.6719,77.6719,1,0.27514,0.28805,0.2816,0.23207,0.24205,0.28476,CLOSED,0.32326,0,29
77.7045,77.7045,1,0.27927,0.3071,0.29319,0.25346,0.24205,0.28476,CLOSED,0.35587,0,29
77.7391,77.7391,1,0.31236,0.32349,0.31793,0.27602,0.24205,0.28476,CLOSED,0.39045,0,29
77.7787,77.7787,1,0.34346,0.32683,0.33514,0.29672,0.24205,0.28476,OPENING,0.43009,0,29
77.8138,77.8138,1,0.30398,0.26324,0.28361,0.29213,0.24205,0.28476,OPEN,0.46515,1,30
77.8449,77.8449,1,0.26529,0.22321,0.24425,0.27537,0.24205,0.28476,OPEN,,0,30
77.8813,77.8813,1,0.33473,0.30934,0.32204,0.2917,0.24205,0.28476,OPEN,,0,30
77.9131,77.9131,1,0.35228,0.32558,0.33893,0.30823,0.24205,0.28476,OPEN,,0,30
77.9463,77.9463,1,0.29566,0.29041,0.29304,0.30292,0.24205,0.28476,OPEN,,0,30
77.972,77.972,1,0.29349,0.27675,0.28512,0.29669,0.24205,0.28476,OPEN,,0,30
78.0159,78.0159,1,0.27176,0.26384,0.2678,0.28658,0.24205,0.28476,OPEN,,0,30
78.0673,78.0673,1,0.24865,0.23739,0.24302,0.27133,0.24205,0.28476,OPEN,,0,30
78.1088,78.1088,1,0.32155,0.30501,0.31328,0.28601,0.24205,0.28476,OPEN,,0,30
78.1711,78.1711,1,0.23993,0.19565,0.21779,0.26213,0.24205,0.28476,OPEN,,0,30
78.1986,78.1986,1,0.22583,0.21557,0.2207,0.24763,0.24205,0.28476,OPEN,,0,30
78.2575,78.2575,1,0.30277,0.25251,0.27764,0.25814,0.24205,0.28476,OPEN,,0,30
78.2834,78.2834,1,0.32554,0.27547,0.30051,0.27297,0.24205,0.28476,OPEN,,0,30
78.3148,78.3148,1,0.33852,0.29773,0.31813,0.28877,0.24205,0.28476,OPEN,,0,30
78.3465,78.3465,1,0.35375,0.29808,0.32592,0.30177,0.24205,0.28476,OPEN,,0,30
78.3813,78.3813,1,0.37152,0.33477,0.35314,0.31975,0.24205,0.28476,OPEN,,0,30
78.4056,78.4056,1,0.36794,0.33343,0.35068,0.33058,0.24205,0.28476,OPEN,,0,30
78.4491,78.4491,1,0.36438,0.34511,0.35475,0.33904,0.24205,0.28476,OPEN,,0,30
78.4821,78.4821,1,0.37014,0.35256,0.36135,0.34685,0.24205,0.28476,OPEN,,0,30
78.5159,78.5159,1,0.36201,0.35179,0.3569,0.35037,0.24205,0.28476,OPEN,,0,30
78.5361,78.5361,1,0.35909,0.36096,0.36003,0.35375,0.24205,0.28476,OPEN,,0,30
78.5875,78.5875,1,0.28504,0.25771,0.27138,0.32492,0.24205,0.28476,OPEN,,0,30
78.6188,78.6188,1,0.27899,0.243,0.261,0.30254,0.24205,0.28476,OPEN,,0,30
78.6509,78.6509,1,0.27681,0.23975,0.25828,0.28705,0.24205,0.28476,OPEN,,0,30
78.666,78.666,1,0.28217,0.24881,0.26549,0.27951,0.24205,0.28476,OPEN,,0,30
78.7149,78.7149,1,0.30164,0.25698,0.27931,0.27944,0.24205,0.28476,OPEN,,0,30
78.749,78.749,1,0.31445,0.25857,0.28651,0.28191,0.24205,0.28476,OPEN,,0,30
78.7811,78.7811,1,0.34464,0.30416,0.3244,0.29678,0.24205,0.28476,OPEN,,0,30
78.7987,78.7987,1,0.36532,0.32859,0.34695,0.31434,0.24205,0.28476,OPEN,,0,30
78.8416,78.8416,1,0.3632,0.33548,0.34934,0.32659,0.24205,0.28476,OPEN,,0,30
78.8643,78.8643,1,0.36215,0.34029,0.35122,0.33521,0.24205,0.28476,OPEN,,0,30
78.9114,78.9114,1,0.35504,0.32905,0.34205,0.3376,0.24205,0.28476,OPEN,,0,30
78.9478,78.9478,1,0.35047,0.31832,0.33439,0.33648,0.24205,0.28476,OPEN,,0,30
78.9864,78.9864,1,0.34749,0.31602,0.33176,0.33483,0.24205,0.28476,OPEN,,0,30
79.0148,79.0148,1,0.34745,0.31623,0.33184,0.33378,0.24205,0.28476,OPEN,,0,30
79.0529,79.0529,1,0.3445,0.31738,0.33094,0.33279,0.24205,0.28476,OPEN,,0,30
79.0843,79.0843,1,0.34218,0.32042,0.3313,0.33227,0.24205,0.28476,OPEN,,0,30
79.1146,79.1146,1,0.34273,0.32087,0.3318,0.3321,0.24205,0.28476,OPEN,,0,30
79.1472,79.1472,1,0.34442,0.32286,0.33364,0.33264,0.24205,0.28476,OPEN,,0,30
79.1846,79.1846,1,0.20096,0.16979,0.18537,0.2811,0.24205,0.28476,OPEN,,0,30
79.2133,79.2133,1,0.14301,0.1264,0.13471,0.22986,0.24205,0.28476,CLOSING,,0,30
79.2466,79.2466,1,0.05278,0.0637,0.05824,,0.24205,0.28476,CLOSING,,0,30
79.2822,79.2822,1,0.01833,0.04162,0.02997,,0.24205,0.28476,CLOSING,,0,30
79.3152,79.3152,1,0.0336,0.04169,0.03764,,0.24205,0.28476,CLOSING,,0,30
79.348,79.348,1,0.02215,0.04202,0.03208,,0.24205,0.28476,CLOSING,,0,30
79.3949,79.3949,1,0.05133,0.07949,0.06541,,0.24205,0.28476,CLOSING,,0,30
79.4412,79.4412,1,0.0592,0.08821,0.07371,,0.24205,0.28476,CLOSING,,0,30
79.4731,79.4731,1,0.06752,0.09807,0.08279,,0.24205,0.28476,CLOSING,,0,30
79.4978,79.4978,1,0.07254,0.10332,0.08793,,0.24205,0.28476,CLOSING,,0,30
79.5313,79.5313,1,0.11479,0.11748,0.11614,0.19006,0.24205,0.28476,CLOSED,0.318,0,30
79.5647,79.5647,1,0.15181,0.14395,0.14788,0.1753,0.24205,0.28476,CLOSED,0.35142,0,30
79.591,79.591,1,0.16823,0.16005,0.16414,0.17139,0.24205,0.28476,CLOSED,0.3777,0,30
79.6214,79.6214,1,0.1819,0.17072,0.17631,0.17311,0.24205,0.28476,CLOSED,0.40812,0,30
79.6641,79.6641,1,0.23158,0.2085,0.22004,0.18954,0.24205,0.28476,CLOSED,0.45077,0,30
79.6943,79.6943,1,0.25044,0.21858,0.23451,0.20528,0.24205,0.28476,CLOSED,0.48096,0,30
79.721,79.721,1,0.28521,0.26024,0.27272,0.22888,0.24205,0.28476,CLOSED,0.50769,0,30
79.7418,79.7418,1,0.30572,0.27664,0.29118,0.25069,0.24205,0.28476,CLOSED,0.52847,0,30
79.7867,79.7867,1,0.30113,0.26875,0.28494,0.26268,0.24205,0.28476,CLOSED,0.57333,0,30
79.8121,79.8121,1,0.30379,0.26985,0.28682,0.27113,0.24205,0.28476,CLOSED,0.59872,0,30
79.8532,79.8532,1,0.31247,0.27442,0.29345,0.27894,0.24205,0.28476,CLOSED,0.63982,0,30
79.882,79.882,1,0.32049,0.27492,0.2977,0.28551,0.24205,0.28476,OPENING,0.66864,0,30
79.9151,79.9151,1,0.19491,0.19824,0.19658,0.25438,0.24205,0.28476,OPENING,0.70173,0,30
79.9459,79.9459,1,0.14515,0.17927,0.16221,0.22212,0.24205,0.28476,CLOSED,0.73254,0,30
79.9813,79.9813,1,0.05622,0.04935,0.05279,,0.24205,0.28476,CLOSED,,0,30
80.0119,80.0119,1,0.03185,0.03183,0.03184,,0.24205,0.28476,CLOSED,,0,30
80.0464,80.0464,1,0.02438,0.01615,0.02026,,0.24205,0.28476,CLOSED,,0,30
80.0795,80.0795,1,0.01976,0.01449,0.01713,,0.24205,0.28476,CLOSED,,0,30
80.1214,80.1214,1,0.04141,0.0256,0.03351,,0.24205,0.28476,CLOSED,,0,30
80.1508,80.1508,1,0.04587,0.02469,0.03528,,0.24205,0.28476,CLOSED,,0,30
80.186,80.186,1,0.06846,0.04241,0.05544,,0.24205,0.28476,CLOSED,,0,30
80.214,80.214,1,0.07104,0.04827,0.05966,,0.24205,0.28476,CLOSED,,0,30
80.2519,80.2519,1,0.16202,0.15088,0.15645,0.19914,0.24205,0.28476,CLOSED,1.03856,0,30
80.2823,80.2823,1,0.19009,0.19356,0.19182,0.19658,0.24205,0.28476,CLOSED,1.06898,0,30
80.3197,80.3197,1,0.26018,0.23775,0.24896,0.21491,0.24205,0.28476,CLOSED,1.10634,0,30
80.3466,80.3466,1,0.27321,0.25292,0.26307,0.23177,0.24205,0.28476,CLOSED,1.13325,0,30
80.3782,80.3782,1,0.3202,0.28993,0.30506,0.25742,0.24205,0.28476,CLOSED,1.16483,0,30
80.4131,80.4131,1,0.33283,0.30688,0.31986,0.27927,0.24205,0.28476,CLOSED,1.19979,0,30
80.4417,80.4417,1,0.31281,0.29449,0.30365,0.2878,0.24205,0.28476,OPENING,1.22837,0,30
80.4639,80.4639,1,0.2994,0.28685,0.29312,0.28967,0.24205,0.28476,OPEN,1.25053,0,30
80.5268,80.5268,1,0.30477,0.28227,0.29352,0.29101,0.24205,0.28476,OPEN,,0,30
80.5631,80.5631,1,0.30675,0.27757,0.29216,0.29142,0.24205,0.28476,OPEN,,0,30
80.5972,80.5972,1,0.26539,0.23683,0.25111,0.27731,0.24205,0.28476,OPEN,,0,30
80.6158,80.6158,1,0.25351,0.22293,0.23822,0.26363,0.24205,0.28476,OPEN,,0,30
80.6498,80.6498,1,0.20179,0.18024,0.19101,0.23821,0.24205,0.28476,CLOSING,,0,30
80.6726,80.6726,1,0.18384,0.16668,0.17526,0.21618,0.24205,0.28476,CLOSING,0.02279,0,30
80.7166,80.7166,1,0.12821,0.10145,0.11483,0.18071,0.24205,0.28476,CLOSED,0.06684,0,30
80.7412,80.7412,1,0.12299,0.08836,0.10567,0.15445,0.24205,0.28476,CLOSED,0.0914,0,30
80.7853,80.7853,1,0.0956,0.05922,0.07741,,0.24205,0.28476,CLOSED,,0,30
80.8113,80.8113,1,0.08323,0.05098,0.06711,,0.24205,0.28476,CLOSED,,0,30
80.8602,80.8602,1,0.07881,0.04694,0.06288,,0.24205,0.28476,CLOSED,,0,30
80.8955,80.8955,1,0.07928,0.04746,0.06337,,0.24205,0.28476,CLOSED,,0,30
80.922,80.922,1,0.09086,0.04647,0.06866,,0.24205,0.28476,CLOSED,,0,30
80.9471,80.9471,1,0.10041,0.05451,0.07746,,0.24205,0.28476,CLOSED,,0,30
80.987,80.987,1,0.0978,0.03979,0.06879,,0.24205,0.28476,CLOSED,,0,30
81.0133,81.0133,1,0.09186,0.03607,0.06397,,0.24205,0.28476,CLOSED,,0,30
81.0575,81.0575,1,0.09712,0.04681,0.07196,,0.24205,0.28476,CLOSED,,0,30
81.0798,81.0798,1,0.08754,0.04844,0.06799,,0.24205,0.28476,CLOSED,,0,30
81.1141,81.1141,1,0.07328,0.04182,0.05755,,0.24205,0.28476,CLOSED,,0,30
81.1459,81.1459,1,0.07022,0.04056,0.05539,,0.24205,0.28476,CLOSED,,0,30
81.1788,81.1788,1,0.07559,0.04647,0.06103,,0.24205,0.28476,CLOSED,,0,30
81.2007,81.2007,1,0.07599,0.0476,0.06179,,0.24205,0.28476,CLOSED,,0,30
81.2606,81.2606,1,0.08383,0.04936,0.06659,,0.24205,0.28476,CLOSED,,0,30
81.2872,81.2872,1,0.0681,0.05116,0.05963,,0.24205,0.28476,CLOSED,,0,30
81.3231,81.3231,1,0.06478,0.04797,0.05638,,0.24205,0.28476,CLOSED,,0,30
81.3463,81.3463,1,0.07372,0.06334,0.06853,,0.24205,0.28476,CLOSED,,0,30
81.3873,81.3873,1,0.10686,0.05987,0.08337,,0.24205,0.28476,CLOSED,,0,30
81.413,81.413,1,0.12629,0.06986,0.09808,,0.24205,0.28476,CLOSED,,0,30
81.4513,81.4513,1,0.13332,0.08622,0.10977,0.13881,0.24205,0.28476,CLOSED,0.80149,0,30
81.4952,81.4952,1,0.13029,0.09745,0.11387,0.13008,0.24205,0.28476,CLOSED,0.84547,0,30
81.531,81.531,1,0.14941,0.11649,0.13295,0.13108,0.24205,0.28476,CLOSED,0.88121,0,30
81.5612,81.5612,1,0.1542,0.12188,0.13804,0.13352,0.24205,0.28476,CLOSED,0.91144,0,30
81.5961,81.5961,1,0.17822,0.12385,0.15104,0.13965,0.24205,0.28476,CLOSED,0.94632,0,30
81.6283,81.6283,1,0.19998,0.14129,0.17064,0.15049,0.24205,0.28476,CLOSED,0.97857,0,30
81.6623,81.6623,1,0.19021,0.14069,0.16545,0.15573,0.24205,0.28476,CLOSED,1.01249,0,30
81.6877,81.6877,1,0.19226,0.14772,0.16999,0.16072,0.24205,0.28476,CLOSED,1.03794,0,30
81.7212,81.7212,1,0.19639,0.15172,0.17405,0.16539,0.24205,0.28476,CLOSED,1.07145,0,30
81.7566,81.7566,1,0.19787,0.15449,0.17618,0.16917,0.24205,0.28476,CLOSED,1.10678,0,30
81.7856,81.7856,1,0.20072,0.16446,0.18259,0.17386,0.24205,0.28476,CLOSED,1.13588,0,30
81.8111,81.8111,1,0.20216,0.17221,0.18718,0.17853,0.24205,0.28476,CLOSED,1.1613,0,30
81.8502,81.8502,1,0.19989,0.17865,0.18927,0.18228,0.24205,0.28476,CLOSED,1.20047,0,30
81.8807,81.8807,1,0.20248,0.18079,0.19164,0.18556,0.24205,0.28476,CLOSED,1.23098,0,30
81.918,81.918,1,0.18656,0.15102,0.16879,0.17969,0.24205,0.28476,CLOSED,1.26828,0,30
81.9466,81.9466,1,0.18328,0.14504,0.16416,0.17425,0.24205,0.28476,CLOSED,1.29683,0,30
81.9945,81.9945,1,0.15469,0.11374,0.13422,0.16024,0.24205,0.28476,CLOSED,1.34474,0,30
82.0293,82.0293,1,0.12754,0.08952,0.10853,0.14214,0.24205,0.28476,CLOSED,1.37949,0,30
82.0575,82.0575,1,0.138,0.08732,0.11266,0.13182,0.24205,0.28476,CLOSED,1.40776,0,30
82.0915,82.0915,1,0.14604,0.08889,0.11746,0.1268,0.24205,0.28476,CLOSED,1.44177,0,30
82.1282,82.1282,1,0.0752,0.04103,0.05811,,0.24205,0.28476,CLOSED,,0,30
82.1543,82.1543,1,0.04792,0.02487,0.0364,,0.24205,0.28476,CLOSED,,0,30
82.1947,82.1947,1,0.05004,0.0317,0.04087,,0.24205,0.28476,CLOSED,,0,30
82.2176,82.2176,1,0.04876,0.03353,0.04114,,0.24205,0.28476,CLOSED,,0,30
82.2486,82.2486,1,0.04705,0.03631,0.04168,,0.24205,0.28476,CLOSED,,0,30
82.2779,82.2779,1,0.04634,0.04295,0.04465,,0.24205,0.28476,CLOSED,,0,30
82.313,82.313,1,0.06788,0.05141,0.05964,,0.24205,0.28476,CLOSED,,0,30
82.3473,82.3473,1,0.08256,0.06141,0.07199,,0.24205,0.28476,CLOSED,,0,30
82.3997,82.3997,1,0.08386,0.09516,0.08951,,0.24205,0.28476,CLOSED,,0,30
82.4309,82.4309,1,0.09591,0.11629,0.1061,0.11955,0.24205,0.28476,CLOSED,1.78114,0,30
82.4591,82.4591,1,0.14117,0.12624,0.13371,0.12451,0.24205,0.28476,CLOSED,1.80933,0,30
82.4931,82.4931,1,0.15617,0.13271,0.14444,0.13148,0.24205,0.28476,CLOSED,1.84335,0,30
82.5233,82.5233,1,0.21049,0.19413,0.20231,0.15627,0.24205,0.28476,CLOSED,1.87354,0,30
82.5631,82.5631,1,0.23751,0.22952,0.23352,0.18331,0.24205,0.28476,CLOSED,1.91334,0,30
82.5952,82.5952,1,0.24298,0.23611,0.23955,0.20299,0.24205,0.28476,CLOSED,1.94545,0,30
82.6281,82.6281,1,0.23974,0.24633,0.24304,0.21701,0.24205,0.28476,CLOSED,1.97836,0,30
82.6635,82.6635,1,0.27226,0.2587,0.26548,0.23397,0.24205,0.28476,CLOSED,2.01372,0,30
82.6956,82.6956,1,0.28565,0.26926,0.27745,0.24919,0.24205,0.28476,CLOSED,2.04587,0,30
82.7297,82.7297,1,0.25899,0.24128,0.25014,0.24952,0.24205,0.28476,CLOSED,2.0799,0,30
82.7633,82.7633,1,0.25076,0.23223,0.24149,0.24671,0.24205,0.28476,CLOSED,2.11349,0,30
82.7961,82.7961,1,0.33078,0.2804,0.30559,0.26732,0.24205,0.28476,CLOSED,2.14634,0,30
82.8276,82.8276,1,0.33142,0.27251,0.30197,0.27945,0.24205,0.28476,CLOSED,2.17787,0,30
82.8631,82.8631,1,0.32154,0.27315,0.29735,0.28571,0.24205,0.28476,OPENING,2.21335,0,30
82.8957,82.8957,1,0.32169,0.27251,0.2971,0.2897,0.24205,0.28476,OPEN,2.24594,0,30
82.9287,82.9287,1,0.27264,0.25259,0.26261,0.28022,0.24205,0.28476,OPEN,,0,30
82.9628,82.9628,1,0.28341,0.2725,0.27795,0.27943,0.24205,0.28476,OPEN,,0,30
82.9963,82.9963,1,0.28008,0.26929,0.27469,0.27777,0.24205,0.28476,OPEN,,0,30
83.029,83.029,1,0.28633,0.26752,0.27692,0.27747,0.24205,0.28476,OPEN,,0,30
83.0632,83.0632,1,0.27521,0.2674,0.2713,0.27531,0.24205,0.28476,OPEN,,0,30
83.0929,83.0929,1,0.27554,0.27848,0.27701,0.27591,0.24205,0.28476,OPEN,,0,30
83.1296,83.1296,1,0.28871,0.28604,0.28737,0.27992,0.24205,0.28476,OPEN,,0,30
83.1791,83.1791,1,0.2973,0.28599,0.29165,0.28403,0.24205,0.28476,OPEN,,0,30
83.2171,83.2171,1,0.29593,0.27903,0.28748,0.28523,0.24205,0.28476,OPEN,,0,30
83.2459,83.2459,1,0.29583,0.27584,0.28583,0.28544,0.24205,0.28476,OPEN,,0,30
83.2809,83.2809,1,0.29505,0.27245,0.28375,0.28485,0.24205,0.28476,OPEN,,0,30
83.3126,83.3126,1,0.29452,0.2715,0.28301,0.28421,0.24205,0.28476,OPEN,,0,30
83.3575,83.3575,1,0.28668,0.25321,0.26995,0.27922,0.24205,0.28476,OPEN,,0,30
83.3837,83.3837,1,0.2871,0.26366,0.27538,0.27787,0.24205,0.28476,OPEN,,0,30
83.4121,83.4121,1,0.28382,0.26644,0.27513,0.27691,0.24205,0.28476,OPEN,,0,30
83.441,83.441,1,0.29237,0.27798,0.28517,0.27981,0.24205,0.28476,OPEN,,0,30
83.4777,83.4777,1,0.29822,0.27586,0.28704,0.28234,0.24205,0.28476,OPEN,,0,30
83.5125,83.5125,1,0.29899,0.27687,0.28793,0.28429,0.24205,0.28476,OPEN,,0,30
83.5455,83.5455,1,0.29532,0.27616,0.28574,0.2848,0.24205,0.28476,OPEN,,0,30
83.5791,83.5791,1,0.29436,0.27883,0.2866,0.28543,0.24205,0.28476,OPEN,,0,30
83.6143,83.6143,1,0.28202,0.27823,0.28013,0.28357,0.24205,0.28476,OPEN,,0,30
83.6471,83.6471,1,0.27532,0.27874,0.27703,0.28128,0.24205,0.28476,OPEN,,0,30
83.6829,83.6829,1,0.23527,0.20107,0.21817,0.25919,0.24205,0.28476,OPEN,,0,30
83.7114,83.7114,1,0.21205,0.16609,0.18907,0.23465,0.24205,0.28476,CLOSING,,0,30
83.7454,83.7454,1,0.19798,0.16904,0.18351,0.21675,0.24205,0.28476,CLOSING,0.03402,0,30
83.7781,83.7781,1,0.18694,0.17179,0.17937,0.20367,0.24205,0.28476,CLOSED,0.06671,0,30
83.8125,83.8125,1,0.1705,0.13243,0.15147,0.1854,0.24205,0.28476,CLOSED,0.10104,0,30
83.8445,83.8445,1,0.15049,0.11964,0.13506,0.16778,0.24205,0.28476,CLOSED,0.1331,0,30
83.8734,83.8734,1,0.12251,0.11753,0.12002,0.15106,0.24205,0.28476,CLOSED,0.16194,0,30
83.9092,83.9092,1,0.10463,0.10648,0.10555,0.13513,0.24205,0.28476,CLOSED,0.19775,0,30
83.9442,83.9442,1,0.16167,0.12128,0.14147,0.13735,0.24205,0.28476,CLOSED,0.23273,0,30
83.98,83.98,1,0.21505,0.13492,0.17498,0.15052,0.24205,0.28476,CLOSED,0.26862,0,30
84.0278,84.0278,1,0.14783,0.09329,0.12056,0.14004,0.24205,0.28476,CLOSED,0.3164,0,30
84.0636,84.0636,1,0.12872,0.0833,0.10601,0.12813,0.24205,0.28476,CLOSED,0.35221,0,30
84.0965,84.0965,1,0.09063,0.05167,0.07115,,0.24205,0.28476,CLOSED,,0,30
84.1237,84.1237,1,0.10408,0.06306,0.08357,,0.24205,0.28476,CLOSED,,0,30
84.1601,84.1601,1,0.11468,0.07104,0.09286,,0.24205,0.28476,CLOSED,,0,30
84.1861,84.1861,1,0.11396,0.07553,0.09475,,0.24205,0.28476,CLOSED,,0,30
84.2065,84.2065,1,0.11938,0.08384,0.10161,0.11885,0.24205,0.28476,CLOSED,0.49503,0,30
84.2285,84.2285,1,0.12149,0.08167,0.10158,0.1128,0.24205,0.28476,CLOSED,0.51703,0,30
84.2502,84.2502,1,0.10733,0.07713,0.09223,,0.24205,0.28476,CLOSED,,0,30
84.2785,84.2785,1,0.10595,0.07908,0.09251,,0.24205,0.28476,CLOSED,,0,30
84.3323,84.3323,1,0.10841,0.08129,0.09485,,0.24205,0.28476,CLOSED,,0,30
84.3604,84.3604,1,0.10848,0.08244,0.09546,,0.24205,0.28476,CLOSED,,0,30
84.3956,84.3956,1,0.1094,0.08283,0.09612,,0.24205,0.28476,CLOSED,,0,30
84.4276,84.4276,1,0.10968,0.08319,0.09643,,0.24205,0.28476,CLOSED,,0,30
84.4609,84.4609,1,0.09424,0.06611,0.08017,,0.24205,0.28476,CLOSED,,0,30
84.4775,84.4775,1,0.08975,0.05967,0.07471,,0.24205,0.28476,CLOSED,,0,30
84.5255,84.5255,1,0.08788,0.04616,0.06702,,0.24205,0.28476,CLOSED,,0,30
84.5439,84.5439,1,0.08913,0.04731,0.06822,,0.24205,0.28476,CLOSED,,0,30
84.5851,84.5851,1,0.10222,0.05645,0.07934,,0.24205,0.28476,CLOSED,,0,30
84.6181,84.6181,1,0.10575,0.05936,0.08255,,0.24205,0.28476,CLOSED,,0,30
84.6497,84.6497,1,0.10468,0.06773,0.0862,,0.24205,0.28476,CLOSED,,0,30
84.6783,84.6783,1,0.10208,0.07271,0.08739,,0.24205,0.28476,CLOSED,,0,30
84.7313,84.7313,1,0.09967,0.07972,0.0897,,0.24205,0.28476,CLOSED,,0,30
84.7547,84.7547,1,0.09898,0.08201,0.09049,,0.24205,0.28476,CLOSED,,0,30
84.7933,84.7933,1,0.11463,0.10565,0.11014,0.11187,0.24205,0.28476,CLOSED,1.08184,0,30
84.8283,84.8283,1,0.12207,0.11783,0.11995,0.1147,0.24205,0.28476,CLOSED,1.11686,0,30
84.8602,84.8602,1,0.12183,0.11146,0.11664,0.11538,0.24205,0.28476,CLOSED,1.14875,0,30
84.9105,84.9105,1,0.12252,0.10042,0.11147,0.11401,0.24205,0.28476,CLOSED,1.19907,0,30
84.9388,84.9388,1,0.15059,0.11974,0.13516,0.12142,0.24205,0.28476,CLOSED,1.22734,0,30
84.9623,84.9623,1,0.16181,0.12323,0.14252,0.1288,0.24205,0.28476,CLOSED,1.25083,0,30
84.996,84.996,1,0.19737,0.14751,0.17244,0.14408,0.24205,0.28476,CLOSED,1.28458,0,30
85.027,85.027,1,0.2157,0.1543,0.185,0.1584,0.24205,0.28476,CLOSED,1.31555,0,30
85.0523,85.0523,1,0.21886,0.16386,0.19136,0.16993,0.24205,0.28476,CLOSED,1.34089,0,30
85.0806,85.0806,1,0.2166,0.17846,0.19753,0.17959,0.24205,0.28476,CLOSED,1.36919,0,30
85.1318,85.1318,1,0.18485,0.15014,0.1675,0.17536,0.24205,0.28476,CLOSED,1.42037,0,30
85.1623,85.1623,1,0.16984,0.13979,0.15481,0.16817,0.24205,0.28476,CLOSED,1.45085,0,30
85.1969,85.1969,1,0.14703,0.10678,0.1269,0.15372,0.24205,0.28476,CLOSED,1.4855,0,30
85.2196,85.2196,1,0.13564,0.09122,0.11343,0.13962,0.24205,0.28476,CLOSED,1.50822,0,30
85.2599,85.2599,1,0.12985,0.0923,0.11107,0.12963,0.24205,0.28476,CLOSED,1.54844,0,30
85.2957,85.2957,1,0.12086,0.09322,0.10704,0.12172,0.24205,0.28476,CLOSED,1.58432,0,30
85.327,85.327,1,0.10398,0.08118,0.09258,,0.24205,0.28476,CLOSED,,0,30
85.3615,85.3615,1,0.08796,0.06752,0.07774,,0.24205,0.28476,CLOSED,,0,30
85.3949,85.3949,1,0.08371,0.06603,0.07487,,0.24205,0.28476,CLOSED,,0,30
85.4134,85.4134,1,0.0839,0.06512,0.07451,,0.24205,0.28476,CLOSED,,0,30
85.4682,85.4682,1,0.09781,0.07446,0.08613,,0.24205,0.28476,CLOSED,,0,30
85.5127,85.5127,1,0.10673,0.0904,0.09856,,0.24205,0.28476,CLOSED,,0,30
85.5585,85.5585,1,0.09096,0.08514,0.08805,,0.24205,0.28476,CLOSED,,0,30
85.5939,85.5939,1,0.07573,0.07603,0.07588,,0.24205,0.28476,CLOSED,,0,30
85.6096,85.6096,1,0.07187,0.06785,0.06986,,0.24205,0.28476,CLOSED,,0,30
85.6431,85.6431,1,0.07275,0.06371,0.06823,,0.24205,0.28476,CLOSED,,0,30
85.6766,85.6766,1,0.065,0.05633,0.06066,,0.24205,0.28476,CLOSED,,0,30
85.6936,85.6936,1,0.06479,0.05418,0.05949,,0.24205,0.28476,CLOSED,,0,30
85.7204,85.7204,1,0.07911,0.06594,0.07252,,0.24205,0.28476,CLOSED,,0,30
85.7449,85.7449,1,0.08248,0.07191,0.07719,,0.24205,0.28476,CLOSED,,0,30
85.7861,85.7861,1,0.07342,0.07043,0.07193,,0.24205,0.28476,CLOSED,,0,30
85.8259,85.8259,1,0.06815,0.06799,0.06807,,0.24205,0.28476,CLOSED,,0,30
85.8722,85.8722,1,0.07264,0.06836,0.0705,,0.24205,0.28476,CLOSED,,0,30
85.8938,85.8938,1,0.07394,0.06704,0.07049,,0.24205,0.28476,CLOSED,,0,30
85.93,85.93,1,0.1021,0.08158,0.09184,,0.24205,0.28476,CLOSED,,0,30
85.9592,85.9592,1,0.11034,0.07146,0.0909,,0.24205,0.28476,CLOSED,,0,30
85.9958,85.9958,1,0.10879,0.07787,0.09333,,0.24205,0.28476,CLOSED,,0,30
86.0266,86.0266,1,0.11547,0.08544,0.10045,0.11428,0.24205,0.28476,CLOSED,2.31514,0,30
86.0578,86.0578,1,0.11385,0.08651,0.10018,0.10935,0.24205,0.28476,CLOSED,2.34641,0,30
86.0887,86.0887,1,0.11766,0.09335,0.1055,0.108,0.24205,0.28476,CLOSED,2.3773,0,30
86.1261,86.1261,1,0.0948,0.07299,0.0839,,0.24205,0.28476,CLOSED,,0,30
86.1447,86.1447,1,0.09096,0.07681,0.08388,,0.24205,0.28476,CLOSED,,0,30
86.2027,86.2027,1,0.11585,0.08653,0.10119,0.10562,0.24205,0.28476,CLOSED,2.49131,0,30
86.2408,86.2408,1,0.11691,0.08877,0.10284,0.10464,0.24205,0.28476,CLOSED,2.52941,0,30
86.2779,86.2779,1,0.13104,0.09346,0.11225,0.10731,0.24205,0.28476,CLOSED,2.5665,0,30
86.312,86.312,1,0.10589,0.06273,0.08431,,0.24205,0.28476,CLOSED,,0,30
86.3433,86.3433,1,0.10725,0.06761,0.08743,,0.24205,0.28476,CLOSED,,0,30
86.3737,86.3737,1,0.09923,0.06855,0.08389,,0.24205,0.28476,CLOSED,,0,30
86.3934,86.3934,1,0.09996,0.07026,0.08511,,0.24205,0.28476,CLOSED,,0,30
86.4243,86.4243,1,0.10411,0.07636,0.09023,,0.24205,0.28476,CLOSED,,0,30
86.4563,86.4563,1,0.11024,0.08389,0.09706,,0.24205,0.28476,CLOSED,,0,30
86.4766,86.4766,1,0.10691,0.08364,0.09527,,0.24205,0.28476,CLOSED,,0,30
86.5264,86.5264,1,0.09905,0.07187,0.08546,,0.24205,0.28476,CLOSED,,0,30
86.5601,86.5601,1,0.09595,0.07725,0.0866,,0.24205,0.28476,CLOSED,,0,30
86.5906,86.5906,1,0.09411,0.0769,0.08551,,0.24205,0.28476,CLOSED,,0,30
86.6096,86.6096,1,0.07875,0.0658,0.07228,,0.24205,0.28476,CLOSED,,0,30
86.6658,86.6658,1,0.11779,0.10583,0.11181,0.10888,0.24205,0.28476,CLOSED,2.95437,0,30
86.6924,86.6924,1,0.12143,0.10689,0.11416,0.11073,0.24205,0.28476,CLOSED,2.981,0,30
86.7298,86.7298,1,0.11871,0.09418,0.10644,0.10923,0.24205,0.28476,CLOSED,3.01836,0,30
86.7569,86.7569,1,0.11984,0.08071,0.10027,0.1061,0.24205,0.28476,CLOSED,3.04545,0,30
86.8,86.8,1,0.11614,0.06955,0.09285,,0.24205,0.28476,CLOSED,,0,30
86.8313,86.8313,1,0.12466,0.07878,0.10172,0.10456,0.24205,0.28476,CLOSED,3.11992,0,30
86.8637,86.8637,1,0.11807,0.06676,0.09242,,0.24205,0.28476,CLOSED,,0,30
86.894,86.894,1,0.11665,0.07974,0.09819,,0.24205,0.28476,CLOSED,,0,30
86.9234,86.9234,1,0.11565,0.1067,0.11117,0.10688,0.24205,0.28476,CLOSED,3.21199,0,30
86.9476,86.9476,1,0.11166,0.11487,0.11327,0.10911,0.24205,0.28476,CLOSED,3.23618,0,30
86.9764,86.9764,1,0.10966,0.11828,0.11397,0.11081,0.24205,0.28476,CLOSED,3.26495,0,30
87.0088,87.0088,1,0.10821,0.14489,0.12655,0.11632,0.24205,0.28476,CLOSED,3.29736,0,30
87.0668,87.0668,1,0.23162,0.24457,0.2381,0.15894,0.24205,0.28476,CLOSED,3.35542,0,30
87.1076,87.1076,1,0.26716,0.26344,0.2653,0.19617,0.24205,0.28476,CLOSED,3.39619,0,30
87.1439,87.1439,1,0.27496,0.26461,0.26979,0.22193,0.24205,0.28476,CLOSED,3.43248,0,30
87.1768,87.1768,1,0.28401,0.26626,0.27514,0.24055,0.24205,0.28476,CLOSED,3.46538,0,30
87.209,87.209,1,0.301,0.27952,0.29026,0.25795,0.24205,0.28476,CLOSED,3.49753,0,30
87.245,87.245,1,0.30503,0.29076,0.29789,0.27193,0.24205,0.28476,CLOSED,3.5336,0,30
87.287,87.287,1,0.31091,0.29403,0.30247,0.28262,0.24205,0.28476,CLOSED,3.57554,0,30
87.329,87.329,1,0.31449,0.29579,0.30514,0.2905,0.24205,0.28476,OPENING,3.61754,0,30
87.3752,87.3752,1,0.32069,0.29645,0.30857,0.29683,0.24205,0.28476,OPEN,3.66376,0,30
87.4017,87.4017,1,0.32134,0.29644,0.30889,0.30105,0.24205,0.28476,OPEN,,0,30
87.4215,87.4215,1,0.32164,0.29608,0.30886,0.30378,0.24205,0.28476,OPEN,,0,30
87.4613,87.4613,1,0.32978,0.29867,0.31423,0.30744,0.24205,0.28476,OPEN,,0,30
87.4925,87.4925,1,0.3321,0.30309,0.3176,0.31099,0.24205,0.28476,OPEN,,0,30
87.5127,87.5127,1,0.33429,0.30484,0.31957,0.31399,0.24205,0.28476,OPEN,,0,30
87.5297,87.5297,1,0.33773,0.30958,0.32366,0.31738,0.24205,0.28476,OPEN,,0,30
87.56,87.56,1,0.3416,0.31486,0.32823,0.32118,0.24205,0.28476,OPEN,,0,30
87.5944,87.5944,1,0.34489,0.31147,0.32818,0.32363,0.24205,0.28476,OPEN,,0,30
87.6245,87.6245,1,0.34802,0.31544,0.33173,0.32646,0.24205,0.28476,OPEN,,0,30
87.6635,87.6635,1,0.35159,0.33185,0.34172,0.3318,0.24205,0.28476,OPEN,,0,30
87.6884,87.6884,1,0.35467,0.33481,0.34474,0.33633,0.24205,0.28476,OPEN,,0,30
87.7219,87.7219,1,0.35596,0.33722,0.34659,0.33992,0.24205,0.28476,OPEN,,0,30
87.76,87.76,1,0.35013,0.34263,0.34638,0.34218,0.24205,0.28476,OPEN,,0,30
87.7774,87.7774,1,0.34896,0.34421,0.34659,0.34372,0.24205,0.28476,OPEN,,0,30
87.8089,87.8089,1,0.37011,0.35673,0.36342,0.35062,0.24205,0.28476,OPEN,,0,30
87.8667,87.8667,1,0.37293,0.35384,0.36339,0.35509,0.24205,0.28476,OPEN,,0,30
87.9073,87.9073,1,0.37121,0.35006,0.36064,0.35703,0.24205,0.28476,OPEN,,0,30
87.9359,87.9359,1,0.37198,0.35284,0.36241,0.35891,0.24205,0.28476,OPEN,,0,30
87.9598,87.9598,1,0.37257,0.35446,0.36351,0.36052,0.24205,0.28476,OPEN,,0,30
87.995,87.995,1,0.35828,0.34424,0.35126,0.35728,0.24205,0.28476,OPEN,,0,30
88.0202,88.0202,1,0.35158,0.33982,0.3457,0.35323,0.24205,0.28476,OPEN,,0,30
88.0599,88.0599,1,0.28861,0.24145,0.26503,0.32236,0.24205,0.28476,OPEN,,0,30
88.0938,88.0938,1,0.25098,0.2093,0.23014,0.29008,0.24205,0.28476,OPEN,,0,30
88.1257,88.1257,1,0.2328,0.19455,0.21367,0.26334,0.24205,0.28476,OPEN,,0,30
88.1613,88.1613,1,0.17911,0.15511,0.16711,0.22966,0.24205,0.28476,CLOSING,,0,30
88.1873,88.1873,1,0.14266,0.13415,0.13841,0.19772,0.24205,0.28476,CLOSING,0.02595,0,30
88.226,88.226,1,0.14665,0.1333,0.13998,0.17751,0.24205,0.28476,CLOSED,0.06466,0,30
88.2682,88.2682,1,0.14978,0.15445,0.15211,0.16862,0.24205,0.28476,CLOSED,0.10687,0,30
88.3038,88.3038,1,0.15754,0.16361,0.16058,0.16581,0.24205,0.28476,CLOSED,0.14254,0,30
88.3319,88.3319,1,0.13726,0.13452,0.13589,0.15533,0.24205,0.28476,CLOSED,0.17055,0,30
88.3753,88.3753,1,0.13105,0.12238,0.12672,0.14532,0.24205,0.28476,CLOSED,0.21396,0,30
88.409,88.409,1,0.12869,0.13062,0.12966,0.13984,0.24205,0.28476,CLOSED,0.24771,0,30
88.4418,88.4418,1,0.12711,0.13844,0.13278,0.13737,0.24205,0.28476,CLOSED,0.28049,0,30
88.4769,88.4769,1,0.12707,0.14444,0.13576,0.1368,0.24205,0.28476,CLOSED,0.3156,0,30
88.5078,88.5078,1,0.13058,0.13661,0.1336,0.13568,0.24205,0.28476,CLOSED,0.34651,0,30
88.5433,88.5433,1,0.11721,0.10779,0.1125,0.12757,0.24205,0.28476,CLOSED,0.38202,0,30
88.5598,88.5598,1,0.11714,0.10061,0.10888,0.12103,0.24205,0.28476,CLOSED,0.3985,0,30
88.593,88.593,1,0.12501,0.09753,0.11127,0.11761,0.24205,0.28476,CLOSED,0.43171,0,30
88.6273,88.6273,1,0.13367,0.11261,0.12314,0.11955,0.24205,0.28476,CLOSED,0.46599,0,30
88.6706,88.6706,1,0.15243,0.16963,0.16103,0.13407,0.24205,0.28476,CLOSED,0.50932,0,30
88.6944,88.6944,1,0.15491,0.17253,0.16372,0.14444,0.24205,0.28476,CLOSED,0.53314,0,30
88.7316,88.7316,1,0.22231,0.23022,0.22627,0.17308,0.24205,0.28476,CLOSED,0.57027,0,30
88.76,88.76,1,0.23907,0.24809,0.24358,0.19776,0.24205,0.28476,CLOSED,0.59873,0,30
88.7956,88.7956,1,0.3023,0.2942,0.29825,0.23293,0.24205,0.28476,CLOSED,0.63432,0,30
88.8251,88.8251,1,0.32907,0.31451,0.32179,0.26403,0.24205,0.28476,CLOSED,0.66375,0,30
88.8577,88.8577,1,0.34308,0.32609,0.33458,0.28872,0.24205,0.28476,OPENING,0.69642,0,30
88.8797,88.8797,1,0.35302,0.33454,0.34378,0.30799,0.24205,0.28476,OPEN,0.71841,1,31
88.9075,88.9075,1,0.36294,0.34398,0.35346,0.3239,0.24205,0.28476,OPEN,,0,31
88.9387,88.9387,1,0.3654,0.35684,0.36112,0.33693,0.24205,0.28476,OPEN,,0,31
88.9702,88.9702,1,0.36964,0.36608,0.36786,0.34776,0.24205,0.28476,OPEN,,0,31
89.0032,89.0032,1,0.37961,0.37314,0.37638,0.35777,0.24205,0.28476,OPEN,,0,31
89.0674,89.0674,1,0.38563,0.36715,0.37639,0.36429,0.24205,0.28476,OPEN,,0,31
89.1028,89.1028,1,0.3826,0.36275,0.37267,0.36722,0.24205,0.28476,OPEN,,0,31
89.133,89.133,1,0.37808,0.36018,0.36913,0.36789,0.24205,0.28476,OPEN,,0,31
89.1597,89.1597,1,0.37604,0.35917,0.36761,0.36779,0.24205,0.28476,OPEN,,0,31
89.1945,89.1945,1,0.37567,0.35795,0.36681,0.36745,0.24205,0.28476,OPEN,,0,31
89.2271,89.2271,1,0.37509,0.35186,0.36348,0.36606,0.24205,0.28476,OPEN,,0,31
89.2551,89.2551,1,0.37423,0.34888,0.36156,0.36448,0.24205,0.28476,OPEN,,0,31
89.2918,89.2918,1,0.37362,0.34753,0.36058,0.36312,0.24205,0.28476,OPEN,,0,31
89.3232,89.3232,1,0.37188,0.34605,0.35896,0.36166,0.24205,0.28476,OPEN,,0,31
89.373,89.373,1,0.37089,0.34756,0.35923,0.36081,0.24205,0.28476,OPEN,,0,31
89.4158,89.4158,1,0.37528,0.34984,0.36256,0.36142,0.24205,0.28476,OPEN,,0,31
89.4402,89.4402,1,0.3775,0.35509,0.36629,0.36313,0.24205,0.28476,OPEN,,0,31
89.4768,89.4768,1,0.37758,0.35687,0.36723,0.36456,0.24205,0.28476,OPEN,,0,31
89.5094,89.5094,1,0.37677,0.35799,0.36738,0.36555,0.24205,0.28476,OPEN,,0,31
89.5429,89.5429,1,0.37475,0.3571,0.36593,0.36568,0.24205,0.28476,OPEN,,0,31
89.5774,89.5774,1,0.37468,0.35709,0.36589,0.36575,0.24205,0.28476,OPEN,,0,31
89.6078,89.6078,1,0.37447,0.35686,0.36567,0.36572,0.24205,0.28476,OPEN,,0,31
89.6415,89.6415,1,0.21492,0.19544,0.20518,0.30953,0.24205,0.28476,OPEN,,0,31
89.6757,89.6757,1,0.16352,0.13427,0.1489,0.25331,0.24205,0.28476,OPEN,,0,31
89.7064,89.7064,1,0.09227,0.06729,0.07978,,0.24205,0.28476,OPEN,,0,31
89.7383,89.7383,1,0.06969,0.04341,0.05655,,0.24205,0.28476,OPEN,,0,31
89.7585,89.7585,1,0.08965,0.06575,0.0777,,0.24205,0.28476,OPEN,,0,31
89.7916,89.7916,1,0.10809,0.08641,0.09725,,0.24205,0.28476,OPEN,,0,31
89.8255,89.8255,1,0.10875,0.07969,0.09422,,0.24205,0.28476,OPEN,,0,31
89.8641,89.8641,1,0.1004,0.07511,0.08776,,0.24205,0.28476,OPEN,,0,31
89.8871,89.8871,1,0.09853,0.07441,0.08647,,0.24205,0.28476,OPEN,,0,31
89.9312,89.9312,1,0.10889,0.07707,0.09298,,0.24205,0.28476,OPEN,,0,31
89.957,89.957,1,0.13183,0.07936,0.10559,0.20161,0.24205,0.28476,CLOSING,,0,31
89.9897,89.9897,1,0.1478,0.08267,0.11524,0.17138,0.24205,0.28476,CLOSING,0.03269,0,31
90.0311,90.0311,1,0.13796,0.07768,0.10782,0.14913,0.24205,0.28476,CLOSED,0.07407,0,31
90.076,90.076,1,0.13214,0.08424,0.10819,0.1348,0.24205,0.28476,CLOSED,0.11903,0,31
90.1059,90.1059,1,0.13042,0.07674,0.10358,0.12388,0.24205,0.28476,CLOSED,0.14888,0,31
90.1411,90.1411,1,0.13024,0.07629,0.10326,0.11666,0.24205,0.28476,CLOSED,0.18409,0,31
90.161,90.161,1,0.13305,0.08517,0.10911,0.11402,0.24205,0.28476,CLOSED,0.20395,0,31
90.1917,90.1917,1,0.14769,0.10122,0.12445,0.11767,0.24205,0.28476,CLOSED,0.23465,0,31
90.2228,90.2228,1,0.13643,0.09826,0.11734,0.11756,0.24205,0.28476,CLOSED,0.26582,0,31
90.2691,90.2691,1,0.14192,0.11463,0.12827,0.12131,0.24205,0.28476,CLOSED,0.3121,0,31
90.3077,90.3077,1,0.14852,0.12226,0.13539,0.12624,0.24205,0.28476,CLOSED,0.35065,0,31
90.349,90.349,1,0.23259,0.20405,0.21832,0.15846,0.24205,0.28476,CLOSED,0.39195,0,31
90.3747,90.3747,1,0.26339,0.23266,0.24802,0.18981,0.24205,0.28476,CLOSED,0.41773,0,31
90.391,90.391,1,0.275,0.24326,0.25913,0.21407,0.24205,0.28476,CLOSED,0.43399,0,31
90.408,90.408,1,0.32492,0.29098,0.30795,0.24693,0.24205,0.28476,CLOSED,0.45096,0,31
90.4248,90.4248,1,0.35602,0.32238,0.3392,0.27922,0.24205,0.28476,CLOSED,0.46778,0,31
90.4809,90.4809,1,0.40802,0.35686,0.38244,0.31535,0.24205,0.28476,OPENING,0.52386,0,31
90.5097,90.5097,1,0.41958,0.36768,0.39363,0.34275,0.24205,0.28476,OPEN,0.55271,1,32
90.5393,90.5393,1,0.43076,0.38743,0.40909,0.36597,0.24205,0.28476,OPEN,,0,32
90.5595,90.5595,1,0.43321,0.39216,0.41269,0.38232,0.24205,0.28476,OPEN,,0,32
90.6016,90.6016,1,0.4342,0.39575,0.41497,0.39375,0.24205,0.28476,OPEN,,0,32
90.671,90.671,1,0.44022,0.40098,0.4206,0.40315,0.24205,0.28476,OPEN,,0,32
90.7088,90.7088,1,0.44989,0.41726,0.43358,0.4138,0.24205,0.28476,OPEN,,0,32
90.7374,90.7374,1,0.44191,0.41378,0.42784,0.41871,0.24205,0.28476,OPEN,,0,32
90.7639,90.7639,1,0.42873,0.40668,0.4177,0.41836,0.24205,0.28476,OPEN,,0,32
90.7874,90.7874,1,0.42238,0.40158,0.41198,0.41613,0.24205,0.28476,OPEN,,0,32
90.8094,90.8094,1,0.44599,0.42532,0.43565,0.42296,0.24205,0.28476,OPEN,,0,32
90.8416,90.8416,1,0.46145,0.43782,0.44963,0.4323,0.24205,0.28476,OPEN,,0,32
90.8748,90.8748,1,0.40477,0.39232,0.39855,0.42049,0.24205,0.28476,OPEN,,0,32
90.9049,90.9049,1,0.4014,0.38616,0.39378,0.41114,0.24205,0.28476,OPEN,,0,32
90.9442,90.9442,1,0.41017,0.36986,0.39001,0.40374,0.24205,0.28476,OPEN,,0,32
90.9754,90.9754,1,0.41429,0.38693,0.40061,0.40265,0.24205,0.28476,OPEN,,0,32
91.0069,91.0069,1,0.17095,0.17944,0.1752,0.32304,0.24205,0.28476,OPEN,,0,32
91.0648,91.0648,1,0.02178,0.0379,0.02984,,0.24205,0.28476,OPEN,,0,32
91.0911,91.0911,1,0.02858,0.04391,0.03624,,0.24205,0.28476,OPEN,,0,32
91.1236,91.1236,1,0.04438,0.0558,0.05009,,0.24205,0.28476,OPEN,,0,32
91.1585,91.1585,1,0.07363,0.06021,0.06692,,0.24205,0.28476,OPEN,,0,32
91.1751,91.1751,1,0.08331,0.08336,0.08333,,0.24205,0.28476,OPEN,,0,32
91.2098,91.2098,1,0.27203,0.27432,0.27318,0.30559,0.24205,0.28476,OPEN,,0,32
91.2407,91.2407,1,0.30859,0.32092,0.31476,0.3088,0.24205,0.28476,OPEN,,0,32
91.2755,91.2755,1,0.36048,0.35721,0.35885,0.32631,0.24205,0.28476,OPEN,,0,32
91.3105,91.3105,1,0.35804,0.35276,0.3554,0.3365,0.24205,0.28476,OPEN,,0,32
91.3402,91.3402,1,0.35016,0.35109,0.35063,0.34144,0.24205,0.28476,OPEN,,0,32
91.3586,91.3586,1,0.35252,0.35396,0.35324,0.34557,0.24205,0.28476,OPEN,,0,32
91.4066,91.4066,1,0.40424,0.39593,0.40008,0.36465,0.24205,0.28476,OPEN,,0,32
91.4836,91.4836,1,0.07235,0.1139,0.09312,,0.24205,0.28476,OPEN,,0,32
91.5083,91.5083,1,0.04425,0.08346,0.06385,,0.24205,0.28476,OPEN,,0,32
91.54,91.54,1,0.03282,0.06775,0.05028,,0.24205,0.28476,OPEN,,0,32
91.5639,91.5639,1,0.03676,0.06862,0.05269,,0.24205,0.28476,OPEN,,0,32
91.6067,91.6067,1,0.04039,0.057,0.04869,,0.24205,0.28476,OPEN,,0,32
91.641,91.641,1,0.05062,0.073,0.06181,,0.24205,0.28476,OPEN,,0,32
91.6752,91.6752,1,0.04852,0.08295,0.06574,,0.24205,0.28476,OPEN,,0,32
91.6941,91.6941,1,0.14487,0.1538,0.14933,0.28929,0.24205,0.28476,OPEN,,0,32
91.7411,91.7411,1,0.23581,0.19551,0.21566,0.26352,0.24205,0.28476,OPEN,,0,32
91.7646,91.7646,1,0.30654,0.26966,0.2881,0.27212,0.24205,0.28476,OPEN,,0,32
91.7951,91.7951,1,0.33659,0.31895,0.32777,0.2916,0.24205,0.28476,OPEN,,0,32
91.8218,91.8218,1,0.37469,0.35899,0.36684,0.31793,0.24205,0.28476,OPEN,,0,32
91.8431,91.8431,1,0.38873,0.36768,0.3782,0.33903,0.24205,0.28476,OPEN,,0,32
91.8833,91.8833,1,0.39538,0.37995,0.38767,0.35605,0.24205,0.28476,OPEN,,0,32
91.9082,91.9082,1,0.40138,0.38051,0.39095,0.36826,0.24205,0.28476,OPEN,,0,32
91.9456,91.9456,1,0.15336,0.14068,0.14702,0.29083,0.24205,0.28476,OPEN,,0,32
91.979,91.979,1,0.09868,0.1035,0.10109,0.22442,0.24205,0.28476,CLOSING,,0,32
92.0101,92.0101,1,0.08256,0.05906,0.07081,,0.24205,0.28476,CLOSING,,0,32
92.043,92.043,1,0.08609,0.07287,0.07948,,0.24205,0.28476,CLOSING,,0,32
92.081,92.081,1,0.21378,0.18586,0.19982,0.21581,0.24205,0.28476,CLOSED,0.10201,0,32
92.1159,92.1159,1,0.23224,0.19959,0.21592,0.21585,0.24205,0.28476,CLOSED,0.13685,0,32
92.1401,92.1401,1,0.35701,0.34498,0.351,0.26315,0.24205,0.28476,CLOSED,0.16106,0,32
92.1747,92.1747,1,0.37022,0.35924,0.36473,0.2987,0.24205,0.28476,OPENING,0.19563,0,32
92.2089,92.2089,1,0.39845,0.40505,0.40175,0.33477,0.24205,0.28476,OPEN,0.22982,1,33
92.2411,92.2411,1,0.38608,0.40709,0.39659,0.35641,0.24205,0.28476,OPEN,,0,33
92.284,92.284,1,0.41757,0.38921,0.40339,0.37285,0.24205,0.28476,OPEN,,0,33
92.3216,92.3216,1,0.40069,0.37758,0.38913,0.37855,0.24205,0.28476,OPEN,,0,33
92.3543,92.3543,1,0.44746,0.37935,0.41341,0.39075,0.24205,0.28476,OPEN,,0,33
92.3851,92.3851,1,0.43431,0.37038,0.40235,0.39481,0.24205,0.28476,OPEN,,0,33
92.42,92.42,1,0.44397,0.34364,0.39381,0.39446,0.24205,0.28476,OPEN,,0,33
92.454,92.454,1,0.42469,0.34783,0.38626,0.39159,0.24205,0.28476,OPEN,,0,33
92.479,92.479,1,0.46,0.40362,0.43181,0.40566,0.24205,0.28476,OPEN,,0,33
92.5055,92.5055,1,0.43902,0.40818,0.4236,0.41194,0.24205,0.28476,OPEN,,0,33
92.5455,92.5455,1,0.4359,0.37989,0.4079,0.41053,0.24205,0.28476,OPEN,,0,33
92.5903,92.5903,1,0.41961,0.36854,0.39407,0.40477,0.24205,0.28476,OPEN,,0,33
92.627,92.627,1,0.35347,0.34761,0.35054,0.38579,0.24205,0.28476,OPEN,,0,33
92.6569,92.6569,1,0.32302,0.30743,0.31523,0.36109,0.24205,0.28476,OPEN,,0,33
92.6891,92.6891,1,0.23539,0.15841,0.1969,0.30363,0.24205,0.28476,OPEN,,0,33
92.7145,92.7145,1,0.20049,0.12295,0.16172,0.25396,0.24205,0.28476,OPEN,,0,33
92.7571,92.7571,1,0.17976,0.10238,0.14107,0.21445,0.24205,0.28476,CLOSING,,0,33
92.791,92.791,1,0.13395,0.0818,0.10788,0.17715,0.24205,0.28476,CLOSING,0.0339,0,33
92.8188,92.8188,1,0.1287,0.17005,0.14938,0.16743,0.24205,0.28476,CLOSED,0.0617,0,33
92.8428,92.8428,1,0.09687,0.12014,0.1085,0.1468,0.24205,0.28476,CLOSED,0.08579,0,33
92.8727,92.8727,1,0.12708,0.13148,0.12928,0.14067,0.24205,0.28476,CLOSED,0.11565,0,33
92.9057,92.9057,1,0.11867,0.10149,0.11008,0.12996,0.24205,0.28476,CLOSED,0.14859,0,33
92.944,92.944,1,0.17466,0.17804,0.17635,0.1462,0.24205,0.28476,CLOSED,0.18693,0,33
92.9752,92.9752,1,0.19924,0.19554,0.19739,0.16412,0.24205,0.28476,CLOSED,0.21815,0,33
93.0248,93.0248,1,0.43173,0.2978,0.36477,0.23434,0.24205,0.28476,CLOSED,0.26777,0,33
93.0616,93.0616,1,0.4653,0.27272,0.36901,0.28148,0.24205,0.28476,CLOSED,0.30456,0,33
93.0935,93.0935,1,0.49687,0.33246,0.41466,0.32809,0.24205,0.28476,OPENING,0.33647,0,33
93.1278,93.1278,1,0.48681,0.32051,0.40366,0.35454,0.24205,0.28476,OPEN,0.37075,1,34
93.1573,93.1573,1,0.47137,0.33194,0.40166,0.37103,0.24205,0.28476,OPEN,,0,34
93.1895,93.1895,1,0.47568,0.33429,0.40498,0.38291,0.24205,0.28476,OPEN,,0,34
93.2198,93.2198,1,0.45588,0.30941,0.38264,0.38282,0.24205,0.28476,OPEN,,0,34
93.2566,93.2566,1,0.44033,0.2953,0.36781,0.37757,0.24205,0.28476,OPEN,,0,34
93.3008,93.3008,1,0.43609,0.29476,0.36542,0.37332,0.24205,0.28476,OPEN,,0,34
93.3398,93.3398,1,0.44277,0.3388,0.39079,0.37943,0.24205,0.28476,OPEN,,0,34
93.3719,93.3719,1,0.44713,0.26593,0.35653,0.37142,0.24205,0.28476,OPEN,,0,34
93.3891,93.3891,1,0.44062,0.25534,0.34798,0.36321,0.24205,0.28476,OPEN,,0,34
93.4175,93.4175,1,0.43325,0.21206,0.32265,0.34902,0.24205,0.28476,OPEN,,0,34
93.4566,93.4566,1,0.41609,0.22081,0.31845,0.33832,0.24205,0.28476,OPEN,,0,34
93.4945,93.4945,1,0.28104,0.16338,0.22221,0.29768,0.24205,0.28476,OPEN,,0,34
93.5242,93.5242,1,0.1534,0.12123,0.13732,0.24155,0.24205,0.28476,CLOSING,,0,34
93.5442,93.5442,1,0.1437,0.15654,0.15012,0.20955,0.24205,0.28476,CLOSING,0.02003,0,34
93.5801,93.5801,1,0.15381,0.18053,0.16717,0.19472,0.24205,0.28476,CLOSED,0.0559,0,34
93.616,93.616,1,0.19855,0.14243,0.17049,0.18624,0.24205,0.28476,CLOSED,0.09187,0,34
93.6415,93.6415,1,0.20425,0.09421,0.14923,0.17329,0.24205,0.28476,CLOSED,0.11732,0,34
93.6857,93.6857,1,0.17922,0.07338,0.1263,0.15684,0.24205,0.28476,CLOSED,0.16149,0,34
93.7178,93.7178,1,0.25529,0.11316,0.18422,0.16642,0.24205,0.28476,CLOSED,0.19357,0,34
93.7532,93.7532,1,0.28301,0.17911,0.23106,0.18905,0.24205,0.28476,CLOSED,0.22906,0,34
93.7717,93.7717,1,0.29218,0.20444,0.24831,0.20979,0.24205,0.28476,CLOSED,0.24751,0,34
93.8188,93.8188,1,0.35715,0.1881,0.27263,0.23178,0.24205,0.28476,CLOSED,0.29457,0,34
93.8405,93.8405,1,0.37997,0.24093,0.31045,0.25932,0.24205,0.28476,CLOSED,0.31628,0,34
93.8819,93.8819,1,0.41997,0.26222,0.34109,0.28794,0.24205,0.28476,OPENING,0.35771,0,34
93.9067,93.9067,1,0.42287,0.26676,0.34482,0.30785,0.24205,0.28476,OPEN,0.38253,1,35
93.9501,93.9501,1,0.4663,0.29995,0.38312,0.33419,0.24205,0.28476,OPEN,,0,35
93.9731,93.9731,1,0.46334,0.31591,0.38963,0.3536,0.24205,0.28476,OPEN,,0,35
94.0109,94.0109,1,0.44899,0.30557,0.37728,0.36188,0.24205,0.28476,OPEN,,0,35
94.0401,94.0401,1,0.445,0.30802,0.37651,0.367,0.24205,0.28476,OPEN,,0,35
94.0738,94.0738,1,0.42251,0.28574,0.35412,0.3625,0.24205,0.28476,OPEN,,0,35
94.1059,94.1059,1,0.42113,0.27025,0.34569,0.35661,0.24205,0.28476,OPEN,,0,35
94.1554,94.1554,1,0.44435,0.35344,0.39889,0.37141,0.24205,0.28476,OPEN,,0,35
94.1908,94.1908,1,0.44315,0.35582,0.39949,0.38124,0.24205,0.28476,OPEN,,0,35
94.2226,94.2226,1,0.35174,0.25801,0.30487,0.35451,0.24205,0.28476,OPEN,,0,35
94.259,94.259,1,0.35358,0.24089,0.29724,0.33446,0.24205,0.28476,OPEN,,0,35
94.2889,94.2889,1,0.35416,0.20325,0.2787,0.31495,0.24205,0.28476,OPEN,,0,35
94.323,94.323,1,0.34043,0.18448,0.26246,0.29658,0.24205,0.28476,OPEN,,0,35
94.3586,94.3586,1,0.40244,0.31697,0.3597,0.31867,0.24205,0.28476,OPEN,,0,35
94.391,94.391,1,0.4216,0.35562,0.38861,0.34315,0.24205,0.28476,OPEN,,0,35
94.4223,94.4223,1,0.42656,0.36884,0.3977,0.36224,0.24205,0.28476,OPEN,,0,35
94.4564,94.4564,1,0.42349,0.36633,0.39491,0.37368,0.24205,0.28476,OPEN,,0,35
94.4912,94.4912,1,0.4668,0.37673,0.42176,0.39051,0.24205,0.28476,OPEN,,0,35
94.5237,94.5237,1,0.4662,0.38361,0.42491,0.40255,0.24205,0.28476,OPEN,,0,35
94.5533,94.5533,1,0.49911,0.41125,0.45518,0.42097,0.24205,0.28476,OPEN,,0,35
94.589,94.589,1,0.50946,0.41331,0.46138,0.43511,0.24205,0.28476,OPEN,,0,35
94.6191,94.6191,1,0.50513,0.42569,0.46541,0.44572,0.24205,0.28476,OPEN,,0,35
94.6485,94.6485,1,0.4938,0.43163,0.46271,0.45167,0.24205,0.28476,OPEN,,0,35
94.6889,94.6889,1,0.50963,0.44943,0.47953,0.46142,0.24205,0.28476,OPEN,,0,35
94.7231,94.7231,1,0.51309,0.4495,0.4813,0.46838,0.24205,0.28476,OPEN,,0,35
94.7537,94.7537,1,0.44812,0.37304,0.41058,0.44815,0.24205,0.28476,OPEN,,0,35
94.7861,94.7861,1,0.42125,0.34145,0.38135,0.42477,0.24205,0.28476,OPEN,,0,35
94.8237,94.8237,1,0.20049,0.18826,0.19437,0.34413,0.24205,0.28476,OPEN,,0,35
94.8576,94.8576,1,0.14577,0.14471,0.14524,0.27452,0.24205,0.28476,OPEN,,0,35
94.8898,94.8898,1,0.1768,0.14767,0.16224,0.23522,0.24205,0.28476,CLOSING,,0,35
94.9239,94.9239,1,0.27206,0.2094,0.24073,0.23715,0.24205,0.28476,CLOSING,0.03409,0,35
94.9573,94.9573,1,0.37804,0.31973,0.34888,0.27626,0.24205,0.28476,CLOSING,,0,35
94.9867,94.9867,1,0.39409,0.33023,0.36216,0.30632,0.24205,0.28476,OPEN,,0,35
95.0178,95.0178,1,0.43834,0.39505,0.41669,0.34495,0.24205,0.28476,OPEN,,0,35
95.0545,95.0545,1,0.44144,0.39494,0.41819,0.37059,0.24205,0.28476,OPEN,,0,35
95.0903,95.0903,1,0.4409,0.3911,0.416,0.38648,0.24205,0.28476,OPEN,,0,35
95.1236,95.1236,1,0.44044,0.39089,0.41567,0.3967,0.24205,0.28476,OPEN,,0,35
95.1562,95.1562,1,0.45454,0.39844,0.42649,0.40712,0.24205,0.28476,OPEN,,0,35
95.1933,95.1933,1,0.45969,0.40195,0.43082,0.41542,0.24205,0.28476,OPEN,,0,35
95.2393,95.2393,1,0.46227,0.408,0.43514,0.42232,0.24205,0.28476,OPEN,,0,35
95.2738,95.2738,1,0.47045,0.42244,0.44644,0.43076,0.24205,0.28476,OPEN,,0,35
95.3146,95.3146,1,0.46182,0.42308,0.44245,0.43485,0.24205,0.28476,OPEN,,0,35
95.3514,95.3514,1,0.46872,0.42292,0.44582,0.43869,0.24205,0.28476,OPEN,,0,35
95.3886,95.3886,1,0.47461,0.4292,0.4519,0.44332,0.24205,0.28476,OPEN,,0,35
95.4184,95.4184,1,0.46933,0.42476,0.44704,0.44462,0.24205,0.28476,OPEN,,0,35
95.4554,95.4554,1,0.44178,0.38692,0.41435,0.43402,0.24205,0.28476,OPEN,,0,35
95.4864,95.4864,1,0.45664,0.41991,0.43828,0.43551,0.24205,0.28476,OPEN,,0,35
95.516,95.516,1,0.47162,0.4315,0.45156,0.44113,0.24205,0.28476,OPEN,,0,35
95.5558,95.5558,1,0.46855,0.4212,0.44488,0.44244,0.24205,0.28476,OPEN,,0,35
95.5859,95.5859,1,0.46575,0.42726,0.44651,0.44386,0.24205,0.28476,OPEN,,0,35
95.6223,95.6223,1,0.47317,0.43516,0.45417,0.44747,0.24205,0.28476,OPEN,,0,35
95.6616,95.6616,1,0.45869,0.41567,0.43718,0.44387,0.24205,0.28476,OPEN,,0,35
95.6889,95.6889,1,0.45467,0.415,0.43483,0.44071,0.24205,0.28476,OPEN,,0,35
95.7211,95.7211,1,0.45585,0.41679,0.43632,0.43917,0.24205,0.28476,OPEN,,0,35
95.7508,95.7508,1,0.45966,0.41983,0.43974,0.43937,0.24205,0.28476,OPEN,,0,35
95.7813,95.7813,1,0.45755,0.41724,0.4374,0.43868,0.24205,0.28476,OPEN,,0,35
95.8112,95.8112,1,0.45614,0.41521,0.43568,0.43763,0.24205,0.28476,OPEN,,0,35
95.839,95.839,1,0.45325,0.41995,0.4366,0.43727,0.24205,0.28476,OPEN,,0,35
95.8652,95.8652,1,0.45031,0.41991,0.43511,0.43651,0.24205,0.28476,OPEN,,0,35
95.9056,95.9056,1,0.43308,0.4038,0.41844,0.43019,0.24205,0.28476,OPEN,,0,35
95.94,95.94,1,0.42558,0.39595,0.41076,0.42339,0.24205,0.28476,OPEN,,0,35
95.9789,95.9789,1,0.42781,0.39893,0.41337,0.41988,0.24205,0.28476,OPEN,,0,35
96.0086,96.0086,1,0.42748,0.39707,0.41227,0.41722,0.24205,0.28476,OPEN,,0,35
96.0401,96.0401,1,0.42879,0.39974,0.41427,0.41618,0.24205,0.28476,OPEN,,0,35
96.0751,96.0751,1,0.43025,0.40383,0.41704,0.41648,0.24205,0.28476,OPEN,,0,35
96.1114,96.1114,1,0.42615,0.35862,0.39238,0.40805,0.24205,0.28476,OPEN,,0,35
96.1445,96.1445,1,0.42278,0.3443,0.38354,0.39947,0.24205,0.28476,OPEN,,0,35
96.1717,96.1717,1,0.0876,0.13418,0.11089,0.29847,0.24205,0.28476,OPEN,,0,35
96.2053,96.2053,1,0.02867,0.07684,0.05276,,0.24205,0.28476,OPEN,,0,35
96.2395,96.2395,1,0.09312,0.09743,0.09528,,0.24205,0.28476,OPEN,,0,35
96.2718,96.2718,1,0.10885,0.09801,0.10343,0.2302,0.24205,0.28476,CLOSING,,0,35
96.3046,96.3046,1,0.17562,0.14073,0.15818,0.205,0.24205,0.28476,CLOSING,0.03284,0,35
96.3398,96.3398,1,0.20543,0.15684,0.18114,0.19665,0.24205,0.28476,CLOSED,0.06806,0,35
96.3733,96.3733,1,0.2941,0.26522,0.27966,0.2257,0.24205,0.28476,CLOSED,0.10154,0,35
96.4047,96.4047,1,0.33213,0.29894,0.31554,0.25714,0.24205,0.28476,CLOSED,0.13293,0,35
96.44,96.44,1,0.38325,0.36268,0.37297,0.29768,0.24205,0.28476,OPENING,0.16827,0,35
96.4722,96.4722,1,0.3961,0.37748,0.38679,0.32887,0.24205,0.28476,OPEN,0.2004,1,36
96.5015,96.5015,1,0.41555,0.39049,0.40302,0.35482,0.24205,0.28476,OPEN,,0,36
96.5372,96.5372,1,0.41863,0.39285,0.40574,0.37264,0.24205,0.28476,OPEN,,0,36
96.5721,96.5721,1,0.40975,0.37666,0.39321,0.37984,0.24205,0.28476,OPEN,,0,36
96.6063,96.6063,1,0.4089,0.36553,0.38722,0.38242,0.24205,0.28476,OPEN,,0,36
96.6432,96.6432,1,0.03183,0.05765,0.04474,,0.24205,0.28476,OPEN,,0,36
96.673,96.673,1,0.0109,0.03558,0.02324,,0.24205,0.28476,OPEN,,0,36
96.7049,96.7049,1,0.04839,0.08302,0.0657,,0.24205,0.28476,OPEN,,0,36
96.7225,96.7225,1,0.06068,0.09573,0.07821,,0.24205,0.28476,OPEN,,0,36
96.7632,96.7632,1,0.17891,0.1648,0.17185,0.30872,0.24205,0.28476,OPEN,,0,36
96.7994,96.7994,1,0.21209,0.18396,0.19803,0.26998,0.24205,0.28476,OPEN,,0,36
96.8396,96.8396,1,0.33256,0.31038,0.32147,0.288,0.24205,0.28476,OPEN,,0,36
96.8725,96.8725,1,0.35991,0.34039,0.35015,0.30975,0.24205,0.28476,OPEN,,0,36
96.9026,96.9026,1,0.35518,0.33828,0.34673,0.32269,0.24205,0.28476,OPEN,,0,36
96.9395,96.9395,1,0.35322,0.33895,0.34608,0.33088,0.24205,0.28476,OPEN,,0,36
96.9732,96.9732,1,0.35854,0.33958,0.34906,0.33724,0.24205,0.28476,OPEN,,0,36
97.0092,97.0092,1,0.36613,0.34221,0.35417,0.34317,0.24205,0.28476,OPEN,,0,36
97.039,97.039,1,0.37623,0.34767,0.36195,0.34974,0.24205,0.28476,OPEN,,0,36
97.0745,97.0745,1,0.39097,0.35621,0.37359,0.35809,0.24205,0.28476,OPEN,,0,36
97.1073,97.1073,1,0.39654,0.36211,0.37932,0.36552,0.24205,0.28476,OPEN,,0,36
97.1373,97.1373,1,0.39965,0.36688,0.38327,0.37173,0.24205,0.28476,OPEN,,0,36
97.167,97.167,1,0.40091,0.37193,0.38642,0.37687,0.24205,0.28476,OPEN,,0,36
97.2063,97.2063,1,0.40231,0.3752,0.38876,0.38103,0.24205,0.28476,OPEN,,0,36
97.2387,97.2387,1,0.42063,0.38393,0.40228,0.38847,0.24205,0.28476,OPEN,,0,36
97.2696,97.2696,1,0.42699,0.38953,0.40826,0.3954,0.24205,0.28476,OPEN,,0,36
97.3056,97.3056,1,0.43539,0.39433,0.41486,0.40221,0.24205,0.28476,OPEN,,0,36
97.3324,97.3324,1,0.4372,0.39618,0.41669,0.40728,0.24205,0.28476,OPEN,,0,36
97.3724,97.3724,1,0.43603,0.39605,0.41604,0.41035,0.24205,0.28476,OPEN,,0,36
97.4059,97.4059,1,0.43558,0.39614,0.41586,0.41228,0.24205,0.28476,OPEN,,0,36
97.4369,97.4369,1,0.43406,0.39673,0.41539,0.41337,0.24205,0.28476,OPEN,,0,36
97.4711,97.4711,1,0.43103,0.39537,0.4132,0.41331,0.24205,0.28476,OPEN,,0,36
97.5063,97.5063,1,0.42866,0.39267,0.41067,0.41238,0.24205,0.28476,OPEN,,0,36
97.5395,97.5395,1,0.42865,0.39397,0.41131,0.41201,0.24205,0.28476,OPEN,,0,36
97.5712,97.5712,1,0.43059,0.39627,0.41343,0.4125,0.24205,0.28476,OPEN,,0,36
97.5977,97.5977,1,0.42898,0.39646,0.41272,0.41258,0.24205,0.28476,OPEN,,0,36
97.6384,97.6384,1,0.4281,0.39567,0.41189,0.41234,0.24205,0.28476,OPEN,,0,36
97.6697,97.6697,1,0.42768,0.39577,0.41172,0.41212,0.24205,0.28476,OPEN,,0,36
97.7041,97.7041,1,0.4278,0.39414,0.41097,0.41172,0.24205,0.28476,OPEN,,0,36
97.722,97.722,1,0.42669,0.39275,0.40972,0.41102,0.24205,0.28476,OPEN,,0,36
97.7532,97.7532,1,0.42074,0.38827,0.4045,0.40874,0.24205,0.28476,OPEN,,0,36
97.784,97.784,1,0.41962,0.38615,0.40289,0.40669,0.24205,0.28476,OPEN,,0,36
97.8207,97.8207,1,0.41907,0.39072,0.40489,0.40606,0.24205,0.28476,OPEN,,0,36
97.8515,97.8515,1,0.41877,0.38862,0.40369,0.40523,0.24205,0.28476,OPEN,,0,36
97.8996,97.8996,1,0.4174,0.38849,0.40295,0.40443,0.24205,0.28476,OPEN,,0,36
97.9328,97.9328,1,0.41716,0.3893,0.40323,0.40401,0.24205,0.28476,OPEN,,0,36
97.9684,97.9684,1,0.41594,0.39045,0.4032,0.40373,0.24205,0.28476,OPEN,,0,36
97.9988,97.9988,1,0.41538,0.39195,0.40367,0.40371,0.24205,0.28476,OPEN,,0,36
98.0325,98.0325,1,0.41469,0.39125,0.40297,0.40345,0.24205,0.28476,OPEN,,0,36
98.0713,98.0713,1,0.41468,0.39051,0.40259,0.40315,0.24205,0.28476,OPEN,,0,36
98.1097,98.1097,1,0.41961,0.39042,0.40502,0.4038,0.24205,0.28476,OPEN,,0,36
98.1443,98.1443,1,0.41888,0.3887,0.40379,0.4038,0.24205,0.28476,OPEN,,0,36
98.1775,98.1775,1,0.4169,0.38476,0.40083,0.40276,0.24205,0.28476,OPEN,,0,36
98.21,98.21,1,0.41454,0.38162,0.39808,0.40112,0.24205,0.28476,OPEN,,0,36
98.2422,98.2422,1,0.41027,0.37831,0.39429,0.39873,0.24205,0.28476,OPEN,,0,36
98.269,98.269,1,0.40664,0.3759,0.39127,0.39612,0.24205,0.28476,OPEN,,0,36
98.3075,98.3075,1,0.40197,0.36847,0.38522,0.3923,0.24205,0.28476,OPEN,,0,36
98.341,98.341,1,0.39842,0.36228,0.38035,0.38812,0.24205,0.28476,OPEN,,0,36
98.3786,98.3786,1,0.38276,0.3511,0.36693,0.3807,0.24205,0.28476,OPEN,,0,36
98.4037,98.4037,1,0.38026,0.34189,0.36108,0.37383,0.24205,0.28476,OPEN,,0,36
98.438,98.438,1,0.37232,0.33889,0.35561,0.36745,0.24205,0.28476,OPEN,,0,36
98.4667,98.4667,1,0.36823,0.34015,0.35419,0.36281,0.24205,0.28476,OPEN,,0,36
98.5015,98.5015,1,0.36853,0.33042,0.34947,0.35814,0.24205,0.28476,OPEN,,0,36
98.5363,98.5363,1,0.36998,0.32229,0.34613,0.35394,0.24205,0.28476,OPEN,,0,36
98.5708,98.5708,1,0.3683,0.32318,0.34574,0.35107,0.24205,0.28476,OPEN,,0,36
98.605,98.605,1,0.36744,0.32568,0.34656,0.34949,0.24205,0.28476,OPEN,,0,36
98.6552,98.6552,1,0.36988,0.33691,0.35339,0.35086,0.24205,0.28476,OPEN,,0,36
98.6893,98.6893,1,0.37178,0.34003,0.35591,0.35262,0.24205,0.28476,OPEN,,0,36
98.7189,98.7189,1,0.35851,0.3236,0.34106,0.34857,0.24205,0.28476,OPEN,,0,36
98.7528,98.7528,1,0.35276,0.31989,0.33633,0.34429,0.24205,0.28476,OPEN,,0,36
98.7887,98.7887,1,0.34721,0.30884,0.32803,0.3386,0.24205,0.28476,OPEN,,0,36
98.8165,98.8165,1,0.35007,0.30811,0.32909,0.33527,0.24205,0.28476,OPEN,,0,36
98.856,98.856,1,0.34976,0.27917,0.31446,0.32799,0.24205,0.28476,OPEN,,0,36
98.8906,98.8906,1,0.3344,0.2682,0.3013,0.31865,0.24205,0.28476,OPEN,,0,36
98.9266,98.9266,1,0.32932,0.26512,0.29722,0.31115,0.24205,0.28476,OPEN,,0,36
98.9761,98.9761,1,0.35462,0.29994,0.32728,0.31679,0.24205,0.28476,OPEN,,0,36
99.0214,99.0214,1,0.36299,0.31599,0.33949,0.32474,0.24205,0.28476,OPEN,,0,36
99.0636,99.0636,1,0.36011,0.31232,0.33621,0.32875,0.24205,0.28476,OPEN,,0,36
99.1145,99.1145,1,0.3581,0.30695,0.33253,0.33008,0.24205,0.28476,OPEN,,0,36
99.1392,99.1392,1,0.3572,0.3144,0.3358,0.33208,0.24205,0.28476,OPEN,,0,36
99.184,99.184,1,0.3534,0.30279,0.3281,0.33069,0.24205,0.28476,OPEN,,0,36
99.2178,99.2178,1,0.35189,0.30077,0.32633,0.32916,0.24205,0.28476,OPEN,,0,36
99.2514,99.2514,1,0.3528,0.30733,0.33007,0.32948,0.24205,0.28476,OPEN,,0,36
99.2935,99.2935,1,0.35586,0.31163,0.33374,0.33097,0.24205,0.28476,OPEN,,0,36
99.3236,99.3236,1,0.36193,0.31805,0.33999,0.33413,0.24205,0.28476,OPEN,,0,36
99.3587,99.3587,1,0.37427,0.33224,0.35326,0.34082,0.24205,0.28476,OPEN,,0,36
99.3979,99.3979,1,0.37873,0.33119,0.35496,0.34577,0.24205,0.28476,OPEN,,0,36
99.4388,99.4388,1,0.37855,0.33054,0.35454,0.34884,0.24205,0.28476,OPEN,,0,36
99.4653,99.4653,1,0.37307,0.31194,0.3425,0.34662,0.24205,0.28476,OPEN,,0,36
99.5045,99.5045,1,0.36319,0.29422,0.3287,0.34035,0.24205,0.28476,OPEN,,0,36
99.5401,99.5401,1,0.36462,0.30261,0.33361,0.33799,0.24205,0.28476,OPEN,,0,36
99.5662,99.5662,1,0.36758,0.3071,0.33734,0.33776,0.24205,0.28476,OPEN,,0,36
99.5997,99.5997,1,0.37649,0.31998,0.34824,0.34143,0.24205,0.28476,OPEN,,0,36
99.6374,99.6374,1,0.36889,0.31085,0.33987,0.34088,0.24205,0.28476,OPEN,,0,36
99.6749,99.6749,1,0.36912,0.32135,0.34524,0.34241,0.24205,0.28476,OPEN,,0,36
99.7101,99.7101,1,0.36904,0.32247,0.34576,0.34358,0.24205,0.28476,OPEN,,0,36
99.7539,99.7539,1,0.36898,0.3238,0.34639,0.34456,0.24205,0.28476,OPEN,,0,36
99.7849,99.7849,1,0.36972,0.32259,0.34615,0.34512,0.24205,0.28476,OPEN,,0,36
99.8406,99.8406,1,0.36905,0.31986,0.34445,0.34489,0.24205,0.28476,OPEN,,0,36
99.8736,99.8736,1,0.36452,0.34019,0.35236,0.3475,0.24205,0.28476,OPEN,,0,36
99.9087,99.9087,1,0.37009,0.33676,0.35342,0.34957,0.24205,0.28476,OPEN,,0,36
99.9524,99.9524,1,0.36824,0.29684,0.33254,0.34361,0.24205,0.28476,OPEN,,0,36
100.0095,100.0095,1,0.36622,0.29744,0.33183,0.33949,0.24205,0.28476,OPEN,,0,36
100.0372,100.0372,1,0.36523,0.29595,0.33059,0.33637,0.24205,0.28476,OPEN,,0,36
100.0912,100.0912,1,0.3612,0.29649,0.32884,0.33374,0.24205,0.28476,OPEN,,0,36
100.1253,100.1253,1,0.3585,0.29551,0.32701,0.33138,0.24205,0.28476,OPEN,,0,36
100.1602,100.1602,1,0.35913,0.29755,0.32834,0.33032,0.24205,0.28476,OPEN,,0,36
100.1918,100.1918,1,0.35781,0.29693,0.32737,0.32929,0.24205,0.28476,OPEN,,0,36
100.2285,100.2285,1,0.35287,0.30438,0.32862,0.32905,0.24205,0.28476,OPEN,,0,36
100.2707,100.2707,1,0.35154,0.30717,0.32936,0.32916,0.24205,0.28476,OPEN,,0,36
100.2987,100.2987,1,0.35309,0.30912,0.33111,0.32984,0.24205,0.28476,OPEN,,0,36
100.334,100.334,1,0.35382,0.31077,0.33229,0.3307,0.24205,0.28476,OPEN,,0,36
100.3634,100.3634,1,0.34598,0.30974,0.32786,0.32971,0.24205,0.28476,OPEN,,0,36
100.4047,100.4047,1,0.34046,0.30404,0.32225,0.3271,0.24205,0.28476,OPEN,,0,36
100.4554,100.4554,1,0.35175,0.30525,0.3285,0.32759,0.24205,0.28476,OPEN,,0,36
100.489,100.489,1,0.35387,0.30537,0.32962,0.3283,0.24205,0.28476,OPEN,,0,36
100.5216,100.5216,1,0.35449,0.30594,0.33021,0.32897,0.24205,0.28476,OPEN,,0,36
100.5444,100.5444,1,0.37548,0.31608,0.34578,0.33485,0.24205,0.28476,OPEN,,0,36
100.574,100.574,1,0.37764,0.32151,0.34958,0.34001,0.24205,0.28476,OPEN,,0,36
100.6034,100.6034,1,0.36963,0.29984,0.33474,0.33816,0.24205,0.28476,OPEN,,0,36
100.6395,100.6395,1,0.35937,0.28884,0.32411,0.33324,0.24205,0.28476,OPEN,,0,36
100.6693,100.6693,1,0.35546,0.29044,0.32295,0.32964,0.24205,0.28476,OPEN,,0,36
100.7045,100.7045,1,0.35011,0.29069,0.3204,0.32641,0.24205,0.28476,OPEN,,0,36
100.7428,100.7428,1,0.35112,0.2904,0.32076,0.32443,0.24205,0.28476,OPEN,,0,36
100.7701,100.7701,1,0.35152,0.28889,0.3202,0.32295,0.24205,0.28476,OPEN,,0,36
100.8045,100.8045,1,0.35985,0.29722,0.32853,0.32491,0.24205,0.28476,OPEN,,0,36
100.8377,100.8377,1,0.36263,0.29692,0.32977,0.32661,0.24205,0.28476,OPEN,,0,36
100.8708,100.8708,1,0.35689,0.27853,0.31771,0.32349,0.24205,0.28476,OPEN,,0,36
100.8944,100.8944,1,0.34988,0.26953,0.3097,0.31867,0.24205,0.28476,OPEN,,0,36
100.931,100.931,1,0.3529,0.27009,0.31149,0.31616,0.24205,0.28476,OPEN,,0,36
100.9549,100.9549,1,0.3537,0.27039,0.31205,0.31472,0.24205,0.28476,OPEN,,0,36
100.9872,100.9872,1,0.36095,0.27671,0.31883,0.31616,0.24205,0.28476,OPEN,,0,36
101.0039,101.0039,1,0.36025,0.27658,0.31841,0.31695,0.24205,0.28476,OPEN,,0,36
101.0501,101.0501,1,0.35969,0.27189,0.31579,0.31654,0.24205,0.28476,OPEN,,0,36
101.0865,101.0865,1,0.35547,0.26886,0.31217,0.31501,0.24205,0.28476,OPEN,,0,36
101.1197,101.1197,1,0.35433,0.26376,0.30904,0.31292,0.24205,0.28476,OPEN,,0,36
101.1368,101.1368,1,0.35212,0.26734,0.30973,0.3118,0.24205,0.28476,OPEN,,0,36
101.1787,101.1787,1,0.35104,0.25487,0.30295,0.30871,0.24205,0.28476,OPEN,,0,36
101.2029,101.2029,1,0.34944,0.24688,0.29816,0.30501,0.24205,0.28476,OPEN,,0,36
101.2568,101.2568,1,0.34717,0.25424,0.30071,0.30351,0.24205,0.28476,OPEN,,0,36
101.2858,101.2858,1,0.34841,0.25994,0.30417,0.30374,0.24205,0.28476,OPEN,,0,36
101.3286,101.3286,1,0.34619,0.25078,0.29848,0.3019,0.24205,0.28476,OPEN,,0,36
101.3512,101.3512,1,0.34355,0.24454,0.29404,0.29915,0.24205,0.28476,OPEN,,0,36
101.3857,101.3857,1,0.34888,0.25316,0.30102,0.29981,0.24205,0.28476,OPEN,,0,36
101.4238,101.4238,1,0.34898,0.25783,0.30341,0.30107,0.24205,0.28476,OPEN,,0,36
101.4697,101.4697,1,0.35205,0.25614,0.3041,0.30213,0.24205,0.28476,OPEN,,0,36
101.5197,101.5197,1,0.35068,0.25537,0.30303,0.30244,0.24205,0.28476,OPEN,,0,36
101.5404,101.5404,1,0.34767,0.24882,0.29825,0.30097,0.24205,0.28476,OPEN,,0,36
101.5686,101.5686,1,0.3459,0.23713,0.29151,0.29766,0.24205,0.28476,OPEN,,0,36
101.5958,101.5958,1,0.33229,0.23109,0.28169,0.29207,0.24205,0.28476,OPEN,,0,36
101.6175,101.6175,1,0.33126,0.22859,0.27993,0.28782,0.24205,0.28476,OPEN,,0,36
101.6587,101.6587,1,0.34184,0.2307,0.28627,0.28728,0.24205,0.28476,OPEN,,0,36
101.6876,101.6876,1,0.34776,0.24063,0.29419,0.2897,0.24205,0.28476,OPEN,,0,36
101.7351,101.7351,1,0.34997,0.26095,0.30546,0.29521,0.24205,0.28476,OPEN,,0,36
101.7623,101.7623,1,0.35014,0.26323,0.30668,0.29923,0.24205,0.28476,OPEN,,0,36
101.7858,101.7858,1,0.20905,0.15694,0.183,0.25855,0.24205,0.28476,OPEN,,0,36
101.8035,101.8035,1,0.16613,0.13987,0.153,0.22161,0.24205,0.28476,CLOSING,,0,36
101.8573,101.8573,1,0.12561,0.12128,0.12345,0.18725,0.24205,0.28476,CLOSED,0.05382,0,36
101.8864,101.8864,1,0.12082,0.11912,0.11997,0.1637,0.24205,0.28476,CLOSED,0.08295,0,36
101.921,101.921,1,0.1398,0.12615,0.13297,0.15295,0.24205,0.28476,CLOSED,0.11753,0,36
101.9535,101.9535,1,0.14615,0.13331,0.13973,0.14832,0.24205,0.28476,CLOSED,0.15002,0,36
101.9831,101.9831,1,0.16055,0.13613,0.14834,0.14833,0.24205,0.28476,CLOSED,0.17964,0,36
102.0024,102.0024,1,0.17023,0.13333,0.15178,0.14954,0.24205,0.28476,CLOSED,0.19888,0,36
102.0599,102.0599,1,0.22338,0.15841,0.19089,0.16401,0.24205,0.28476,CLOSED,0.25644,0,36
102.0846,102.0846,1,0.23958,0.16726,0.20342,0.1778,0.24205,0.28476,CLOSED,0.28108,0,36
102.125,102.125,1,0.27322,0.20512,0.23917,0.19928,0.24205,0.28476,CLOSED,0.32152,0,36
102.1498,102.1498,1,0.27865,0.20839,0.24352,0.21477,0.24205,0.28476,CLOSED,0.34625,0,36
102.1857,102.1857,1,0.29096,0.21263,0.25179,0.22773,0.24205,0.28476,CLOSED,0.38222,0,36
102.2181,102.2181,1,0.29698,0.21799,0.25749,0.23814,0.24205,0.28476,CLOSED,0.41458,0,36
102.2516,102.2516,1,0.31915,0.22883,0.27399,0.25069,0.24205,0.28476,CLOSED,0.4481,0,36
102.2859,102.2859,1,0.33253,0.23067,0.2816,0.26151,0.24205,0.28476,CLOSED,0.48242,0,36
102.3201,102.3201,1,0.33454,0.23544,0.28499,0.26973,0.24205,0.28476,CLOSED,0.51659,0,36
102.3421,102.3421,1,0.33619,0.23874,0.28746,0.27593,0.24205,0.28476,CLOSED,0.53857,0,36
102.3936,102.3936,1,0.3447,0.26053,0.30262,0.28527,0.24205,0.28476,OPENING,0.59007,0,36
102.4201,102.4201,1,0.34474,0.25923,0.30198,0.29112,0.24205,0.28476,OPEN,0.61665,1,37
102.4592,102.4592,1,0.33951,0.26487,0.30219,0.295,0.24205,0.28476,OPEN,,0,37
102.4867,102.4867,1,0.33868,0.27317,0.30593,0.29882,0.24205,0.28476,OPEN,,0,37
102.5244,102.5244,1,0.33899,0.26852,0.30376,0.30055,0.24205,0.28476,OPEN,,0,37
102.5543,102.5543,1,0.33414,0.25957,0.29685,0.29926,0.24205,0.28476,OPEN,,0,37
102.5868,102.5868,1,0.34215,0.28607,0.31411,0.30445,0.24205,0.28476,OPEN,,0,37
102.6032,102.6032,1,0.34748,0.2933,0.32039,0.31003,0.24205,0.28476,OPEN,,0,37
102.6513,102.6513,1,0.35981,0.31946,0.33964,0.32039,0.24205,0.28476,OPEN,,0,37
102.6841,102.6841,1,0.36076,0.32296,0.34186,0.32791,0.24205,0.28476,OPEN,,0,37
102.7198,102.7198,1,0.33396,0.32664,0.3303,0.32874,0.24205,0.28476,OPEN,,0,37
102.7509,102.7509,1,0.34708,0.32498,0.33603,0.33129,0.24205,0.28476,OPEN,,0,37
102.7958,102.7958,1,0.34997,0.32138,0.33567,0.33283,0.24205,0.28476,OPEN,,0,37
102.8198,102.8198,1,0.35806,0.32167,0.33987,0.33529,0.24205,0.28476,OPEN,,0,37
102.8573,102.8573,1,0.34979,0.25195,0.30087,0.32324,0.24205,0.28476,OPEN,,0,37
102.8885,102.8885,1,0.34363,0.25912,0.30137,0.31559,0.24205,0.28476,OPEN,,0,37
102.9243,102.9243,1,0.38135,0.31534,0.34834,0.32705,0.24205,0.28476,OPEN,,0,37
102.9519,102.9519,1,0.38467,0.32399,0.35433,0.3366,0.24205,0.28476,OPEN,,0,37
102.9897,102.9897,1,0.36999,0.32164,0.34581,0.33982,0.24205,0.28476,OPEN,,0,37
103.0194,103.0194,1,0.36864,0.31573,0.34219,0.34065,0.24205,0.28476,OPEN,,0,37
103.0518,103.0518,1,0.27191,0.2748,0.27336,0.3171,0.24205,0.28476,OPEN,,0,37
103.079,103.079,1,0.2394,0.24184,0.24062,0.29033,0.24205,0.28476,OPEN,,0,37
103.1131,103.1131,1,0.28961,0.2577,0.27366,0.2845,0.24205,0.28476,OPEN,,0,37
103.1353,103.1353,1,0.31562,0.27345,0.29454,0.28801,0.24205,0.28476,OPEN,,0,37
103.1971,103.1971,1,0.28424,0.25256,0.2684,0.28115,0.24205,0.28476,OPEN,,0,37
103.2215,103.2215,1,0.29474,0.25288,0.27381,0.27858,0.24205,0.28476,OPEN,,0,37
103.2571,103.2571,1,0.34682,0.28966,0.31824,0.29246,0.24205,0.28476,OPEN,,0,37
103.2827,103.2827,1,0.34412,0.29392,0.31902,0.30176,0.24205,0.28476,OPEN,,0,37
103.3231,103.3231,1,0.34536,0.30127,0.32331,0.3093,0.24205,0.28476,OPEN,,0,37
103.3622,103.3622,1,0.3462,0.29895,0.32257,0.31395,0.24205,0.28476,OPEN,,0,37
103.3969,103.3969,1,0.35867,0.32756,0.34311,0.32416,0.24205,0.28476,OPEN,,0,37
103.4187,103.4187,1,0.37001,0.32984,0.34992,0.33317,0.24205,0.28476,OPEN,,0,37
103.4542,103.4542,1,0.3663,0.32214,0.34422,0.33704,0.24205,0.28476,OPEN,,0,37
103.4869,103.4869,1,0.37,0.32294,0.34647,0.34034,0.24205,0.28476,OPEN,,0,37
103.5307,103.5307,1,0.37124,0.32471,0.34798,0.34301,0.24205,0.28476,OPEN,,0,37
103.5589,103.5589,1,0.37761,0.33344,0.35553,0.34739,0.24205,0.28476,OPEN,,0,37
103.5921,103.5921,1,0.39357,0.35435,0.37396,0.35669,0.24205,0.28476,OPEN,,0,37
103.6194,103.6194,1,0.40599,0.36155,0.38377,0.36617,0.24205,0.28476,OPEN,,0,37
103.6561,103.6561,1,0.43393,0.3694,0.40167,0.37859,0.24205,0.28476,OPEN,,0,37
103.6843,103.6843,1,0.43879,0.36716,0.40298,0.38713,0.24205,0.28476,OPEN,,0,37
103.728,103.728,1,0.43542,0.3736,0.40451,0.39321,0.24205,0.28476,OPEN,,0,37
103.751,103.751,1,0.4306,0.37293,0.40177,0.39621,0.24205,0.28476,OPEN,,0,37
103.7849,103.7849,1,0.42824,0.38578,0.40701,0.39999,0.24205,0.28476,OPEN,,0,37
103.8013,103.8013,1,0.42261,0.38346,0.40303,0.40105,0.24205,0.28476,OPEN,,0,37
103.849,103.849,1,0.42555,0.38843,0.40699,0.40313,0.24205,0.28476,OPEN,,0,37
103.8856,103.8856,1,0.42504,0.39135,0.40819,0.4049,0.24205,0.28476,OPEN,,0,37
103.9346,103.9346,1,0.42234,0.38721,0.40477,0.40486,0.24205,0.28476,OPEN,,0,37
103.9689,103.9689,1,0.4228,0.38558,0.40419,0.40462,0.24205,0.28476,OPEN,,0,37
103.9982,103.9982,1,0.41778,0.38471,0.40125,0.40344,0.24205,0.28476,OPEN,,0,37
104.0346,104.0346,1,0.41683,0.38522,0.40102,0.4026,0.24205,0.28476,OPEN,,0,37
104.07,104.07,1,0.42134,0.38044,0.40089,0.402,0.24205,0.28476,OPEN,,0,37
104.1003,104.1003,1,0.42512,0.38636,0.40574,0.40331,0.24205,0.28476,OPEN,,0,37
104.1322,104.1322,1,0.42948,0.38403,0.40675,0.40451,0.24205,0.28476,OPEN,,0,37
104.17,104.17,1,0.43071,0.38301,0.40686,0.40534,0.24205,0.28476,OPEN,,0,37
104.2099,104.2099,1,0.42219,0.37882,0.40051,0.40365,0.24205,0.28476,OPEN,,0,37
104.2481,104.2481,1,0.42033,0.37816,0.39924,0.40211,0.24205,0.28476,OPEN,,0,37
104.2736,104.2736,1,0.41643,0.3805,0.39847,0.40083,0.24205,0.28476,OPEN,,0,37
104.3028,104.3028,1,0.41549,0.3862,0.40085,0.40084,0.24205,0.28476,OPEN,,0,37
104.3315,104.3315,1,0.41792,0.39061,0.40426,0.40204,0.24205,0.28476,OPEN,,0,37
104.3689,104.3689,1,0.4213,0.394,0.40765,0.404,0.24205,0.28476,OPEN,,0,37
104.3986,104.3986,1,0.42594,0.39676,0.41135,0.40657,0.24205,0.28476,OPEN,,0,37
104.435,104.435,1,0.43169,0.40108,0.41638,0.41001,0.24205,0.28476,OPEN,,0,37
104.4637,104.4637,1,0.43714,0.41024,0.42369,0.4148,0.24205,0.28476,OPEN,,0,37
104.4972,104.4972,1,0.43861,0.40893,0.42377,0.41794,0.24205,0.28476,OPEN,,0,37
104.5289,104.5289,1,0.41753,0.39189,0.40471,0.41331,0.24205,0.28476,OPEN,,0,37
104.5679,104.5679,1,0.40723,0.37832,0.39277,0.40612,0.24205,0.28476,OPEN,,0,37
104.6015,104.6015,1,0.40743,0.37379,0.39061,0.40069,0.24205,0.28476,OPEN,,0,37
104.6355,104.6355,1,0.40717,0.37746,0.39232,0.39776,0.24205,0.28476,OPEN,,0,37
104.6685,104.6685,1,0.4137,0.37988,0.39679,0.39742,0.24205,0.28476,OPEN,,0,37
104.7,104.7,1,0.42099,0.38253,0.40176,0.39894,0.24205,0.28476,OPEN,,0,37
104.7297,104.7297,1,0.43626,0.3848,0.41053,0.403,0.24205,0.28476,OPEN,,0,37
104.7523,104.7523,1,0.43359,0.38628,0.40993,0.40542,0.24205,0.28476,OPEN,,0,37
104.7938,104.7938,1,0.4279,0.38468,0.40629,0.40573,0.24205,0.28476,OPEN,,0,37
104.8186,104.8186,1,0.42706,0.38632,0.40669,0.40606,0.24205,0.28476,OPEN,,0,37
104.8637,104.8637,1,0.42644,0.39102,0.40873,0.407,0.24205,0.28476,OPEN,,0,37
104.8951,104.8951,1,0.43525,0.39649,0.41587,0.4101,0.24205,0.28476,OPEN,,0,37
104.9354,104.9354,1,0.43911,0.40276,0.42093,0.41389,0.24205,0.28476,OPEN,,0,37
104.9618,104.9618,1,0.44592,0.40776,0.42684,0.41842,0.24205,0.28476,OPEN,,0,37
105.0013,105.0013,1,0.45338,0.41384,0.43361,0.42374,0.24205,0.28476,OPEN,,0,37
105.037,105.037,1,0.45251,0.4106,0.43155,0.42648,0.24205,0.28476,OPEN,,0,37
105.0725,105.0725,1,0.42979,0.38455,0.40717,0.41972,0.24205,0.28476,OPEN,,0,37
105.1016,105.1016,1,0.43767,0.39051,0.41409,0.41775,0.24205,0.28476,OPEN,,0,37
105.1392,105.1392,1,0.42122,0.37791,0.39957,0.41138,0.24205,0.28476,OPEN,,0,37
105.1748,105.1748,1,0.41148,0.37606,0.39377,0.40522,0.24205,0.28476,OPEN,,0,37
105.2194,105.2194,1,0.40038,0.34995,0.37517,0.3947,0.24205,0.28476,OPEN,,0,37
105.2521,105.2521,1,0.37768,0.33276,0.35522,0.38088,0.24205,0.28476,OPEN,,0,37
105.2839,105.2839,1,0.37791,0.32265,0.35028,0.37017,0.24205,0.28476,OPEN,,0,37
105.3154,105.3154,1,0.3738,0.31575,0.34477,0.36128,0.24205,0.28476,OPEN,,0,37
105.3518,105.3518,1,0.37864,0.31654,0.34759,0.35649,0.24205,0.28476,OPEN,,0,37
105.3851,105.3851,1,0.37876,0.32088,0.34982,0.35416,0.24205,0.28476,OPEN,,0,37
105.419,105.419,1,0.38169,0.32422,0.35296,0.35374,0.24205,0.28476,OPEN,,0,37
105.452,105.452,1,0.38353,0.32722,0.35537,0.35431,0.24205,0.28476,OPEN,,0,37
105.4866,105.4866,1,0.384,0.32706,0.35553,0.35474,0.24205,0.28476,OPEN,,0,37
105.5173,105.5173,1,0.3891,0.33608,0.36259,0.35749,0.24205,0.28476,OPEN,,0,37
105.5507,105.5507,1,0.38398,0.33009,0.35703,0.35733,0.24205,0.28476,OPEN,,0,37
105.602,105.602,1,0.38543,0.33192,0.35867,0.3578,0.24205,0.28476,OPEN,,0,37
105.6505,105.6505,1,0.39661,0.33306,0.36484,0.36026,0.24205,0.28476,OPEN,,0,37
105.6906,105.6906,1,0.39939,0.33838,0.36889,0.36328,0.24205,0.28476,OPEN,,0,37
105.7194,105.7194,1,0.39706,0.33287,0.36496,0.36387,0.24205,0.28476,OPEN,,0,37
105.7394,105.7394,1,0.39646,0.33181,0.36414,0.36396,0.24205,0.28476,OPEN,,0,37
105.7753,105.7753,1,0.38931,0.32289,0.3561,0.36121,0.24205,0.28476,OPEN,,0,37
105.8165,105.8165,1,0.38646,0.31806,0.35226,0.35808,0.24205,0.28476,OPEN,,0,37
105.8479,105.8479,1,0.38085,0.30803,0.34444,0.35331,0.24205,0.28476,OPEN,,0,37
105.8863,105.8863,1,0.38752,0.31638,0.35195,0.35283,0.24205,0.28476,OPEN,,0,37
105.9186,105.9186,1,0.37974,0.30566,0.3427,0.34928,0.24205,0.28476,OPEN,,0,37
105.9509,105.9509,1,0.37917,0.30577,0.34247,0.3469,0.24205,0.28476,OPEN,,0,37
105.9831,105.9831,1,0.38378,0.30648,0.34513,0.34628,0.24205,0.28476,OPEN,,0,37
106.0147,106.0147,1,0.3848,0.309,0.3469,0.3465,0.24205,0.28476,OPEN,,0,37
106.0463,106.0463,1,0.39186,0.31625,0.35405,0.34914,0.24205,0.28476,OPEN,,0,37
106.085,106.085,1,0.38748,0.31992,0.3537,0.35073,0.24205,0.28476,OPEN,,0,37
106.1218,106.1218,1,0.38672,0.32224,0.35448,0.35204,0.24205,0.28476,OPEN,,0,37
106.1514,106.1514,1,0.38468,0.32305,0.35386,0.35268,0.24205,0.28476,OPEN,,0,37
106.1824,106.1824,1,0.38967,0.33143,0.36055,0.35543,0.24205,0.28476,OPEN,,0,37
106.2099,106.2099,1,0.38845,0.33101,0.35973,0.35694,0.24205,0.28476,OPEN,,0,37
106.2441,106.2441,1,0.39152,0.33918,0.36535,0.35988,0.24205,0.28476,OPEN,,0,37
106.2961,106.2961,1,0.39161,0.34549,0.36855,0.36292,0.24205,0.28476,OPEN,,0,37
106.3332,106.3332,1,0.39125,0.35045,0.37085,0.36569,0.24205,0.28476,OPEN,,0,37
106.3949,106.3949,1,0.39626,0.36186,0.37906,0.37037,0.24205,0.28476,OPEN,,0,37
106.4223,106.4223,1,0.40159,0.36323,0.38241,0.37458,0.24205,0.28476,OPEN,,0,37
106.4575,106.4575,1,0.39643,0.36663,0.38153,0.37701,0.24205,0.28476,OPEN,,0,37
106.4859,106.4859,1,0.39521,0.36812,0.38167,0.37864,0.24205,0.28476,OPEN,,0,37
106.5271,106.5271,1,0.39345,0.36494,0.3792,0.37884,0.24205,0.28476,OPEN,,0,37
106.5658,106.5658,1,0.39131,0.35845,0.37488,0.37745,0.24205,0.28476,OPEN,,0,37
106.6002,106.6002,1,0.38999,0.35555,0.37277,0.37581,0.24205,0.28476,OPEN,,0,37
106.6246,106.6246,1,0.41354,0.36475,0.38914,0.38048,0.24205,0.28476,OPEN,,0,37
106.6655,106.6655,1,0.42179,0.37058,0.39619,0.38598,0.24205,0.28476,OPEN,,0,37
106.7089,106.7089,1,0.42012,0.37085,0.39548,0.3893,0.24205,0.28476,OPEN,,0,37
106.7457,106.7457,1,0.41948,0.36879,0.39413,0.39099,0.24205,0.28476,OPEN,,0,37
106.7913,106.7913,1,0.41933,0.37011,0.39472,0.3923,0.24205,0.28476,OPEN,,0,37
106.8185,106.8185,1,0.41898,0.36859,0.39378,0.39282,0.24205,0.28476,OPEN,,0,37
106.8512,106.8512,1,0.41408,0.36828,0.39118,0.39224,0.24205,0.28476,OPEN,,0,37
106.872,106.872,1,0.41349,0.36346,0.38847,0.39092,0.24205,0.28476,OPEN,,0,37
106.9058,106.9058,1,0.41452,0.36223,0.38838,0.39003,0.24205,0.28476,OPEN,,0,37
106.9449,106.9449,1,0.41251,0.37262,0.39256,0.39092,0.24205,0.28476,OPEN,,0,37
106.9763,106.9763,1,0.42084,0.38138,0.40111,0.39449,0.24205,0.28476,OPEN,,0,37
107.0145,107.0145,1,0.42527,0.38596,0.40562,0.39838,0.24205,0.28476,OPEN,,0,37
107.0493,107.0493,1,0.4283,0.38301,0.40565,0.40093,0.24205,0.28476,OPEN,,0,37
107.0861,107.0861,1,0.43063,0.39316,0.4119,0.40477,0.24205,0.28476,OPEN,,0,37
107.1237,107.1237,1,0.4317,0.39566,0.41368,0.40789,0.24205,0.28476,OPEN,,0,37
107.1638,107.1638,1,0.43222,0.40007,0.41614,0.41078,0.24205,0.28476,OPEN,,0,37
107.2018,107.2018,1,0.43194,0.40044,0.41619,0.41267,0.24205,0.28476,OPEN,,0,37
107.2396,107.2396,1,0.43842,0.40549,0.42196,0.41592,0.24205,0.28476,OPEN,,0,37
107.2741,107.2741,1,0.43742,0.39716,0.41729,0.4164,0.24205,0.28476,OPEN,,0,37
107.3403,107.3403,1,0.42629,0.39425,0.41027,0.41426,0.24205,0.28476,OPEN,,0,37
107.3835,107.3835,1,0.43404,0.39887,0.41646,0.41503,0.24205,0.28476,OPEN,,0,37
107.4188,107.4188,1,0.42972,0.39836,0.41404,0.41468,0.24205,0.28476,OPEN,,0,37
107.4657,107.4657,1,0.42035,0.38455,0.40245,0.4104,0.24205,0.28476,OPEN,,0,37
107.4953,107.4953,1,0.4172,0.3789,0.39805,0.40608,0.24205,0.28476,OPEN,,0,37
107.5352,107.5352,1,0.41189,0.37277,0.39233,0.40127,0.24205,0.28476,OPEN,,0,37
107.5689,107.5689,1,0.4107,0.37141,0.39106,0.39769,0.24205,0.28476,OPEN,,0,37
107.6061,107.6061,1,0.41296,0.37166,0.39231,0.39581,0.24205,0.28476,OPEN,,0,37
107.6494,107.6494,1,0.41351,0.37141,0.39246,0.39464,0.24205,0.28476,OPEN,,0,37
107.6994,107.6994,1,0.41411,0.36991,0.39201,0.39372,0.24205,0.28476,OPEN,,0,37
107.7283,107.7283,1,0.4164,0.36966,0.39303,0.39348,0.24205,0.28476,OPEN,,0,37
107.7497,107.7497,1,0.41758,0.36977,0.39367,0.39355,0.24205,0.28476,OPEN,,0,37
107.7651,107.7651,1,0.41738,0.36949,0.39343,0.39351,0.24205,0.28476,OPEN,,0,37
107.7801,107.7801,1,0.41731,0.36899,0.39315,0.39338,0.24205,0.28476,OPEN,,0,37
107.801,107.801,1,0.4251,0.38289,0.40399,0.3971,0.24205,0.28476,OPEN,,0,37
107.8675,107.8675,1,0.42047,0.37299,0.39673,0.39697,0.24205,0.28476,OPEN,,0,37
107.8953,107.8953,1,0.42055,0.37143,0.39599,0.39662,0.24205,0.28476,OPEN,,0,37
107.9304,107.9304,1,0.42011,0.369,0.39456,0.3959,0.24205,0.28476,OPEN,,0,37
107.9653,107.9653,1,0.41945,0.36869,0.39407,0.39526,0.24205,0.28476,OPEN,,0,37
108.0012,108.0012,1,0.42842,0.36939,0.3989,0.39653,0.24205,0.28476,OPEN,,0,37
108.0167,108.0167,1,0.43072,0.37097,0.40085,0.39804,0.24205,0.28476,OPEN,,0,37
108.0573,108.0573,1,0.43019,0.37671,0.40345,0.39994,0.24205,0.28476,OPEN,,0,37
108.0814,108.0814,1,0.42986,0.37769,0.40377,0.40128,0.24205,0.28476,OPEN,,0,37
108.1161,108.1161,1,0.4295,0.37804,0.40377,0.40215,0.24205,0.28476,OPEN,,0,37
108.1498,108.1498,1,0.42968,0.37756,0.40362,0.40267,0.24205,0.28476,OPEN,,0,37
108.1799,108.1799,1,0.42992,0.37773,0.40383,0.40307,0.24205,0.28476,OPEN,,0,37
108.2131,108.2131,1,0.42042,0.37196,0.39619,0.40066,0.24205,0.28476,OPEN,,0,37
108.2657,108.2657,1,0.41267,0.3707,0.39169,0.39752,0.24205,0.28476,OPEN,,0,37
108.2896,108.2896,1,0.42074,0.37688,0.39881,0.39797,0.24205,0.28476,OPEN,,0,37
108.3313,108.3313,1,0.41569,0.37789,0.39679,0.39756,0.24205,0.28476,OPEN,,0,37
108.3683,108.3683,1,0.41989,0.37612,0.39801,0.39771,0.24205,0.28476,OPEN,,0,37
108.3983,108.3983,1,0.41926,0.37883,0.39905,0.39818,0.24205,0.28476,OPEN,,0,37
108.4303,108.4303,1,0.41678,0.38061,0.39869,0.39836,0.24205,0.28476,OPEN,,0,37
108.4659,108.4659,1,0.41667,0.38284,0.39975,0.39885,0.24205,0.28476,OPEN,,0,37
108.4926,108.4926,1,0.40871,0.37028,0.38949,0.39557,0.24205,0.28476,OPEN,,0,37
108.5161,108.5161,1,0.40943,0.36383,0.38663,0.39244,0.24205,0.28476,OPEN,,0,37
108.5361,108.5361,1,0.41119,0.36735,0.38927,0.39133,0.24205,0.28476,OPEN,,0,37
108.5676,108.5676,1,0.41373,0.37001,0.39187,0.39152,0.24205,0.28476,OPEN,,0,37
108.6022,108.6022,1,0.40205,0.36022,0.38114,0.38789,0.24205,0.28476,OPEN,,0,37
108.6745,108.6745,1,0.38528,0.32421,0.35474,0.37629,0.24205,0.28476,OPEN,,0,37
108.6989,108.6989,1,0.38601,0.3252,0.35561,0.36905,0.24205,0.28476,OPEN,,0,37
108.7299,108.7299,1,0.4098,0.34769,0.37874,0.37244,0.24205,0.28476,OPEN,,0,37
108.7491,108.7491,1,0.40718,0.35313,0.38016,0.37514,0.24205,0.28476,OPEN,,0,37
108.7945,108.7945,1,0.40959,0.35306,0.38133,0.37731,0.24205,0.28476,OPEN,,0,37
108.8312,108.8312,1,0.41316,0.35449,0.38383,0.37959,0.24205,0.28476,OPEN,,0,37
108.8545,108.8545,1,0.41487,0.35532,0.38509,0.38152,0.24205,0.28476,OPEN,,0,37
108.8823,108.8823,1,0.41134,0.35665,0.384,0.38238,0.24205,0.28476,OPEN,,0,37
108.9003,108.9003,1,0.41426,0.36414,0.3892,0.38477,0.24205,0.28476,OPEN,,0,37
108.9354,108.9354,1,0.40912,0.35303,0.38107,0.38348,0.24205,0.28476,OPEN,,0,37
108.9493,108.9493,1,0.40626,0.34915,0.37771,0.38146,0.24205,0.28476,OPEN,,0,37
109.0039,109.0039,1,0.41131,0.36562,0.38847,0.38391,0.24205,0.28476,OPEN,,0,37
109.0668,109.0668,1,0.42144,0.3708,0.39612,0.38818,0.24205,0.28476,OPEN,,0,37
109.0894,109.0894,1,0.42138,0.36451,0.39295,0.38985,0.24205,0.28476,OPEN,,0,37
109.134,109.134,1,0.41406,0.3471,0.38058,0.38661,0.24205,0.28476,OPEN,,0,37
109.1654,109.1654,1,0.41009,0.34896,0.37953,0.38413,0.24205,0.28476,OPEN,,0,37
109.2087,109.2087,1,0.39477,0.33439,0.36458,0.37729,0.24205,0.28476,OPEN,,0,37
109.2327,109.2327,1,0.40084,0.33798,0.36941,0.37453,0.24205,0.28476,OPEN,,0,37
109.249,109.249,1,0.40021,0.33763,0.36892,0.37257,0.24205,0.28476,OPEN,,0,37
109.2734,109.2734,1,0.40811,0.3647,0.3864,0.37741,0.24205,0.28476,OPEN,,0,37
109.2977,109.2977,1,0.41794,0.37362,0.39578,0.38384,0.24205,0.28476,OPEN,,0,37
109.3447,109.3447,1,0.13339,0.19822,0.1658,0.30753,0.24205,0.28476,OPEN,,0,37
109.3836,109.3836,1,0.10148,0.16922,0.13535,0.24726,0.24205,0.28476,OPEN,,0,37
109.407,109.407,1,0.04056,0.05788,0.04922,,0.24205,0.28476,OPEN,,0,37
109.4673,109.4673,1,0.11107,0.11745,0.11426,0.20071,0.24205,0.28476,CLOSING,,0,37
109.4987,109.4987,1,0.09328,0.109,0.10114,0.16586,0.24205,0.28476,CLOSING,0.03137,0,37
109.5317,109.5317,1,0.25007,0.23673,0.2434,0.193,0.24205,0.28476,CLOSED,0.06442,0,37
109.5535,109.5535,1,0.2969,0.27699,0.28694,0.22588,0.24205,0.28476,CLOSED,0.08618,0,37
109.5809,109.5809,1,0.32601,0.2994,0.3127,0.25627,0.24205,0.28476,CLOSED,0.11359,0,37
109.6086,109.6086,1,0.34658,0.30894,0.32776,0.28129,0.24205,0.28476,CLOSED,0.1413,0,37
109.63,109.63,1,0.36579,0.31565,0.34072,0.30209,0.24205,0.28476,OPENING,0.16269,0,37
109.6715,109.6715,1,0.39219,0.34836,0.37027,0.32596,0.24205,0.28476,OPEN,0.20424,1,38
109.6854,109.6854,1,0.3973,0.3581,0.3777,0.34407,0.24205,0.28476,OPEN,,0,38
109.7385,109.7385,1,0.3994,0.34874,0.37407,0.35457,0.24205,0.28476,OPEN,,0,38
109.7588,109.7588,1,0.39499,0.34276,0.36888,0.35958,0.24205,0.28476,OPEN,,0,38
109.805,109.805,1,0.39675,0.35297,0.37486,0.36493,0.24205,0.28476,OPEN,,0,38
109.8682,109.8682,1,0.34294,0.2878,0.31537,0.34758,0.24205,0.28476,OPEN,,0,38
109.8925,109.8925,1,0.33967,0.28755,0.31361,0.33569,0.24205,0.28476,OPEN,,0,38
109.933,109.933,1,0.34119,0.27075,0.30597,0.32529,0.24205,0.28476,OPEN,,0,38
109.9623,109.9623,1,0.34581,0.28001,0.31291,0.32095,0.24205,0.28476,OPEN,,0,38
109.9993,109.9993,1,0.34462,0.28327,0.31394,0.3185,0.24205,0.28476,OPEN,,0,38
110.0306,110.0306,1,0.32863,0.25042,0.28953,0.30836,0.24205,0.28476,OPEN,,0,38
110.0649,110.0649,1,0.33348,0.25616,0.29482,0.30362,0.24205,0.28476,OPEN,,0,38
110.0951,110.0951,1,0.337,0.25866,0.29783,0.30159,0.24205,0.28476,OPEN,,0,38
110.131,110.131,1,0.34299,0.26195,0.30247,0.3019,0.24205,0.28476,OPEN,,0,38
110.1669,110.1669,1,0.345,0.26223,0.30362,0.3025,0.24205,0.28476,OPEN,,0,38
110.191,110.191,1,0.34788,0.26479,0.30633,0.30384,0.24205,0.28476,OPEN,,0,38
110.2176,110.2176,1,0.35671,0.27204,0.31437,0.30753,0.24205,0.28476,OPEN,,0,38
110.2722,110.2722,1,0.35773,0.27687,0.3173,0.31095,0.24205,0.28476,OPEN,,0,38
110.2992,110.2992,1,0.3578,0.28233,0.32006,0.31414,0.24205,0.28476,OPEN,,0,38
110.3475,110.3475,1,0.35814,0.29053,0.32434,0.31771,0.24205,0.28476,OPEN,,0,38
110.3829,110.3829,1,0.35804,0.29494,0.32649,0.32078,0.24205,0.28476,OPEN,,0,38
110.4149,110.4149,1,0.35805,0.29733,0.32769,0.3232,0.24205,0.28476,OPEN,,0,38
110.4496,110.4496,1,0.36113,0.29569,0.32841,0.32502,0.24205,0.28476,OPEN,,0,38
110.4814,110.4814,1,0.36477,0.29531,0.33004,0.32678,0.24205,0.28476,OPEN,,0,38
110.4986,110.4986,1,0.3667,0.29504,0.33087,0.32821,0.24205,0.28476,OPEN,,0,38
110.5175,110.5175,1,0.36864,0.30029,0.33446,0.3304,0.24205,0.28476,OPEN,,0,38
110.5489,110.5489,1,0.39049,0.3409,0.36569,0.34275,0.24205,0.28476,OPEN,,0,38
110.5668,110.5668,1,0.40005,0.34995,0.375,0.35404,0.24205,0.28476,OPEN,,0,38
110.6031,110.6031,1,0.41639,0.35382,0.38511,0.36491,0.24205,0.28476,OPEN,,0,38
110.6729,110.6729,1,0.41352,0.35962,0.38657,0.37249,0.24205,0.28476,OPEN,,0,38
110.6984,110.6984,1,0.41359,0.36083,0.38721,0.37765,0.24205,0.28476,OPEN,,0,38
110.7157,110.7157,1,0.41383,0.36113,0.38748,0.38109,0.24205,0.28476,OPEN,,0,38
110.7457,110.7457,1,0.41046,0.35629,0.38338,0.38189,0.24205,0.28476,OPEN,,0,38
110.7638,110.7638,1,0.40838,0.34941,0.37889,0.38084,0.24205,0.28476,OPEN,,0,38
110.8124,110.8124,1,0.39867,0.35529,0.37698,0.37949,0.24205,0.28476,OPEN,,0,38
110.8487,110.8487,1,0.39935,0.35589,0.37762,0.37883,0.24205,0.28476,OPEN,,0,38
110.8738,110.8738,1,0.40729,0.36651,0.3869,0.38166,0.24205,0.28476,OPEN,,0,38
110.8992,110.8992,1,0.40672,0.36019,0.38346,0.38229,0.24205,0.28476,OPEN,,0,38
110.9422,110.9422,1,0.40802,0.35988,0.38395,0.38287,0.24205,0.28476,OPEN,,0,38
110.9644,110.9644,1,0.40778,0.35865,0.38321,0.38299,0.24205,0.28476,OPEN,,0,38
111.0029,111.0029,1,0.40983,0.36112,0.38548,0.38386,0.24205,0.28476,OPEN,,0,38
111.0663,111.0663,1,0.40323,0.36422,0.38372,0.38381,0.24205,0.28476,OPEN,,0,38
111.0964,111.0964,1,0.40201,0.36367,0.38284,0.38347,0.24205,0.28476,OPEN,,0,38
111.1294,111.1294,1,0.40133,0.36271,0.38202,0.38296,0.24205,0.28476,OPEN,,0,38
111.1604,111.1604,1,0.39485,0.3505,0.37267,0.37936,0.24205,0.28476,OPEN,,0,38
111.1813,111.1813,1,0.39212,0.34272,0.36742,0.37518,0.24205,0.28476,OPEN,,0,38
111.2085,111.2085,1,0.39157,0.33983,0.3657,0.37186,0.24205,0.28476,OPEN,,0,38
111.2319,111.2319,1,0.3923,0.33916,0.36573,0.36972,0.24205,0.28476,OPEN,,0,38
111.273,111.273,1,0.4077,0.3448,0.37625,0.372,0.24205,0.28476,OPEN,,0,38
111.2989,111.2989,1,0.41399,0.34497,0.37948,0.37462,0.24205,0.28476,OPEN,,0,38
111.337,111.337,1,0.41317,0.34685,0.38001,0.37651,0.24205,0.28476,OPEN,,0,38
111.3641,111.3641,1,0.41227,0.34665,0.37946,0.37754,0.24205,0.28476,OPEN,,0,38
111.4045,111.4045,1,0.40273,0.35511,0.37892,0.37802,0.24205,0.28476,OPEN,,0,38
111.4317,111.4317,1,0.39742,0.35653,0.37697,0.37765,0.24205,0.28476,OPEN,,0,38
111.4834,111.4834,1,0.39739,0.35624,0.37681,0.37736,0.24205,0.28476,OPEN,,0,38
111.5086,111.5086,1,0.39761,0.35581,0.37671,0.37713,0.24205,0.28476,OPEN,,0,38
111.5452,111.5452,1,0.39501,0.34485,0.36993,0.37461,0.24205,0.28476,OPEN,,0,38
111.5828,111.5828,1,0.39183,0.3413,0.36656,0.3718,0.24205,0.28476,OPEN,,0,38
111.6148,111.6148,1,0.39812,0.34605,0.37208,0.3719,0.24205,0.28476,OPEN,,0,38
111.6478,111.6478,1,0.40282,0.34995,0.37638,0.37347,0.24205,0.28476,OPEN,,0,38
111.6763,111.6763,1,0.40707,0.35524,0.38115,0.37616,0.24205,0.28476,OPEN,,0,38
111.6972,111.6972,1,0.40928,0.35778,0.38353,0.37874,0.24205,0.28476,OPEN,,0,38
111.7376,111.7376,1,0.40904,0.35716,0.3831,0.38026,0.24205,0.28476,OPEN,,0,38
111.7629,111.7629,1,0.40904,0.36085,0.38494,0.3819,0.24205,0.28476,OPEN,,0,38
111.8007,111.8007,1,0.41218,0.36258,0.38738,0.38382,0.24205,0.28476,OPEN,,0,38
111.8309,111.8309,1,0.41384,0.36672,0.39028,0.38608,0.24205,0.28476,OPEN,,0,38
111.8842,111.8842,1,0.40917,0.36047,0.38482,0.38564,0.24205,0.28476,OPEN,,0,38
111.9147,111.9147,1,0.41417,0.3648,0.38948,0.38698,0.24205,0.28476,OPEN,,0,38
111.9443,111.9443,1,0.18307,0.16376,0.17341,0.31223,0.24205,0.28476,OPEN,,0,38
111.9653,111.9653,1,0.14286,0.11678,0.12982,0.24839,0.24205,0.28476,OPEN,,0,38
112.0098,112.0098,1,0.08335,0.08303,0.08319,,0.24205,0.28476,OPEN,,0,38
112.0353,112.0353,1,0.06962,0.07373,0.07168,,0.24205,0.28476,OPEN,,0,38
112.0736,112.0736,1,0.10275,0.09413,0.09844,,0.24205,0.28476,OPEN,,0,38
112.0943,112.0943,1,0.1145,0.09904,0.10677,0.19882,0.24205,0.28476,CLOSING,,0,38
112.14,112.14,1,0.22646,0.18167,0.20406,0.20066,0.24205,0.28476,CLOSING,0.04571,0,38
112.1651,112.1651,1,0.26275,0.21467,0.23871,0.21397,0.24205,0.28476,CLOSED,0.07082,0,38
112.2028,112.2028,1,0.40831,0.34967,0.37899,0.27173,0.24205,0.28476,CLOSED,0.10856,0,38
112.2315,112.2315,1,0.43527,0.37776,0.40652,0.31891,0.24205,0.28476,OPENING,0.1372,0,38
112.283,112.283,1,0.42358,0.38113,0.40236,0.34811,0.24205,0.28476,OPEN,0.18868,1,39
112.3056,112.3056,1,0.43324,0.38638,0.40981,0.36971,0.24205,0.28476,OPEN,,0,39
112.3512,112.3512,1,0.46024,0.42695,0.44359,0.39557,0.24205,0.28476,OPEN,,0,39
112.3813,112.3813,1,0.4549,0.4375,0.4462,0.41329,0.24205,0.28476,OPEN,,0,39
112.4152,112.4152,1,0.47006,0.4462,0.45813,0.42898,0.24205,0.28476,OPEN,,0,39
112.4491,112.4491,1,0.46682,0.44128,0.45405,0.43776,0.24205,0.28476,OPEN,,0,39
112.4726,112.4726,1,0.46781,0.43327,0.45054,0.44223,0.24205,0.28476,OPEN,,0,39
112.4997,112.4997,1,0.47916,0.43117,0.45517,0.44676,0.24205,0.28476,OPEN,,0,39
112.5446,112.5446,1,0.45072,0.40633,0.42853,0.44038,0.24205,0.28476,OPEN,,0,39
112.5775,112.5775,1,0.43639,0.39785,0.41712,0.43224,0.24205,0.28476,OPEN,,0,39
112.6203,112.6203,1,0.43123,0.39315,0.41219,0.42522,0.24205,0.28476,OPEN,,0,39
112.6467,112.6467,1,0.43007,0.39103,0.41055,0.42008,0.24205,0.28476,OPEN,,0,39
112.6821,112.6821,1,0.43025,0.39157,0.41091,0.41687,0.24205,0.28476,OPEN,,0,39
112.7146,112.7146,1,0.43124,0.39065,0.41094,0.4148,0.24205,0.28476,OPEN,,0,39
112.7464,112.7464,1,0.43305,0.39157,0.41231,0.41393,0.24205,0.28476,OPEN,,0,39
112.7645,112.7645,1,0.4343,0.39183,0.41307,0.41363,0.24205,0.28476,OPEN,,0,39
112.8114,112.8114,1,0.24941,0.18352,0.21647,0.34462,0.24205,0.28476,OPEN,,0,39
112.8339,112.8339,1,0.21889,0.16301,0.19095,0.29083,0.24205,0.28476,OPEN,,0,39
112.8745,112.8745,1,0.05575,0.06505,0.0604,,0.24205,0.28476,OPEN,,0,39
112.8976,112.8976,1,0.03627,0.05039,0.04333,,0.24205,0.28476,OPEN,,0,39
112.9391,112.9391,1,0.06636,0.05887,0.06262,,0.24205,0.28476,OPEN,,0,39
112.962,112.962,1,0.07662,0.05792,0.06727,,0.24205,0.28476,OPEN,,0,39
113.0246,113.0246,1,0.07154,0.04575,0.05864,,0.24205,0.28476,OPEN,,0,39
113.0478,113.0478,1,0.06694,0.04433,0.05563,,0.24205,0.28476,OPEN,,0,39
113.0821,113.0821,1,0.09773,0.06397,0.08085,,0.24205,0.28476,OPEN,,0,39
113.1142,113.1142,1,0.10133,0.06699,0.08416,,0.24205,0.28476,OPEN,,0,39
113.146,113.146,1,0.27313,0.21733,0.24523,0.27487,0.24205,0.28476,OPEN,,0,39
113.1805,113.1805,1,0.33362,0.27641,0.30501,0.28542,0.24205,0.28476,OPEN,,0,39
113.2141,113.2141,1,0.38996,0.33649,0.36322,0.31265,0.24205,0.28476,OPEN,,0,39
113.2467,113.2467,1,0.40057,0.35247,0.37652,0.335,0.24205,0.28476,OPEN,,0,39
113.2797,113.2797,1,0.39812,0.35246,0.37529,0.3491,0.24205,0.28476,OPEN,,0,39
113.3128,113.3128,1,0.40294,0.35671,0.37982,0.35986,0.24205,0.28476,OPEN,,0,39
113.3553,113.3553,1,0.39655,0.35711,0.37683,0.3658,0.24205,0.28476,OPEN,,0,39
113.378,113.378,1,0.39545,0.36031,0.37788,0.37002,0.24205,0.28476,OPEN,,0,39
113.4167,113.4167,1,0.40015,0.36364,0.38189,0.37418,0.24205,0.28476,OPEN,,0,39
113.4461,113.4461,1,0.40874,0.36832,0.38853,0.3792,0.24205,0.28476,OPEN,,0,39
113.4842,113.4842,1,0.43224,0.39105,0.41164,0.39056,0.24205,0.28476,OPEN,,0,39
113.4999,113.4999,1,0.43951,0.39802,0.41877,0.40043,0.24205,0.28476,OPEN,,0,39
113.5441,113.5441,1,0.42857,0.38776,0.40816,0.40314,0.24205,0.28476,OPEN,,0,39
113.564,113.564,1,0.42486,0.38653,0.4057,0.40403,0.24205,0.28476,OPEN,,0,39
113.6088,113.6088,1,0.41438,0.37337,0.39388,0.40048,0.24205,0.28476,OPEN,,0,39
113.6308,113.6308,1,0.41565,0.374,0.39483,0.3985,0.24205,0.28476,OPEN,,0,39
113.6801,113.6801,1,0.42443,0.38318,0.4038,0.40036,0.24205,0.28476,OPEN,,0,39
113.7126,113.7126,1,0.43015,0.3859,0.40802,0.40304,0.24205,0.28476,OPEN,,0,39
113.7524,113.7524,1,0.42963,0.38605,0.40784,0.40472,0.24205,0.28476,OPEN,,0,39
113.7797,113.7797,1,0.42901,0.38536,0.40718,0.40558,0.24205,0.28476,OPEN,,0,39
113.8187,113.8187,1,0.43276,0.39609,0.41442,0.40868,0.24205,0.28476,OPEN,,0,39
113.8465,113.8465,1,0.43246,0.40144,0.41695,0.41157,0.24205,0.28476,OPEN,,0,39
113.8833,113.8833,1,0.42955,0.3949,0.41222,0.4118,0.24205,0.28476,OPEN,,0,39
113.9139,113.9139,1,0.42491,0.40309,0.414,0.41257,0.24205,0.28476,OPEN,,0,39
113.9503,113.9503,1,0.40292,0.37065,0.38679,0.40355,0.24205,0.28476,OPEN,,0,39
113.9814,113.9814,1,0.4069,0.37119,0.38905,0.39847,0.24205,0.28476,OPEN,,0,39
114.0134,114.0134,1,0.4072,0.37071,0.38895,0.39514,0.24205,0.28476,OPEN,,0,39
114.0306,114.0306,1,0.40735,0.37108,0.38922,0.39307,0.24205,0.28476,OPEN,,0,39
114.0721,114.0721,1,0.41684,0.37054,0.39369,0.39328,0.24205,0.28476,OPEN,,0,39
114.093,114.093,1,0.41898,0.37081,0.39489,0.39385,0.24205,0.28476,OPEN,,0,39
114.1559,114.1559,1,0.41128,0.36348,0.38738,0.39158,0.24205,0.28476,OPEN,,0,39
114.1802,114.1802,1,0.40839,0.35934,0.38387,0.38888,0.24205,0.28476,OPEN,,0,39
114.2209,114.2209,1,0.40743,0.36122,0.38432,0.38729,0.24205,0.28476,OPEN,,0,39
114.2471,114.2471,1,0.40626,0.36131,0.38378,0.38606,0.24205,0.28476,OPEN,,0,39
114.2817,114.2817,1,0.41301,0.37111,0.39206,0.38816,0.24205,0.28476,OPEN,,0,39
114.3119,114.3119,1,0.42156,0.37724,0.3994,0.39209,0.24205,0.28476,OPEN,,0,39
114.3455,114.3455,1,0.42853,0.38398,0.40626,0.39705,0.24205,0.28476,OPEN,,0,39
114.3687,114.3687,1,0.43024,0.38579,0.40801,0.40089,0.24205,0.28476,OPEN,,0,39
114.4143,114.4143,1,0.42176,0.37486,0.39831,0.39999,0.24205,0.28476,OPEN,,0,39
114.4363,114.4363,1,0.42599,0.37732,0.40165,0.40057,0.24205,0.28476,OPEN,,0,39
114.4891,114.4891,1,0.41957,0.37564,0.3976,0.39953,0.24205,0.28476,OPEN,,0,39
114.5142,114.5142,1,0.41663,0.37227,0.39445,0.39775,0.24205,0.28476,OPEN,,0,39
114.5547,114.5547,1,0.4146,0.37422,0.39441,0.39658,0.24205,0.28476,OPEN,,0,39
114.5808,114.5808,1,0.41518,0.37517,0.39517,0.39609,0.24205,0.28476,OPEN,,0,39
114.6216,114.6216,1,0.41809,0.37995,0.39902,0.39712,0.24205,0.28476,OPEN,,0,39
114.6472,114.6472,1,0.4195,0.38235,0.40092,0.39845,0.24205,0.28476,OPEN,,0,39
114.6808,114.6808,1,0.41664,0.37944,0.39804,0.39831,0.24205,0.28476,OPEN,,0,39
114.6966,114.6966,1,0.41742,0.3795,0.39846,0.39836,0.24205,0.28476,OPEN,,0,39
114.7475,114.7475,1,0.41739,0.3815,0.39944,0.39874,0.24205,0.28476,OPEN,,0,39
114.7686,114.7686,1,0.41833,0.38133,0.39983,0.39912,0.24205,0.28476,OPEN,,0,39
114.813,114.813,1,0.41627,0.37755,0.39691,0.39835,0.24205,0.28476,OPEN,,0,39
114.8472,114.8472,1,0.41651,0.37655,0.39653,0.39771,0.24205,0.28476,OPEN,,0,39
114.8916,114.8916,1,0.4186,0.37741,0.39801,0.39781,0.24205,0.28476,OPEN,,0,39
114.9153,114.9153,1,0.41971,0.37747,0.39859,0.39809,0.24205,0.28476,OPEN,,0,39
114.9553,114.9553,1,0.41753,0.36848,0.39301,0.39631,0.24205,0.28476,OPEN,,0,39
114.9819,114.9819,1,0.41778,0.36316,0.39047,0.39427,0.24205,0.28476,OPEN,,0,39
115.0184,115.0184,1,0.41437,0.36803,0.3912,0.39319,0.24205,0.28476,OPEN,,0,39
115.0418,115.0418,1,0.41485,0.3713,0.39307,0.39315,0.24205,0.28476,OPEN,,0,39
115.0847,115.0847,1,0.41107,0.36297,0.38702,0.39101,0.24205,0.28476,OPEN,,0,39
115.1112,115.1112,1,0.4091,0.36347,0.38628,0.38935,0.24205,0.28476,OPEN,,0,39
115.1471,115.1471,1,0.40939,0.36399,0.38669,0.38842,0.24205,0.28476,OPEN,,0,39
115.179,115.179,1,0.40998,0.36512,0.38755,0.38812,0.24205,0.28476,OPEN,,0,39
115.2099,115.2099,1,0.41604,0.37385,0.39494,0.39051,0.24205,0.28476,OPEN,,0,39
115.2454,115.2454,1,0.41745,0.38045,0.39895,0.39346,0.24205,0.28476,OPEN,,0,39
115.2974,115.2974,1,0.41452,0.37838,0.39645,0.39451,0.24205,0.28476,OPEN,,0,39
115.3295,115.3295,1,0.41368,0.37766,0.39567,0.39491,0.24205,0.28476,OPEN,,0,39
115.3629,115.3629,1,0.40414,0.35626,0.3802,0.38976,0.24205,0.28476,OPEN,,0,39
115.3826,115.3826,1,0.40323,0.3515,0.37736,0.38542,0.24205,0.28476,OPEN,,0,39
115.4187,115.4187,1,0.40385,0.35454,0.3792,0.38324,0.24205,0.28476,OPEN,,0,39
115.4472,115.4472,1,0.40272,0.35536,0.37904,0.38177,0.24205,0.28476,OPEN,,0,39
115.4832,115.4832,1,0.39843,0.35874,0.37858,0.38066,0.24205,0.28476,OPEN,,0,39
115.513,115.513,1,0.39466,0.35848,0.37657,0.37923,0.24205,0.28476,OPEN,,0,39
115.5468,115.5468,1,0.39439,0.35817,0.37628,0.3782,0.24205,0.28476,OPEN,,0,39
115.5626,115.5626,1,0.39501,0.35824,0.37663,0.37765,0.24205,0.28476,OPEN,,0,39
115.6236,115.6236,1,0.39627,0.36059,0.37843,0.37792,0.24205,0.28476,OPEN,,0,39
115.6437,115.6437,1,0.39631,0.36082,0.37856,0.37815,0.24205,0.28476,OPEN,,0,39
115.6903,115.6903,1,0.39661,0.35837,0.37749,0.37792,0.24205,0.28476,OPEN,,0,39
115.7046,115.7046,1,0.39729,0.35776,0.37752,0.37778,0.24205,0.28476,OPEN,,0,39
115.7535,115.7535,1,0.39534,0.36152,0.37843,0.37801,0.24205,0.28476,OPEN,,0,39
115.779,115.779,1,0.39639,0.36408,0.38023,0.37879,0.24205,0.28476,OPEN,,0,39
115.8223,115.8223,1,0.4099,0.37111,0.3905,0.38289,0.24205,0.28476,OPEN,,0,39
115.8467,115.8467,1,0.41313,0.37196,0.39254,0.38627,0.24205,0.28476,OPEN,,0,39
115.8829,115.8829,1,0.38672,0.36217,0.37444,0.38213,0.24205,0.28476,OPEN,,0,39
115.9054,115.9054,1,0.38466,0.36299,0.37382,0.37922,0.24205,0.28476,OPEN,,0,39
115.9477,115.9477,1,0.38811,0.36128,0.37469,0.37764,0.24205,0.28476,OPEN,,0,39
115.9792,115.9792,1,0.39412,0.36763,0.38088,0.37877,0.24205,0.28476,OPEN,,0,39
116.0344,116.0344,1,0.40642,0.36606,0.38624,0.38138,0.24205,0.28476,OPEN,,0,39
116.0586,116.0586,1,0.41121,0.36827,0.38974,0.38431,0.24205,0.28476,OPEN,,0,39
116.0905,116.0905,1,0.41039,0.36618,0.38828,0.3857,0.24205,0.28476,OPEN,,0,39
116.113,116.113,1,0.41089,0.3709,0.3909,0.38752,0.24205,0.28476,OPEN,,0,39
116.1551,116.1551,1,0.40987,0.37135,0.39061,0.3886,0.24205,0.28476,OPEN,,0,39
116.1758,116.1758,1,0.40925,0.37113,0.39019,0.38916,0.24205,0.28476,OPEN,,0,39
116.2188,116.2188,1,0.39033,0.34815,0.36924,0.38219,0.24205,0.28476,OPEN,,0,39
116.2536,116.2536,1,0.38941,0.34264,0.36603,0.37653,0.24205,0.28476,OPEN,,0,39
116.2854,116.2854,1,0.3719,0.327,0.34945,0.36705,0.24205,0.28476,OPEN,,0,39
116.3117,116.3117,1,0.36263,0.32134,0.34199,0.35828,0.24205,0.28476,OPEN,,0,39
116.346,116.346,1,0.35199,0.29317,0.32258,0.34578,0.24205,0.28476,OPEN,,0,39
116.3627,116.3627,1,0.35114,0.28664,0.31889,0.33637,0.24205,0.28476,OPEN,,0,39
116.425,116.425,1,0.30037,0.22329,0.26183,0.31028,0.24205,0.28476,OPEN,,0,39
116.4641,116.4641,1,0.31838,0.25072,0.28455,0.30128,0.24205,0.28476,OPEN,,0,39
116.4945,116.4945,1,0.32833,0.25212,0.29023,0.29741,0.24205,0.28476,OPEN,,0,39
116.5165,116.5165,1,0.335,0.27096,0.30298,0.29936,0.24205,0.28476,OPEN,,0,39
116.5545,116.5545,1,0.34958,0.2967,0.32314,0.30768,0.24205,0.28476,OPEN,,0,39
116.5757,116.5757,1,0.35122,0.30432,0.32777,0.31471,0.24205,0.28476,OPEN,,0,39
116.619,116.619,1,0.3662,0.31444,0.34032,0.32368,0.24205,0.28476,OPEN,,0,39
116.6423,116.6423,1,0.36822,0.31282,0.34052,0.32957,0.24205,0.28476,OPEN,,0,39
116.6877,116.6877,1,0.36867,0.33154,0.35011,0.33676,0.24205,0.28476,OPEN,,0,39
116.7124,116.7124,1,0.36589,0.3331,0.3495,0.34122,0.24205,0.28476,OPEN,,0,39
116.7638,116.7638,1,0.37087,0.33196,0.35141,0.34479,0.24205,0.28476,OPEN,,0,39
116.781,116.781,1,0.37093,0.33111,0.35102,0.34697,0.24205,0.28476,OPEN,,0,39
116.827,116.827,1,0.36222,0.28828,0.32525,0.33937,0.24205,0.28476,OPEN,,0,39
116.8533,116.8533,1,0.35671,0.28505,0.32088,0.3329,0.24205,0.28476,OPEN,,0,39
116.8907,116.8907,1,0.37451,0.30565,0.34008,0.33541,0.24205,0.28476,OPEN,,0,39
116.9129,116.9129,1,0.37725,0.31077,0.34401,0.33842,0.24205,0.28476,OPEN,,0,39
116.9603,116.9603,1,0.36753,0.29701,0.33227,0.33627,0.24205,0.28476,OPEN,,0,39
116.9789,116.9789,1,0.35397,0.28734,0.32065,0.3308,0.24205,0.28476,OPEN,,0,39
117.0176,117.0176,1,0.36454,0.32735,0.34594,0.3361,0.24205,0.28476,OPEN,,0,39
117.0434,117.0434,1,0.37305,0.34464,0.35885,0.34406,0.24205,0.28476,OPEN,,0,39
117.0843,117.0843,1,0.36598,0.32765,0.34682,0.34503,0.24205,0.28476,OPEN,,0,39
117.1116,117.1116,1,0.37246,0.32498,0.34872,0.34632,0.24205,0.28476,OPEN,,0,39
117.1681,117.1681,1,0.35709,0.31395,0.33552,0.34254,0.24205,0.28476,OPEN,,0,39
117.1928,117.1928,1,0.35389,0.30525,0.32957,0.338,0.24205,0.28476,OPEN,,0,39
117.226,117.226,1,0.35353,0.29008,0.3218,0.33233,0.24205,0.28476,OPEN,,0,39
117.263,117.263,1,0.35497,0.28627,0.32062,0.32823,0.24205,0.28476,OPEN,,0,39
117.295,117.295,1,0.36338,0.27647,0.31992,0.32532,0.24205,0.28476,OPEN,,0,39
117.3291,117.3291,1,0.33906,0.26236,0.30071,0.31671,0.24205,0.28476,OPEN,,0,39
117.3533,117.3533,1,0.34741,0.26738,0.3074,0.31345,0.24205,0.28476,OPEN,,0,39
117.376,117.376,1,0.35192,0.26934,0.31063,0.31246,0.24205,0.28476,OPEN,,0,39
117.4177,117.4177,1,0.32112,0.25629,0.2887,0.30415,0.24205,0.28476,OPEN,,0,39
117.4417,117.4417,1,0.32822,0.27125,0.29974,0.3026,0.24205,0.28476,OPEN,,0,39
117.4996,117.4996,1,0.3317,0.27257,0.30213,0.30244,0.24205,0.28476,OPEN,,0,39
117.5244,117.5244,1,0.33196,0.27235,0.30215,0.30234,0.24205,0.28476,OPEN,,0,39
117.5645,117.5645,1,0.36728,0.31673,0.342,0.31622,0.24205,0.28476,OPEN,,0,39
117.5847,117.5847,1,0.37258,0.3292,0.35089,0.32836,0.24205,0.28476,OPEN,,0,39
117.6311,117.6311,1,0.27535,0.23042,0.25288,0.30194,0.24205,0.28476,OPEN,,0,39
117.6634,117.6634,1,0.2762,0.22229,0.24925,0.2835,0.24205,0.28476,OPEN,,0,39
117.6945,117.6945,1,0.32339,0.26457,0.29398,0.28717,0.24205,0.28476,OPEN,,0,39
117.7191,117.7191,1,0.33063,0.27252,0.30157,0.29221,0.24205,0.28476,OPEN,,0,39
117.7543,117.7543,1,0.34994,0.27836,0.31415,0.29989,0.24205,0.28476,OPEN,,0,39
117.7875,117.7875,1,0.3527,0.27936,0.31603,0.30554,0.24205,0.28476,OPEN,,0,39
117.8178,117.8178,1,0.35034,0.27514,0.31274,0.30806,0.24205,0.28476,OPEN,,0,39
117.8434,117.8434,1,0.35763,0.27606,0.31685,0.31113,0.24205,0.28476,OPEN,,0,39
117.8985,117.8985,1,0.39076,0.31389,0.35232,0.32555,0.24205,0.28476,OPEN,,0,39
117.9211,117.9211,1,0.39235,0.32332,0.35783,0.33685,0.24205,0.28476,OPEN,,0,39
117.9625,117.9625,1,0.38923,0.32105,0.35514,0.34325,0.24205,0.28476,OPEN,,0,39
117.9797,117.9797,1,0.384,0.31991,0.35195,0.3463,0.24205,0.28476,OPEN,,0,39
118.0265,118.0265,1,0.38981,0.32772,0.35876,0.35066,0.24205,0.28476,OPEN,,0,39
118.0628,118.0628,1,0.39326,0.3319,0.36258,0.35483,0.24205,0.28476,OPEN,,0,39
118.0947,118.0947,1,0.40896,0.35665,0.3828,0.36462,0.24205,0.28476,OPEN,,0,39
118.1112,118.1112,1,0.41599,0.36488,0.39043,0.37366,0.24205,0.28476,OPEN,,0,39
118.1549,118.1549,1,0.4149,0.35539,0.38515,0.37768,0.24205,0.28476,OPEN,,0,39
118.179,118.179,1,0.41097,0.35171,0.38134,0.37896,0.24205,0.28476,OPEN,,0,39
118.2175,118.2175,1,0.41268,0.35338,0.38303,0.38038,0.24205,0.28476,OPEN,,0,39
118.245,118.245,1,0.41517,0.35535,0.38526,0.38209,0.24205,0.28476,OPEN,,0,39
118.3031,118.3031,1,0.41431,0.36107,0.38769,0.38405,0.24205,0.28476,OPEN,,0,39
118.3252,118.3252,1,0.41405,0.36315,0.3886,0.38564,0.24205,0.28476,OPEN,,0,39
118.3622,118.3622,1,0.41445,0.37594,0.3952,0.38899,0.24205,0.28476,OPEN,,0,39
118.3954,118.3954,1,0.41034,0.37495,0.39264,0.39027,0.24205,0.28476,OPEN,,0,39
118.4265,118.4265,1,0.40667,0.36766,0.38717,0.38918,0.24205,0.28476,OPEN,,0,39
118.4508,118.4508,1,0.40475,0.36699,0.38587,0.38802,0.24205,0.28476,OPEN,,0,39
118.49,118.49,1,0.41176,0.36803,0.3899,0.38868,0.24205,0.28476,OPEN,,0,39
118.512,118.512,1,0.41306,0.36699,0.39002,0.38915,0.24205,0.28476,OPEN,,0,39
118.5602,118.5602,1,0.41867,0.37216,0.39542,0.39134,0.24205,0.28476,OPEN,,0,39
118.5958,118.5958,1,0.41502,0.36726,0.39114,0.39127,0.24205,0.28476,OPEN,,0,39
118.6342,118.6342,1,0.41033,0.3612,0.38577,0.38934,0.24205,0.28476,OPEN,,0,39
118.6606,118.6606,1,0.40794,0.35755,0.38275,0.38704,0.24205,0.28476,OPEN,,0,39
118.7,118.7,1,0.40987,0.35572,0.38279,0.38555,0.24205,0.28476,OPEN,,0,39
118.7218,118.7218,1,0.40977,0.35513,0.38245,0.38447,0.24205,0.28476,OPEN,,0,39
118.7657,118.7657,1,0.41111,0.35985,0.38548,0.38482,0.24205,0.28476,OPEN,,0,39
118.7946,118.7946,1,0.41216,0.36195,0.38705,0.3856,0.24205,0.28476,OPEN,,0,39
118.8249,118.8249,1,0.41087,0.36277,0.38682,0.38603,0.24205,0.28476,OPEN,,0,39
118.8478,118.8478,1,0.40778,0.36188,0.38483,0.38561,0.24205,0.28476,OPEN,,0,39
118.8899,118.8899,1,0.40962,0.36645,0.38804,0.38646,0.24205,0.28476,OPEN,,0,39
118.9141,118.9141,1,0.4082,0.36992,0.38906,0.38737,0.24205,0.28476,OPEN,,0,39
118.9566,118.9566,1,0.41355,0.36264,0.3881,0.38762,0.24205,0.28476,OPEN,,0,39
118.9786,118.9786,1,0.41084,0.35717,0.384,0.38636,0.24205,0.28476,OPEN,,0,39
118.9995,118.9995,1,0.40986,0.35527,0.38256,0.38503,0.24205,0.28476,OPEN,,0,39
119.0351,119.0351,1,0.39204,0.35374,0.37289,0.38078,0.24205,0.28476,OPEN,,0,39
119.1001,119.1001,1,0.39984,0.35464,0.37724,0.37954,0.24205,0.28476,OPEN,,0,39
119.1278,119.1278,1,0.40191,0.35299,0.37745,0.37881,0.24205,0.28476,OPEN,,0,39
119.1637,119.1637,1,0.39751,0.34585,0.37168,0.37631,0.24205,0.28476,OPEN,,0,39
119.1899,119.1899,1,0.40142,0.34949,0.37545,0.37601,0.24205,0.28476,OPEN,,0,39
119.2306,119.2306,1,0.40115,0.36098,0.38107,0.37778,0.24205,0.28476,OPEN,,0,39
119.2611,119.2611,1,0.40221,0.36156,0.38188,0.37922,0.24205,0.28476,OPEN,,0,39
119.2922,119.2922,1,0.40261,0.35845,0.38053,0.37968,0.24205,0.28476,OPEN,,0,39
119.3119,119.3119,1,0.40153,0.3554,0.37846,0.37925,0.24205,0.28476,OPEN,,0,39
119.3543,119.3543,1,0.39963,0.35665,0.37814,0.37886,0.24205,0.28476,OPEN,,0,39
119.3758,119.3758,1,0.39881,0.3572,0.37801,0.37856,0.24205,0.28476,OPEN,,0,39
119.4098,119.4098,1,0.39807,0.35763,0.37785,0.37831,0.24205,0.28476,OPEN,,0,39
119.4344,119.4344,1,0.39193,0.34727,0.3696,0.37526,0.24205,0.28476,OPEN,,0,39
119.4999,119.4999,1,0.39225,0.35095,0.3716,0.37398,0.24205,0.28476,OPEN,,0,39
119.5255,119.5255,1,0.39324,0.3525,0.37287,0.37359,0.24205,0.28476,OPEN,,0,39
119.5636,119.5636,1,0.3983,0.36048,0.37939,0.37562,0.24205,0.28476,OPEN,,0,39
119.5927,119.5927,1,0.39629,0.3592,0.37774,0.37636,0.24205,0.28476,OPEN,,0,39
119.6254,119.6254,1,0.38625,0.34607,0.36616,0.37279,0.24205,0.28476,OPEN,,0,39
119.6412,119.6412,1,0.38465,0.34442,0.36454,0.3699,0.24205,0.28476,OPEN,,0,39
119.689,119.689,1,0.37175,0.32774,0.34974,0.36285,0.24205,0.28476,OPEN,,0,39
119.7072,119.7072,1,0.37444,0.33055,0.35249,0.35922,0.24205,0.28476,OPEN,,0,39
119.7228,119.7228,1,0.37553,0.33187,0.3537,0.35729,0.24205,0.28476,OPEN,,0,39
119.7718,119.7718,1,0.36766,0.32689,0.34727,0.35379,0.24205,0.28476,OPEN,,0,39
119.8097,119.8097,1,0.37473,0.33291,0.35382,0.3538,0.24205,0.28476,OPEN,,0,39
119.8411,119.8411,1,0.3837,0.33709,0.3604,0.35611,0.24205,0.28476,OPEN,,0,39
119.9009,119.9009,1,0.3814,0.334,0.3577,0.35666,0.24205,0.28476,OPEN,,0,39
119.9287,119.9287,1,0.38373,0.33418,0.35896,0.35747,0.24205,0.28476,OPEN,,0,39
119.9662,119.9662,1,0.38449,0.34334,0.36392,0.35972,0.24205,0.28476,OPEN,,0,39
119.9938,119.9938,1,0.38627,0.34592,0.36609,0.36195,0.24205,0.28476,OPEN,,0,39
120.0259,120.0259,1,0.39018,0.35267,0.37142,0.36527,0.24205,0.28476,OPEN,,0,39
120.0464,120.0464,1,0.39212,0.35573,0.37393,0.3683,0.24205,0.28476,OPEN,,0,39
120.0883,120.0883,1,0.39802,0.3588,0.37841,0.37184,0.24205,0.28476,OPEN,,0,39
120.1112,120.1112,1,0.40452,0.36317,0.38385,0.37604,0.24205,0.28476,OPEN,,0,39
120.1261,120.1261,1,0.40635,0.36415,0.38525,0.37926,0.24205,0.28476,OPEN,,0,39
120.1716,120.1716,1,0.42423,0.38114,0.40268,0.38746,0.24205,0.28476,OPEN,,0,39
120.2095,120.2095,1,0.43118,0.38766,0.40942,0.39515,0.24205,0.28476,OPEN,,0,39
120.2316,120.2316,1,0.43121,0.39194,0.41158,0.4009,0.24205,0.28476,OPEN,,0,39
120.3006,120.3006,1,0.43801,0.38966,0.41384,0.40543,0.24205,0.28476,OPEN,,0,39
120.3276,120.3276,1,0.43879,0.38878,0.41378,0.40835,0.24205,0.28476,OPEN,,0,39
120.3627,120.3627,1,0.44794,0.39529,0.42162,0.413,0.24205,0.28476,OPEN,,0,39
120.3846,120.3846,1,0.45168,0.39794,0.42481,0.41713,0.24205,0.28476,OPEN,,0,39
120.4279,120.4279,1,0.4384,0.38925,0.41382,0.41597,0.24205,0.28476,OPEN,,0,39
120.449,120.449,1,0.43383,0.38561,0.40972,0.41379,0.24205,0.28476,OPEN,,0,39
120.49,120.49,1,0.43439,0.39337,0.41388,0.41382,0.24205,0.28476,OPEN,,0,39
120.5257,120.5257,1,0.43146,0.40191,0.41669,0.41482,0.24205,0.28476,OPEN,,0,39
120.5601,120.5601,1,0.42947,0.40301,0.41624,0.41532,0.24205,0.28476,OPEN,,0,39
120.5959,120.5959,1,0.4205,0.36643,0.39346,0.40767,0.24205,0.28476,OPEN,,0,39
120.6279,120.6279,1,0.44363,0.37757,0.4106,0.40869,0.24205,0.28476,OPEN,,0,39
120.654,120.654,1,0.43194,0.38258,0.40726,0.40819,0.24205,0.28476,OPEN,,0,39
120.6991,120.6991,1,0.42826,0.38772,0.40799,0.40812,0.24205,0.28476,OPEN,,0,39
120.7329,120.7329,1,0.42864,0.38784,0.40824,0.40816,0.24205,0.28476,OPEN,,0,39
120.763,120.763,1,0.43054,0.39501,0.41277,0.40978,0.24205,0.28476,OPEN,,0,39
120.7865,120.7865,1,0.43037,0.3923,0.41134,0.41032,0.24205,0.28476,OPEN,,0,39
120.827,120.827,1,0.42113,0.36936,0.39525,0.40505,0.24205,0.28476,OPEN,,0,39
120.8472,120.8472,1,0.43177,0.37952,0.40565,0.40526,0.24205,0.28476,OPEN,,0,39
120.8647,120.8647,1,0.43725,0.38546,0.41136,0.40739,0.24205,0.28476,OPEN,,0,39
120.906,120.906,1,0.44192,0.38406,0.41299,0.40935,0.24205,0.28476,OPEN,,0,39
120.9314,120.9314,1,0.44116,0.38072,0.41094,0.40991,0.24205,0.28476,OPEN,,0,39
120.9707,120.9707,1,0.42717,0.37219,0.39968,0.40633,0.24205,0.28476,OPEN,,0,39
120.9926,120.9926,1,0.42436,0.37096,0.39766,0.40329,0.24205,0.28476,OPEN,,0,39
121.0334,121.0334,1,0.4179,0.36435,0.39112,0.39903,0.24205,0.28476,OPEN,,0,39
121.1036,121.1036,1,0.40663,0.37129,0.38896,0.39551,0.24205,0.28476,OPEN,,0,39
121.1298,121.1298,1,0.41148,0.37673,0.39411,0.39502,0.24205,0.28476,OPEN,,0,39
121.1637,121.1637,1,0.41222,0.37407,0.39315,0.39436,0.24205,0.28476,OPEN,,0,39
121.1831,121.1831,1,0.41822,0.37899,0.39861,0.39585,0.24205,0.28476,OPEN,,0,39
121.2255,121.2255,1,0.41234,0.3805,0.39642,0.39605,0.24205,0.28476,OPEN,,0,39
121.2447,121.2447,1,0.41898,0.38756,0.40327,0.39857,0.24205,0.28476,OPEN,,0,39
121.2762,121.2762,1,0.42365,0.39098,0.40732,0.40163,0.24205,0.28476,OPEN,,0,39
121.3094,121.3094,1,0.42846,0.37601,0.40224,0.40185,0.24205,0.28476,OPEN,,0,39
121.3239,121.3239,1,0.42965,0.36757,0.39861,0.40071,0.24205,0.28476,OPEN,,0,39
121.3708,121.3708,1,0.41948,0.37974,0.39961,0.40033,0.24205,0.28476,OPEN,,0,39
121.3914,121.3914,1,0.41952,0.37776,0.39864,0.39974,0.24205,0.28476,OPEN,,0,39
121.4339,121.4339,1,0.41979,0.38269,0.40124,0.40026,0.24205,0.28476,OPEN,,0,39
121.4991,121.4991,1,0.41992,0.38662,0.40327,0.40132,0.24205,0.28476,OPEN,,0,39
121.5205,121.5205,1,0.42138,0.38554,0.40346,0.40207,0.24205,0.28476,OPEN,,0,39
121.5656,121.5656,1,0.41347,0.37762,0.39555,0.39979,0.24205,0.28476,OPEN,,0,39
121.5961,121.5961,1,0.40981,0.37331,0.39156,0.39691,0.24205,0.28476,OPEN,,0,39
121.6441,121.6441,1,0.42492,0.38731,0.40611,0.40013,0.24205,0.28476,OPEN,,0,39
121.6684,121.6684,1,0.42535,0.39009,0.40772,0.40279,0.24205,0.28476,OPEN,,0,39
121.6937,121.6937,1,0.42491,0.38996,0.40743,0.40441,0.24205,0.28476,OPEN,,0,39
121.7238,121.7238,1,0.41833,0.37755,0.39794,0.40215,0.24205,0.28476,OPEN,,0,39
121.7413,121.7413,1,0.41821,0.37392,0.39606,0.40002,0.24205,0.28476,OPEN,,0,39
121.7698,121.7698,1,0.41184,0.36614,0.38899,0.39616,0.24205,0.28476,OPEN,,0,39
121.7929,121.7929,1,0.40782,0.36349,0.38565,0.39248,0.24205,0.28476,OPEN,,0,39
121.8328,121.8328,1,0.40988,0.36642,0.38815,0.39097,0.24205,0.28476,OPEN,,0,39
121.9006,121.9006,1,0.41349,0.38158,0.39753,0.39326,0.24205,0.28476,OPEN,,0,39
121.9507,121.9507,1,0.41525,0.38266,0.39896,0.39526,0.24205,0.28476,OPEN,,0,39
121.9801,121.9801,1,0.41518,0.38384,0.39951,0.39674,0.24205,0.28476,OPEN,,0,39
122.0073,122.0073,1,0.41574,0.38586,0.4008,0.39816,0.24205,0.28476,OPEN,,0,39
122.0454,122.0454,1,0.41636,0.38648,0.40142,0.3993,0.24205,0.28476,OPEN,,0,39
122.0848,122.0848,1,0.41392,0.38347,0.39869,0.39909,0.24205,0.28476,OPEN,,0,39
122.1263,122.1263,1,0.40877,0.3804,0.39459,0.39751,0.24205,0.28476,OPEN,,0,39
122.16,122.16,1,0.41456,0.37767,0.39611,0.39702,0.24205,0.28476,OPEN,,0,39
122.1935,122.1935,1,0.41941,0.38024,0.39983,0.398,0.24205,0.28476,OPEN,,0,39
122.2269,122.2269,1,0.41534,0.37944,0.39739,0.39779,0.24205,0.28476,OPEN,,0,39
122.2625,122.2625,1,0.4147,0.37943,0.39706,0.39754,0.24205,0.28476,OPEN,,0,39
122.2913,122.2913,1,0.41888,0.38066,0.39977,0.39832,0.24205,0.28476,OPEN,,0,39
122.308,122.308,1,0.42118,0.38009,0.40064,0.39913,0.24205,0.28476,OPEN,,0,39
122.3244,122.3244,1,0.42174,0.37844,0.40009,0.39946,0.24205,0.28476,OPEN,,0,39
122.3627,122.3627,1,0.4244,0.38272,0.40356,0.4009,0.24205,0.28476,OPEN,,0,39
122.3785,122.3785,1,0.42658,0.38411,0.40535,0.40246,0.24205,0.28476,OPEN,,0,39
122.4107,122.4107,1,0.42911,0.38565,0.40738,0.40418,0.24205,0.28476,OPEN,,0,39
122.4558,122.4558,1,0.41319,0.37087,0.39203,0.39993,0.24205,0.28476,OPEN,,0,39
122.4772,122.4772,1,0.41063,0.36937,0.39,0.39645,0.24205,0.28476,OPEN,,0,39
122.5046,122.5046,1,0.40679,0.3667,0.38674,0.39306,0.24205,0.28476,OPEN,,0,39
122.5252,122.5252,1,0.4063,0.36604,0.38617,0.39065,0.24205,0.28476,OPEN,,0,39
122.5696,122.5696,1,0.40989,0.36779,0.38884,0.39001,0.24205,0.28476,OPEN,,0,39
122.5931,122.5931,1,0.4118,0.36787,0.38983,0.38995,0.24205,0.28476,OPEN,,0,39
122.6334,122.6334,1,0.42068,0.37764,0.39916,0.39317,0.24205,0.28476,OPEN,,0,39
122.6974,122.6974,1,0.4355,0.3912,0.41335,0.40024,0.24205,0.28476,OPEN,,0,39
122.7297,122.7297,1,0.43676,0.39331,0.41504,0.40542,0.24205,0.28476,OPEN,,0,39
122.7835,122.7835,1,0.43521,0.39027,0.41274,0.40798,0.24205,0.28476,OPEN,,0,39
122.8257,122.8257,1,0.43471,0.3936,0.41415,0.41014,0.24205,0.28476,OPEN,,0,39
122.8648,122.8648,1,0.43317,0.39372,0.41345,0.4113,0.24205,0.28476,OPEN,,0,39
122.8993,122.8993,1,0.35671,0.2925,0.3246,0.38095,0.24205,0.28476,OPEN,,0,39
122.9376,122.9376,1,0.35448,0.28897,0.32173,0.36022,0.24205,0.28476,OPEN,,0,39
122.9755,122.9755,1,0.3634,0.31167,0.33754,0.35228,0.24205,0.28476,OPEN,,0,39
123.0344,123.0344,1,0.36345,0.29547,0.32946,0.34429,0.24205,0.28476,OPEN,,0,39
123.1001,123.1001,1,0.34691,0.28476,0.31584,0.33433,0.24205,0.28476,OPEN,,0,39
123.1385,123.1385,1,0.34923,0.2893,0.31926,0.32906,0.24205,0.28476,OPEN,,0,39
123.1796,123.1796,1,0.35153,0.29162,0.32157,0.32644,0.24205,0.28476,OPEN,,0,39
123.2062,123.2062,1,0.35856,0.2924,0.32548,0.3261,0.24205,0.28476,OPEN,,0,39
123.2368,123.2368,1,0.36325,0.29723,0.33024,0.32755,0.24205,0.28476,OPEN,,0,39
123.2629,123.2629,1,0.362,0.28342,0.32271,0.32586,0.24205,0.28476,OPEN,,0,39
123.2975,123.2975,1,0.35934,0.27668,0.31801,0.32311,0.24205,0.28476,OPEN,,0,39
123.3269,123.3269,1,0.35677,0.26955,0.31316,0.31963,0.24205,0.28476,OPEN,,0,39
123.3585,123.3585,1,0.35659,0.26678,0.31169,0.31685,0.24205,0.28476,OPEN,,0,39
123.3906,123.3906,1,0.35853,0.27233,0.31543,0.31635,0.24205,0.28476,OPEN,,0,39
123.4269,123.4269,1,0.36142,0.27526,0.31834,0.31705,0.24205,0.28476,OPEN,,0,39
123.452,123.452,1,0.36232,0.2814,0.32186,0.31873,0.24205,0.28476,OPEN,,0,39
123.4994,123.4994,1,0.34425,0.2706,0.30743,0.31478,0.24205,0.28476,OPEN,,0,39
123.5446,123.5446,1,0.34544,0.27829,0.31186,0.31376,0.24205,0.28476,OPEN,,0,39
123.5746,123.5746,1,0.34696,0.28319,0.31508,0.31422,0.24205,0.28476,OPEN,,0,39
123.6208,123.6208,1,0.35374,0.27908,0.31641,0.31498,0.24205,0.28476,OPEN,,0,39
123.6627,123.6627,1,0.36112,0.28631,0.32372,0.31804,0.24205,0.28476,OPEN,,0,39
123.7002,123.7002,1,0.35818,0.28636,0.32227,0.31952,0.24205,0.28476,OPEN,,0,39
123.7394,123.7394,1,0.35921,0.28694,0.32307,0.32076,0.24205,0.28476,OPEN,,0,39
123.7743,123.7743,1,0.35359,0.28192,0.31776,0.31971,0.24205,0.28476,OPEN,,0,39
123.8394,123.8394,1,0.35638,0.29556,0.32597,0.3219,0.24205,0.28476,OPEN,,0,39
123.9145,123.9145,1,0.35201,0.2923,0.32216,0.32199,0.24205,0.28476,OPEN,,0,39
123.9531,123.9531,1,0.35464,0.28919,0.32192,0.32196,0.24205,0.28476,OPEN,,0,39
123.9897,123.9897,1,0.35644,0.28698,0.32171,0.32188,0.24205,0.28476,OPEN,,0,39
124.0204,124.0204,1,0.35501,0.28514,0.32007,0.32125,0.24205,0.28476,OPEN,,0,39
124.0608,124.0608,1,0.36038,0.28083,0.3206,0.32102,0.24205,0.28476,OPEN,,0,39
124.1008,124.1008,1,0.35271,0.27512,0.31391,0.31853,0.24205,0.28476,OPEN,,0,39
124.1287,124.1287,1,0.35111,0.27379,0.31245,0.3164,0.24205,0.28476,OPEN,,0,39
124.1767,124.1767,1,0.34858,0.2694,0.30899,0.31381,0.24205,0.28476,OPEN,,0,39
124.2378,124.2378,1,0.34613,0.28258,0.31436,0.314,0.24205,0.28476,OPEN,,0,39
124.2738,124.2738,1,0.34183,0.2853,0.31357,0.31385,0.24205,0.28476,OPEN,,0,39
124.3153,124.3153,1,0.35297,0.31654,0.33476,0.32117,0.24205,0.28476,OPEN,,0,39
124.3575,124.3575,1,0.35975,0.32249,0.34112,0.32815,0.24205,0.28476,OPEN,,0,39
124.3932,124.3932,1,0.36059,0.31883,0.33971,0.3322,0.24205,0.28476,OPEN,,0,39
124.4199,124.4199,1,0.35489,0.30982,0.33236,0.33225,0.24205,0.28476,OPEN,,0,39
124.4607,124.4607,1,0.35577,0.30951,0.33264,0.33239,0.24205,0.28476,OPEN,,0,39
124.5098,124.5098,1,0.35622,0.30895,0.33258,0.33246,0.24205,0.28476,OPEN,,0,39
124.538,124.538,1,0.33899,0.30819,0.32359,0.32935,0.24205,0.28476,OPEN,,0,39
124.5607,124.5607,1,0.32663,0.30395,0.31529,0.32443,0.24205,0.28476,OPEN,,0,39
124.5966,124.5966,1,0.2957,0.26139,0.27855,0.30837,0.24205,0.28476,OPEN,,0,39
124.6291,124.6291,1,0.23916,0.22066,0.22991,0.28091,0.24205,0.28476,OPEN,,0,39
124.6639,124.6639,1,0.24407,0.20961,0.22684,0.26199,0.24205,0.28476,OPEN,,0,39
124.7084,124.7084,1,0.23436,0.19315,0.21375,0.2451,0.24205,0.28476,OPEN,,0,39
124.7462,124.7462,1,0.25086,0.19611,0.22349,0.23754,0.24205,0.28476,CLOSING,,0,39
124.7752,124.7752,1,0.23548,0.20414,0.21981,0.23133,0.24205,0.28476,CLOSING,0.02898,0,39
124.8081,124.8081,1,0.24506,0.20849,0.22678,0.22974,0.24205,0.28476,CLOSED,0.06193,0,39
124.8435,124.8435,1,0.25397,0.21127,0.23262,0.23075,0.24205,0.28476,CLOSED,0.09729,0,39
124.8758,124.8758,1,0.28188,0.20164,0.24176,0.2346,0.24205,0.28476,CLOSED,0.1296,0,39
124.9087,124.9087,1,0.27843,0.19899,0.23871,0.23604,0.24205,0.28476,CLOSED,0.1625,0,39
124.9412,124.9412,1,0.26611,0.2,0.23305,0.23499,0.24205,0.28476,CLOSED,0.19505,0,39
124.9816,124.9816,1,0.25642,0.19968,0.22805,0.23256,0.24205,0.28476,CLOSED,0.23545,0,39
125.025,125.025,1,0.29702,0.21397,0.2555,0.24059,0.24205,0.28476,CLOSED,0.27884,0,39
125.053,125.053,1,0.30747,0.212,0.25973,0.24729,0.24205,0.28476,CLOSED,0.30685,0,39
125.0888,125.0888,1,0.30324,0.20685,0.25504,0.25,0.24205,0.28476,CLOSED,0.34258,0,39
125.1236,125.1236,1,0.29834,0.2099,0.25412,0.25144,0.24205,0.28476,CLOSED,0.37742,0,39
125.1756,125.1756,1,0.32503,0.26045,0.29274,0.2659,0.24205,0.28476,CLOSED,0.42941,0,39
125.2051,125.2051,1,0.31945,0.24147,0.28046,0.27099,0.24205,0.28476,CLOSED,0.45896,0,39
