timestamp,elapsed,face_detected,left_ear,right_ear,average_ear,smoothed_ear,closing_threshold,opening_threshold,eye_state,closure_duration,blink_event,blink_count
0.006,0.006,1,0.40869,0.37136,0.39003,0.39003,0.26881,0.31624,OPEN,,0,0
0.1103,0.1103,1,0.40879,0.37297,0.39088,0.39045,0.26881,0.31624,OPEN,,0,0
0.2216,0.2216,1,0.41432,0.37501,0.39467,0.39088,0.26881,0.31624,OPEN,,0,0
0.3111,0.3111,1,0.41884,0.37934,0.39909,0.39467,0.26881,0.31624,OPEN,,0,0
0.4175,0.4175,1,0.4153,0.37137,0.39333,0.39467,0.26881,0.31624,OPEN,,0,0
0.5068,0.5068,1,0.40314,0.35934,0.38124,0.39333,0.26881,0.31624,OPEN,,0,0
0.6207,0.6207,1,0.4004,0.35853,0.37946,0.38124,0.26881,0.31624,OPEN,,0,0
0.7111,0.7111,1,0.39975,0.3593,0.37953,0.37953,0.26881,0.31624,OPEN,,0,0
0.8076,0.8076,1,0.39752,0.36288,0.3802,0.37953,0.26881,0.31624,OPEN,,0,0
0.9093,0.9093,1,0.40569,0.36515,0.38542,0.3802,0.26881,0.31624,OPEN,,0,0
0.9775,0.9775,1,0.40782,0.36541,0.38661,0.38542,0.26881,0.31624,OPEN,,0,0
1.0468,1.0468,1,0.41542,0.36512,0.39027,0.38661,0.26881,0.31624,OPEN,,0,0
1.1164,1.1164,1,0.43214,0.38508,0.40861,0.39027,0.26881,0.31624,OPEN,,0,0
1.2079,1.2079,1,0.44775,0.41375,0.43075,0.40861,0.26881,0.31624,OPEN,,0,0
1.317,1.317,1,0.44514,0.41608,0.43061,0.43061,0.26881,0.31624,OPEN,,0,0
1.3855,1.3855,1,0.45458,0.42474,0.43966,0.43075,0.26881,0.31624,OPEN,,0,0
1.5264,1.5264,1,0.4552,0.41742,0.43631,0.43631,0.26881,0.31624,OPEN,,0,0
1.6085,1.6085,1,0.22894,0.18237,0.20566,0.43631,0.26881,0.31624,OPEN,,0,0
1.7229,1.7229,1,0.20179,0.13182,0.16681,0.20566,0.26881,0.31624,CLOSING,,0,0
1.8133,1.8133,1,0.33085,0.26535,0.2981,0.20566,0.26881,0.31624,CLOSED,0.09041,0,0
1.9263,1.9263,1,0.43935,0.39008,0.41472,0.2981,0.26881,0.31624,CLOSED,0.20336,0,0
2.0102,2.0102,1,0.44586,0.42622,0.43604,0.41472,0.26881,0.31624,OPENING,0.28733,0,0
2.1215,2.1215,1,0.44633,0.43303,0.43968,0.43604,0.26881,0.31624,OPEN,0.39861,1,1
2.199,2.199,1,0.44797,0.43553,0.44175,0.43968,0.26881,0.31624,OPEN,,0,1
2.2717,2.2717,1,0.46412,0.45449,0.4593,0.44175,0.26881,0.31624,OPEN,,0,1
2.4126,2.4126,1,0.45573,0.45243,0.45408,0.45408,0.26881,0.31624,OPEN,,0,1
2.5417,2.5417,1,0.46598,0.46245,0.46421,0.4593,0.26881,0.31624,OPEN,,0,1
2.6143,2.6143,1,0.46401,0.45633,0.46017,0.46017,0.26881,0.31624,OPEN,,0,1
2.7181,2.7181,1,0.45778,0.45246,0.45512,0.46017,0.26881,0.31624,OPEN,,0,1
2.8074,2.8074,1,0.46832,0.45999,0.46415,0.46017,0.26881,0.31624,OPEN,,0,1
2.924,2.924,1,0.47964,0.46948,0.47456,0.46415,0.26881,0.31624,OPEN,,0,1
3.0184,3.0184,1,0.45094,0.43013,0.44053,0.46415,0.26881,0.31624,OPEN,,0,1
3.1114,3.1114,1,0.33951,0.29621,0.31786,0.44053,0.26881,0.31624,OPEN,,0,1
3.2156,3.2156,1,0.35298,0.27085,0.31191,0.31786,0.26881,0.31624,OPEN,,0,1
3.3225,3.3225,1,0.352,0.29949,0.32575,0.31786,0.26881,0.31624,OPEN,,0,1
3.4155,3.4155,1,0.43586,0.38898,0.41242,0.32575,0.26881,0.31624,OPEN,,0,1
3.5174,3.5174,1,0.42946,0.41112,0.42029,0.41242,0.26881,0.31624,OPEN,,0,1
3.6254,3.6254,1,0.45478,0.45125,0.45302,0.42029,0.26881,0.31624,OPEN,,0,1
3.7271,3.7271,1,0.45621,0.45495,0.45558,0.45302,0.26881,0.31624,OPEN,,0,1
3.8156,3.8156,1,0.44994,0.4523,0.45112,0.45302,0.26881,0.31624,OPEN,,0,1
3.9092,3.9092,1,0.46122,0.46361,0.46241,0.45558,0.26881,0.31624,OPEN,,0,1
4.0317,4.0317,1,0.45061,0.45714,0.45388,0.45388,0.26881,0.31624,OPEN,,0,1
4.1218,4.1218,1,0.43983,0.45561,0.44772,0.45388,0.26881,0.31624,OPEN,,0,1
4.216,4.216,1,0.44373,0.4497,0.44672,0.44772,0.26881,0.31624,OPEN,,0,1
4.3194,4.3194,1,0.44259,0.44852,0.44555,0.44672,0.26881,0.31624,OPEN,,0,1
4.4256,4.4256,1,0.45386,0.45461,0.45424,0.44672,0.26881,0.31624,OPEN,,0,1
4.5283,4.5283,1,0.43938,0.44915,0.44426,0.44555,0.26881,0.31624,OPEN,,0,1
4.6167,4.6167,1,0.44035,0.45008,0.44522,0.44522,0.26881,0.31624,OPEN,,0,1
4.7169,4.7169,1,0.4398,0.44726,0.44353,0.44426,0.26881,0.31624,OPEN,,0,1
4.8256,4.8256,1,0.44914,0.44196,0.44555,0.44522,0.26881,0.31624,OPEN,,0,1
4.9212,4.9212,1,0.45257,0.44364,0.4481,0.44555,0.26881,0.31624,OPEN,,0,1
5.0223,5.0223,1,0.45661,0.44603,0.45132,0.4481,0.26881,0.31624,OPEN,,0,1
5.113,5.113,1,0.46073,0.45266,0.4567,0.45132,0.26881,0.31624,OPEN,,0,1
5.2321,5.2321,1,0.46299,0.44968,0.45633,0.45633,0.26881,0.31624,OPEN,,0,1
5.3209,5.3209,1,0.45917,0.44421,0.45169,0.45633,0.26881,0.31624,OPEN,,0,1
5.4166,5.4166,1,0.45994,0.44222,0.45108,0.45169,0.26881,0.31624,OPEN,,0,1
5.5131,5.5131,1,0.4605,0.45193,0.45622,0.45169,0.26881,0.31624,OPEN,,0,1
5.6241,5.6241,1,0.46163,0.45134,0.45648,0.45622,0.26881,0.31624,OPEN,,0,1
5.7214,5.7214,1,0.4607,0.44859,0.45465,0.45622,0.26881,0.31624,OPEN,,0,1
5.8218,5.8218,1,0.45948,0.45403,0.45675,0.45648,0.26881,0.31624,OPEN,,0,1
5.93,5.93,1,0.45737,0.45346,0.45542,0.45542,0.26881,0.31624,OPEN,,0,1
6.0281,6.0281,1,0.44852,0.44741,0.44796,0.45542,0.26881,0.31624,OPEN,,0,1
6.118,6.118,1,0.44493,0.43875,0.44184,0.44796,0.26881,0.31624,OPEN,,0,1
6.2127,6.2127,1,0.4379,0.43174,0.43482,0.44184,0.26881,0.31624,OPEN,,0,1
6.3351,6.3351,1,0.43397,0.42227,0.42812,0.43482,0.26881,0.31624,OPEN,,0,1
6.4248,6.4248,1,0.40189,0.37809,0.38999,0.42812,0.26881,0.31624,OPEN,,0,1
6.5238,6.5238,1,0.31164,0.26147,0.28655,0.38999,0.26881,0.31624,OPEN,,0,1
6.6241,6.6241,1,0.36501,0.33359,0.3493,0.3493,0.26881,0.31624,OPEN,,0,1
6.7288,6.7288,1,0.41668,0.39632,0.4065,0.3493,0.26881,0.31624,OPEN,,0,1
6.8295,6.8295,1,0.43705,0.41888,0.42797,0.4065,0.26881,0.31624,OPEN,,0,1
6.9192,6.9192,1,0.45064,0.41933,0.43499,0.42797,0.26881,0.31624,OPEN,,0,1
7.021,7.021,1,0.4382,0.41493,0.42657,0.42797,0.26881,0.31624,OPEN,,0,1
7.128,7.128,1,0.44628,0.43629,0.44128,0.43499,0.26881,0.31624,OPEN,,0,1
7.2247,7.2247,1,0.44173,0.43157,0.43665,0.43665,0.26881,0.31624,OPEN,,0,1
7.3263,7.3263,1,0.44954,0.44805,0.44879,0.44128,0.26881,0.31624,OPEN,,0,1
7.4181,7.4181,1,0.4473,0.45283,0.45006,0.44879,0.26881,0.31624,OPEN,,0,1
7.5352,7.5352,1,0.45229,0.449,0.45064,0.45006,0.26881,0.31624,OPEN,,0,1
7.6234,7.6234,1,0.37416,0.32591,0.35004,0.45006,0.26881,0.31624,OPEN,,0,1
7.7224,7.7224,1,0.37682,0.33939,0.3581,0.3581,0.26881,0.31624,OPEN,,0,1
7.8239,7.8239,1,0.42096,0.39721,0.40909,0.3581,0.26881,0.31624,OPEN,,0,1
7.9305,7.9305,1,0.43163,0.41089,0.42126,0.40909,0.26881,0.31624,OPEN,,0,1
8.0262,8.0262,1,0.45461,0.44216,0.44838,0.42126,0.26881,0.31624,OPEN,,0,1
8.1267,8.1267,1,0.4446,0.43823,0.44141,0.44141,0.26881,0.31624,OPEN,,0,1
8.2325,8.2325,1,0.45748,0.44213,0.4498,0.44838,0.26881,0.31624,OPEN,,0,1
8.3328,8.3328,1,0.45565,0.4438,0.44972,0.44972,0.26881,0.31624,OPEN,,0,1
8.4232,8.4232,1,0.43517,0.42474,0.42996,0.44972,0.26881,0.31624,OPEN,,0,1
8.5214,8.5214,1,0.43464,0.42487,0.42975,0.42996,0.26881,0.31624,OPEN,,0,1
8.647,8.647,1,0.43598,0.42896,0.43247,0.42996,0.26881,0.31624,OPEN,,0,1
8.7298,8.7298,1,0.42293,0.40508,0.41401,0.42975,0.26881,0.31624,OPEN,,0,1
8.8221,8.8221,1,0.33747,0.29267,0.31507,0.41401,0.26881,0.31624,OPEN,,0,1
8.9233,8.9233,1,0.31218,0.2646,0.28839,0.31507,0.26881,0.31624,OPEN,,0,1
9.0295,9.0295,1,0.3752,0.30256,0.33888,0.31507,0.26881,0.31624,OPEN,,0,1
9.1286,9.1286,1,0.41074,0.36734,0.38904,0.33888,0.26881,0.31624,OPEN,,0,1
9.2223,9.2223,1,0.42635,0.40984,0.41809,0.38904,0.26881,0.31624,OPEN,,0,1
9.3234,9.3234,1,0.44114,0.42704,0.43409,0.41809,0.26881,0.31624,OPEN,,0,1
9.4317,9.4317,1,0.43594,0.43101,0.43347,0.43347,0.26881,0.31624,OPEN,,0,1
9.5268,9.5268,1,0.4546,0.4514,0.453,0.43409,0.26881,0.31624,OPEN,,0,1
9.6283,9.6283,1,0.45933,0.46312,0.46123,0.453,0.26881,0.31624,OPEN,,0,1
9.7178,9.7178,1,0.42313,0.42827,0.4257,0.453,0.26881,0.31624,OPEN,,0,1
9.8386,9.8386,1,0.31422,0.22112,0.26767,0.4257,0.26881,0.31624,OPEN,,0,1
9.9293,9.9293,1,0.35409,0.26529,0.30969,0.30969,0.26881,0.31624,OPEN,,0,1
10.024,10.024,1,0.34717,0.27934,0.31325,0.30969,0.26881,0.31624,OPEN,,0,1
10.1225,10.1225,1,0.42677,0.35446,0.39062,0.31325,0.26881,0.31624,OPEN,,0,1
10.234,10.234,1,0.43881,0.41981,0.42931,0.39062,0.26881,0.31624,OPEN,,0,1
10.3284,10.3284,1,0.44743,0.42331,0.43537,0.42931,0.26881,0.31624,OPEN,,0,1
10.4321,10.4321,1,0.43372,0.4289,0.43131,0.43131,0.26881,0.31624,OPEN,,0,1
10.5372,10.5372,1,0.44031,0.43273,0.43652,0.43537,0.26881,0.31624,OPEN,,0,1
10.6371,10.6371,1,0.44539,0.44421,0.4448,0.43652,0.26881,0.31624,OPEN,,0,1
10.7252,10.7252,1,0.45002,0.45494,0.45248,0.4448,0.26881,0.31624,OPEN,,0,1
10.8247,10.8247,1,0.44971,0.45316,0.45143,0.45143,0.26881,0.31624,OPEN,,0,1
10.9405,10.9405,1,0.42146,0.4327,0.42708,0.45143,0.26881,0.31624,OPEN,,0,1
11.0339,11.0339,1,0.29931,0.23505,0.26718,0.42708,0.26881,0.31624,OPEN,,0,1
11.129,11.129,1,0.30031,0.22533,0.26282,0.26718,0.26881,0.31624,CLOSING,,0,1
11.226,11.226,1,0.32705,0.2768,0.30193,0.26718,0.26881,0.31624,CLOSED,0.09696,0,1
11.3373,11.3373,1,0.4102,0.35217,0.38119,0.30193,0.26881,0.31624,CLOSED,0.20824,0,1
11.4371,11.4371,1,0.4391,0.4161,0.4276,0.38119,0.26881,0.31624,OPENING,0.3081,0,1
11.5274,11.5274,1,0.42537,0.43311,0.42924,0.4276,0.26881,0.31624,OPEN,0.39834,1,2
11.6292,11.6292,1,0.4221,0.42601,0.42405,0.4276,0.26881,0.31624,OPEN,,0,2
11.7364,11.7364,1,0.42313,0.42606,0.42459,0.42459,0.26881,0.31624,OPEN,,0,2
11.8345,11.8345,1,0.33975,0.28033,0.31004,0.42405,0.26881,0.31624,OPEN,,0,2
11.9329,11.9329,1,0.27289,0.22638,0.24963,0.31004,0.26881,0.31624,OPEN,,0,2
12.0254,12.0254,1,0.30328,0.22027,0.26178,0.26178,0.26881,0.31624,CLOSING,,0,2
12.141,12.141,1,0.31642,0.21858,0.2675,0.26178,0.26881,0.31624,CLOSED,0.11559,0,2
12.2336,12.2336,1,0.37536,0.30409,0.33972,0.2675,0.26881,0.31624,CLOSED,0.20816,0,2
12.3277,12.3277,1,0.41746,0.4124,0.41493,0.33972,0.26881,0.31624,OPENING,0.30234,0,2
12.4317,12.4317,1,0.4219,0.4189,0.4204,0.41493,0.26881,0.31624,OPEN,0.4063,1,3
12.5353,12.5353,1,0.43254,0.43759,0.43506,0.4204,0.26881,0.31624,OPEN,,0,3
12.6322,12.6322,1,0.43515,0.43927,0.43721,0.43506,0.26881,0.31624,OPEN,,0,3
12.7326,12.7326,1,0.43818,0.44741,0.44279,0.43721,0.26881,0.31624,OPEN,,0,3
12.8415,12.8415,1,0.44834,0.46678,0.45756,0.44279,0.26881,0.31624,OPEN,,0,3
12.9387,12.9387,1,0.44775,0.46203,0.45489,0.45489,0.26881,0.31624,OPEN,,0,3
13.0335,13.0335,1,0.44858,0.46251,0.45555,0.45555,0.26881,0.31624,OPEN,,0,3
13.1298,13.1298,1,0.4474,0.46395,0.45568,0.45555,0.26881,0.31624,OPEN,,0,3
13.2465,13.2465,1,0.4305,0.45163,0.44107,0.45555,0.26881,0.31624,OPEN,,0,3
13.3362,13.3362,1,0.42199,0.44498,0.43349,0.44107,0.26881,0.31624,OPEN,,0,3
13.4318,13.4318,1,0.31732,0.32898,0.32315,0.43349,0.26881,0.31624,OPEN,,0,3
13.5334,13.5334,1,0.30565,0.21515,0.2604,0.32315,0.26881,0.31624,OPEN,,0,3
13.639,13.639,1,0.30224,0.2007,0.25147,0.2604,0.26881,0.31624,CLOSING,,0,3
13.7366,13.7366,1,0.30626,0.19663,0.25145,0.25147,0.26881,0.31624,CLOSED,0.09757,0,3
13.8415,13.8415,1,0.34466,0.31384,0.32925,0.25147,0.26881,0.31624,CLOSED,0.20252,0,3
13.926,13.926,1,0.38475,0.36983,0.37729,0.32925,0.26881,0.31624,OPENING,0.28701,0,3
14.0011,14.0011,1,0.39171,0.3902,0.39095,0.37729,0.26881,0.31624,OPEN,0.36208,1,4
14.1453,14.1453,1,0.42625,0.42154,0.42389,0.39095,0.26881,0.31624,OPEN,,0,4
14.2324,14.2324,1,0.41735,0.43311,0.42523,0.42389,0.26881,0.31624,OPEN,,0,4
14.3326,14.3326,1,0.3998,0.42221,0.41101,0.42389,0.26881,0.31624,OPEN,,0,4
14.4407,14.4407,1,0.40375,0.42978,0.41677,0.41677,0.26881,0.31624,OPEN,,0,4
14.5367,14.5367,1,0.42184,0.44014,0.43099,0.41677,0.26881,0.31624,OPEN,,0,4
14.6384,14.6384,1,0.42346,0.44023,0.43184,0.43099,0.26881,0.31624,OPEN,,0,4
14.7291,14.7291,1,0.42085,0.43045,0.42565,0.43099,0.26881,0.31624,OPEN,,0,4
14.8451,14.8451,1,0.43087,0.43222,0.43155,0.43155,0.26881,0.31624,OPEN,,0,4
14.9365,14.9365,1,0.32157,0.30594,0.31376,0.42565,0.26881,0.31624,OPEN,,0,4
15.0335,15.0335,1,0.29731,0.21813,0.25772,0.31376,0.26881,0.31624,OPEN,,0,4
15.1498,15.1498,1,0.28809,0.19836,0.24322,0.25772,0.26881,0.31624,CLOSING,,0,4
15.2377,15.2377,1,0.34042,0.28527,0.31284,0.25772,0.26881,0.31624,CLOSED,0.08792,0,4
15.3366,15.3366,1,0.40304,0.40692,0.40498,0.31284,0.26881,0.31624,CLOSED,0.18682,0,4
15.437,15.437,1,0.42388,0.42272,0.4233,0.40498,0.26881,0.31624,OPENING,0.28724,0,4
15.544,15.544,1,0.43088,0.4345,0.43269,0.4233,0.26881,0.31624,OPEN,0.39425,1,5
15.6451,15.6451,1,0.42435,0.42843,0.42639,0.42639,0.26881,0.31624,OPEN,,0,5
15.7365,15.7365,1,0.43287,0.4456,0.43924,0.43269,0.26881,0.31624,OPEN,,0,5
15.8341,15.8341,1,0.44612,0.4451,0.44561,0.43924,0.26881,0.31624,OPEN,,0,5
15.9445,15.9445,1,0.40845,0.4328,0.42062,0.43924,0.26881,0.31624,OPEN,,0,5
16.0392,16.0392,1,0.42764,0.43104,0.42934,0.42934,0.26881,0.31624,OPEN,,0,5
16.1455,16.1455,1,0.31685,0.3047,0.31078,0.42062,0.26881,0.31624,OPEN,,0,5
16.2339,16.2339,1,0.32505,0.24134,0.28319,0.31078,0.26881,0.31624,OPEN,,0,5
16.3518,16.3518,1,0.29732,0.19798,0.24765,0.28319,0.26881,0.31624,OPEN,,0,5
16.4389,16.4389,1,0.31544,0.24198,0.27871,0.27871,0.26881,0.31624,OPEN,,0,5
16.5364,16.5364,1,0.39593,0.39023,0.39308,0.27871,0.26881,0.31624,OPEN,,0,5
16.6386,16.6386,1,0.42435,0.43073,0.42754,0.39308,0.26881,0.31624,OPEN,,0,5
16.7137,16.7137,1,0.41734,0.432,0.42467,0.42467,0.26881,0.31624,OPEN,,0,5
16.841,16.841,1,0.4617,0.46104,0.46137,0.42754,0.26881,0.31624,OPEN,,0,5
16.94,16.94,1,0.46646,0.46551,0.46599,0.46137,0.26881,0.31624,OPEN,,0,5
17.033,17.033,1,0.48048,0.48792,0.4842,0.46599,0.26881,0.31624,OPEN,,0,5
17.1493,17.1493,1,0.46147,0.4679,0.46468,0.46599,0.26881,0.31624,OPEN,,0,5
17.2389,17.2389,1,0.47496,0.46905,0.47201,0.47201,0.26881,0.31624,OPEN,,0,5
17.3361,17.3361,1,0.46926,0.46635,0.4678,0.4678,0.26881,0.31624,OPEN,,0,5
17.4488,17.4488,1,0.44069,0.43283,0.43676,0.4678,0.26881,0.31624,OPEN,,0,5
17.5456,17.5456,1,0.26959,0.22293,0.24626,0.43676,0.26881,0.31624,OPEN,,0,5
17.6397,17.6397,1,0.33143,0.26262,0.29702,0.29702,0.26881,0.31624,OPEN,,0,5
17.7433,17.7433,1,0.4332,0.39374,0.41347,0.29702,0.26881,0.31624,OPEN,,0,5
17.8511,17.8511,1,0.46785,0.455,0.46142,0.41347,0.26881,0.31624,OPEN,,0,5
17.9226,17.9226,1,0.46299,0.45298,0.45798,0.45798,0.26881,0.31624,OPEN,,0,5
17.9896,17.9896,1,0.47264,0.47689,0.47477,0.46142,0.26881,0.31624,OPEN,,0,5
18.1431,18.1431,1,0.47375,0.48579,0.47977,0.47477,0.26881,0.31624,OPEN,,0,5
18.2473,18.2473,1,0.47912,0.48007,0.4796,0.4796,0.26881,0.31624,OPEN,,0,5
18.3463,18.3463,1,0.4839,0.47642,0.48016,0.47977,0.26881,0.31624,OPEN,,0,5
18.4454,18.4454,1,0.48867,0.48213,0.4854,0.48016,0.26881,0.31624,OPEN,,0,5
18.5367,18.5367,1,0.47519,0.47477,0.47498,0.48016,0.26881,0.31624,OPEN,,0,5
18.6536,18.6536,1,0.29945,0.2561,0.27777,0.47498,0.26881,0.31624,OPEN,,0,5
18.7466,18.7466,1,0.2713,0.1994,0.23535,0.27777,0.26881,0.31624,OPEN,,0,5
18.8407,18.8407,1,0.29867,0.24565,0.27216,0.27216,0.26881,0.31624,OPEN,,0,5
18.9413,18.9413,1,0.3815,0.37488,0.37819,0.27216,0.26881,0.31624,OPEN,,0,5
19.0483,19.0483,1,0.43006,0.42861,0.42934,0.37819,0.26881,0.31624,OPEN,,0,5
19.144,19.144,1,0.45355,0.46248,0.45802,0.42934,0.26881,0.31624,OPEN,,0,5
19.2455,19.2455,1,0.44836,0.46708,0.45772,0.45772,0.26881,0.31624,OPEN,,0,5
19.3365,19.3365,1,0.46096,0.4696,0.46528,0.45802,0.26881,0.31624,OPEN,,0,5
19.4528,19.4528,1,0.47202,0.48057,0.47629,0.46528,0.26881,0.31624,OPEN,,0,5
19.5451,19.5451,1,0.46619,0.4728,0.4695,0.4695,0.26881,0.31624,OPEN,,0,5
19.6388,19.6388,1,0.46127,0.47137,0.46632,0.4695,0.26881,0.31624,OPEN,,0,5
19.7562,19.7562,1,0.3035,0.24619,0.27485,0.46632,0.26881,0.31624,OPEN,,0,5
19.8474,19.8474,1,0.27918,0.18808,0.23363,0.27485,0.26881,0.31624,OPEN,,0,5
19.9447,19.9447,1,0.26032,0.2046,0.23246,0.23363,0.26881,0.31624,CLOSING,,0,5
20.0467,20.0467,1,0.28252,0.2345,0.25851,0.23363,0.26881,0.31624,CLOSED,0.10206,0,5
20.1543,20.1543,1,0.299,0.25396,0.27648,0.25851,0.26881,0.31624,CLOSED,0.20964,0,5
20.2559,20.2559,1,0.3737,0.3913,0.3825,0.27648,0.26881,0.31624,CLOSED,0.31119,0,5
20.346,20.346,1,0.4438,0.45243,0.44812,0.3825,0.26881,0.31624,OPENING,0.40136,0,5
20.4463,20.4463,1,0.44672,0.45718,0.45195,0.44812,0.26881,0.31624,OPEN,0.50162,1,6
20.5538,20.5538,1,0.44054,0.45124,0.44589,0.44812,0.26881,0.31624,OPEN,,0,6
20.6482,20.6482,1,0.45025,0.45486,0.45256,0.45195,0.26881,0.31624,OPEN,,0,6
20.7514,20.7514,1,0.46022,0.46094,0.46058,0.45256,0.26881,0.31624,OPEN,,0,6
20.8414,20.8414,1,0.45198,0.44938,0.45068,0.45256,0.26881,0.31624,OPEN,,0,6
20.9598,20.9598,1,0.463,0.46152,0.46226,0.46058,0.26881,0.31624,OPEN,,0,6
21.0493,21.0493,1,0.42654,0.43394,0.43024,0.45068,0.26881,0.31624,OPEN,,0,6
21.1449,21.1449,1,0.44059,0.44313,0.44186,0.44186,0.26881,0.31624,OPEN,,0,6
21.245,21.245,1,0.40738,0.43416,0.42077,0.43024,0.26881,0.31624,OPEN,,0,6
21.3515,21.3515,1,0.41757,0.42573,0.42165,0.42165,0.26881,0.31624,OPEN,,0,6
21.4493,21.4493,1,0.45168,0.44104,0.44636,0.42165,0.26881,0.31624,OPEN,,0,6
21.5519,21.5519,1,0.4533,0.44419,0.44875,0.44636,0.26881,0.31624,OPEN,,0,6
21.6398,21.6398,1,0.43189,0.42641,0.42915,0.44636,0.26881,0.31624,OPEN,,0,6
21.7578,21.7578,1,0.43734,0.42036,0.42885,0.42915,0.26881,0.31624,OPEN,,0,6
21.8466,21.8466,1,0.39772,0.40373,0.40072,0.42885,0.26881,0.31624,OPEN,,0,6
21.9444,21.9444,1,0.40763,0.4244,0.41602,0.41602,0.26881,0.31624,OPEN,,0,6
22.0616,22.0616,1,0.4628,0.44998,0.45639,0.41602,0.26881,0.31624,OPEN,,0,6
22.1528,22.1528,1,0.449,0.45583,0.45241,0.45241,0.26881,0.31624,OPEN,,0,6
22.2478,22.2478,1,0.4376,0.43116,0.43438,0.45241,0.26881,0.31624,OPEN,,0,6
22.3519,22.3519,1,0.43171,0.42553,0.42862,0.43438,0.26881,0.31624,OPEN,,0,6
22.4571,22.4571,1,0.44291,0.4431,0.443,0.43438,0.26881,0.31624,OPEN,,0,6
22.5557,22.5557,1,0.44832,0.44976,0.44904,0.443,0.26881,0.31624,OPEN,,0,6
22.6495,22.6495,1,0.44269,0.44857,0.44563,0.44563,0.26881,0.31624,OPEN,,0,6
22.7515,22.7515,1,0.46638,0.46843,0.46741,0.44904,0.26881,0.31624,OPEN,,0,6
22.8579,22.8579,1,0.48614,0.48685,0.4865,0.46741,0.26881,0.31624,OPEN,,0,6
22.953,22.953,1,0.49308,0.49918,0.49613,0.4865,0.26881,0.31624,OPEN,,0,6
23.0534,23.0534,1,0.49865,0.50117,0.49991,0.49613,0.26881,0.31624,OPEN,,0,6
23.1454,23.1454,1,0.49705,0.49435,0.4957,0.49613,0.26881,0.31624,OPEN,,0,6
23.2647,23.2647,1,0.48254,0.48252,0.48253,0.4957,0.26881,0.31624,OPEN,,0,6
23.3529,23.3529,1,0.28997,0.26128,0.27563,0.48253,0.26881,0.31624,OPEN,,0,6
23.4497,23.4497,1,0.26423,0.2344,0.24931,0.27563,0.26881,0.31624,OPEN,,0,6
23.5508,23.5508,1,0.26124,0.21596,0.2386,0.24931,0.26881,0.31624,CLOSING,,0,6
23.6554,23.6554,1,0.25574,0.20236,0.22905,0.2386,0.26881,0.31624,CLOSED,0.10455,0,6
23.7532,23.7532,1,0.25953,0.24276,0.25115,0.2386,0.26881,0.31624,CLOSED,0.20242,0,6
23.8522,23.8522,1,0.39776,0.37733,0.38755,0.25115,0.26881,0.31624,CLOSED,0.30135,0,6
23.9436,23.9436,1,0.42117,0.41107,0.41612,0.38755,0.26881,0.31624,OPENING,0.3928,0,6
24.0592,24.0592,1,0.44202,0.43444,0.43823,0.41612,0.26881,0.31624,OPEN,0.50836,1,7
24.1503,24.1503,1,0.438,0.44429,0.44115,0.43823,0.26881,0.31624,OPEN,,0,7
24.2486,24.2486,1,0.44677,0.45544,0.4511,0.44115,0.26881,0.31624,OPEN,,0,7
24.3665,24.3665,1,0.44695,0.45796,0.45246,0.4511,0.26881,0.31624,OPEN,,0,7
24.4562,24.4562,1,0.43973,0.45117,0.44545,0.4511,0.26881,0.31624,OPEN,,0,7
24.5517,24.5517,1,0.43839,0.45622,0.4473,0.4473,0.26881,0.31624,OPEN,,0,7
24.6525,24.6525,1,0.44017,0.45404,0.4471,0.4471,0.26881,0.31624,OPEN,,0,7
24.7604,24.7604,1,0.44695,0.45639,0.45167,0.4473,0.26881,0.31624,OPEN,,0,7
24.8633,24.8633,1,0.45339,0.45764,0.45552,0.45167,0.26881,0.31624,OPEN,,0,7
24.9535,24.9535,1,0.32628,0.3451,0.33569,0.45167,0.26881,0.31624,OPEN,,0,7
25.052,25.052,1,0.26257,0.25265,0.25761,0.33569,0.26881,0.31624,OPEN,,0,7
25.1623,25.1623,1,0.23958,0.19403,0.2168,0.25761,0.26881,0.31624,CLOSING,,0,7
25.2585,25.2585,1,0.24929,0.20656,0.22793,0.22793,0.26881,0.31624,CLOSED,0.09619,0,7
25.3593,25.3593,1,0.2641,0.25215,0.25813,0.22793,0.26881,0.31624,CLOSED,0.19695,0,7
25.4493,25.4493,1,0.41527,0.3923,0.40378,0.25813,0.26881,0.31624,CLOSED,0.28701,0,7
25.5658,25.5658,1,0.43066,0.43792,0.43429,0.40378,0.26881,0.31624,OPENING,0.40352,0,7
25.6583,25.6583,1,0.42916,0.44585,0.4375,0.43429,0.26881,0.31624,OPEN,0.49596,1,8
25.7514,25.7514,1,0.44475,0.45455,0.44965,0.4375,0.26881,0.31624,OPEN,,0,8
25.8514,25.8514,1,0.44532,0.45269,0.449,0.449,0.26881,0.31624,OPEN,,0,8
25.9624,25.9624,1,0.43706,0.45324,0.44515,0.449,0.26881,0.31624,OPEN,,0,8
26.0557,26.0557,1,0.45163,0.46127,0.45645,0.449,0.26881,0.31624,OPEN,,0,8
26.1596,26.1596,1,0.44865,0.4551,0.45187,0.45187,0.26881,0.31624,OPEN,,0,8
26.2477,26.2477,1,0.44369,0.45191,0.4478,0.45187,0.26881,0.31624,OPEN,,0,8
26.3628,26.3628,1,0.3283,0.34094,0.33462,0.4478,0.26881,0.31624,OPEN,,0,8
26.4585,26.4585,1,0.29426,0.26359,0.27892,0.33462,0.26881,0.31624,OPEN,,0,8
26.5517,26.5517,1,0.24118,0.20739,0.22428,0.27892,0.26881,0.31624,OPEN,,0,8
26.6694,26.6694,1,0.21949,0.19872,0.2091,0.22428,0.26881,0.31624,CLOSING,,0,8
26.7581,26.7581,1,0.27343,0.30735,0.29039,0.22428,0.26881,0.31624,CLOSED,0.08865,0,8
26.8576,26.8576,1,0.39448,0.35577,0.37513,0.29039,0.26881,0.31624,CLOSED,0.18811,0,8
26.9574,26.9574,1,0.41603,0.40244,0.40923,0.37513,0.26881,0.31624,OPENING,0.28801,0,8
27.0651,27.0651,1,0.41361,0.4097,0.41165,0.40923,0.26881,0.31624,OPEN,0.39561,1,9
27.1655,27.1655,1,0.42974,0.4388,0.43427,0.41165,0.26881,0.31624,OPEN,,0,9
27.2576,27.2576,1,0.42327,0.43369,0.42848,0.42848,0.26881,0.31624,OPEN,,0,9
27.3582,27.3582,1,0.42962,0.43667,0.43315,0.43315,0.26881,0.31624,OPEN,,0,9
27.4634,27.4634,1,0.43343,0.43993,0.43668,0.43315,0.26881,0.31624,OPEN,,0,9
27.5636,27.5636,1,0.43089,0.44145,0.43617,0.43617,0.26881,0.31624,OPEN,,0,9
27.661,27.661,1,0.28059,0.29526,0.28793,0.43617,0.26881,0.31624,OPEN,,0,9
27.7527,27.7527,1,0.24612,0.22156,0.23384,0.28793,0.26881,0.31624,OPEN,,0,9
27.8695,27.8695,1,0.2068,0.17895,0.19287,0.23384,0.26881,0.31624,CLOSING,,0,9
27.9608,27.9608,1,0.22799,0.25909,0.24354,0.23384,0.26881,0.31624,CLOSED,0.09125,0,9
28.0576,28.0576,1,0.34587,0.32717,0.33652,0.24354,0.26881,0.31624,CLOSED,0.18812,0,9
28.1583,28.1583,1,0.38962,0.38871,0.38916,0.33652,0.26881,0.31624,OPENING,0.2888,0,9
28.2634,28.2634,1,0.40009,0.41136,0.40572,0.38916,0.26881,0.31624,OPEN,0.39393,1,10
28.3599,28.3599,1,0.41323,0.41841,0.41582,0.40572,0.26881,0.31624,OPEN,,0,10
28.4638,28.4638,1,0.41644,0.42457,0.42051,0.41582,0.26881,0.31624,OPEN,,0,10
28.55,28.55,1,0.40913,0.42177,0.41545,0.41582,0.26881,0.31624,OPEN,,0,10
28.6639,28.6639,1,0.3978,0.42507,0.41144,0.41545,0.26881,0.31624,OPEN,,0,10
28.7609,28.7609,1,0.40597,0.42608,0.41603,0.41545,0.26881,0.31624,OPEN,,0,10
28.8585,28.8585,1,0.31986,0.35259,0.33623,0.41144,0.26881,0.31624,OPEN,,0,10
28.9745,28.9745,1,0.21501,0.23109,0.22305,0.33623,0.26881,0.31624,OPEN,,0,10
29.0656,29.0656,1,0.2047,0.19381,0.19925,0.22305,0.26881,0.31624,CLOSING,,0,10
29.1615,29.1615,1,0.32131,0.30204,0.31167,0.22305,0.26881,0.31624,CLOSED,0.09595,0,10
29.2605,29.2605,1,0.38031,0.38878,0.38455,0.31167,0.26881,0.31624,CLOSED,0.19496,0,10
29.3776,29.3776,1,0.3908,0.41304,0.40192,0.38455,0.26881,0.31624,OPENING,0.31203,0,10
29.4682,29.4682,1,0.39209,0.42127,0.40668,0.40192,0.26881,0.31624,OPEN,0.40265,1,11
29.5587,29.5587,1,0.39533,0.41851,0.40692,0.40668,0.26881,0.31624,OPEN,,0,11
29.6633,29.6633,1,0.40217,0.42228,0.41222,0.40692,0.26881,0.31624,OPEN,,0,11
29.7698,29.7698,1,0.40623,0.42788,0.41705,0.41222,0.26881,0.31624,OPEN,,0,11
29.866,29.866,1,0.40905,0.42705,0.41805,0.41705,0.26881,0.31624,OPEN,,0,11
29.9641,29.9641,1,0.41436,0.42576,0.42006,0.41805,0.26881,0.31624,OPEN,,0,11
30.0565,30.0565,1,0.40943,0.42019,0.41481,0.41805,0.26881,0.31624,OPEN,,0,11
30.1726,30.1726,1,0.40765,0.4125,0.41007,0.41481,0.26881,0.31624,OPEN,,0,11
30.2653,30.2653,1,0.22069,0.23707,0.22888,0.41007,0.26881,0.31624,OPEN,,0,11
30.3586,30.3586,1,0.21144,0.20509,0.20827,0.22888,0.26881,0.31624,CLOSING,,0,11
30.4633,30.4633,1,0.20037,0.19565,0.19801,0.20827,0.26881,0.31624,CLOSED,0.10472,0,11
30.5692,30.5692,1,0.19738,0.22811,0.21274,0.20827,0.26881,0.31624,CLOSED,0.21067,0,11
30.6642,30.6642,1,0.32559,0.31172,0.31866,0.21274,0.26881,0.31624,CLOSED,0.30567,0,11
30.7638,30.7638,1,0.36075,0.36017,0.36046,0.31866,0.26881,0.31624,OPENING,0.40523,0,11
30.8701,30.8701,1,0.38035,0.3858,0.38308,0.36046,0.26881,0.31624,OPEN,0.51151,1,12
30.9707,30.9707,1,0.39255,0.39641,0.39448,0.38308,0.26881,0.31624,OPEN,,0,12
31.0628,31.0628,1,0.39126,0.4047,0.39798,0.39448,0.26881,0.31624,OPEN,,0,12
31.1592,31.1592,1,0.38922,0.39771,0.39346,0.39448,0.26881,0.31624,OPEN,,0,12
31.2785,31.2785,1,0.39586,0.40616,0.40101,0.39798,0.26881,0.31624,OPEN,,0,12
31.3675,31.3675,1,0.39435,0.40748,0.40091,0.40091,0.26881,0.31624,OPEN,,0,12
31.4645,31.4645,1,0.35246,0.38185,0.36715,0.40091,0.26881,0.31624,OPEN,,0,12
31.5656,31.5656,1,0.20575,0.19712,0.20143,0.36715,0.26881,0.31624,OPEN,,0,12
31.6725,31.6725,1,0.21013,0.19028,0.2002,0.20143,0.26881,0.31624,CLOSING,,0,12
31.7762,31.7762,1,0.22193,0.19763,0.20978,0.20143,0.26881,0.31624,CLOSED,0.10373,0,12
31.8636,31.8636,1,0.32001,0.3058,0.31291,0.20978,0.26881,0.31624,CLOSED,0.19109,0,12
31.9655,31.9655,1,0.36904,0.37993,0.37448,0.31291,0.26881,0.31624,CLOSED,0.29305,0,12
32.0718,32.0718,1,0.37335,0.3898,0.38157,0.37448,0.26881,0.31624,OPENING,0.39934,0,12
32.1672,32.1672,1,0.36498,0.38316,0.37407,0.37448,0.26881,0.31624,OPEN,0.49472,1,13
32.2693,32.2693,1,0.36909,0.38678,0.37793,0.37793,0.26881,0.31624,OPEN,,0,13
32.3599,32.3599,1,0.37827,0.40438,0.39132,0.37793,0.26881,0.31624,OPEN,,0,13
32.4774,32.4774,1,0.37469,0.40571,0.3902,0.3902,0.26881,0.31624,OPEN,,0,13
32.5672,32.5672,1,0.38089,0.414,0.39744,0.39132,0.26881,0.31624,OPEN,,0,13
32.665,32.665,1,0.37162,0.40406,0.38784,0.3902,0.26881,0.31624,OPEN,,0,13
32.7648,32.7648,1,0.37725,0.39975,0.3885,0.3885,0.26881,0.31624,OPEN,,0,13
32.8734,32.8734,1,0.20823,0.21548,0.21186,0.38784,0.26881,0.31624,OPEN,,0,13
32.9682,32.9682,1,0.14849,0.16758,0.15804,0.21186,0.26881,0.31624,CLOSING,,0,13
33.0669,33.0669,1,0.16895,0.16225,0.1656,0.1656,0.26881,0.31624,CLOSED,0.09867,0,13
33.1762,33.1762,1,0.19812,0.16547,0.1818,0.1656,0.26881,0.31624,CLOSED,0.20792,0,13
33.2797,33.2797,1,0.33655,0.32562,0.33108,0.1818,0.26881,0.31624,CLOSED,0.3115,0,13
33.3704,33.3704,1,0.36937,0.37066,0.37001,0.33108,0.26881,0.31624,OPENING,0.40215,0,13
33.4639,33.4639,1,0.39177,0.39357,0.39267,0.37001,0.26881,0.31624,OPEN,0.49566,1,14
33.5811,33.5811,1,0.39479,0.41807,0.40643,0.39267,0.26881,0.31624,OPEN,,0,14
33.6737,33.6737,1,0.39783,0.42094,0.40938,0.40643,0.26881,0.31624,OPEN,,0,14
33.7687,33.7687,1,0.39984,0.42335,0.4116,0.40938,0.26881,0.31624,OPEN,,0,14
33.8708,33.8708,1,0.39292,0.41009,0.40151,0.40938,0.26881,0.31624,OPEN,,0,14
33.9761,33.9761,1,0.39952,0.41805,0.40878,0.40878,0.26881,0.31624,OPEN,,0,14
34.08,34.08,1,0.40737,0.42115,0.41426,0.40878,0.26881,0.31624,OPEN,,0,14
34.1697,34.1697,1,0.40357,0.41733,0.41045,0.41045,0.26881,0.31624,OPEN,,0,14
34.2707,34.2707,1,0.29021,0.34664,0.31843,0.41045,0.26881,0.31624,OPEN,,0,14
34.3764,34.3764,1,0.19082,0.1799,0.18536,0.31843,0.26881,0.31624,OPEN,,0,14
34.4721,34.4721,1,0.17474,0.15386,0.1643,0.18536,0.26881,0.31624,CLOSING,,0,14
34.5729,34.5729,1,0.18777,0.2525,0.22013,0.18536,0.26881,0.31624,CLOSED,0.10084,0,14
34.6625,34.6625,1,0.2834,0.27563,0.27951,0.22013,0.26881,0.31624,CLOSED,0.19046,0,14
34.7807,34.7807,1,0.33397,0.32021,0.32709,0.27951,0.26881,0.31624,CLOSED,0.30861,0,14
34.8735,34.8735,1,0.34879,0.34286,0.34582,0.32709,0.26881,0.31624,OPENING,0.40145,0,14
34.9693,34.9693,1,0.35613,0.36465,0.36039,0.34582,0.26881,0.31624,OPEN,0.49725,1,15
35.0717,35.0717,1,0.35695,0.3652,0.36107,0.36039,0.26881,0.31624,OPEN,,0,15
35.1767,35.1767,1,0.35764,0.36985,0.36374,0.36107,0.26881,0.31624,OPEN,,0,15
35.2714,35.2714,1,0.36366,0.36944,0.36655,0.36374,0.26881,0.31624,OPEN,,0,15
35.3687,35.3687,1,0.36313,0.37095,0.36704,0.36655,0.26881,0.31624,OPEN,,0,15
35.4807,35.4807,1,0.36911,0.382,0.37556,0.36704,0.26881,0.31624,OPEN,,0,15
35.5786,35.5786,1,0.37414,0.39177,0.38295,0.37556,0.26881,0.31624,OPEN,,0,15
35.6731,35.6731,1,0.30682,0.34237,0.3246,0.37556,0.26881,0.31624,OPEN,,0,15
35.7676,35.7676,1,0.15782,0.16011,0.15897,0.3246,0.26881,0.31624,OPEN,,0,15
35.8874,35.8874,1,0.17004,0.14054,0.15529,0.15897,0.26881,0.31624,CLOSING,,0,15
35.9753,35.9753,1,0.20067,0.17971,0.19019,0.15897,0.26881,0.31624,CLOSED,0.08786,0,15
36.0722,36.0722,1,0.30926,0.3108,0.31003,0.19019,0.26881,0.31624,CLOSED,0.18476,0,15
36.178,36.178,1,0.3501,0.35442,0.35226,0.31003,0.26881,0.31624,CLOSED,0.29054,0,15
36.2816,36.2816,1,0.3769,0.38777,0.38233,0.35226,0.26881,0.31624,OPENING,0.39414,0,15
36.3777,36.3777,1,0.37419,0.38506,0.37962,0.37962,0.26881,0.31624,OPEN,0.49023,1,16
36.4721,36.4721,1,0.37663,0.39013,0.38338,0.38233,0.26881,0.31624,OPEN,,0,16
36.5745,36.5745,1,0.37928,0.38993,0.3846,0.38338,0.26881,0.31624,OPEN,,0,16
36.6803,36.6803,1,0.37761,0.39489,0.38625,0.3846,0.26881,0.31624,OPEN,,0,16
36.7766,36.7766,1,0.37476,0.39111,0.38294,0.3846,0.26881,0.31624,OPEN,,0,16
36.8773,36.8773,1,0.37459,0.38787,0.38123,0.38294,0.26881,0.31624,OPEN,,0,16
36.9711,36.9711,1,0.38562,0.41091,0.39827,0.38294,0.26881,0.31624,OPEN,,0,16
37.0856,37.0856,1,0.38225,0.40825,0.39525,0.39525,0.26881,0.31624,OPEN,,0,16
37.1743,37.1743,1,0.3801,0.40544,0.39277,0.39525,0.26881,0.31624,OPEN,,0,16
37.2714,37.2714,1,0.39006,0.40623,0.39815,0.39525,0.26881,0.31624,OPEN,,0,16
37.3743,37.3743,1,0.26532,0.29336,0.27934,0.39277,0.26881,0.31624,OPEN,,0,16
37.4809,37.4809,1,0.18083,0.18416,0.1825,0.27934,0.26881,0.31624,OPEN,,0,16
37.5746,37.5746,1,0.17913,0.16745,0.17329,0.1825,0.26881,0.31624,CLOSING,,0,16
37.6817,37.6817,1,0.30798,0.28255,0.29526,0.1825,0.26881,0.31624,CLOSED,0.10706,0,16
37.7857,37.7857,1,0.36549,0.34679,0.35614,0.29526,0.26881,0.31624,CLOSED,0.2111,0,16
37.8827,37.8827,1,0.35954,0.34603,0.35279,0.35279,0.26881,0.31624,OPENING,0.30812,0,16
37.9749,37.9749,1,0.3671,0.36,0.36355,0.35614,0.26881,0.31624,OPEN,0.40034,1,17
38.0748,38.0748,1,0.37443,0.37494,0.37468,0.36355,0.26881,0.31624,OPEN,,0,17
38.1926,38.1926,1,0.37225,0.39046,0.38135,0.37468,0.26881,0.31624,OPEN,,0,17
38.2795,38.2795,1,0.37285,0.39292,0.38288,0.38135,0.26881,0.31624,OPEN,,0,17
38.3757,38.3757,1,0.37215,0.38833,0.38024,0.38135,0.26881,0.31624,OPEN,,0,17
38.4778,38.4778,1,0.37854,0.40292,0.39073,0.38288,0.26881,0.31624,OPEN,,0,17
38.5861,38.5861,1,0.37069,0.39584,0.38327,0.38327,0.26881,0.31624,OPEN,,0,17
38.688,38.688,1,0.34744,0.36348,0.35546,0.38327,0.26881,0.31624,OPEN,,0,17
38.7755,38.7755,1,0.21076,0.21994,0.21535,0.35546,0.26881,0.31624,OPEN,,0,17
38.8784,38.8784,1,0.17377,0.15368,0.16373,0.21535,0.26881,0.31624,CLOSING,,0,17
38.9568,38.9568,1,0.16813,0.15303,0.16058,0.16373,0.26881,0.31624,CLOSED,0.07841,0,17
39.0801,39.0801,1,0.34059,0.3582,0.34939,0.16373,0.26881,0.31624,CLOSED,0.20166,0,17
39.1791,39.1791,1,0.36949,0.41151,0.3905,0.34939,0.26881,0.31624,OPENING,0.30069,0,17
39.2724,39.2724,1,0.36875,0.39765,0.3832,0.3832,0.26881,0.31624,OPEN,0.39398,1,18
39.39,39.39,1,0.36944,0.39013,0.37979,0.3832,0.26881,0.31624,OPEN,,0,18
39.4816,39.4816,1,0.382,0.39881,0.3904,0.3832,0.26881,0.31624,OPEN,,0,18
39.5779,39.5779,1,0.37946,0.39494,0.3872,0.3872,0.26881,0.31624,OPEN,,0,18
39.6786,39.6786,1,0.38084,0.39676,0.3888,0.3888,0.26881,0.31624,OPEN,,0,18
39.784,39.784,1,0.37881,0.39746,0.38814,0.38814,0.26881,0.31624,OPEN,,0,18
39.8799,39.8799,1,0.3702,0.3866,0.3784,0.38814,0.26881,0.31624,OPEN,,0,18
39.9786,39.9786,1,0.3801,0.39662,0.38836,0.38814,0.26881,0.31624,OPEN,,0,18
40.0883,40.0883,1,0.38015,0.39354,0.38685,0.38685,0.26881,0.31624,OPEN,,0,18
40.1903,40.1903,1,0.37016,0.35386,0.36201,0.38685,0.26881,0.31624,OPEN,,0,18
40.2804,40.2804,1,0.19632,0.18745,0.19188,0.36201,0.26881,0.31624,OPEN,,0,18
40.3767,40.3767,1,0.17769,0.18247,0.18008,0.19188,0.26881,0.31624,CLOSING,,0,18
40.4893,40.4893,1,0.22019,0.24795,0.23407,0.19188,0.26881,0.31624,CLOSED,0.11259,0,18
40.5837,40.5837,1,0.34207,0.33365,0.33786,0.23407,0.26881,0.31624,CLOSED,0.20703,0,18
40.6812,40.6812,1,0.38623,0.39892,0.39258,0.33786,0.26881,0.31624,OPENING,0.3045,0,18
40.7814,40.7814,1,0.39861,0.41166,0.40514,0.39258,0.26881,0.31624,OPEN,0.40473,1,19
40.8894,40.8894,1,0.39387,0.41033,0.4021,0.4021,0.26881,0.31624,OPEN,,0,19
40.9874,40.9874,1,0.39842,0.42568,0.41205,0.40514,0.26881,0.31624,OPEN,,0,19
41.0795,41.0795,1,0.39896,0.4104,0.40468,0.40468,0.26881,0.31624,OPEN,,0,19
41.1796,41.1796,1,0.40618,0.41428,0.41023,0.41023,0.26881,0.31624,OPEN,,0,19
41.2897,41.2897,1,0.39835,0.40127,0.39981,0.40468,0.26881,0.31624,OPEN,,0,19
41.3851,41.3851,1,0.3903,0.40544,0.39787,0.39981,0.26881,0.31624,OPEN,,0,19
41.485,41.485,1,0.39107,0.40115,0.39611,0.39787,0.26881,0.31624,OPEN,,0,19
41.5818,41.5818,1,0.22294,0.23564,0.22929,0.39611,0.26881,0.31624,OPEN,,0,19
41.6889,41.6889,1,0.17132,0.19856,0.18494,0.22929,0.26881,0.31624,CLOSING,,0,19
41.7861,41.7861,1,0.18996,0.21365,0.2018,0.2018,0.26881,0.31624,CLOSED,0.09715,0,19
41.8803,41.8803,1,0.31459,0.30341,0.309,0.2018,0.26881,0.31624,CLOSED,0.19137,0,19
41.9809,41.9809,1,0.3398,0.34628,0.34304,0.309,0.26881,0.31624,CLOSED,0.29197,0,19
42.0854,42.0854,1,0.35624,0.37949,0.36786,0.34304,0.26881,0.31624,OPENING,0.39651,0,19
42.1879,42.1879,1,0.37655,0.39161,0.38408,0.36786,0.26881,0.31624,OPEN,0.49902,1,20
42.2855,42.2855,1,0.38473,0.39744,0.39109,0.38408,0.26881,0.31624,OPEN,,0,20
42.3912,42.3912,1,0.39596,0.40976,0.40286,0.39109,0.26881,0.31624,OPEN,,0,20
42.4916,42.4916,1,0.3921,0.40777,0.39994,0.39994,0.26881,0.31624,OPEN,,0,20
42.5852,42.5852,1,0.39246,0.41215,0.4023,0.4023,0.26881,0.31624,OPEN,,0,20
42.6796,42.6796,1,0.38871,0.40305,0.39588,0.39994,0.26881,0.31624,OPEN,,0,20
42.7981,42.7981,1,0.38203,0.39972,0.39087,0.39588,0.26881,0.31624,OPEN,,0,20
42.8888,42.8888,1,0.3841,0.40426,0.39418,0.39418,0.26881,0.31624,OPEN,,0,20
42.9858,42.9858,1,0.36979,0.36776,0.36878,0.39087,0.26881,0.31624,OPEN,,0,20
43.086,43.086,1,0.21201,0.203,0.2075,0.36878,0.26881,0.31624,OPEN,,0,20
43.1937,43.1937,1,0.17004,0.16537,0.1677,0.2075,0.26881,0.31624,CLOSING,,0,20
43.297,43.297,1,0.23658,0.20915,0.22287,0.2075,0.26881,0.31624,CLOSED,0.10331,0,20
43.383,43.383,1,0.2943,0.29562,0.29496,0.22287,0.26881,0.31624,CLOSED,0.18928,0,20
43.4877,43.4877,1,0.34145,0.34021,0.34083,0.29496,0.26881,0.31624,CLOSED,0.29405,0,20
43.5932,43.5932,1,0.37074,0.37502,0.37288,0.34083,0.26881,0.31624,OPENING,0.39952,0,20
43.6891,43.6891,1,0.3722,0.38236,0.37728,0.37288,0.26881,0.31624,OPEN,0.49539,1,21
43.793,43.793,1,0.35094,0.37815,0.36454,0.37288,0.26881,0.31624,OPEN,,0,21
43.8822,43.8822,1,0.35513,0.38263,0.36888,0.36888,0.26881,0.31624,OPEN,,0,21
43.9961,43.9961,1,0.36142,0.39327,0.37734,0.36888,0.26881,0.31624,OPEN,,0,21
44.0881,44.0881,1,0.35887,0.38835,0.37361,0.37361,0.26881,0.31624,OPEN,,0,21
44.1866,44.1866,1,0.36221,0.39194,0.37708,0.37708,0.26881,0.31624,OPEN,,0,21
44.2855,44.2855,1,0.36448,0.38564,0.37506,0.37506,0.26881,0.31624,OPEN,,0,21
44.3922,44.3922,1,0.23783,0.25706,0.24744,0.37506,0.26881,0.31624,OPEN,,0,21
44.4888,44.4888,1,0.1851,0.19359,0.18934,0.24744,0.26881,0.31624,CLOSING,,0,21
44.5885,44.5885,1,0.18593,0.18094,0.18344,0.18934,0.26881,0.31624,CLOSED,0.09975,0,21
44.6947,44.6947,1,0.28422,0.24987,0.26705,0.18934,0.26881,0.31624,CLOSED,0.20596,0,21
44.7947,44.7947,1,0.35081,0.34836,0.34959,0.26705,0.26881,0.31624,CLOSED,0.30595,0,21
44.8861,44.8861,1,0.36684,0.35429,0.36057,0.34959,0.26881,0.31624,OPENING,0.39738,0,21
44.9818,44.9818,1,0.35892,0.3536,0.35626,0.35626,0.26881,0.31624,OPEN,0.49299,1,22
45.0979,45.0979,1,0.35169,0.35342,0.35255,0.35626,0.26881,0.31624,OPEN,,0,22
45.1912,45.1912,1,0.35167,0.35832,0.35499,0.35499,0.26881,0.31624,OPEN,,0,22
45.288,45.288,1,0.3547,0.36004,0.35737,0.35499,0.26881,0.31624,OPEN,,0,22
45.3904,45.3904,1,0.35942,0.37751,0.36846,0.35737,0.26881,0.31624,OPEN,,0,22
45.4962,45.4962,1,0.3659,0.39576,0.38083,0.36846,0.26881,0.31624,OPEN,,0,22
45.598,45.598,1,0.37602,0.39757,0.38679,0.38083,0.26881,0.31624,OPEN,,0,22
45.6874,45.6874,1,0.38267,0.39581,0.38924,0.38679,0.26881,0.31624,OPEN,,0,22
45.789,45.789,1,0.35357,0.37532,0.36445,0.38679,0.26881,0.31624,OPEN,,0,22
45.8964,45.8964,1,0.17869,0.14954,0.16411,0.36445,0.26881,0.31624,OPEN,,0,22
45.9917,45.9917,1,0.20844,0.20524,0.20684,0.20684,0.26881,0.31624,CLOSING,,0,22
46.0958,46.0958,1,0.31846,0.24723,0.28284,0.20684,0.26881,0.31624,CLOSED,0.10401,0,22
46.184,46.184,1,0.36457,0.30954,0.33706,0.28284,0.26881,0.31624,CLOSED,0.19227,0,22
46.3036,46.3036,1,0.37243,0.36411,0.36827,0.33706,0.26881,0.31624,OPENING,0.31183,0,22
46.3907,46.3907,1,0.36749,0.37062,0.36906,0.36827,0.26881,0.31624,OPEN,0.399,1,23
46.4884,46.4884,1,0.37937,0.39445,0.38691,0.36906,0.26881,0.31624,OPEN,,0,23
46.5851,46.5851,1,0.38024,0.40598,0.39311,0.38691,0.26881,0.31624,OPEN,,0,23
46.6976,46.6976,1,0.38033,0.4,0.39016,0.39016,0.26881,0.31624,OPEN,,0,23
46.7931,46.7931,1,0.39392,0.40916,0.40154,0.39311,0.26881,0.31624,OPEN,,0,23
46.8906,46.8906,1,0.39111,0.40419,0.39765,0.39765,0.26881,0.31624,OPEN,,0,23
47.0008,47.0008,1,0.38649,0.40167,0.39408,0.39765,0.26881,0.31624,OPEN,,0,23
47.105,47.105,1,0.37727,0.40656,0.39191,0.39408,0.26881,0.31624,OPEN,,0,23
47.1912,47.1912,1,0.37078,0.39842,0.3846,0.39191,0.26881,0.31624,OPEN,,0,23
47.2874,47.2874,1,0.36891,0.39484,0.38187,0.3846,0.26881,0.31624,OPEN,,0,23
47.4071,47.4071,1,0.19027,0.22778,0.20903,0.38187,0.26881,0.31624,OPEN,,0,23
47.4962,47.4962,1,0.16235,0.17697,0.16966,0.20903,0.26881,0.31624,CLOSING,,0,23
47.5958,47.5958,1,0.19289,0.24117,0.21703,0.20903,0.26881,0.31624,CLOSED,0.09964,0,23
47.6925,47.6925,1,0.2748,0.28484,0.27982,0.21703,0.26881,0.31624,CLOSED,0.19635,0,23
47.8014,47.8014,1,0.35168,0.34975,0.35071,0.27982,0.26881,0.31624,CLOSED,0.30525,0,23
47.9003,47.9003,1,0.34936,0.35254,0.35095,0.35071,0.26881,0.31624,OPENING,0.4041,0,23
47.9933,47.9933,1,0.35777,0.36453,0.36115,0.35095,0.26881,0.31624,OPEN,0.49712,1,24
48.0939,48.0939,1,0.35409,0.36913,0.36161,0.36115,0.26881,0.31624,OPEN,,0,24
48.2023,48.2023,1,0.3593,0.3689,0.3641,0.36161,0.26881,0.31624,OPEN,,0,24
48.3115,48.3115,1,0.36085,0.36381,0.36233,0.36233,0.26881,0.31624,OPEN,,0,24
48.3959,48.3959,1,0.35602,0.36427,0.36015,0.36233,0.26881,0.31624,OPEN,,0,24
48.4873,48.4873,1,0.28817,0.30558,0.29688,0.36015,0.26881,0.31624,OPEN,,0,24
48.6059,48.6059,1,0.27499,0.30525,0.29012,0.29688,0.26881,0.31624,OPEN,,0,24
48.6966,48.6966,1,0.28738,0.31191,0.29965,0.29688,0.26881,0.31624,OPEN,,0,24
48.7911,48.7911,1,0.28949,0.29419,0.29184,0.29184,0.26881,0.31624,OPEN,,0,24
48.8933,48.8933,1,0.36527,0.38968,0.37748,0.29965,0.26881,0.31624,OPEN,,0,24
49.0011,49.0011,1,0.36918,0.37942,0.3743,0.3743,0.26881,0.31624,OPEN,,0,24
49.0928,49.0928,1,0.36025,0.37607,0.36816,0.3743,0.26881,0.31624,OPEN,,0,24
49.1899,49.1899,1,0.35775,0.37517,0.36646,0.36816,0.26881,0.31624,OPEN,,0,24
49.3012,49.3012,1,0.36706,0.38057,0.37381,0.36816,0.26881,0.31624,OPEN,,0,24
49.3984,49.3984,1,0.36415,0.37697,0.37056,0.37056,0.26881,0.31624,OPEN,,0,24
49.4965,49.4965,1,0.35714,0.3726,0.36487,0.37056,0.26881,0.31624,OPEN,,0,24
49.5923,49.5923,1,0.37157,0.38143,0.3765,0.37056,0.26881,0.31624,OPEN,,0,24
49.7052,49.7052,1,0.38308,0.39149,0.38729,0.3765,0.26881,0.31624,OPEN,,0,24
49.7985,49.7985,1,0.38389,0.39157,0.38773,0.38729,0.26881,0.31624,OPEN,,0,24
49.8966,49.8966,1,0.37488,0.38825,0.38156,0.38729,0.26881,0.31624,OPEN,,0,24
49.9926,49.9926,1,0.37127,0.38294,0.3771,0.38156,0.26881,0.31624,OPEN,,0,24
50.1028,50.1028,1,0.37794,0.38895,0.38345,0.38156,0.26881,0.31624,OPEN,,0,24
50.2009,50.2009,1,0.37198,0.3866,0.37929,0.37929,0.26881,0.31624,OPEN,,0,24
50.2941,50.2941,1,0.37568,0.37912,0.3774,0.37929,0.26881,0.31624,OPEN,,0,24
50.3921,50.3921,1,0.3566,0.37069,0.36364,0.3774,0.26881,0.31624,OPEN,,0,24
50.5024,50.5024,1,0.37351,0.39615,0.38483,0.3774,0.26881,0.31624,OPEN,,0,24
50.5981,50.5981,1,0.37204,0.38577,0.37891,0.37891,0.26881,0.31624,OPEN,,0,24
50.698,50.698,1,0.39337,0.37614,0.38475,0.38475,0.26881,0.31624,OPEN,,0,24
50.7914,50.7914,1,0.39364,0.37803,0.38583,0.38475,0.26881,0.31624,OPEN,,0,24
50.9026,50.9026,1,0.39656,0.38875,0.39265,0.38583,0.26881,0.31624,OPEN,,0,24
50.9975,50.9975,1,0.41363,0.37881,0.39622,0.39265,0.26881,0.31624,OPEN,,0,24
51.0949,51.0949,1,0.41212,0.39647,0.40429,0.39622,0.26881,0.31624,OPEN,,0,24
51.1909,51.1909,1,0.41349,0.39979,0.40664,0.40429,0.26881,0.31624,OPEN,,0,24
51.3164,51.3164,1,0.41703,0.39095,0.40399,0.40429,0.26881,0.31624,OPEN,,0,24
51.398,51.398,1,0.42234,0.3824,0.40237,0.40399,0.26881,0.31624,OPEN,,0,24
51.4955,51.4955,1,0.43737,0.38332,0.41034,0.40399,0.26881,0.31624,OPEN,,0,24
51.627,51.627,1,0.43855,0.40301,0.42078,0.41034,0.26881,0.31624,OPEN,,0,24
51.7037,51.7037,1,0.43408,0.38827,0.41117,0.41117,0.26881,0.31624,OPEN,,0,24
51.7971,51.7971,1,0.43739,0.38855,0.41297,0.41297,0.26881,0.31624,OPEN,,0,24
51.8956,51.8956,1,0.44366,0.3929,0.41828,0.41297,0.26881,0.31624,OPEN,,0,24
52.0147,52.0147,1,0.43448,0.38678,0.41063,0.41297,0.26881,0.31624,OPEN,,0,24
52.1013,52.1013,1,0.43269,0.39051,0.4116,0.4116,0.26881,0.31624,OPEN,,0,24
52.212,52.212,1,0.42594,0.36991,0.39793,0.41063,0.26881,0.31624,OPEN,,0,24
52.2975,52.2975,1,0.4278,0.37369,0.40074,0.40074,0.26881,0.31624,OPEN,,0,24
52.4248,52.4248,1,0.42616,0.37038,0.39827,0.39827,0.26881,0.31624,OPEN,,0,24
52.5036,52.5036,1,0.42484,0.37195,0.39839,0.39839,0.26881,0.31624,OPEN,,0,24
52.5983,52.5983,1,0.42859,0.38028,0.40444,0.39839,0.26881,0.31624,OPEN,,0,24
52.7024,52.7024,1,0.42918,0.37987,0.40452,0.40444,0.26881,0.31624,OPEN,,0,24
52.7761,52.7761,1,0.42826,0.37955,0.40391,0.40444,0.26881,0.31624,OPEN,,0,24
52.9073,52.9073,1,0.4383,0.38112,0.40971,0.40452,0.26881,0.31624,OPEN,,0,24
53.0038,53.0038,1,0.43678,0.39202,0.4144,0.40971,0.26881,0.31624,OPEN,,0,24
53.0969,53.0969,1,0.43812,0.39341,0.41577,0.4144,0.26881,0.31624,OPEN,,0,24
53.2085,53.2085,1,0.43257,0.39349,0.41303,0.4144,0.26881,0.31624,OPEN,,0,24
53.3015,53.3015,1,0.43369,0.39009,0.41189,0.41303,0.26881,0.31624,OPEN,,0,24
53.3995,53.3995,1,0.42927,0.38645,0.40786,0.41189,0.26881,0.31624,OPEN,,0,24
53.502,53.502,1,0.42686,0.38537,0.40612,0.40786,0.26881,0.31624,OPEN,,0,24
53.5871,53.5871,1,0.4268,0.38633,0.40656,0.40656,0.26881,0.31624,OPEN,,0,24
53.7036,53.7036,1,0.43544,0.39393,0.41468,0.40656,0.26881,0.31624,OPEN,,0,24
53.804,53.804,1,0.42646,0.3913,0.40888,0.40888,0.26881,0.31624,OPEN,,0,24
53.9145,53.9145,1,0.4198,0.3801,0.39995,0.40888,0.26881,0.31624,OPEN,,0,24
53.9882,53.9882,1,0.41774,0.37996,0.39885,0.39995,0.26881,0.31624,OPEN,,0,24
54.1055,54.1055,1,0.41028,0.38856,0.39942,0.39942,0.26881,0.31624,OPEN,,0,24
54.1983,54.1983,1,0.44024,0.39652,0.41838,0.39942,0.26881,0.31624,OPEN,,0,24
54.3214,54.3214,1,0.43319,0.39037,0.41178,0.41178,0.26881,0.31624,OPEN,,0,24
54.398,54.398,1,0.42262,0.38772,0.40517,0.41178,0.26881,0.31624,OPEN,,0,24
54.5058,54.5058,1,0.40434,0.36609,0.38522,0.40517,0.26881,0.31624,OPEN,,0,24
54.6035,54.6035,1,0.43353,0.39336,0.41344,0.40517,0.26881,0.31624,OPEN,,0,24
54.7124,54.7124,1,0.4404,0.40971,0.42505,0.41344,0.26881,0.31624,OPEN,,0,24
54.7899,54.7899,1,0.43845,0.41364,0.42605,0.42505,0.26881,0.31624,OPEN,,0,24
54.9066,54.9066,1,0.42041,0.39983,0.41012,0.42505,0.26881,0.31624,OPEN,,0,24
55.0074,55.0074,1,0.42463,0.40476,0.4147,0.4147,0.26881,0.31624,OPEN,,0,24
55.0804,55.0804,1,0.42316,0.40189,0.41252,0.41252,0.26881,0.31624,OPEN,,0,24
55.1503,55.1503,1,0.41822,0.39655,0.40738,0.41252,0.26881,0.31624,OPEN,,0,24
55.3117,55.3117,1,0.42938,0.40441,0.4169,0.41252,0.26881,0.31624,OPEN,,0,24
55.4004,55.4004,1,0.42582,0.41256,0.41919,0.4169,0.26881,0.31624,OPEN,,0,24
55.4685,55.4685,1,0.4241,0.41158,0.41784,0.41784,0.26881,0.31624,OPEN,,0,24
55.5513,55.5513,1,0.43016,0.42058,0.42537,0.41919,0.26881,0.31624,OPEN,,0,24
55.7052,55.7052,1,0.42568,0.39283,0.40926,0.41784,0.26881,0.31624,OPEN,,0,24
55.8067,55.8067,1,0.4222,0.39236,0.40728,0.40926,0.26881,0.31624,OPEN,,0,24
55.8934,55.8934,1,0.4194,0.39201,0.40571,0.40728,0.26881,0.31624,OPEN,,0,24
55.9774,55.9774,1,0.42074,0.40315,0.41194,0.40728,0.26881,0.31624,OPEN,,0,24
56.1137,56.1137,1,0.409,0.40362,0.40631,0.40631,0.26881,0.31624,OPEN,,0,24
56.2173,56.2173,1,0.41163,0.40723,0.40943,0.40943,0.26881,0.31624,OPEN,,0,24
56.3177,56.3177,1,0.40674,0.40221,0.40448,0.40631,0.26881,0.31624,OPEN,,0,24
56.4088,56.4088,1,0.40532,0.40399,0.40465,0.40465,0.26881,0.31624,OPEN,,0,24
56.5061,56.5061,1,0.41015,0.40613,0.40814,0.40465,0.26881,0.31624,OPEN,,0,24
56.6237,56.6237,1,0.40488,0.40584,0.40536,0.40536,0.26881,0.31624,OPEN,,0,24
56.6921,56.6921,1,0.4039,0.40723,0.40557,0.40557,0.26881,0.31624,OPEN,,0,24
56.7596,56.7596,1,0.41069,0.40691,0.4088,0.40557,0.26881,0.31624,OPEN,,0,24
56.909,56.909,1,0.40589,0.39344,0.39967,0.40557,0.26881,0.31624,OPEN,,0,24
57.0186,57.0186,1,0.41395,0.40166,0.40781,0.40781,0.26881,0.31624,OPEN,,0,24
57.0871,57.0871,1,0.41748,0.40395,0.41071,0.40781,0.26881,0.31624,OPEN,,0,24
57.1618,57.1618,1,0.41821,0.4032,0.4107,0.4107,0.26881,0.31624,OPEN,,0,24
57.3104,57.3104,1,0.39873,0.38348,0.39111,0.4107,0.26881,0.31624,OPEN,,0,24
57.3785,57.3785,1,0.39805,0.38225,0.39015,0.39111,0.26881,0.31624,OPEN,,0,24
57.4517,57.4517,1,0.42767,0.40962,0.41865,0.39111,0.26881,0.31624,OPEN,,0,24
57.5365,57.5365,1,0.44626,0.42939,0.43782,0.41865,0.26881,0.31624,OPEN,,0,24
57.6152,57.6152,1,0.44636,0.43297,0.43966,0.43782,0.26881,0.31624,OPEN,,0,24
57.7074,57.7074,1,0.4339,0.41564,0.42477,0.43782,0.26881,0.31624,OPEN,,0,24
57.7745,57.7745,1,0.43056,0.40746,0.41901,0.42477,0.26881,0.31624,OPEN,,0,24
57.8442,57.8442,1,0.40394,0.40622,0.40508,0.41901,0.26881,0.31624,OPEN,,0,24
57.9116,57.9116,1,0.41685,0.40731,0.41208,0.41208,0.26881,0.31624,OPEN,,0,24
58.0083,58.0083,1,0.42111,0.40197,0.41154,0.41154,0.26881,0.31624,OPEN,,0,24
58.114,58.114,1,0.39579,0.39374,0.39476,0.41154,0.26881,0.31624,OPEN,,0,24
58.2171,58.2171,1,0.40625,0.39754,0.4019,0.4019,0.26881,0.31624,OPEN,,0,24
58.3126,58.3126,1,0.41125,0.39785,0.40455,0.4019,0.26881,0.31624,OPEN,,0,24
58.4153,58.4153,1,0.41033,0.39506,0.4027,0.4027,0.26881,0.31624,OPEN,,0,24
58.5225,58.5225,1,0.40452,0.39514,0.39983,0.4027,0.26881,0.31624,OPEN,,0,24
58.621,58.621,1,0.40679,0.39602,0.4014,0.4014,0.26881,0.31624,OPEN,,0,24
58.7142,58.7142,1,0.39882,0.39373,0.39627,0.39983,0.26881,0.31624,OPEN,,0,24
58.7809,58.7809,1,0.39897,0.39349,0.39623,0.39627,0.26881,0.31624,OPEN,,0,24
58.9293,58.9293,1,0.39452,0.38965,0.39209,0.39623,0.26881,0.31624,OPEN,,0,24
59.0007,59.0007,1,0.39683,0.38957,0.3932,0.3932,0.26881,0.31624,OPEN,,0,24
59.1167,59.1167,1,0.41909,0.40579,0.41244,0.3932,0.26881,0.31624,OPEN,,0,24
59.2154,59.2154,1,0.43297,0.41673,0.42485,0.41244,0.26881,0.31624,OPEN,,0,24
59.3192,59.3192,1,0.43853,0.41948,0.42901,0.42485,0.26881,0.31624,OPEN,,0,24
59.4199,59.4199,1,0.43791,0.41796,0.42794,0.42794,0.26881,0.31624,OPEN,,0,24
59.5115,59.5115,1,0.44148,0.42689,0.43418,0.42901,0.26881,0.31624,OPEN,,0,24
59.6105,59.6105,1,0.43291,0.41679,0.42485,0.42794,0.26881,0.31624,OPEN,,0,24
59.7211,59.7211,1,0.4334,0.41784,0.42562,0.42562,0.26881,0.31624,OPEN,,0,24
59.8161,59.8161,1,0.43268,0.42175,0.42721,0.42562,0.26881,0.31624,OPEN,,0,24
59.9109,59.9109,1,0.44587,0.42051,0.43319,0.42721,0.26881,0.31624,OPEN,,0,24
60.0068,60.0068,1,0.44591,0.43768,0.4418,0.43319,0.26881,0.31624,OPEN,,0,24
60.1222,60.1222,1,0.44304,0.42616,0.4346,0.4346,0.26881,0.31624,OPEN,,0,24
60.2138,60.2138,1,0.44706,0.42669,0.43687,0.43687,0.26881,0.31624,OPEN,,0,24
60.31,60.31,1,0.46444,0.43528,0.44986,0.43687,0.26881,0.31624,OPEN,,0,24
60.4078,60.4078,1,0.45935,0.44047,0.44991,0.44986,0.26881,0.31624,OPEN,,0,24
60.5186,60.5186,1,0.45432,0.43618,0.44525,0.44986,0.26881,0.31624,OPEN,,0,24
60.6164,60.6164,1,0.44352,0.42955,0.43653,0.44525,0.26881,0.31624,OPEN,,0,24
60.7155,60.7155,1,0.44714,0.4329,0.44002,0.44002,0.26881,0.31624,OPEN,,0,24
60.8233,60.8233,1,0.45617,0.43209,0.44413,0.44002,0.26881,0.31624,OPEN,,0,24
60.9221,60.9221,1,0.44623,0.43018,0.43821,0.44002,0.26881,0.31624,OPEN,,0,24
61.0181,61.0181,1,0.44785,0.43184,0.43984,0.43984,0.26881,0.31624,OPEN,,0,24
61.1128,61.1128,1,0.43244,0.41171,0.42207,0.43821,0.26881,0.31624,OPEN,,0,24
61.2306,61.2306,1,0.43395,0.41476,0.42435,0.42435,0.26881,0.31624,OPEN,,0,24
62.3906,62.3906,1,0.44398,0.42429,0.43413,0.42435,0.26881,0.31624,OPEN,,0,24
62.4651,62.4651,1,0.46142,0.42736,0.44439,0.43413,0.26881,0.31624,OPEN,,0,24
62.5428,62.5428,1,0.45087,0.42504,0.43795,0.43795,0.26881,0.31624,OPEN,,0,24
62.6235,62.6235,1,0.44466,0.41109,0.42787,0.43795,0.26881,0.31624,OPEN,,0,24
62.7124,62.7124,1,0.44797,0.41537,0.43167,0.43167,0.26881,0.31624,OPEN,,0,24
62.8298,62.8298,1,0.44369,0.41203,0.42786,0.42787,0.26881,0.31624,OPEN,,0,24
62.9193,62.9193,1,0.44731,0.4178,0.43255,0.43167,0.26881,0.31624,OPEN,,0,24
63.0152,63.0152,1,0.44942,0.42138,0.4354,0.43255,0.26881,0.31624,OPEN,,0,24
63.1375,63.1375,1,0.45249,0.42489,0.43869,0.4354,0.26881,0.31624,OPEN,,0,24
63.2264,63.2264,1,0.44977,0.41716,0.43346,0.4354,0.26881,0.31624,OPEN,,0,24
63.3225,63.3225,1,0.45057,0.41655,0.43356,0.43356,0.26881,0.31624,OPEN,,0,24
63.4259,63.4259,1,0.44942,0.42141,0.43541,0.43356,0.26881,0.31624,OPEN,,0,24
63.5275,63.5275,1,0.4487,0.41999,0.43434,0.43434,0.26881,0.31624,OPEN,,0,24
63.6291,63.6291,1,0.44901,0.43808,0.44354,0.43541,0.26881,0.31624,OPEN,,0,24
63.7216,63.7216,1,0.44334,0.42836,0.43585,0.43585,0.26881,0.31624,OPEN,,0,24
63.8213,63.8213,1,0.43659,0.42016,0.42837,0.43585,0.26881,0.31624,OPEN,,0,24
63.9271,63.9271,1,0.43715,0.42149,0.42932,0.42932,0.26881,0.31624,OPEN,,0,24
64.026,64.026,1,0.42324,0.41169,0.41747,0.42837,0.26881,0.31624,OPEN,,0,24
65.0985,65.0985,1,0.41634,0.39368,0.40501,0.41747,0.26881,0.31624,OPEN,,0,24
65.1808,65.1808,1,0.42271,0.40484,0.41378,0.41378,0.26881,0.31624,OPEN,,0,24
65.2475,65.2475,1,0.41062,0.3784,0.39451,0.40501,0.26881,0.31624,OPEN,,0,24
65.3205,65.3205,1,0.40182,0.38693,0.39437,0.39451,0.26881,0.31624,OPEN,,0,24
65.4397,65.4397,1,0.40296,0.39851,0.40074,0.39451,0.26881,0.31624,OPEN,,0,24
65.5275,65.5275,1,0.41518,0.41305,0.41412,0.40074,0.26881,0.31624,OPEN,,0,24
65.6244,65.6244,1,0.39145,0.40618,0.39881,0.40074,0.26881,0.31624,OPEN,,0,24
65.7232,65.7232,1,0.40129,0.42141,0.41135,0.41135,0.26881,0.31624,OPEN,,0,24
65.8317,65.8317,1,0.39718,0.41208,0.40463,0.40463,0.26881,0.31624,OPEN,,0,24
65.9357,65.9357,1,0.40202,0.41485,0.40844,0.40844,0.26881,0.31624,OPEN,,0,24
66.0253,66.0253,1,0.41674,0.4212,0.41897,0.40844,0.26881,0.31624,OPEN,,0,24
66.1272,66.1272,1,0.40552,0.42111,0.41331,0.41331,0.26881,0.31624,OPEN,,0,24
66.3925,66.3925,1,0.41365,0.42544,0.41955,0.41897,0.26881,0.31624,OPEN,,0,24
66.4611,66.4611,1,0.40336,0.41226,0.40781,0.41331,0.26881,0.31624,OPEN,,0,24
66.5457,66.5457,1,0.40507,0.42018,0.41262,0.41262,0.26881,0.31624,OPEN,,0,24
66.6354,66.6354,1,0.4,0.41762,0.40881,0.40881,0.26881,0.31624,OPEN,,0,24
66.7287,66.7287,1,0.4068,0.42397,0.41539,0.41262,0.26881,0.31624,OPEN,,0,24
66.8247,66.8247,1,0.40161,0.42007,0.41084,0.41084,0.26881,0.31624,OPEN,,0,24
66.9273,66.9273,1,0.4047,0.42786,0.41628,0.41539,0.26881,0.31624,OPEN,,0,24
67.0329,67.0329,1,0.39999,0.417,0.4085,0.41084,0.26881,0.31624,OPEN,,0,24
67.1293,67.1293,1,0.40633,0.41921,0.41277,0.41277,0.26881,0.31624,OPEN,,0,24
67.2295,67.2295,1,0.38632,0.40711,0.39672,0.4085,0.26881,0.31624,OPEN,,0,24
67.3222,67.3222,1,0.38889,0.39133,0.39011,0.39672,0.26881,0.31624,OPEN,,0,24
67.4419,67.4419,1,0.38776,0.37406,0.38091,0.39011,0.26881,0.31624,OPEN,,0,24
67.5295,67.5295,1,0.38509,0.38013,0.38261,0.38261,0.26881,0.31624,OPEN,,0,24
67.6233,67.6233,1,0.40331,0.41224,0.40778,0.38261,0.26881,0.31624,OPEN,,0,24
67.7432,67.7432,1,0.41022,0.41488,0.41255,0.40778,0.26881,0.31624,OPEN,,0,24
67.8299,67.8299,1,0.41677,0.42261,0.41969,0.41255,0.26881,0.31624,OPEN,,0,24
67.9271,67.9271,1,0.42468,0.43475,0.42972,0.41969,0.26881,0.31624,OPEN,,0,24
68.0268,68.0268,1,0.42346,0.42598,0.42472,0.42472,0.26881,0.31624,OPEN,,0,24
68.135,68.135,1,0.42263,0.42574,0.42419,0.42472,0.26881,0.31624,OPEN,,0,24
68.2365,68.2365,1,0.43245,0.42554,0.429,0.42472,0.26881,0.31624,OPEN,,0,24
68.3277,68.3277,1,0.40849,0.41256,0.41053,0.42419,0.26881,0.31624,OPEN,,0,24
68.43,68.43,1,0.42268,0.40328,0.41298,0.41298,0.26881,0.31624,OPEN,,0,24
68.5363,68.5363,1,0.41482,0.40095,0.40789,0.41053,0.26881,0.31624,OPEN,,0,24
68.6336,68.6336,1,0.4159,0.40013,0.40802,0.40802,0.26881,0.31624,OPEN,,0,24
68.7337,68.7337,1,0.45151,0.43255,0.44203,0.40802,0.26881,0.31624,OPEN,,0,24
68.8234,68.8234,1,0.44592,0.43416,0.44004,0.44004,0.26881,0.31624,OPEN,,0,24
68.9399,68.9399,1,0.44042,0.43898,0.4397,0.44004,0.26881,0.31624,OPEN,,0,24
69.0332,69.0332,1,0.43645,0.43222,0.43434,0.4397,0.26881,0.31624,OPEN,,0,24
69.1293,69.1293,1,0.43648,0.42497,0.43073,0.43434,0.26881,0.31624,OPEN,,0,24
69.2328,69.2328,1,0.41459,0.41599,0.41529,0.43073,0.26881,0.31624,OPEN,,0,24
70.267,70.267,1,0.4099,0.40352,0.40671,0.41529,0.26881,0.31624,OPEN,,0,24
70.352,70.352,1,0.40548,0.40225,0.40386,0.40671,0.26881,0.31624,OPEN,,0,24
70.4396,70.4396,1,0.408,0.41088,0.40944,0.40671,0.26881,0.31624,OPEN,,0,24
70.5425,70.5425,1,0.40546,0.41625,0.41085,0.40944,0.26881,0.31624,OPEN,,0,24
70.6333,70.6333,1,0.41645,0.41782,0.41714,0.41085,0.26881,0.31624,OPEN,,0,24
70.7337,70.7337,1,0.40121,0.40591,0.40356,0.41085,0.26881,0.31624,OPEN,,0,24
70.84,70.84,1,0.40703,0.41766,0.41235,0.41235,0.26881,0.31624,OPEN,,0,24
70.9382,70.9382,1,0.40959,0.41621,0.4129,0.41235,0.26881,0.31624,OPEN,,0,24
71.0403,71.0403,1,0.41496,0.41422,0.41459,0.4129,0.26881,0.31624,OPEN,,0,24
71.1273,71.1273,1,0.42886,0.42147,0.42516,0.41459,0.26881,0.31624,OPEN,,0,24
71.2487,71.2487,1,0.43408,0.43098,0.43253,0.42516,0.26881,0.31624,OPEN,,0,24
71.3362,71.3362,1,0.42407,0.42185,0.42296,0.42516,0.26881,0.31624,OPEN,,0,24
71.4341,71.4341,1,0.4146,0.42064,0.41762,0.42296,0.26881,0.31624,OPEN,,0,24
71.5343,71.5343,1,0.42127,0.42677,0.42402,0.42296,0.26881,0.31624,OPEN,,0,24
71.6098,71.6098,1,0.42364,0.427,0.42532,0.42402,0.26881,0.31624,OPEN,,0,24
71.7386,71.7386,1,0.23242,0.25522,0.24382,0.42402,0.26881,0.31624,OPEN,,0,24
71.8391,71.8391,1,0.34418,0.31938,0.33178,0.33178,0.26881,0.31624,OPEN,,0,24
71.9304,71.9304,1,0.4127,0.39585,0.40428,0.33178,0.26881,0.31624,OPEN,,0,24
72.0081,72.0081,1,0.40801,0.40621,0.40711,0.40428,0.26881,0.31624,OPEN,,0,24
72.1479,72.1479,1,0.41516,0.40933,0.41225,0.40711,0.26881,0.31624,OPEN,,0,24
72.2327,72.2327,1,0.41351,0.40852,0.41101,0.41101,0.26881,0.31624,OPEN,,0,24
72.3501,72.3501,1,0.41292,0.41302,0.41297,0.41225,0.26881,0.31624,OPEN,,0,24
72.4247,72.4247,1,0.40991,0.41053,0.41022,0.41101,0.26881,0.31624,OPEN,,0,24
72.538,72.538,1,0.40543,0.40732,0.40637,0.41022,0.26881,0.31624,OPEN,,0,24
72.6394,72.6394,1,0.41331,0.41625,0.41478,0.41022,0.26881,0.31624,OPEN,,0,24
72.745,72.745,1,0.40638,0.4189,0.41264,0.41264,0.26881,0.31624,OPEN,,0,24
72.8269,72.8269,1,0.40525,0.41768,0.41146,0.41264,0.26881,0.31624,OPEN,,0,24
72.9368,72.9368,1,0.26795,0.28557,0.27676,0.41146,0.26881,0.31624,OPEN,,0,24
73.0385,73.0385,1,0.19256,0.25517,0.22386,0.27676,0.26881,0.31624,OPEN,,0,24
73.1456,73.1456,1,0.23543,0.25806,0.24674,0.24674,0.26881,0.31624,CLOSING,,0,24
73.2396,73.2396,1,0.43405,0.40833,0.42119,0.24674,0.26881,0.31624,CLOSED,0.09405,0,24
73.3385,73.3385,1,0.4335,0.43351,0.4335,0.42119,0.26881,0.31624,OPENING,0.19298,0,24
73.4334,73.4334,1,0.42341,0.4275,0.42546,0.42546,0.26881,0.31624,OPEN,0.28788,1,25
73.5052,73.5052,1,0.41761,0.42351,0.42056,0.42546,0.26881,0.31624,OPEN,,0,25
73.5832,73.5832,1,0.42445,0.42898,0.42672,0.42546,0.26881,0.31624,OPEN,,0,25
73.7437,73.7437,1,0.42003,0.42858,0.42431,0.42431,0.26881,0.31624,OPEN,,0,25
73.8375,73.8375,1,0.42712,0.43378,0.43045,0.42672,0.26881,0.31624,OPEN,,0,25
73.917,73.917,1,0.42644,0.42993,0.42818,0.42818,0.26881,0.31624,OPEN,,0,25
74.0405,74.0405,1,0.42147,0.42485,0.42316,0.42818,0.26881,0.31624,OPEN,,0,25
74.1446,74.1446,1,0.42175,0.42584,0.4238,0.4238,0.26881,0.31624,OPEN,,0,25
74.2323,74.2323,1,0.41184,0.4221,0.41697,0.42316,0.26881,0.31624,OPEN,,0,25
74.3001,74.3001,1,0.4112,0.42263,0.41691,0.41697,0.26881,0.31624,OPEN,,0,25
74.3852,74.3852,1,0.41437,0.42223,0.4183,0.41697,0.26881,0.31624,OPEN,,0,25
74.5379,74.5379,1,0.42924,0.4281,0.42867,0.4183,0.26881,0.31624,OPEN,,0,25
74.656,74.656,1,0.43501,0.41993,0.42747,0.42747,0.26881,0.31624,OPEN,,0,25
74.7317,74.7317,1,0.43701,0.42079,0.4289,0.42867,0.26881,0.31624,OPEN,,0,25
74.8011,74.8011,1,0.43494,0.42294,0.42894,0.4289,0.26881,0.31624,OPEN,,0,25
74.9462,74.9462,1,0.42598,0.42076,0.42337,0.4289,0.26881,0.31624,OPEN,,0,25
75.0514,75.0514,1,0.42282,0.42513,0.42398,0.42398,0.26881,0.31624,OPEN,,0,25
75.1187,75.1187,1,0.42624,0.42575,0.426,0.42398,0.26881,0.31624,OPEN,,0,25
75.2403,75.2403,1,0.4355,0.42758,0.43154,0.426,0.26881,0.31624,OPEN,,0,25
75.3458,75.3458,1,0.33337,0.34918,0.34127,0.426,0.26881,0.31624,OPEN,,0,25
75.4499,75.4499,1,0.33209,0.32845,0.33027,0.34127,0.26881,0.31624,OPEN,,0,25
75.5421,75.5421,1,0.33424,0.33765,0.33595,0.33595,0.26881,0.31624,OPEN,,0,25
75.6411,75.6411,1,0.32716,0.33382,0.33049,0.33049,0.26881,0.31624,OPEN,,0,25
75.7373,75.7373,1,0.33741,0.33702,0.33721,0.33595,0.26881,0.31624,OPEN,,0,25
75.8542,75.8542,1,0.33336,0.32534,0.32935,0.33049,0.26881,0.31624,OPEN,,0,25
75.9422,75.9422,1,0.34336,0.33181,0.33759,0.33721,0.26881,0.31624,OPEN,,0,25
76.0381,76.0381,1,0.38392,0.37683,0.38037,0.33759,0.26881,0.31624,OPEN,,0,25
76.1357,76.1357,1,0.40256,0.39796,0.40026,0.38037,0.26881,0.31624,OPEN,,0,25
76.2455,76.2455,1,0.38887,0.37918,0.38402,0.38402,0.26881,0.31624,OPEN,,0,25
76.3413,76.3413,1,0.3966,0.40124,0.39892,0.39892,0.26881,0.31624,OPEN,,0,25
76.4391,76.4391,1,0.39757,0.39149,0.39453,0.39453,0.26881,0.31624,OPEN,,0,25
76.5505,76.5505,1,0.38933,0.38572,0.38752,0.39453,0.26881,0.31624,OPEN,,0,25
76.6473,76.6473,1,0.4045,0.39042,0.39746,0.39453,0.26881,0.31624,OPEN,,0,25
76.743,76.743,1,0.40624,0.39674,0.40149,0.39746,0.26881,0.31624,OPEN,,0,25
76.8378,76.8378,1,0.42155,0.40682,0.41418,0.40149,0.26881,0.31624,OPEN,,0,25
76.9514,76.9514,1,0.41974,0.40554,0.41264,0.41264,0.26881,0.31624,OPEN,,0,25
77.0462,77.0462,1,0.41577,0.40411,0.40994,0.41264,0.26881,0.31624,OPEN,,0,25
77.1423,77.1423,1,0.40496,0.40157,0.40327,0.40994,0.26881,0.31624,OPEN,,0,25
77.24,77.24,1,0.42833,0.41038,0.41935,0.40994,0.26881,0.31624,OPEN,,0,25
77.3498,77.3498,1,0.4264,0.40869,0.41754,0.41754,0.26881,0.31624,OPEN,,0,25
77.4469,77.4469,1,0.42028,0.39369,0.40698,0.41754,0.26881,0.31624,OPEN,,0,25
77.5418,77.5418,1,0.41938,0.39003,0.40471,0.40698,0.26881,0.31624,OPEN,,0,25
77.658,77.658,1,0.42723,0.3912,0.40921,0.40698,0.26881,0.31624,OPEN,,0,25
77.7501,77.7501,1,0.42482,0.38691,0.40587,0.40587,0.26881,0.31624,OPEN,,0,25
77.8457,77.8457,1,0.41428,0.38203,0.39816,0.40587,0.26881,0.31624,OPEN,,0,25
77.9428,77.9428,1,0.41015,0.38118,0.39566,0.39816,0.26881,0.31624,OPEN,,0,25
78.0565,78.0565,1,0.42303,0.38365,0.40334,0.39816,0.26881,0.31624,OPEN,,0,25
78.1499,78.1499,1,0.41114,0.37658,0.39386,0.39566,0.26881,0.31624,OPEN,,0,25
78.2454,78.2454,1,0.41851,0.40482,0.41166,0.40334,0.26881,0.31624,OPEN,,0,25
78.3411,78.3411,1,0.42576,0.40785,0.41681,0.41166,0.26881,0.31624,OPEN,,0,25
78.4614,78.4614,1,0.41057,0.39999,0.40528,0.41166,0.26881,0.31624,OPEN,,0,25
78.5502,78.5502,1,0.41447,0.40495,0.40971,0.40971,0.26881,0.31624,OPEN,,0,25
78.647,78.647,1,0.40676,0.40236,0.40456,0.40528,0.26881,0.31624,OPEN,,0,25
78.7567,78.7567,1,0.41124,0.3931,0.40217,0.40456,0.26881,0.31624,OPEN,,0,25
78.8544,78.8544,1,0.41209,0.39745,0.40477,0.40456,0.26881,0.31624,OPEN,,0,25
78.9754,78.9754,1,0.41683,0.39792,0.40738,0.40477,0.26881,0.31624,OPEN,,0,25
79.0454,79.0454,1,0.41578,0.39864,0.40721,0.40721,0.26881,0.31624,OPEN,,0,25
79.1567,79.1567,1,0.41439,0.39191,0.40315,0.40721,0.26881,0.31624,OPEN,,0,25
79.2761,79.2761,1,0.42588,0.39606,0.41097,0.40721,0.26881,0.31624,OPEN,,0,25
79.3552,79.3552,1,0.42667,0.39323,0.40995,0.40995,0.26881,0.31624,OPEN,,0,25
79.4449,79.4449,1,0.4211,0.38803,0.40457,0.40995,0.26881,0.31624,OPEN,,0,25
79.5468,79.5468,1,0.42315,0.38722,0.40518,0.40518,0.26881,0.31624,OPEN,,0,25
79.667,79.667,1,0.4203,0.38467,0.40249,0.40457,0.26881,0.31624,OPEN,,0,25
79.7525,79.7525,1,0.42027,0.38262,0.40145,0.40249,0.26881,0.31624,OPEN,,0,25
79.8501,79.8501,1,0.41835,0.37962,0.39898,0.40145,0.26881,0.31624,OPEN,,0,25
79.9534,79.9534,1,0.42007,0.38692,0.40349,0.40145,0.26881,0.31624,OPEN,,0,25
80.0529,80.0529,1,0.40973,0.39081,0.40027,0.40027,0.26881,0.31624,OPEN,,0,25
80.1512,80.1512,1,0.40444,0.39447,0.39946,0.40027,0.26881,0.31624,OPEN,,0,25
80.2552,80.2552,1,0.40225,0.39049,0.39637,0.39946,0.26881,0.31624,OPEN,,0,25
80.3453,80.3453,1,0.40623,0.39354,0.39989,0.39946,0.26881,0.31624,OPEN,,0,25
80.464,80.464,1,0.40718,0.38667,0.39693,0.39693,0.26881,0.31624,OPEN,,0,25
80.5518,80.5518,1,0.36178,0.35913,0.36045,0.39693,0.26881,0.31624,OPEN,,0,25
80.6494,80.6494,1,0.37467,0.36937,0.37202,0.37202,0.26881,0.31624,OPEN,,0,25
80.7518,80.7518,1,0.39007,0.37026,0.38016,0.37202,0.26881,0.31624,OPEN,,0,25
80.8565,80.8565,1,0.39306,0.36838,0.38072,0.38016,0.26881,0.31624,OPEN,,0,25
80.9534,80.9534,1,0.38873,0.37331,0.38102,0.38072,0.26881,0.31624,OPEN,,0,25
81.0561,81.0561,1,0.39679,0.37361,0.3852,0.38102,0.26881,0.31624,OPEN,,0,25
81.1621,81.1621,1,0.40036,0.37962,0.38999,0.3852,0.26881,0.31624,OPEN,,0,25
81.2613,81.2613,1,0.4004,0.38619,0.39329,0.38999,0.26881,0.31624,OPEN,,0,25
81.3532,81.3532,1,0.39667,0.38854,0.39261,0.39261,0.26881,0.31624,OPEN,,0,25
81.4509,81.4509,1,0.39773,0.39022,0.39398,0.39329,0.26881,0.31624,OPEN,,0,25
81.5674,81.5674,1,0.39598,0.38907,0.39253,0.39261,0.26881,0.31624,OPEN,,0,25
81.6559,81.6559,1,0.38866,0.38298,0.38582,0.39253,0.26881,0.31624,OPEN,,0,25
81.7539,81.7539,1,0.39301,0.38707,0.39004,0.39004,0.26881,0.31624,OPEN,,0,25
81.8571,81.8571,1,0.4101,0.39682,0.40346,0.39004,0.26881,0.31624,OPEN,,0,25
81.96,81.96,1,0.41777,0.4051,0.41144,0.40346,0.26881,0.31624,OPEN,,0,25
82.0641,82.0641,1,0.42132,0.40638,0.41385,0.41144,0.26881,0.31624,OPEN,,0,25
82.153,82.153,1,0.42717,0.4018,0.41448,0.41385,0.26881,0.31624,OPEN,,0,25
82.2521,82.2521,1,0.42249,0.39298,0.40773,0.41385,0.26881,0.31624,OPEN,,0,25
82.3679,82.3679,1,0.42117,0.39222,0.4067,0.40773,0.26881,0.31624,OPEN,,0,25
82.4574,82.4574,1,0.41645,0.39504,0.40575,0.4067,0.26881,0.31624,OPEN,,0,25
82.5617,82.5617,1,0.41716,0.39413,0.40564,0.40575,0.26881,0.31624,OPEN,,0,25
82.6498,82.6498,1,0.40509,0.3893,0.3972,0.40564,0.26881,0.31624,OPEN,,0,25
82.7689,82.7689,1,0.40785,0.39353,0.40069,0.40069,0.26881,0.31624,OPEN,,0,25
82.8544,82.8544,1,0.40609,0.39307,0.39958,0.39958,0.26881,0.31624,OPEN,,0,25
82.9544,82.9544,1,0.41509,0.39565,0.40537,0.40069,0.26881,0.31624,OPEN,,0,25
83.0527,83.0527,1,0.41676,0.39637,0.40656,0.40537,0.26881,0.31624,OPEN,,0,25
83.1624,83.1624,1,0.41508,0.39491,0.40499,0.40537,0.26881,0.31624,OPEN,,0,25
83.2569,83.2569,1,0.41356,0.39385,0.40371,0.40499,0.26881,0.31624,OPEN,,0,25
83.3566,83.3566,1,0.41112,0.39463,0.40288,0.40371,0.26881,0.31624,OPEN,,0,25
83.424,83.424,1,0.41287,0.39582,0.40435,0.40371,0.26881,0.31624,OPEN,,0,25
83.4934,83.4934,1,0.41222,0.39469,0.40345,0.40345,0.26881,0.31624,OPEN,,0,25
83.5653,83.5653,1,0.40764,0.38005,0.39384,0.40345,0.26881,0.31624,OPEN,,0,25
83.6553,83.6553,1,0.41942,0.39059,0.40501,0.40345,0.26881,0.31624,OPEN,,0,25
83.7524,83.7524,1,0.41102,0.38271,0.39686,0.39686,0.26881,0.31624,OPEN,,0,25
83.8677,83.8677,1,0.38159,0.3702,0.37589,0.39686,0.26881,0.31624,OPEN,,0,25
83.96,83.96,1,0.38226,0.36894,0.3756,0.37589,0.26881,0.31624,OPEN,,0,25
84.0579,84.0579,1,0.3875,0.37258,0.38004,0.37589,0.26881,0.31624,OPEN,,0,25
84.1586,84.1586,1,0.39832,0.38445,0.39138,0.38004,0.26881,0.31624,OPEN,,0,25
84.2658,84.2658,1,0.40108,0.38915,0.39512,0.39138,0.26881,0.31624,OPEN,,0,25
84.3614,84.3614,1,0.39866,0.38782,0.39324,0.39324,0.26881,0.31624,OPEN,,0,25
84.456,84.456,1,0.39768,0.38739,0.39253,0.39324,0.26881,0.31624,OPEN,,0,25
84.5514,84.5514,1,0.39863,0.38804,0.39333,0.39324,0.26881,0.31624,OPEN,,0,25
84.6648,84.6648,1,0.40293,0.39256,0.39775,0.39333,0.26881,0.31624,OPEN,,0,25
84.7625,84.7625,1,0.3993,0.3938,0.39655,0.39655,0.26881,0.31624,OPEN,,0,25
84.8636,84.8636,1,0.40241,0.39598,0.3992,0.39775,0.26881,0.31624,OPEN,,0,25
84.9515,84.9515,1,0.40838,0.4056,0.40699,0.3992,0.26881,0.31624,OPEN,,0,25
85.0691,85.0691,1,0.40573,0.39616,0.40094,0.40094,0.26881,0.31624,OPEN,,0,25
85.1608,85.1608,1,0.41347,0.40121,0.40734,0.40699,0.26881,0.31624,OPEN,,0,25
85.2554,85.2554,1,0.40851,0.39708,0.4028,0.4028,0.26881,0.31624,OPEN,,0,25
85.3593,85.3593,1,0.4081,0.39724,0.40267,0.4028,0.26881,0.31624,OPEN,,0,25
85.4653,85.4653,1,0.39799,0.3914,0.39469,0.40267,0.26881,0.31624,OPEN,,0,25
85.5616,85.5616,1,0.40183,0.3935,0.39766,0.39766,0.26881,0.31624,OPEN,,0,25
85.6637,85.6637,1,0.40388,0.39762,0.40075,0.39766,0.26881,0.31624,OPEN,,0,25
85.7682,85.7682,1,0.4172,0.39804,0.40762,0.40075,0.26881,0.31624,OPEN,,0,25
85.8699,85.8699,1,0.40927,0.39958,0.40442,0.40442,0.26881,0.31624,OPEN,,0,25
85.9621,85.9621,1,0.41161,0.39965,0.40563,0.40563,0.26881,0.31624,OPEN,,0,25
86.0554,86.0554,1,0.4054,0.39383,0.39961,0.40442,0.26881,0.31624,OPEN,,0,25
86.1758,86.1758,1,0.40835,0.4034,0.40588,0.40563,0.26881,0.31624,OPEN,,0,25
86.2627,86.2627,1,0.4038,0.39611,0.39995,0.39995,0.26881,0.31624,OPEN,,0,25
86.3607,86.3607,1,0.39941,0.3923,0.39586,0.39995,0.26881,0.31624,OPEN,,0,25
86.4548,86.4548,1,0.40271,0.40214,0.40242,0.39995,0.26881,0.31624,OPEN,,0,25
86.5683,86.5683,1,0.4026,0.40069,0.40165,0.40165,0.26881,0.31624,OPEN,,0,25
86.6647,86.6647,1,0.39891,0.39382,0.39636,0.40165,0.26881,0.31624,OPEN,,0,25
86.7577,86.7577,1,0.405,0.39505,0.40003,0.40003,0.26881,0.31624,OPEN,,0,25
86.8622,86.8622,1,0.42391,0.40453,0.41422,0.40003,0.26881,0.31624,OPEN,,0,25
86.9673,86.9673,1,0.4172,0.40692,0.41206,0.41206,0.26881,0.31624,OPEN,,0,25
87.0652,87.0652,1,0.42222,0.4065,0.41436,0.41422,0.26881,0.31624,OPEN,,0,25
87.1649,87.1649,1,0.42143,0.40961,0.41552,0.41436,0.26881,0.31624,OPEN,,0,25
87.2583,87.2583,1,0.40445,0.39328,0.39886,0.41436,0.26881,0.31624,OPEN,,0,25
87.3747,87.3747,1,0.40756,0.3943,0.40093,0.40093,0.26881,0.31624,OPEN,,0,25
87.4636,87.4636,1,0.39423,0.38696,0.39059,0.39886,0.26881,0.31624,OPEN,,0,25
87.5614,87.5614,1,0.39268,0.39339,0.39304,0.39304,0.26881,0.31624,OPEN,,0,25
87.6614,87.6614,1,0.39777,0.39583,0.3968,0.39304,0.26881,0.31624,OPEN,,0,25
87.767,87.767,1,0.40777,0.40052,0.40414,0.3968,0.26881,0.31624,OPEN,,0,25
87.8685,87.8685,1,0.40033,0.39744,0.39889,0.39889,0.26881,0.31624,OPEN,,0,25
87.9653,87.9653,1,0.39697,0.39211,0.39454,0.39889,0.26881,0.31624,OPEN,,0,25
88.0738,88.0738,1,0.3984,0.39304,0.39572,0.39572,0.26881,0.31624,OPEN,,0,25
88.1753,88.1753,1,0.40152,0.39381,0.39767,0.39572,0.26881,0.31624,OPEN,,0,25
88.2632,88.2632,1,0.39926,0.39811,0.39868,0.39767,0.26881,0.31624,OPEN,,0,25
88.3626,88.3626,1,0.40694,0.40325,0.40509,0.39868,0.26881,0.31624,OPEN,,0,25
88.4787,88.4787,1,0.40676,0.40199,0.40437,0.40437,0.26881,0.31624,OPEN,,0,25
88.569,88.569,1,0.40814,0.40421,0.40617,0.40509,0.26881,0.31624,OPEN,,0,25
88.665,88.665,1,0.40233,0.39646,0.3994,0.40437,0.26881,0.31624,OPEN,,0,25
88.7651,88.7651,1,0.40144,0.39524,0.39834,0.3994,0.26881,0.31624,OPEN,,0,25
88.8712,88.8712,1,0.40417,0.40219,0.40318,0.3994,0.26881,0.31624,OPEN,,0,25
88.9716,88.9716,1,0.39279,0.38014,0.38647,0.39834,0.26881,0.31624,OPEN,,0,25
89.0652,89.0652,1,0.38659,0.37775,0.38217,0.38647,0.26881,0.31624,OPEN,,0,25
89.1657,89.1657,1,0.3917,0.38195,0.38682,0.38647,0.26881,0.31624,OPEN,,0,25
89.2737,89.2737,1,0.39224,0.38215,0.3872,0.38682,0.26881,0.31624,OPEN,,0,25
89.3697,89.3697,1,0.40125,0.38885,0.39505,0.3872,0.26881,0.31624,OPEN,,0,25
89.4687,89.4687,1,0.40093,0.38828,0.39461,0.39461,0.26881,0.31624,OPEN,,0,25
89.5602,89.5602,1,0.3938,0.38665,0.39023,0.39461,0.26881,0.31624,OPEN,,0,25
89.6765,89.6765,1,0.38676,0.38428,0.38552,0.39023,0.26881,0.31624,OPEN,,0,25
89.7681,89.7681,1,0.38894,0.38892,0.38893,0.38893,0.26881,0.31624,OPEN,,0,25
89.8617,89.8617,1,0.39065,0.38981,0.39023,0.38893,0.26881,0.31624,OPEN,,0,25
89.9589,89.9589,1,0.39669,0.38934,0.39302,0.39023,0.26881,0.31624,OPEN,,0,25
90.0703,90.0703,1,0.39491,0.39571,0.39531,0.39302,0.26881,0.31624,OPEN,,0,25
90.1678,90.1678,1,0.39717,0.39399,0.39558,0.39531,0.26881,0.31624,OPEN,,0,25
90.2636,90.2636,1,0.40098,0.3938,0.39739,0.39558,0.26881,0.31624,OPEN,,0,25
90.3739,90.3739,1,0.40975,0.40222,0.40598,0.39739,0.26881,0.31624,OPEN,,0,25
90.4727,90.4727,1,0.4033,0.40075,0.40202,0.40202,0.26881,0.31624,OPEN,,0,25
90.5664,90.5664,1,0.39349,0.392,0.39274,0.40202,0.26881,0.31624,OPEN,,0,25
90.6644,90.6644,1,0.39445,0.38572,0.39008,0.39274,0.26881,0.31624,OPEN,,0,25
90.7777,90.7777,1,0.39534,0.38103,0.38818,0.39008,0.26881,0.31624,OPEN,,0,25
90.8714,90.8714,1,0.39753,0.38491,0.39122,0.39008,0.26881,0.31624,OPEN,,0,25
90.9688,90.9688,1,0.39748,0.38448,0.39098,0.39098,0.26881,0.31624,OPEN,,0,25
91.0637,91.0637,1,0.40184,0.38693,0.39439,0.39122,0.26881,0.31624,OPEN,,0,25
91.1747,91.1747,1,0.40305,0.38924,0.39615,0.39439,0.26881,0.31624,OPEN,,0,25
91.2705,91.2705,1,0.39882,0.38863,0.39373,0.39439,0.26881,0.31624,OPEN,,0,25
91.3657,91.3657,1,0.40191,0.39014,0.39602,0.39602,0.26881,0.31624,OPEN,,0,25
91.4633,91.4633,1,0.39686,0.38805,0.39246,0.39373,0.26881,0.31624,OPEN,,0,25
91.5741,91.5741,1,0.40012,0.39363,0.39687,0.39602,0.26881,0.31624,OPEN,,0,25
91.6687,91.6687,1,0.40304,0.39275,0.3979,0.39687,0.26881,0.31624,OPEN,,0,25
91.7685,91.7685,1,0.40595,0.39365,0.3998,0.3979,0.26881,0.31624,OPEN,,0,25
91.8618,91.8618,1,0.40435,0.38914,0.39674,0.3979,0.26881,0.31624,OPEN,,0,25
91.9772,91.9772,1,0.40627,0.39307,0.39967,0.39967,0.26881,0.31624,OPEN,,0,25
92.0739,92.0739,1,0.40621,0.39204,0.39912,0.39912,0.26881,0.31624,OPEN,,0,25
92.1669,92.1669,1,0.40618,0.39548,0.40083,0.39967,0.26881,0.31624,OPEN,,0,25
92.2683,92.2683,1,0.40665,0.39255,0.3996,0.3996,0.26881,0.31624,OPEN,,0,25
92.3773,92.3773,1,0.40677,0.397,0.40188,0.40083,0.26881,0.31624,OPEN,,0,25
92.4699,92.4699,1,0.40886,0.39876,0.40381,0.40188,0.26881,0.31624,OPEN,,0,25
92.5707,92.5707,1,0.407,0.39302,0.40001,0.40188,0.26881,0.31624,OPEN,,0,25
92.6823,92.6823,1,0.40179,0.39108,0.39643,0.40001,0.26881,0.31624,OPEN,,0,25
92.7787,92.7787,1,0.40027,0.38939,0.39483,0.39643,0.26881,0.31624,OPEN,,0,25
92.869,92.869,1,0.39113,0.38867,0.3899,0.39483,0.26881,0.31624,OPEN,,0,25
92.9686,92.9686,1,0.3894,0.37798,0.38369,0.3899,0.26881,0.31624,OPEN,,0,25
93.0873,93.0873,1,0.38968,0.3799,0.38479,0.38479,0.26881,0.31624,OPEN,,0,25
93.1602,93.1602,1,0.38961,0.38023,0.38492,0.38479,0.26881,0.31624,OPEN,,0,25
93.2708,93.2708,1,0.42405,0.40005,0.41205,0.38492,0.26881,0.31624,OPEN,,0,25
93.3717,93.3717,1,0.29379,0.31221,0.303,0.38492,0.26881,0.31624,OPEN,,0,25
93.4773,93.4773,1,0.19278,0.22667,0.20973,0.303,0.26881,0.31624,OPEN,,0,25
93.5826,93.5826,1,0.18787,0.23513,0.2115,0.2115,0.26881,0.31624,CLOSING,,0,25
93.6718,93.6718,1,0.30358,0.25941,0.2815,0.2115,0.26881,0.31624,CLOSED,0.08923,0,25
93.7725,93.7725,1,0.42827,0.3971,0.41268,0.2815,0.26881,0.31624,CLOSED,0.18988,0,25
93.8427,93.8427,1,0.43851,0.41478,0.42664,0.41268,0.26881,0.31624,OPENING,0.26009,0,25
93.9181,93.9181,1,0.4346,0.41934,0.42697,0.42664,0.26881,0.31624,OPEN,0.33547,1,26
94.0802,94.0802,1,0.44977,0.41892,0.43435,0.42697,0.26881,0.31624,OPEN,,0,26
94.1683,94.1683,1,0.43774,0.41732,0.42753,0.42753,0.26881,0.31624,OPEN,,0,26
94.2849,94.2849,1,0.43142,0.41472,0.42307,0.42753,0.26881,0.31624,OPEN,,0,26
94.3755,94.3755,1,0.4312,0.41561,0.42341,0.42341,0.26881,0.31624,OPEN,,0,26
94.4742,94.4742,1,0.43531,0.41478,0.42504,0.42341,0.26881,0.31624,OPEN,,0,26
94.5734,94.5734,1,0.30281,0.35884,0.33083,0.42341,0.26881,0.31624,OPEN,,0,26
94.6437,94.6437,1,0.28649,0.33286,0.30968,0.33083,0.26881,0.31624,OPEN,,0,26
94.7115,94.7115,1,0.24392,0.24706,0.24549,0.30968,0.26881,0.31624,OPEN,,0,26
94.7808,94.7808,1,0.31337,0.29079,0.30208,0.30208,0.26881,0.31624,OPEN,,0,26
94.8794,94.8794,1,0.4067,0.37346,0.39008,0.30208,0.26881,0.31624,OPEN,,0,26
94.984,94.984,1,0.41915,0.40617,0.41266,0.39008,0.26881,0.31624,OPEN,,0,26
95.082,95.082,1,0.41218,0.40403,0.40811,0.40811,0.26881,0.31624,OPEN,,0,26
95.174,95.174,1,0.41284,0.40369,0.40827,0.40827,0.26881,0.31624,OPEN,,0,26
95.2693,95.2693,1,0.40427,0.39727,0.40077,0.40811,0.26881,0.31624,OPEN,,0,26
95.3862,95.3862,1,0.40297,0.3975,0.40023,0.40077,0.26881,0.31624,OPEN,,0,26
95.4798,95.4798,1,0.40956,0.4003,0.40493,0.40077,0.26881,0.31624,OPEN,,0,26
95.5766,95.5766,1,0.41339,0.40495,0.40917,0.40493,0.26881,0.31624,OPEN,,0,26
95.6709,95.6709,1,0.42238,0.41029,0.41633,0.40917,0.26881,0.31624,OPEN,,0,26
95.7839,95.7839,1,0.42201,0.40909,0.41555,0.41555,0.26881,0.31624,OPEN,,0,26
95.8843,95.8843,1,0.19092,0.25126,0.22109,0.41555,0.26881,0.31624,OPEN,,0,26
95.9744,95.9744,1,0.16331,0.22446,0.19389,0.22109,0.26881,0.31624,CLOSING,,0,26
96.0776,96.0776,1,0.27702,0.26944,0.27323,0.22109,0.26881,0.31624,CLOSED,0.10319,0,26
96.1518,96.1518,1,0.31431,0.28582,0.30006,0.27323,0.26881,0.31624,CLOSED,0.17747,0,26
96.2798,96.2798,1,0.42694,0.40603,0.41649,0.30006,0.26881,0.31624,CLOSED,0.30548,0,26
96.3781,96.3781,1,0.44088,0.42817,0.43453,0.41649,0.26881,0.31624,OPENING,0.40374,0,26
96.4697,96.4697,1,0.42959,0.42794,0.42877,0.42877,0.26881,0.31624,OPEN,0.49536,1,27
96.5851,96.5851,1,0.42636,0.44892,0.43764,0.43453,0.26881,0.31624,OPEN,,0,27
96.6796,96.6796,1,0.43084,0.43738,0.43411,0.43411,0.26881,0.31624,OPEN,,0,27
96.7772,96.7772,1,0.42531,0.43124,0.42827,0.43411,0.26881,0.31624,OPEN,,0,27
96.8781,96.8781,1,0.42869,0.43229,0.43049,0.43049,0.26881,0.31624,OPEN,,0,27
96.9821,96.9821,1,0.43625,0.43378,0.43502,0.43049,0.26881,0.31624,OPEN,,0,27
97.0788,97.0788,1,0.43095,0.43694,0.43394,0.43394,0.26881,0.31624,OPEN,,0,27
97.1772,97.1772,1,0.44548,0.44671,0.44609,0.43502,0.26881,0.31624,OPEN,,0,27
97.2876,97.2876,1,0.4324,0.42242,0.42741,0.43394,0.26881,0.31624,OPEN,,0,27
97.3873,97.3873,1,0.20584,0.25443,0.23014,0.42741,0.26881,0.31624,OPEN,,0,27
97.478,97.478,1,0.18341,0.21188,0.19764,0.23014,0.26881,0.31624,CLOSING,,0,27
97.5757,97.5757,1,0.23157,0.2335,0.23253,0.23014,0.26881,0.31624,CLOSED,0.09767,0,27
97.6952,97.6952,1,0.23188,0.22159,0.22674,0.22674,0.26881,0.31624,CLOSED,0.21719,0,27
97.7674,97.7674,1,0.22689,0.22869,0.22779,0.22779,0.26881,0.31624,CLOSED,0.2894,0,27
97.8408,97.8408,1,0.37371,0.37684,0.37528,0.22779,0.26881,0.31624,CLOSED,0.36286,0,27
97.9098,97.9098,1,0.40873,0.41741,0.41307,0.37528,0.26881,0.31624,OPENING,0.43178,0,27
97.9775,97.9775,1,0.40893,0.41452,0.41172,0.41172,0.26881,0.31624,OPEN,0.49956,1,28
98.0884,98.0884,1,0.4205,0.45632,0.43841,0.41307,0.26881,0.31624,OPEN,,0,28
98.186,98.186,1,0.4424,0.4759,0.45915,0.43841,0.26881,0.31624,OPEN,,0,28
98.2774,98.2774,1,0.43712,0.47246,0.45479,0.45479,0.26881,0.31624,OPEN,,0,28
98.3783,98.3783,1,0.43516,0.4706,0.45288,0.45479,0.26881,0.31624,OPEN,,0,28
98.4891,98.4891,1,0.43343,0.45677,0.4451,0.45288,0.26881,0.31624,OPEN,,0,28
98.5813,98.5813,1,0.42777,0.45347,0.44062,0.4451,0.26881,0.31624,OPEN,,0,28
98.6823,98.6823,1,0.38252,0.40702,0.39477,0.44062,0.26881,0.31624,OPEN,,0,28
98.7761,98.7761,1,0.20244,0.20906,0.20575,0.39477,0.26881,0.31624,OPEN,,0,28
98.8931,98.8931,1,0.22,0.22826,0.22413,0.22413,0.26881,0.31624,CLOSING,,0,28
98.9823,98.9823,1,0.24873,0.2092,0.22896,0.22413,0.26881,0.31624,CLOSED,0.08919,0,28
99.0788,99.0788,1,0.38649,0.33605,0.36127,0.22896,0.26881,0.31624,CLOSED,0.18574,0,28
99.1766,99.1766,1,0.40845,0.39938,0.40392,0.36127,0.26881,0.31624,OPENING,0.28348,0,28
99.2868,99.2868,1,0.41781,0.41857,0.41819,0.40392,0.26881,0.31624,OPEN,0.39377,1,29
99.3813,99.3813,1,0.40743,0.42565,0.41654,0.41654,0.26881,0.31624,OPEN,,0,29
99.4815,99.4815,1,0.4126,0.41946,0.41603,0.41654,0.26881,0.31624,OPEN,,0,29
99.5919,99.5919,1,0.40597,0.40839,0.40718,0.41603,0.26881,0.31624,OPEN,,0,29
99.6918,99.6918,1,0.40828,0.40891,0.40859,0.40859,0.26881,0.31624,OPEN,,0,29
99.7819,99.7819,1,0.40567,0.40756,0.40661,0.40718,0.26881,0.31624,OPEN,,0,29
99.8781,99.8781,1,0.40882,0.41141,0.41012,0.40859,0.26881,0.31624,OPEN,,0,29
99.9975,99.9975,1,0.17255,0.22947,0.20101,0.40661,0.26881,0.31624,OPEN,,0,29
100.0855,100.0855,1,0.20276,0.25115,0.22696,0.22696,0.26881,0.31624,CLOSING,,0,29
100.1809,100.1809,1,0.25451,0.28269,0.2686,0.22696,0.26881,0.31624,CLOSED,0.09545,0,29
100.2875,100.2875,1,0.39327,0.36035,0.37681,0.2686,0.26881,0.31624,CLOSED,0.20207,0,29
100.3908,100.3908,1,0.43325,0.41657,0.42491,0.37681,0.26881,0.31624,OPENING,0.30532,0,29
100.4885,100.4885,1,0.43919,0.42245,0.43082,0.42491,0.26881,0.31624,OPEN,0.40309,1,30
100.5804,100.5804,1,0.43044,0.42218,0.42631,0.42631,0.26881,0.31624,OPEN,,0,30
100.6864,100.6864,1,0.44174,0.43662,0.43918,0.43082,0.26881,0.31624,OPEN,,0,30
100.7917,100.7917,1,0.42019,0.42697,0.42358,0.42631,0.26881,0.31624,OPEN,,0,30
100.8872,100.8872,1,0.42275,0.42554,0.42415,0.42415,0.26881,0.31624,OPEN,,0,30
100.9865,100.9865,1,0.40599,0.39942,0.4027,0.42358,0.26881,0.31624,OPEN,,0,30
101.08,101.08,1,0.23597,0.3161,0.27604,0.4027,0.26881,0.31624,OPEN,,0,30
101.1958,101.1958,1,0.26606,0.26674,0.2664,0.27604,0.26881,0.31624,OPEN,,0,30
101.2894,101.2894,1,0.25071,0.2762,0.26345,0.2664,0.26881,0.31624,CLOSING,,0,30
101.3887,101.3887,1,0.41386,0.39296,0.40341,0.2664,0.26881,0.31624,CLOSED,0.09931,0,30
101.4864,101.4864,1,0.42846,0.42147,0.42497,0.40341,0.26881,0.31624,OPENING,0.19705,0,30
101.5905,101.5905,1,0.4123,0.4097,0.411,0.411,0.26881,0.31624,OPEN,0.30108,1,31
101.6881,101.6881,1,0.41502,0.4156,0.41531,0.41531,0.26881,0.31624,OPEN,,0,31
101.7904,101.7904,1,0.41845,0.42008,0.41927,0.41531,0.26881,0.31624,OPEN,,0,31
101.8947,101.8947,1,0.29195,0.32197,0.30696,0.41531,0.26881,0.31624,OPEN,,0,31
101.9958,101.9958,1,0.21084,0.27102,0.24093,0.30696,0.26881,0.31624,OPEN,,0,31
102.089,102.089,1,0.2006,0.24688,0.22374,0.24093,0.26881,0.31624,CLOSING,,0,31
102.1855,102.1855,1,0.30471,0.28704,0.29588,0.24093,0.26881,0.31624,CLOSED,0.09654,0,31
102.302,102.302,1,0.40114,0.36765,0.38439,0.29588,0.26881,0.31624,CLOSED,0.21303,0,31
102.3906,102.3906,1,0.4248,0.40881,0.4168,0.38439,0.26881,0.31624,OPENING,0.30159,0,31
102.4876,102.4876,1,0.42318,0.414,0.41859,0.4168,0.26881,0.31624,OPEN,0.39862,1,32
102.5886,102.5886,1,0.42388,0.42001,0.42195,0.41859,0.26881,0.31624,OPEN,,0,32
102.6963,102.6963,1,0.42134,0.42296,0.42215,0.42195,0.26881,0.31624,OPEN,,0,32
102.7988,102.7988,1,0.2457,0.28687,0.26628,0.42195,0.26881,0.31624,OPEN,,0,32
102.8881,102.8881,1,0.18897,0.24871,0.21884,0.26628,0.26881,0.31624,CLOSING,,0,32
102.9903,102.9903,1,0.18299,0.23044,0.20671,0.21884,0.26881,0.31624,CLOSED,0.10217,0,32
103.0976,103.0976,1,0.22845,0.25376,0.2411,0.21884,0.26881,0.31624,CLOSED,0.20953,0,32
103.1898,103.1898,1,0.41824,0.41519,0.41671,0.2411,0.26881,0.31624,CLOSED,0.30173,0,32
103.2939,103.2939,1,0.44998,0.44129,0.44563,0.41671,0.26881,0.31624,OPENING,0.40582,0,32
103.3815,103.3815,1,0.43008,0.43546,0.43277,0.43277,0.26881,0.31624,OPEN,0.49337,1,33
103.5025,103.5025,1,0.42693,0.43838,0.43266,0.43277,0.26881,0.31624,OPEN,,0,33
103.5922,103.5922,1,0.42702,0.43856,0.43279,0.43277,0.26881,0.31624,OPEN,,0,33
103.6925,103.6925,1,0.25017,0.31424,0.2822,0.43266,0.26881,0.31624,OPEN,,0,33
103.7883,103.7883,1,0.24374,0.24769,0.24571,0.2822,0.26881,0.31624,OPEN,,0,33
103.8954,103.8954,1,0.24203,0.27578,0.2589,0.2589,0.26881,0.31624,CLOSING,,0,33
103.9901,103.9901,1,0.22245,0.27005,0.24625,0.24625,0.26881,0.31624,CLOSED,0.09465,0,33
104.0885,104.0885,1,0.36442,0.36599,0.36521,0.2589,0.26881,0.31624,CLOSED,0.19314,0,33
104.2023,104.2023,1,0.43266,0.41714,0.4249,0.36521,0.26881,0.31624,OPENING,0.30693,0,33
104.2974,104.2974,1,0.44091,0.43574,0.43832,0.4249,0.26881,0.31624,OPEN,0.40201,1,34
104.3924,104.3924,1,0.4266,0.42949,0.42805,0.42805,0.26881,0.31624,OPEN,,0,34
104.4862,104.4862,1,0.29783,0.33818,0.31801,0.42805,0.26881,0.31624,OPEN,,0,34
104.5989,104.5989,1,0.22637,0.25348,0.23993,0.31801,0.26881,0.31624,OPEN,,0,34
104.6958,104.6958,1,0.39141,0.36891,0.38016,0.31801,0.26881,0.31624,OPEN,,0,34
104.7973,104.7973,1,0.37151,0.32747,0.34949,0.34949,0.26881,0.31624,OPEN,,0,34
104.8928,104.8928,1,0.29739,0.28865,0.29302,0.34949,0.26881,0.31624,OPEN,,0,34
105.0,105.0,1,0.41341,0.39693,0.40517,0.34949,0.26881,0.31624,OPEN,,0,34
105.0993,105.0993,1,0.16801,0.16713,0.16757,0.29302,0.26881,0.31624,OPEN,,0,34
105.1896,105.1896,1,0.2895,0.26888,0.27919,0.27919,0.26881,0.31624,OPEN,,0,34
105.2952,105.2952,1,0.38339,0.37162,0.37751,0.27919,0.26881,0.31624,OPEN,,0,34
105.3984,105.3984,1,0.21044,0.18478,0.19761,0.27919,0.26881,0.31624,OPEN,,0,34
105.4933,105.4933,1,0.37889,0.33456,0.35673,0.35673,0.26881,0.31624,OPEN,,0,34
105.5977,105.5977,1,0.37524,0.37308,0.37416,0.35673,0.26881,0.31624,OPEN,,0,34
105.6861,105.6861,1,0.22015,0.21751,0.21883,0.35673,0.26881,0.31624,OPEN,,0,34
105.8094,105.8094,1,0.34354,0.28687,0.31521,0.31521,0.26881,0.31624,OPEN,,0,34
105.8974,105.8974,1,0.3468,0.35209,0.34944,0.31521,0.26881,0.31624,OPEN,,0,34
105.991,105.991,1,0.17507,0.2103,0.19269,0.31521,0.26881,0.31624,OPEN,,0,34
106.0932,106.0932,1,0.29939,0.28983,0.29461,0.29461,0.26881,0.31624,OPEN,,0,34
106.2034,106.2034,1,0.39258,0.381,0.38679,0.29461,0.26881,0.31624,OPEN,,0,34
106.2985,106.2985,1,0.16863,0.16841,0.16852,0.29461,0.26881,0.31624,OPEN,,0,34
106.3961,106.3961,1,0.17918,0.20684,0.19301,0.19301,0.26881,0.31624,CLOSING,,0,34
106.5042,106.5042,1,0.3604,0.34672,0.35356,0.19301,0.26881,0.31624,CLOSED,0.10809,0,34
106.6011,106.6011,1,0.2831,0.2942,0.28865,0.28865,0.26881,0.31624,CLOSED,0.20496,0,34
106.6979,106.6979,1,0.20261,0.18658,0.19459,0.28865,0.26881,0.31624,CLOSED,0.3018,0,34
106.7909,106.7909,1,0.28513,0.27213,0.27863,0.27863,0.26881,0.31624,CLOSED,0.39475,0,34
106.9031,106.9031,1,0.39085,0.38268,0.38677,0.27863,0.26881,0.31624,CLOSED,0.507,0,34
106.9988,106.9988,1,0.40181,0.39557,0.39869,0.38677,0.26881,0.31624,OPENING,0.60271,0,34
107.0956,107.0956,1,0.39549,0.40932,0.40241,0.39869,0.26881,0.31624,OPEN,0.69947,1,35
107.1975,107.1975,1,0.30303,0.29426,0.29864,0.39869,0.26881,0.31624,OPEN,,0,35
107.3014,107.3014,1,0.19662,0.19367,0.19515,0.29864,0.26881,0.31624,OPEN,,0,35
107.4051,107.4051,1,0.22976,0.21238,0.22107,0.22107,0.26881,0.31624,CLOSING,,0,35
107.4948,107.4948,1,0.36162,0.33967,0.35064,0.22107,0.26881,0.31624,CLOSED,0.08966,0,35
107.5958,107.5958,1,0.39316,0.4032,0.39818,0.35064,0.26881,0.31624,OPENING,0.19074,0,35
107.7014,107.7014,1,0.23506,0.22463,0.22985,0.35064,0.26881,0.31624,OPEN,0.29634,1,36
107.8002,107.8002,1,0.26464,0.22893,0.24679,0.24679,0.26881,0.31624,CLOSING,,0,36
107.9009,107.9009,1,0.38572,0.35877,0.37225,0.24679,0.26881,0.31624,CLOSED,0.10076,0,36
107.9931,107.9931,1,0.21249,0.19627,0.20438,0.24679,0.26881,0.31624,CLOSED,0.19297,0,36
108.1083,108.1083,1,0.26419,0.24813,0.25616,0.25616,0.26881,0.31624,CLOSED,0.30812,0,36
108.1995,108.1995,1,0.3519,0.30957,0.33073,0.25616,0.26881,0.31624,CLOSED,0.39937,0,36
108.2966,108.2966,1,0.23506,0.2162,0.22563,0.25616,0.26881,0.31624,CLOSED,0.49645,0,36
108.399,108.399,1,0.33479,0.28049,0.30764,0.30764,0.26881,0.31624,CLOSED,0.5988,0,36
108.5014,108.5014,1,0.36445,0.32791,0.34618,0.30764,0.26881,0.31624,CLOSED,0.70123,0,36
108.5976,108.5976,1,0.24543,0.29085,0.26814,0.30764,0.26881,0.31624,CLOSED,0.79743,0,36
108.6983,108.6983,1,0.18311,0.21642,0.19976,0.26814,0.26881,0.31624,CLOSED,0.89818,0,36
108.8142,108.8142,1,0.35115,0.32364,0.33739,0.26814,0.26881,0.31624,CLOSED,1.01409,0,36
108.9063,108.9063,1,0.42228,0.39085,0.40657,0.33739,0.26881,0.31624,OPENING,1.10619,0,36
108.999,108.999,1,0.41753,0.41329,0.41541,0.40657,0.26881,0.31624,OPEN,1.19886,0,36
109.0925,109.0925,1,0.43606,0.41896,0.42751,0.41541,0.26881,0.31624,OPEN,,0,36
109.215,109.215,1,0.24091,0.2053,0.22311,0.41541,0.26881,0.31624,OPEN,,0,36
109.3043,109.3043,1,0.24642,0.21375,0.23009,0.23009,0.26881,0.31624,CLOSING,,0,36
109.3992,109.3992,1,0.21085,0.20796,0.20941,0.22311,0.26881,0.31624,CLOSED,0.09497,0,36
109.5029,109.5029,1,0.35911,0.35895,0.35903,0.23009,0.26881,0.31624,CLOSED,0.19864,0,36
109.6091,109.6091,1,0.3817,0.38693,0.38432,0.35903,0.26881,0.31624,OPENING,0.30486,0,36
109.7035,109.7035,1,0.38342,0.39306,0.38824,0.38432,0.26881,0.31624,OPEN,0.39927,1,37
109.7995,109.7995,1,0.41352,0.39872,0.40612,0.38824,0.26881,0.31624,OPEN,,0,37
109.9002,109.9002,1,0.41516,0.40687,0.41101,0.40612,0.26881,0.31624,OPEN,,0,37
109.9749,109.9749,1,0.41433,0.40798,0.41115,0.41101,0.26881,0.31624,OPEN,,0,37
110.1186,110.1186,1,0.40875,0.39201,0.40038,0.41101,0.26881,0.31624,OPEN,,0,37
110.2,110.2,1,0.15072,0.16706,0.15889,0.40038,0.26881,0.31624,OPEN,,0,37
110.296,110.296,1,0.16249,0.12905,0.14577,0.15889,0.26881,0.31624,CLOSING,,0,37
110.4137,110.4137,1,0.27288,0.23826,0.25557,0.15889,0.26881,0.31624,CLOSED,0.11778,0,37
110.5048,110.5048,1,0.33833,0.33809,0.33821,0.25557,0.26881,0.31624,CLOSED,0.20883,0,37
110.5995,110.5995,1,0.36457,0.3671,0.36584,0.33821,0.26881,0.31624,OPENING,0.30351,0,37
110.7016,110.7016,1,0.39258,0.38806,0.39032,0.36584,0.26881,0.31624,OPEN,0.40566,1,38
110.8084,110.8084,1,0.41907,0.41605,0.41756,0.39032,0.26881,0.31624,OPEN,,0,38
110.9074,110.9074,1,0.42684,0.41161,0.41923,0.41756,0.26881,0.31624,OPEN,,0,38
111.0038,111.0038,1,0.4271,0.41848,0.42279,0.41923,0.26881,0.31624,OPEN,,0,38
111.1115,111.1115,1,0.42154,0.41388,0.41771,0.41923,0.26881,0.31624,OPEN,,0,38
111.2173,111.2173,1,0.42207,0.41312,0.41759,0.41771,0.26881,0.31624,OPEN,,0,38
111.3015,111.3015,1,0.42338,0.41302,0.4182,0.41771,0.26881,0.31624,OPEN,,0,38
111.3989,111.3989,1,0.41914,0.41393,0.41654,0.41759,0.26881,0.31624,OPEN,,0,38
111.5162,111.5162,1,0.42571,0.41849,0.4221,0.4182,0.26881,0.31624,OPEN,,0,38
111.6064,111.6064,1,0.33142,0.31138,0.3214,0.41654,0.26881,0.31624,OPEN,,0,38
111.708,111.708,1,0.19641,0.21079,0.2036,0.3214,0.26881,0.31624,OPEN,,0,38
111.8062,111.8062,1,0.17025,0.16896,0.1696,0.2036,0.26881,0.31624,CLOSING,,0,38
111.9157,111.9157,1,0.26423,0.19318,0.22871,0.2036,0.26881,0.31624,CLOSED,0.10945,0,38
112.0097,112.0097,1,0.32536,0.30583,0.31559,0.22871,0.26881,0.31624,CLOSED,0.2035,0,38
112.1087,112.1087,1,0.37162,0.35233,0.36197,0.31559,0.26881,0.31624,CLOSED,0.30246,0,38
112.2002,112.2002,1,0.38095,0.37266,0.37681,0.36197,0.26881,0.31624,OPENING,0.39398,0,38
112.3198,112.3198,1,0.38237,0.36612,0.37425,0.37425,0.26881,0.31624,OPEN,0.51361,1,39
112.4059,112.4059,1,0.37812,0.37059,0.37435,0.37435,0.26881,0.31624,OPEN,,0,39
112.504,112.504,1,0.3861,0.37506,0.38058,0.37435,0.26881,0.31624,OPEN,,0,39
112.6055,112.6055,1,0.31766,0.25906,0.28836,0.37435,0.26881,0.31624,OPEN,,0,39
112.7092,112.7092,1,0.17047,0.17081,0.17064,0.28836,0.26881,0.31624,OPEN,,0,39
112.8096,112.8096,1,0.14763,0.15895,0.15329,0.17064,0.26881,0.31624,CLOSING,,0,39
112.9095,112.9095,1,0.17471,0.17546,0.17509,0.17064,0.26881,0.31624,CLOSED,0.09992,0,39
112.9994,112.9994,1,0.35876,0.33936,0.34906,0.17509,0.26881,0.31624,CLOSED,0.1898,0,39
113.0741,113.0741,1,0.38132,0.36034,0.37083,0.34906,0.26881,0.31624,OPENING,0.2646,0,39
113.1503,113.1503,1,0.38278,0.38353,0.38315,0.37083,0.26881,0.31624,OPEN,0.34073,1,40
113.3023,113.3023,1,0.41257,0.40743,0.41,0.38315,0.26881,0.31624,OPEN,,0,40
113.4222,113.4222,1,0.4009,0.39403,0.39747,0.39747,0.26881,0.31624,OPEN,,0,40
113.5111,113.5111,1,0.40074,0.39811,0.39943,0.39943,0.26881,0.31624,OPEN,,0,40
113.606,113.606,1,0.4099,0.39538,0.40264,0.39943,0.26881,0.31624,OPEN,,0,40
113.7079,113.7079,1,0.1893,0.19742,0.19336,0.39943,0.26881,0.31624,OPEN,,0,40
113.816,113.816,1,0.14863,0.16521,0.15692,0.19336,0.26881,0.31624,CLOSING,,0,40
113.9195,113.9195,1,0.1841,0.1607,0.1724,0.1724,0.26881,0.31624,CLOSED,0.10351,0,40
114.0094,114.0094,1,0.31812,0.29298,0.30555,0.1724,0.26881,0.31624,CLOSED,0.19345,0,40
114.1083,114.1083,1,0.35903,0.34059,0.34981,0.30555,0.26881,0.31624,CLOSED,0.29229,0,40
114.2163,114.2163,1,0.37031,0.36387,0.36709,0.34981,0.26881,0.31624,OPENING,0.40034,0,40
114.3116,114.3116,1,0.39033,0.37501,0.38267,0.36709,0.26881,0.31624,OPEN,0.4956,1,41
114.4109,114.4109,1,0.38225,0.38475,0.3835,0.38267,0.26881,0.31624,OPEN,,0,41
114.5052,114.5052,1,0.39182,0.3877,0.38976,0.3835,0.26881,0.31624,OPEN,,0,41
114.6209,114.6209,1,0.4009,0.39219,0.39654,0.38976,0.26881,0.31624,OPEN,,0,41
114.71,114.71,1,0.10542,0.14847,0.12695,0.38976,0.26881,0.31624,OPEN,,0,41
114.8076,114.8076,1,0.09034,0.10525,0.0978,,0.26881,0.31624,OPEN,,0,41
114.9076,114.9076,1,0.26015,0.24225,0.2512,0.2512,0.26881,0.31624,CLOSING,,0,41
115.0166,115.0166,1,0.37333,0.36889,0.37111,0.2512,0.26881,0.31624,CLOSED,0.10898,0,41
115.1116,115.1116,1,0.39384,0.3743,0.38407,0.37111,0.26881,0.31624,OPENING,0.20391,0,41
115.2125,115.2125,1,0.39472,0.38634,0.39053,0.38407,0.26881,0.31624,OPEN,0.30481,1,42
115.3035,115.3035,1,0.40554,0.38885,0.39719,0.39053,0.26881,0.31624,OPEN,,0,42
115.3809,115.3809,1,0.40759,0.38957,0.39858,0.39719,0.26881,0.31624,OPEN,,0,42
115.4498,115.4498,1,0.40427,0.39065,0.39746,0.39746,0.26881,0.31624,OPEN,,0,42
115.5265,115.5265,1,0.40999,0.39858,0.40428,0.39858,0.26881,0.31624,OPEN,,0,42
115.6096,115.6096,1,0.41104,0.3996,0.40532,0.40428,0.26881,0.31624,OPEN,,0,42
115.7241,115.7241,1,0.17121,0.19156,0.18138,0.40428,0.26881,0.31624,OPEN,,0,42
115.7927,115.7927,1,0.17688,0.20363,0.19025,0.19025,0.26881,0.31624,CLOSING,,0,42
115.9102,115.9102,1,0.18854,0.19927,0.19391,0.19025,0.26881,0.31624,CLOSED,0.11744,0,42
116.0082,116.0082,1,0.27683,0.26725,0.27204,0.19391,0.26881,0.31624,CLOSED,0.21549,0,42
116.1224,116.1224,1,0.36163,0.37903,0.37033,0.27204,0.26881,0.31624,CLOSED,0.3297,0,42
116.2206,116.2206,1,0.39379,0.41728,0.40554,0.37033,0.26881,0.31624,OPENING,0.42785,0,42
116.3124,116.3124,1,0.38749,0.4059,0.39669,0.39669,0.26881,0.31624,OPEN,0.51969,1,43
116.4106,116.4106,1,0.38521,0.39584,0.39052,0.39669,0.26881,0.31624,OPEN,,0,43
116.5188,116.5188,1,0.38423,0.39737,0.3908,0.3908,0.26881,0.31624,OPEN,,0,43
116.6167,116.6167,1,0.39077,0.38987,0.39032,0.39052,0.26881,0.31624,OPEN,,0,43
116.7163,116.7163,1,0.38753,0.38858,0.38805,0.39032,0.26881,0.31624,OPEN,,0,43
116.8074,116.8074,1,0.37646,0.38536,0.38091,0.38805,0.26881,0.31624,OPEN,,0,43
116.9189,116.9189,1,0.39967,0.39572,0.3977,0.38805,0.26881,0.31624,OPEN,,0,43
117.0189,117.0189,1,0.39602,0.3913,0.39366,0.39366,0.26881,0.31624,OPEN,,0,43
117.1114,117.1114,1,0.40367,0.39588,0.39977,0.3977,0.26881,0.31624,OPEN,,0,43
117.2124,117.2124,1,0.40568,0.39081,0.39825,0.39825,0.26881,0.31624,OPEN,,0,43
117.3188,117.3188,1,0.4045,0.3947,0.3996,0.3996,0.26881,0.31624,OPEN,,0,43
117.4173,117.4173,1,0.39841,0.37909,0.38875,0.39825,0.26881,0.31624,OPEN,,0,43
117.5153,117.5153,1,0.18803,0.20401,0.19602,0.38875,0.26881,0.31624,OPEN,,0,43
117.6054,117.6054,1,0.10933,0.14058,0.12495,0.19602,0.26881,0.31624,CLOSING,,0,43
117.745,117.745,1,0.25187,0.23833,0.2451,0.19602,0.26881,0.31624,CLOSED,0.13957,0,43
117.8187,117.8187,1,0.32244,0.31745,0.31995,0.2451,0.26881,0.31624,CLOSED,0.21321,0,43
117.9103,117.9103,1,0.35924,0.35063,0.35494,0.31995,0.26881,0.31624,OPENING,0.30485,0,43
118.0276,118.0276,1,0.34868,0.35387,0.35128,0.35128,0.26881,0.31624,OPEN,0.42212,1,44
118.1173,118.1173,1,0.36181,0.34998,0.35589,0.35494,0.26881,0.31624,OPEN,,0,44
118.2137,118.2137,1,0.37799,0.36236,0.37017,0.35589,0.26881,0.31624,OPEN,,0,44
118.3202,118.3202,1,0.37483,0.36175,0.36829,0.36829,0.26881,0.31624,OPEN,,0,44
118.422,118.422,1,0.37746,0.36107,0.36927,0.36927,0.26881,0.31624,OPEN,,0,44
118.5238,118.5238,1,0.3926,0.37115,0.38188,0.36927,0.26881,0.31624,OPEN,,0,44
118.6136,118.6136,1,0.35444,0.33662,0.34553,0.36927,0.26881,0.31624,OPEN,,0,44
118.7162,118.7162,1,0.16199,0.16687,0.16443,0.34553,0.26881,0.31624,OPEN,,0,44
118.8248,118.8248,1,0.21786,0.23272,0.22529,0.22529,0.26881,0.31624,CLOSING,,0,44
118.9211,118.9211,1,0.34549,0.3307,0.33809,0.22529,0.26881,0.31624,CLOSED,0.09628,0,44
119.013,119.013,1,0.38744,0.37278,0.38011,0.33809,0.26881,0.31624,OPENING,0.18822,0,44
119.1115,119.1115,1,0.39641,0.3954,0.39591,0.38011,0.26881,0.31624,OPEN,0.28669,1,45
119.2273,119.2273,1,0.41362,0.39733,0.40548,0.39591,0.26881,0.31624,OPEN,,0,45
119.3164,119.3164,1,0.40265,0.39741,0.40003,0.40003,0.26881,0.31624,OPEN,,0,45
119.4149,119.4149,1,0.40328,0.39532,0.3993,0.40003,0.26881,0.31624,OPEN,,0,45
119.5172,119.5172,1,0.40367,0.39809,0.40088,0.40003,0.26881,0.31624,OPEN,,0,45
119.6205,119.6205,1,0.40335,0.39414,0.39875,0.3993,0.26881,0.31624,OPEN,,0,45
119.7185,119.7185,1,0.40308,0.39424,0.39866,0.39875,0.26881,0.31624,OPEN,,0,45
119.8175,119.8175,1,0.40842,0.39921,0.40382,0.39875,0.26881,0.31624,OPEN,,0,45
119.9107,119.9107,1,0.41302,0.39717,0.4051,0.40382,0.26881,0.31624,OPEN,,0,45
120.0311,120.0311,1,0.19775,0.19528,0.19652,0.40382,0.26881,0.31624,OPEN,,0,45
120.1219,120.1219,1,0.2096,0.1706,0.1901,0.19652,0.26881,0.31624,CLOSING,,0,45
120.2177,120.2177,1,0.20992,0.16653,0.18822,0.1901,0.26881,0.31624,CLOSED,0.09585,0,45
120.3268,120.3268,1,0.33088,0.31327,0.32207,0.1901,0.26881,0.31624,CLOSED,0.20487,0,45
120.424,120.424,1,0.36841,0.35092,0.35967,0.32207,0.26881,0.31624,OPENING,0.30212,0,45
120.5202,120.5202,1,0.37641,0.36347,0.36994,0.35967,0.26881,0.31624,OPEN,0.39828,1,46
120.6203,120.6203,1,0.37756,0.35982,0.36869,0.36869,0.26881,0.31624,OPEN,,0,46
120.7297,120.7297,1,0.37798,0.36668,0.37233,0.36994,0.26881,0.31624,OPEN,,0,46
120.8295,120.8295,1,0.37552,0.36373,0.36962,0.36962,0.26881,0.31624,OPEN,,0,46
120.9209,120.9209,1,0.37754,0.3683,0.37292,0.37233,0.26881,0.31624,OPEN,,0,46
121.0215,121.0215,1,0.37318,0.36806,0.37062,0.37062,0.26881,0.31624,OPEN,,0,46
121.1271,121.1271,1,0.37135,0.36295,0.36715,0.37062,0.26881,0.31624,OPEN,,0,46
121.2231,121.2231,1,0.37843,0.36932,0.37388,0.37062,0.26881,0.31624,OPEN,,0,46
121.3263,121.3263,1,0.38188,0.37475,0.37832,0.37388,0.26881,0.31624,OPEN,,0,46
121.4158,121.4158,1,0.38319,0.37696,0.38008,0.37832,0.26881,0.31624,OPEN,,0,46
121.5322,121.5322,1,0.38618,0.37928,0.38273,0.38008,0.26881,0.31624,OPEN,,0,46
121.6236,121.6236,1,0.388,0.37995,0.38397,0.38273,0.26881,0.31624,OPEN,,0,46
121.7197,121.7197,1,0.38969,0.38067,0.38518,0.38397,0.26881,0.31624,OPEN,,0,46
121.8215,121.8215,1,0.38428,0.37644,0.38036,0.38397,0.26881,0.31624,OPEN,,0,46
121.9286,121.9286,1,0.3358,0.34358,0.33969,0.38036,0.26881,0.31624,OPEN,,0,46
122.0274,122.0274,1,0.31852,0.32068,0.3196,0.33969,0.26881,0.31624,OPEN,,0,46
122.1223,122.1223,1,0.32281,0.32515,0.32398,0.32398,0.26881,0.31624,OPEN,,0,46
122.2174,122.2174,1,0.3096,0.28766,0.29863,0.3196,0.26881,0.31624,OPEN,,0,46
122.3369,122.3369,1,0.31597,0.29703,0.3065,0.3065,0.26881,0.31624,OPEN,,0,46
122.4264,122.4264,1,0.31249,0.29967,0.30608,0.30608,0.26881,0.31624,OPEN,,0,46
122.5212,122.5212,1,0.32661,0.30122,0.31392,0.3065,0.26881,0.31624,OPEN,,0,46
122.6365,122.6365,1,0.3098,0.29731,0.30355,0.30608,0.26881,0.31624,OPEN,,0,46
122.7274,122.7274,1,0.31637,0.30019,0.30828,0.30828,0.26881,0.31624,OPEN,,0,46
122.8212,122.8212,1,0.33866,0.30586,0.32226,0.30828,0.26881,0.31624,OPEN,,0,46
122.9179,122.9179,1,0.34867,0.32893,0.3388,0.32226,0.26881,0.31624,OPEN,,0,46
123.0292,123.0292,1,0.36627,0.35136,0.35882,0.3388,0.26881,0.31624,OPEN,,0,46
123.1265,123.1265,1,0.36164,0.34726,0.35445,0.35445,0.26881,0.31624,OPEN,,0,46
123.2196,123.2196,1,0.36791,0.34433,0.35612,0.35612,0.26881,0.31624,OPEN,,0,46
123.3228,123.3228,1,0.37097,0.35792,0.36445,0.35612,0.26881,0.31624,OPEN,,0,46
123.4312,123.4312,1,0.36475,0.3565,0.36063,0.36063,0.26881,0.31624,OPEN,,0,46
123.5282,123.5282,1,0.36666,0.35527,0.36096,0.36096,0.26881,0.31624,OPEN,,0,46
123.6228,123.6228,1,0.35634,0.353,0.35467,0.36063,0.26881,0.31624,OPEN,,0,46
123.7202,123.7202,1,0.37452,0.38157,0.37804,0.36096,0.26881,0.31624,OPEN,,0,46
123.8311,123.8311,1,0.36337,0.36617,0.36477,0.36477,0.26881,0.31624,OPEN,,0,46
123.9274,123.9274,1,0.3529,0.36301,0.35795,0.36477,0.26881,0.31624,OPEN,,0,46
124.0247,124.0247,1,0.36266,0.36776,0.36521,0.36477,0.26881,0.31624,OPEN,,0,46
124.1208,124.1208,1,0.36951,0.37012,0.36982,0.36521,0.26881,0.31624,OPEN,,0,46
124.2291,124.2291,1,0.38337,0.39245,0.38791,0.36982,0.26881,0.31624,OPEN,,0,46
124.3254,124.3254,1,0.38679,0.38867,0.38773,0.38773,0.26881,0.31624,OPEN,,0,46
124.4219,124.4219,1,0.39407,0.3818,0.38794,0.38791,0.26881,0.31624,OPEN,,0,46
124.5176,124.5176,1,0.40112,0.38714,0.39413,0.38794,0.26881,0.31624,OPEN,,0,46
124.6415,124.6415,1,0.42814,0.40199,0.41506,0.39413,0.26881,0.31624,OPEN,,0,46
124.7276,124.7276,1,0.43606,0.40439,0.42023,0.41506,0.26881,0.31624,OPEN,,0,46
124.8212,124.8212,1,0.43349,0.4106,0.42204,0.42023,0.26881,0.31624,OPEN,,0,46
124.9339,124.9339,1,0.43418,0.40854,0.42136,0.42136,0.26881,0.31624,OPEN,,0,46
125.0292,125.0292,1,0.42236,0.39781,0.41008,0.42136,0.26881,0.31624,OPEN,,0,46
125.1263,125.1263,1,0.44978,0.41023,0.43,0.42136,0.26881,0.31624,OPEN,,0,46
125.2219,125.2219,1,0.44481,0.40758,0.4262,0.4262,0.26881,0.31624,OPEN,,0,46
125.3342,125.3342,1,0.44044,0.40898,0.42471,0.4262,0.26881,0.31624,OPEN,,0,46
125.4302,125.4302,1,0.44225,0.41601,0.42913,0.4262,0.26881,0.31624,OPEN,,0,46
125.5259,125.5259,1,0.43765,0.39662,0.41713,0.42471,0.26881,0.31624,OPEN,,0,46
125.624,125.624,1,0.43479,0.398,0.4164,0.41713,0.26881,0.31624,OPEN,,0,46
125.7333,125.7333,1,0.41373,0.38815,0.40094,0.4164,0.26881,0.31624,OPEN,,0,46
125.8302,125.8302,1,0.43171,0.39494,0.41333,0.41333,0.26881,0.31624,OPEN,,0,46
125.9267,125.9267,1,0.4322,0.39636,0.41428,0.41333,0.26881,0.31624,OPEN,,0,46
126.0224,126.0224,1,0.44709,0.40968,0.42839,0.41428,0.26881,0.31624,OPEN,,0,46
126.1434,126.1434,1,0.44202,0.41168,0.42685,0.42685,0.26881,0.31624,OPEN,,0,46
126.2308,126.2308,1,0.44052,0.40908,0.4248,0.42685,0.26881,0.31624,OPEN,,0,46
126.3278,126.3278,1,0.4222,0.40049,0.41134,0.4248,0.26881,0.31624,OPEN,,0,46
126.426,126.426,1,0.43253,0.411,0.42177,0.42177,0.26881,0.31624,OPEN,,0,46
126.5326,126.5326,1,0.46156,0.42327,0.44242,0.42177,0.26881,0.31624,OPEN,,0,46
126.6299,126.6299,1,0.46105,0.40959,0.43532,0.43532,0.26881,0.31624,OPEN,,0,46
126.7319,126.7319,1,0.45998,0.41721,0.43859,0.43859,0.26881,0.31624,OPEN,,0,46
126.8261,126.8261,1,0.45855,0.41515,0.43685,0.43685,0.26881,0.31624,OPEN,,0,46
126.9385,126.9385,1,0.45305,0.40257,0.42781,0.43685,0.26881,0.31624,OPEN,,0,46
127.0314,127.0314,1,0.44596,0.38972,0.41784,0.42781,0.26881,0.31624,OPEN,,0,46
127.1273,127.1273,1,0.44667,0.39337,0.42002,0.42002,0.26881,0.31624,OPEN,,0,46
127.2407,127.2407,1,0.43081,0.38275,0.40678,0.41784,0.26881,0.31624,OPEN,,0,46
127.3335,127.3335,1,0.44474,0.41408,0.42941,0.42002,0.26881,0.31624,OPEN,,0,46
127.43,127.43,1,0.45083,0.41803,0.43443,0.42941,0.26881,0.31624,OPEN,,0,46
127.5304,127.5304,1,0.45531,0.41682,0.43606,0.43443,0.26881,0.31624,OPEN,,0,46
127.6385,127.6385,1,0.45343,0.41764,0.43554,0.43554,0.26881,0.31624,OPEN,,0,46
127.7355,127.7355,1,0.45418,0.41666,0.43542,0.43554,0.26881,0.31624,OPEN,,0,46
127.8295,127.8295,1,0.4553,0.42063,0.43797,0.43554,0.26881,0.31624,OPEN,,0,46
127.9322,127.9322,1,0.45278,0.42679,0.43979,0.43797,0.26881,0.31624,OPEN,,0,46
128.0383,128.0383,1,0.45159,0.43187,0.44173,0.43979,0.26881,0.31624,OPEN,,0,46
128.1325,128.1325,1,0.45188,0.43838,0.44513,0.44173,0.26881,0.31624,OPEN,,0,46
128.235,128.235,1,0.4671,0.44348,0.45529,0.44513,0.26881,0.31624,OPEN,,0,46
128.3275,128.3275,1,0.47614,0.45168,0.46391,0.45529,0.26881,0.31624,OPEN,,0,46
128.4403,128.4403,1,0.47243,0.46128,0.46686,0.46391,0.26881,0.31624,OPEN,,0,46
128.5341,128.5341,1,0.45346,0.42739,0.44042,0.46391,0.26881,0.31624,OPEN,,0,46
128.6305,128.6305,1,0.35589,0.3375,0.34669,0.44042,0.26881,0.31624,OPEN,,0,46
128.7349,128.7349,1,0.35315,0.33305,0.3431,0.34669,0.26881,0.31624,OPEN,,0,46
128.8037,128.8037,1,0.37039,0.35472,0.36256,0.34669,0.26881,0.31624,OPEN,,0,46
128.9336,128.9336,1,0.38298,0.36742,0.3752,0.36256,0.26881,0.31624,OPEN,,0,46
129.0327,129.0327,1,0.33151,0.34023,0.33587,0.36256,0.26881,0.31624,OPEN,,0,46
129.1439,129.1439,1,0.3304,0.34367,0.33704,0.33704,0.26881,0.31624,OPEN,,0,46
129.2379,129.2379,1,0.35673,0.35081,0.35377,0.33704,0.26881,0.31624,OPEN,,0,46
129.333,129.333,1,0.36213,0.35949,0.36081,0.35377,0.26881,0.31624,OPEN,,0,46
129.4299,129.4299,1,0.35426,0.36549,0.35987,0.35987,0.26881,0.31624,OPEN,,0,46
129.5475,129.5475,1,0.35683,0.36279,0.35981,0.35987,0.26881,0.31624,OPEN,,0,46
129.6374,129.6374,1,0.35772,0.35544,0.35658,0.35981,0.26881,0.31624,OPEN,,0,46
129.7341,129.7341,1,0.34949,0.34689,0.34819,0.35658,0.26881,0.31624,OPEN,,0,46
129.8333,129.8333,1,0.35039,0.35037,0.35038,0.35038,0.26881,0.31624,OPEN,,0,46
129.9433,129.9433,1,0.33824,0.33833,0.33828,0.34819,0.26881,0.31624,OPEN,,0,46
130.0113,130.0113,1,0.34048,0.33684,0.33866,0.33866,0.26881,0.31624,OPEN,,0,46
130.1345,130.1345,1,0.26768,0.27298,0.27033,0.33828,0.26881,0.31624,OPEN,,0,46
130.2332,130.2332,1,0.26177,0.24939,0.25558,0.27033,0.26881,0.31624,OPEN,,0,46
130.3431,130.3431,1,0.36229,0.36309,0.36269,0.27033,0.26881,0.31624,OPEN,,0,46
130.4373,130.4373,1,0.36749,0.37651,0.372,0.36269,0.26881,0.31624,OPEN,,0,46
130.5352,130.5352,1,0.36961,0.37432,0.37196,0.37196,0.26881,0.31624,OPEN,,0,46
130.6285,130.6285,1,0.37778,0.3893,0.38354,0.372,0.26881,0.31624,OPEN,,0,46
130.7075,130.7075,1,0.38222,0.38987,0.38605,0.38354,0.26881,0.31624,OPEN,,0,46
130.8422,130.8422,1,0.38786,0.39339,0.39063,0.38605,0.26881,0.31624,OPEN,,0,46
130.9339,130.9339,1,0.37871,0.38284,0.38078,0.38605,0.26881,0.31624,OPEN,,0,46
131.0317,131.0317,1,0.38139,0.37574,0.37856,0.38078,0.26881,0.31624,OPEN,,0,46
131.1445,131.1445,1,0.36487,0.36558,0.36522,0.37856,0.26881,0.31624,OPEN,,0,46
131.2381,131.2381,1,0.3672,0.36699,0.3671,0.3671,0.26881,0.31624,OPEN,,0,46
131.337,131.337,1,0.36314,0.36566,0.3644,0.36522,0.26881,0.31624,OPEN,,0,46
131.4466,131.4466,1,0.36108,0.36196,0.36152,0.3644,0.26881,0.31624,OPEN,,0,46
131.5183,131.5183,1,0.35835,0.35926,0.3588,0.36152,0.26881,0.31624,OPEN,,0,46
131.5916,131.5916,1,0.34832,0.36073,0.35452,0.3588,0.26881,0.31624,OPEN,,0,46
131.7355,131.7355,1,0.33815,0.36455,0.35135,0.35452,0.26881,0.31624,OPEN,,0,46
131.8483,131.8483,1,0.33653,0.36088,0.34871,0.35135,0.26881,0.31624,OPEN,,0,46
131.9266,131.9266,1,0.3402,0.36601,0.3531,0.35135,0.26881,0.31624,OPEN,,0,46
132.0398,132.0398,1,0.35177,0.3617,0.35673,0.3531,0.26881,0.31624,OPEN,,0,46
132.1408,132.1408,1,0.36689,0.36887,0.36788,0.35673,0.26881,0.31624,OPEN,,0,46
132.2495,132.2495,1,0.37283,0.37545,0.37414,0.36788,0.26881,0.31624,OPEN,,0,46
132.3453,132.3453,1,0.37915,0.37214,0.37564,0.37414,0.26881,0.31624,OPEN,,0,46
132.4393,132.4393,1,0.37411,0.37209,0.3731,0.37414,0.26881,0.31624,OPEN,,0,46
132.5429,132.5429,1,0.36571,0.37221,0.36896,0.3731,0.26881,0.31624,OPEN,,0,46
132.6502,132.6502,1,0.3789,0.39434,0.38662,0.3731,0.26881,0.31624,OPEN,,0,46
132.7429,132.7429,1,0.36996,0.38859,0.37928,0.37928,0.26881,0.31624,OPEN,,0,46
132.8411,132.8411,1,0.35874,0.386,0.37237,0.37928,0.26881,0.31624,OPEN,,0,46
132.9337,132.9337,1,0.37005,0.40914,0.3896,0.37928,0.26881,0.31624,OPEN,,0,46
133.0045,133.0045,1,0.37422,0.41115,0.39269,0.3896,0.26881,0.31624,OPEN,,0,46
133.0724,133.0724,1,0.37249,0.41046,0.39147,0.39147,0.26881,0.31624,OPEN,,0,46
133.1442,133.1442,1,0.38008,0.40863,0.39436,0.39269,0.26881,0.31624,OPEN,,0,46
133.2404,133.2404,1,0.38884,0.40743,0.39813,0.39436,0.26881,0.31624,OPEN,,0,46
133.3417,133.3417,1,0.38225,0.39325,0.38775,0.39436,0.26881,0.31624,OPEN,,0,46
133.4506,133.4506,1,0.36133,0.36455,0.36294,0.38775,0.26881,0.31624,OPEN,,0,46
133.5421,133.5421,1,0.32112,0.33121,0.32616,0.36294,0.26881,0.31624,OPEN,,0,46
133.6409,133.6409,1,0.35012,0.33425,0.34219,0.34219,0.26881,0.31624,OPEN,,0,46
133.7527,133.7527,1,0.34419,0.32442,0.33431,0.33431,0.26881,0.31624,OPEN,,0,46
133.8471,133.8471,1,0.32348,0.33052,0.327,0.33431,0.26881,0.31624,OPEN,,0,46
133.944,133.944,1,0.33386,0.33316,0.33351,0.33351,0.26881,0.31624,OPEN,,0,46
134.0395,134.0395,1,0.36723,0.35722,0.36223,0.33351,0.26881,0.31624,OPEN,,0,46
134.1569,134.1569,1,0.39271,0.38798,0.39034,0.36223,0.26881,0.31624,OPEN,,0,46
134.2481,134.2481,1,0.37368,0.385,0.37934,0.37934,0.26881,0.31624,OPEN,,0,46
134.3453,134.3453,1,0.38481,0.4108,0.39781,0.39034,0.26881,0.31624,OPEN,,0,46
134.4411,134.4411,1,0.40108,0.4184,0.40974,0.39781,0.26881,0.31624,OPEN,,0,46
134.5513,134.5513,1,0.41323,0.41765,0.41544,0.40974,0.26881,0.31624,OPEN,,0,46
134.6202,134.6202,1,0.41418,0.42446,0.41932,0.41544,0.26881,0.31624,OPEN,,0,46
134.7453,134.7453,1,0.42425,0.41318,0.41871,0.41871,0.26881,0.31624,OPEN,,0,46
134.8448,134.8448,1,0.42877,0.42299,0.42588,0.41932,0.26881,0.31624,OPEN,,0,46
134.9534,134.9534,1,0.43136,0.42826,0.42981,0.42588,0.26881,0.31624,OPEN,,0,46
135.0482,135.0482,1,0.44408,0.43674,0.44041,0.42981,0.26881,0.31624,OPEN,,0,46
135.1527,135.1527,1,0.45581,0.4438,0.4498,0.44041,0.26881,0.31624,OPEN,,0,46
135.2401,135.2401,1,0.44094,0.43894,0.43994,0.44041,0.26881,0.31624,OPEN,,0,46
135.3565,135.3565,1,0.43386,0.42175,0.4278,0.43994,0.26881,0.31624,OPEN,,0,46
135.4505,135.4505,1,0.43639,0.42961,0.433,0.433,0.26881,0.31624,OPEN,,0,46
135.5451,135.5451,1,0.43468,0.42843,0.43156,0.43156,0.26881,0.31624,OPEN,,0,46
135.6435,135.6435,1,0.43548,0.42307,0.42927,0.43156,0.26881,0.31624,OPEN,,0,46
135.7486,135.7486,1,0.43685,0.42417,0.43051,0.43051,0.26881,0.31624,OPEN,,0,46
135.8445,135.8445,1,0.4311,0.42301,0.42706,0.42927,0.26881,0.31624,OPEN,,0,46
135.942,135.942,1,0.41288,0.40965,0.41127,0.42706,0.26881,0.31624,OPEN,,0,46
136.0564,136.0564,1,0.44699,0.43629,0.44164,0.42706,0.26881,0.31624,OPEN,,0,46
136.1579,136.1579,1,0.43853,0.43553,0.43703,0.43703,0.26881,0.31624,OPEN,,0,46
136.2443,136.2443,1,0.43674,0.42933,0.43303,0.43703,0.26881,0.31624,OPEN,,0,46
136.3465,136.3465,1,0.4309,0.42278,0.42684,0.43303,0.26881,0.31624,OPEN,,0,46
136.4626,136.4626,1,0.42013,0.42526,0.42269,0.42684,0.26881,0.31624,OPEN,,0,46
136.5522,136.5522,1,0.43043,0.44221,0.43632,0.42684,0.26881,0.31624,OPEN,,0,46
136.6495,136.6495,1,0.42831,0.42833,0.42832,0.42832,0.26881,0.31624,OPEN,,0,46
136.7429,136.7429,1,0.43059,0.42476,0.42767,0.42832,0.26881,0.31624,OPEN,,0,46
136.8542,136.8542,1,0.43155,0.43625,0.4339,0.42832,0.26881,0.31624,OPEN,,0,46
136.9527,136.9527,1,0.43865,0.43855,0.4386,0.4339,0.26881,0.31624,OPEN,,0,46
137.0462,137.0462,1,0.43615,0.43398,0.43506,0.43506,0.26881,0.31624,OPEN,,0,46
137.1483,137.1483,1,0.46494,0.43504,0.44999,0.4386,0.26881,0.31624,OPEN,,0,46
137.2546,137.2546,1,0.46935,0.43931,0.45433,0.44999,0.26881,0.31624,OPEN,,0,46
137.3498,137.3498,1,0.45957,0.43597,0.44777,0.44999,0.26881,0.31624,OPEN,,0,46
137.448,137.448,1,0.45344,0.4311,0.44227,0.44777,0.26881,0.31624,OPEN,,0,46
137.5465,137.5465,1,0.44962,0.43054,0.44008,0.44227,0.26881,0.31624,OPEN,,0,46
137.657,137.657,1,0.45333,0.42925,0.44129,0.44129,0.26881,0.31624,OPEN,,0,46
137.7525,137.7525,1,0.44276,0.42464,0.4337,0.44008,0.26881,0.31624,OPEN,,0,46
137.8493,137.8493,1,0.44753,0.43538,0.44146,0.44129,0.26881,0.31624,OPEN,,0,46
137.9459,137.9459,1,0.42982,0.42647,0.42815,0.4337,0.26881,0.31624,OPEN,,0,46
138.0569,138.0569,1,0.43435,0.42584,0.4301,0.4301,0.26881,0.31624,OPEN,,0,46
138.1523,138.1523,1,0.43515,0.41964,0.4274,0.42815,0.26881,0.31624,OPEN,,0,46
138.266,138.266,1,0.4344,0.41571,0.42505,0.4274,0.26881,0.31624,OPEN,,0,46
138.3594,138.3594,1,0.43322,0.42084,0.42703,0.42703,0.26881,0.31624,OPEN,,0,46
138.458,138.458,1,0.43436,0.41774,0.42605,0.42605,0.26881,0.31624,OPEN,,0,46
138.5572,138.5572,1,0.44169,0.41822,0.42995,0.42703,0.26881,0.31624,OPEN,,0,46
138.6624,138.6624,1,0.44354,0.418,0.43077,0.42995,0.26881,0.31624,OPEN,,0,46
138.7411,138.7411,1,0.44422,0.41836,0.43129,0.43077,0.26881,0.31624,OPEN,,0,46
138.8275,138.8275,1,0.44383,0.41978,0.43181,0.43129,0.26881,0.31624,OPEN,,0,46
138.9007,138.9007,1,0.44009,0.42529,0.43269,0.43181,0.26881,0.31624,OPEN,,0,46
138.9992,138.9992,1,0.42824,0.41504,0.42164,0.43181,0.26881,0.31624,OPEN,,0,46
139.0853,139.0853,1,0.42432,0.4109,0.41761,0.42164,0.26881,0.31624,OPEN,,0,46
139.1546,139.1546,1,0.42449,0.40857,0.41653,0.41761,0.26881,0.31624,OPEN,,0,46
139.2265,139.2265,1,0.41797,0.40397,0.41097,0.41653,0.26881,0.31624,OPEN,,0,46
139.2977,139.2977,1,0.42704,0.41119,0.41912,0.41653,0.26881,0.31624,OPEN,,0,46
139.3854,139.3854,1,0.42477,0.4089,0.41684,0.41684,0.26881,0.31624,OPEN,,0,46
139.4814,139.4814,1,0.42575,0.40861,0.41718,0.41718,0.26881,0.31624,OPEN,,0,46
139.5643,139.5643,1,0.43173,0.41469,0.42321,0.41718,0.26881,0.31624,OPEN,,0,46
139.6614,139.6614,1,0.43527,0.41646,0.42587,0.42321,0.26881,0.31624,OPEN,,0,46
139.7576,139.7576,1,0.4351,0.40847,0.42179,0.42321,0.26881,0.31624,OPEN,,0,46
139.8303,139.8303,1,0.43381,0.40292,0.41836,0.42179,0.26881,0.31624,OPEN,,0,46
139.9147,139.9147,1,0.45615,0.42066,0.4384,0.42179,0.26881,0.31624,OPEN,,0,46
139.9849,139.9849,1,0.44143,0.41402,0.42773,0.42773,0.26881,0.31624,OPEN,,0,46
140.0626,140.0626,1,0.44269,0.41117,0.42693,0.42773,0.26881,0.31624,OPEN,,0,46
140.1644,140.1644,1,0.45027,0.42122,0.43575,0.42773,0.26881,0.31624,OPEN,,0,46
140.2339,140.2339,1,0.45175,0.42488,0.43832,0.43575,0.26881,0.31624,OPEN,,0,46
140.3215,140.3215,1,0.46117,0.42678,0.44397,0.43832,0.26881,0.31624,OPEN,,0,46
140.4676,140.4676,1,0.46712,0.42619,0.44666,0.44397,0.26881,0.31624,OPEN,,0,46
140.5371,140.5371,1,0.46382,0.42532,0.44457,0.44457,0.26881,0.31624,OPEN,,0,46
140.6139,140.6139,1,0.46387,0.42293,0.4434,0.44457,0.26881,0.31624,OPEN,,0,46
140.6838,140.6838,1,0.46924,0.42447,0.44686,0.44457,0.26881,0.31624,OPEN,,0,46
140.7519,140.7519,1,0.46944,0.42471,0.44707,0.44686,0.26881,0.31624,OPEN,,0,46
140.8191,140.8191,1,0.45187,0.42343,0.43765,0.44686,0.26881,0.31624,OPEN,,0,46
140.9663,140.9663,1,0.46061,0.4203,0.44046,0.44046,0.26881,0.31624,OPEN,,0,46
141.0343,141.0343,1,0.47874,0.42879,0.45376,0.44046,0.26881,0.31624,OPEN,,0,46
141.1628,141.1628,1,0.47735,0.42824,0.45279,0.45279,0.26881,0.31624,OPEN,,0,46
141.2626,141.2626,1,0.45964,0.42562,0.44263,0.45279,0.26881,0.31624,OPEN,,0,46
141.3347,141.3347,1,0.4567,0.42499,0.44085,0.44263,0.26881,0.31624,OPEN,,0,46
141.4182,141.4182,1,0.45976,0.41909,0.43942,0.44085,0.26881,0.31624,OPEN,,0,46
141.5643,141.5643,1,0.44621,0.39554,0.42087,0.43942,0.26881,0.31624,OPEN,,0,46
141.6562,141.6562,1,0.45366,0.39581,0.42474,0.42474,0.26881,0.31624,OPEN,,0,46
141.7628,141.7628,1,0.45748,0.40378,0.43063,0.42474,0.26881,0.31624,OPEN,,0,46
141.866,141.866,1,0.479,0.42059,0.4498,0.43063,0.26881,0.31624,OPEN,,0,46
141.9652,141.9652,1,0.48207,0.4212,0.45164,0.4498,0.26881,0.31624,OPEN,,0,46
142.0584,142.0584,1,0.45594,0.4111,0.43352,0.4498,0.26881,0.31624,OPEN,,0,46
142.1521,142.1521,1,0.46469,0.41942,0.44205,0.44205,0.26881,0.31624,OPEN,,0,46
142.2663,142.2663,1,0.46319,0.41189,0.43754,0.43754,0.26881,0.31624,OPEN,,0,46
142.3643,142.3643,1,0.45916,0.41678,0.43797,0.43797,0.26881,0.31624,OPEN,,0,46
142.4621,142.4621,1,0.46372,0.41464,0.43918,0.43797,0.26881,0.31624,OPEN,,0,46
142.563,142.563,1,0.4695,0.42191,0.4457,0.43918,0.26881,0.31624,OPEN,,0,46
142.6631,142.6631,1,0.46785,0.41753,0.44269,0.44269,0.26881,0.31624,OPEN,,0,46
142.7455,142.7455,1,0.46746,0.41696,0.44221,0.44269,0.26881,0.31624,OPEN,,0,46
142.8299,142.8299,1,0.46969,0.41812,0.4439,0.44269,0.26881,0.31624,OPEN,,0,46
142.8977,142.8977,1,0.47497,0.42472,0.44985,0.4439,0.26881,0.31624,OPEN,,0,46
142.9827,142.9827,1,0.44809,0.41185,0.42997,0.4439,0.26881,0.31624,OPEN,,0,46
143.0679,143.0679,1,0.40592,0.34203,0.37397,0.42997,0.26881,0.31624,OPEN,,0,46
143.1463,143.1463,1,0.38703,0.29958,0.3433,0.37397,0.26881,0.31624,OPEN,,0,46
143.2282,143.2282,1,0.29202,0.28893,0.29047,0.3433,0.26881,0.31624,OPEN,,0,46
143.3664,143.3664,1,0.35174,0.31904,0.33539,0.33539,0.26881,0.31624,OPEN,,0,46
143.4424,143.4424,1,0.36656,0.34837,0.35746,0.33539,0.26881,0.31624,OPEN,,0,46
143.5131,143.5131,1,0.38174,0.36339,0.37257,0.35746,0.26881,0.31624,OPEN,,0,46
143.6702,143.6702,1,0.40255,0.36925,0.3859,0.37257,0.26881,0.31624,OPEN,,0,46
143.7454,143.7454,1,0.4085,0.3684,0.38845,0.3859,0.26881,0.31624,OPEN,,0,46
143.8163,143.8163,1,0.41536,0.3658,0.39058,0.38845,0.26881,0.31624,OPEN,,0,46
143.8965,143.8965,1,0.42089,0.36986,0.39537,0.39058,0.26881,0.31624,OPEN,,0,46
143.9786,143.9786,1,0.4226,0.37264,0.39762,0.39537,0.26881,0.31624,OPEN,,0,46
144.0702,144.0702,1,0.4104,0.35455,0.38248,0.39537,0.26881,0.31624,OPEN,,0,46
144.1542,144.1542,1,0.40012,0.35116,0.37564,0.38248,0.26881,0.31624,OPEN,,0,46
144.228,144.228,1,0.4028,0.34253,0.37266,0.37564,0.26881,0.31624,OPEN,,0,46
144.3697,144.3697,1,0.39643,0.35341,0.37492,0.37492,0.26881,0.31624,OPEN,,0,46
144.466,144.466,1,0.39642,0.36094,0.37868,0.37492,0.26881,0.31624,OPEN,,0,46
144.5777,144.5777,1,0.39962,0.36969,0.38466,0.37868,0.26881,0.31624,OPEN,,0,46
144.6492,144.6492,1,0.40174,0.37299,0.38737,0.38466,0.26881,0.31624,OPEN,,0,46
144.7271,144.7271,1,0.40931,0.37613,0.39272,0.38737,0.26881,0.31624,OPEN,,0,46
144.8644,144.8644,1,0.40257,0.36382,0.3832,0.38737,0.26881,0.31624,OPEN,,0,46
144.9776,144.9776,1,0.40479,0.3674,0.38609,0.38609,0.26881,0.31624,OPEN,,0,46
145.0477,145.0477,1,0.40547,0.37066,0.38806,0.38609,0.26881,0.31624,OPEN,,0,46
145.1293,145.1293,1,0.40698,0.37251,0.38974,0.38806,0.26881,0.31624,OPEN,,0,46
145.2027,145.2027,1,0.40037,0.36569,0.38303,0.38806,0.26881,0.31624,OPEN,,0,46
145.2781,145.2781,1,0.39695,0.3557,0.37632,0.38303,0.26881,0.31624,OPEN,,0,46
145.3697,145.3697,1,0.40229,0.35708,0.37968,0.37968,0.26881,0.31624,OPEN,,0,46
145.4421,145.4421,1,0.40081,0.35831,0.37956,0.37956,0.26881,0.31624,OPEN,,0,46
145.5239,145.5239,1,0.39903,0.35455,0.37679,0.37956,0.26881,0.31624,OPEN,,0,46
145.6046,145.6046,1,0.40711,0.37719,0.39215,0.37956,0.26881,0.31624,OPEN,,0,46
145.6865,145.6865,1,0.41546,0.38397,0.39972,0.39215,0.26881,0.31624,OPEN,,0,46
145.7624,145.7624,1,0.41892,0.38499,0.40196,0.39972,0.26881,0.31624,OPEN,,0,46
145.851,145.851,1,0.41319,0.38345,0.39832,0.39972,0.26881,0.31624,OPEN,,0,46
145.9266,145.9266,1,0.4248,0.39435,0.40957,0.40196,0.26881,0.31624,OPEN,,0,46
145.9946,145.9946,1,0.42456,0.3889,0.40673,0.40673,0.26881,0.31624,OPEN,,0,46
146.0779,146.0779,1,0.44478,0.40162,0.4232,0.40957,0.26881,0.31624,OPEN,,0,46
146.178,146.178,1,0.42478,0.37012,0.39745,0.40673,0.26881,0.31624,OPEN,,0,46
146.2769,146.2769,1,0.42865,0.36951,0.39908,0.39908,0.26881,0.31624,OPEN,,0,46
146.3501,146.3501,1,0.42995,0.36864,0.3993,0.39908,0.26881,0.31624,OPEN,,0,46
146.4263,146.4263,1,0.41792,0.38168,0.3998,0.3993,0.26881,0.31624,OPEN,,0,46
146.4987,146.4987,1,0.41568,0.37637,0.39603,0.3993,0.26881,0.31624,OPEN,,0,46
146.5713,146.5713,1,0.42076,0.38312,0.40194,0.3998,0.26881,0.31624,OPEN,,0,46
146.6468,146.6468,1,0.44118,0.40011,0.42065,0.40194,0.26881,0.31624,OPEN,,0,46
146.7313,146.7313,1,0.42865,0.38823,0.40844,0.40844,0.26881,0.31624,OPEN,,0,46
146.8741,146.8741,1,0.45974,0.41868,0.43921,0.42065,0.26881,0.31624,OPEN,,0,46
146.9705,146.9705,1,0.44638,0.41218,0.42928,0.42928,0.26881,0.31624,OPEN,,0,46
147.0685,147.0685,1,0.44373,0.41533,0.42953,0.42953,0.26881,0.31624,OPEN,,0,46
147.1363,147.1363,1,0.43992,0.41392,0.42692,0.42928,0.26881,0.31624,OPEN,,0,46
147.2168,147.2168,1,0.41483,0.40371,0.40927,0.42692,0.26881,0.31624,OPEN,,0,46
147.2845,147.2845,1,0.41573,0.39055,0.40314,0.40927,0.26881,0.31624,OPEN,,0,46
147.3753,147.3753,1,0.42687,0.39137,0.40912,0.40912,0.26881,0.31624,OPEN,,0,46
147.4435,147.4435,1,0.43046,0.39228,0.41137,0.40912,0.26881,0.31624,OPEN,,0,46
147.5897,147.5897,1,0.43177,0.39409,0.41293,0.41137,0.26881,0.31624,OPEN,,0,46
147.6847,147.6847,1,0.47368,0.42342,0.44855,0.41293,0.26881,0.31624,OPEN,,0,46
147.7642,147.7642,1,0.48249,0.42853,0.45551,0.44855,0.26881,0.31624,OPEN,,0,46
147.8389,147.8389,1,0.42154,0.39811,0.40983,0.44855,0.26881,0.31624,OPEN,,0,46
147.9806,147.9806,1,0.34894,0.31858,0.33376,0.40983,0.26881,0.31624,OPEN,,0,46
148.0574,148.0574,1,0.34725,0.31573,0.33149,0.33376,0.26881,0.31624,OPEN,,0,46
148.1429,148.1429,1,0.40455,0.36576,0.38516,0.33376,0.26881,0.31624,OPEN,,0,46
148.2228,148.2228,1,0.41767,0.38637,0.40202,0.38516,0.26881,0.31624,OPEN,,0,46
148.3919,148.3919,1,0.42476,0.39219,0.40847,0.40202,0.26881,0.31624,OPEN,,0,46
148.4766,148.4766,1,0.43261,0.41042,0.42152,0.40847,0.26881,0.31624,OPEN,,0,46
148.5745,148.5745,1,0.44174,0.41696,0.42935,0.42152,0.26881,0.31624,OPEN,,0,46
148.6431,148.6431,1,0.44618,0.41926,0.43272,0.42935,0.26881,0.31624,OPEN,,0,46
148.7105,148.7105,1,0.44002,0.41271,0.42637,0.42935,0.26881,0.31624,OPEN,,0,46
148.7831,148.7831,1,0.43327,0.40835,0.42081,0.42637,0.26881,0.31624,OPEN,,0,46
148.8762,148.8762,1,0.43839,0.41097,0.42468,0.42468,0.26881,0.31624,OPEN,,0,46
148.9469,148.9469,1,0.44014,0.41201,0.42607,0.42468,0.26881,0.31624,OPEN,,0,46
149.0158,149.0158,1,0.43484,0.40237,0.4186,0.42468,0.26881,0.31624,OPEN,,0,46
149.1765,149.1765,1,0.43493,0.40343,0.41918,0.41918,0.26881,0.31624,OPEN,,0,46
149.2827,149.2827,1,0.43826,0.4044,0.42133,0.41918,0.26881,0.31624,OPEN,,0,46
149.3783,149.3783,1,0.44135,0.40674,0.42404,0.42133,0.26881,0.31624,OPEN,,0,46
149.4485,149.4485,1,0.43934,0.40558,0.42246,0.42246,0.26881,0.31624,OPEN,,0,46
149.58,149.58,1,0.43979,0.39801,0.4189,0.42246,0.26881,0.31624,OPEN,,0,46
149.6834,149.6834,1,0.44287,0.40546,0.42416,0.42246,0.26881,0.31624,OPEN,,0,46
149.773,149.773,1,0.45614,0.42345,0.43979,0.42416,0.26881,0.31624,OPEN,,0,46
149.8433,149.8433,1,0.46363,0.4318,0.44772,0.43979,0.26881,0.31624,OPEN,,0,46
149.9831,149.9831,1,0.47726,0.43087,0.45407,0.44772,0.26881,0.31624,OPEN,,0,46
150.0798,150.0798,1,0.46843,0.4288,0.44862,0.44862,0.26881,0.31624,OPEN,,0,46
150.1503,150.1503,1,0.46712,0.42606,0.44659,0.44862,0.26881,0.31624,OPEN,,0,46
150.2185,150.2185,1,0.46958,0.42906,0.44932,0.44862,0.26881,0.31624,OPEN,,0,46
150.3015,150.3015,1,0.46064,0.42487,0.44276,0.44659,0.26881,0.31624,OPEN,,0,46
150.3964,150.3964,1,0.44519,0.4105,0.42785,0.44276,0.26881,0.31624,OPEN,,0,46
150.4818,150.4818,1,0.45914,0.41956,0.43935,0.43935,0.26881,0.31624,OPEN,,0,46
150.5546,150.5546,1,0.4612,0.42522,0.44321,0.43935,0.26881,0.31624,OPEN,,0,46
150.632,150.632,1,0.46017,0.42426,0.44221,0.44221,0.26881,0.31624,OPEN,,0,46
150.6997,150.6997,1,0.46094,0.41848,0.43971,0.44221,0.26881,0.31624,OPEN,,0,46
150.7876,150.7876,1,0.46458,0.42182,0.4432,0.44221,0.26881,0.31624,OPEN,,0,46
150.8804,150.8804,1,0.45451,0.42337,0.43894,0.43971,0.26881,0.31624,OPEN,,0,46
150.9506,150.9506,1,0.45353,0.42556,0.43954,0.43954,0.26881,0.31624,OPEN,,0,46
151.081,151.081,1,0.45351,0.42327,0.43839,0.43894,0.26881,0.31624,OPEN,,0,46
151.1762,151.1762,1,0.45461,0.41787,0.43624,0.43839,0.26881,0.31624,OPEN,,0,46
151.2823,151.2823,1,0.44753,0.41692,0.43222,0.43624,0.26881,0.31624,OPEN,,0,46
151.3573,151.3573,1,0.45058,0.41942,0.435,0.435,0.26881,0.31624,OPEN,,0,46
151.4942,151.4942,1,0.45264,0.43153,0.44208,0.435,0.26881,0.31624,OPEN,,0,46
151.585,151.585,1,0.44993,0.42153,0.43573,0.43573,0.26881,0.31624,OPEN,,0,46
151.6731,151.6731,1,0.44663,0.41527,0.43095,0.43573,0.26881,0.31624,OPEN,,0,46
151.7823,151.7823,1,0.43909,0.41141,0.42525,0.43095,0.26881,0.31624,OPEN,,0,46
151.8585,151.8585,1,0.4377,0.41025,0.42397,0.42525,0.26881,0.31624,OPEN,,0,46
151.9306,151.9306,1,0.43641,0.40656,0.42149,0.42397,0.26881,0.31624,OPEN,,0,46
152.0114,152.0114,1,0.44331,0.41182,0.42757,0.42397,0.26881,0.31624,OPEN,,0,46
152.0806,152.0806,1,0.44177,0.41259,0.42718,0.42718,0.26881,0.31624,OPEN,,0,46
152.1972,152.1972,1,0.44135,0.4158,0.42857,0.42757,0.26881,0.31624,OPEN,,0,46
152.2675,152.2675,1,0.44131,0.41427,0.42779,0.42779,0.26881,0.31624,OPEN,,0,46
152.3814,152.3814,1,0.43662,0.40357,0.42009,0.42779,0.26881,0.31624,OPEN,,0,46
152.4808,152.4808,1,0.4484,0.41099,0.4297,0.42779,0.26881,0.31624,OPEN,,0,46
152.5487,152.5487,1,0.45566,0.41171,0.43369,0.4297,0.26881,0.31624,OPEN,,0,46
152.6851,152.6851,1,0.45697,0.40998,0.43347,0.43347,0.26881,0.31624,OPEN,,0,46
152.7748,152.7748,1,0.45205,0.39946,0.42575,0.43347,0.26881,0.31624,OPEN,,0,46
152.8775,152.8775,1,0.45399,0.40708,0.43053,0.43053,0.26881,0.31624,OPEN,,0,46
152.9869,152.9869,1,0.45846,0.41274,0.4356,0.43053,0.26881,0.31624,OPEN,,0,46
153.0568,153.0568,1,0.45546,0.41575,0.43561,0.4356,0.26881,0.31624,OPEN,,0,46
153.1335,153.1335,1,0.45109,0.41326,0.43218,0.4356,0.26881,0.31624,OPEN,,0,46
153.2816,153.2816,1,0.44785,0.41081,0.42933,0.43218,0.26881,0.31624,OPEN,,0,46
153.3518,153.3518,1,0.44575,0.40792,0.42684,0.42933,0.26881,0.31624,OPEN,,0,46
153.4859,153.4859,1,0.44678,0.40971,0.42825,0.42825,0.26881,0.31624,OPEN,,0,46
153.5805,153.5805,1,0.44667,0.41312,0.4299,0.42825,0.26881,0.31624,OPEN,,0,46
153.6812,153.6812,1,0.44785,0.41268,0.43026,0.4299,0.26881,0.31624,OPEN,,0,46
153.7512,153.7512,1,0.44847,0.41196,0.43021,0.43021,0.26881,0.31624,OPEN,,0,46
153.8779,153.8779,1,0.45813,0.41152,0.43482,0.43026,0.26881,0.31624,OPEN,,0,46
153.955,153.955,1,0.45883,0.4104,0.43461,0.43461,0.26881,0.31624,OPEN,,0,46
154.0773,154.0773,1,0.45966,0.40438,0.43202,0.43461,0.26881,0.31624,OPEN,,0,46
154.1464,154.1464,1,0.46123,0.40569,0.43346,0.43346,0.26881,0.31624,OPEN,,0,46
154.2824,154.2824,1,0.4506,0.40768,0.42914,0.43202,0.26881,0.31624,OPEN,,0,46
154.3504,154.3504,1,0.44969,0.41106,0.43038,0.43038,0.26881,0.31624,OPEN,,0,46
154.4284,154.4284,1,0.45237,0.40919,0.43078,0.43038,0.26881,0.31624,OPEN,,0,46
154.5064,154.5064,1,0.45146,0.40911,0.43028,0.43038,0.26881,0.31624,OPEN,,0,46
154.5811,154.5811,1,0.45139,0.40935,0.43037,0.43037,0.26881,0.31624,OPEN,,0,46
154.6486,154.6486,1,0.45227,0.412,0.43214,0.43037,0.26881,0.31624,OPEN,,0,46
154.775,154.775,1,0.45136,0.41882,0.43509,0.43214,0.26881,0.31624,OPEN,,0,46
154.8945,154.8945,1,0.44504,0.41268,0.42886,0.43214,0.26881,0.31624,OPEN,,0,46
154.9925,154.9925,1,0.43832,0.40942,0.42387,0.42886,0.26881,0.31624,OPEN,,0,46
155.0911,155.0911,1,0.43602,0.41055,0.42329,0.42387,0.26881,0.31624,OPEN,,0,46
155.1805,155.1805,1,0.43667,0.41199,0.42433,0.42387,0.26881,0.31624,OPEN,,0,46
155.292,155.292,1,0.43859,0.41299,0.42579,0.42433,0.26881,0.31624,OPEN,,0,46
155.3738,155.3738,1,0.43952,0.41157,0.42554,0.42554,0.26881,0.31624,OPEN,,0,46
155.454,155.454,1,0.44056,0.41051,0.42553,0.42554,0.26881,0.31624,OPEN,,0,46
155.58,155.58,1,0.45018,0.41311,0.43165,0.42554,0.26881,0.31624,OPEN,,0,46
155.6897,155.6897,1,0.45922,0.42801,0.44362,0.43165,0.26881,0.31624,OPEN,,0,46
155.7582,155.7582,1,0.45876,0.42588,0.44232,0.44232,0.26881,0.31624,OPEN,,0,46
155.8382,155.8382,1,0.45326,0.41699,0.43513,0.44232,0.26881,0.31624,OPEN,,0,46
155.9057,155.9057,1,0.45042,0.41015,0.43028,0.43513,0.26881,0.31624,OPEN,,0,46
155.9777,155.9777,1,0.44741,0.40651,0.42696,0.43028,0.26881,0.31624,OPEN,,0,46
156.0651,156.0651,1,0.44143,0.40787,0.42465,0.42696,0.26881,0.31624,OPEN,,0,46
156.1373,156.1373,1,0.4398,0.40854,0.42417,0.42465,0.26881,0.31624,OPEN,,0,46
156.2827,156.2827,1,0.43123,0.40372,0.41748,0.42417,0.26881,0.31624,OPEN,,0,46
156.3889,156.3889,1,0.40636,0.37586,0.39111,0.41748,0.26881,0.31624,OPEN,,0,46
156.4557,156.4557,1,0.40305,0.37474,0.3889,0.39111,0.26881,0.31624,OPEN,,0,46
156.5276,156.5276,1,0.40436,0.37718,0.39077,0.39077,0.26881,0.31624,OPEN,,0,46
156.5981,156.5981,1,0.42155,0.39388,0.40771,0.39077,0.26881,0.31624,OPEN,,0,46
156.688,156.688,1,0.41522,0.38905,0.40214,0.40214,0.26881,0.31624,OPEN,,0,46
156.7953,156.7953,1,0.41685,0.38687,0.40186,0.40214,0.26881,0.31624,OPEN,,0,46
156.873,156.873,1,0.41774,0.38731,0.40252,0.40214,0.26881,0.31624,OPEN,,0,46
156.9425,156.9425,1,0.41954,0.38744,0.40349,0.40252,0.26881,0.31624,OPEN,,0,46
157.0155,157.0155,1,0.41322,0.38872,0.40097,0.40252,0.26881,0.31624,OPEN,,0,46
157.0887,157.0887,1,0.42777,0.39079,0.40928,0.40349,0.26881,0.31624,OPEN,,0,46
157.206,157.206,1,0.42828,0.39185,0.41007,0.40928,0.26881,0.31624,OPEN,,0,46
157.2877,157.2877,1,0.42658,0.3929,0.40974,0.40974,0.26881,0.31624,OPEN,,0,46
157.3565,157.3565,1,0.42593,0.39917,0.41255,0.41007,0.26881,0.31624,OPEN,,0,46
157.434,157.434,1,0.42721,0.39387,0.41054,0.41054,0.26881,0.31624,OPEN,,0,46
157.5222,157.5222,1,0.4044,0.38925,0.39682,0.41054,0.26881,0.31624,OPEN,,0,46
157.6026,157.6026,1,0.4017,0.38955,0.39563,0.39682,0.26881,0.31624,OPEN,,0,46
157.6875,157.6875,1,0.40455,0.40666,0.40561,0.39682,0.26881,0.31624,OPEN,,0,46
157.7897,157.7897,1,0.40475,0.41147,0.40811,0.40561,0.26881,0.31624,OPEN,,0,46
157.8718,157.8718,1,0.40122,0.41042,0.40582,0.40582,0.26881,0.31624,OPEN,,0,46
157.955,157.955,1,0.40216,0.41397,0.40806,0.40806,0.26881,0.31624,OPEN,,0,46
158.0225,158.0225,1,0.39835,0.41138,0.40486,0.40582,0.26881,0.31624,OPEN,,0,46
158.0917,158.0917,1,0.40021,0.41248,0.40635,0.40635,0.26881,0.31624,OPEN,,0,46
158.1908,158.1908,1,0.39402,0.38887,0.39144,0.40486,0.26881,0.31624,OPEN,,0,46
158.2712,158.2712,1,0.39121,0.38017,0.38569,0.39144,0.26881,0.31624,OPEN,,0,46
158.355,158.355,1,0.39584,0.39073,0.39329,0.39144,0.26881,0.31624,OPEN,,0,46
158.4257,158.4257,1,0.39856,0.40578,0.40217,0.39329,0.26881,0.31624,OPEN,,0,46
158.5027,158.5027,1,0.39795,0.4021,0.40002,0.40002,0.26881,0.31624,OPEN,,0,46
158.585,158.585,1,0.3994,0.40333,0.40136,0.40136,0.26881,0.31624,OPEN,,0,46
158.6919,158.6919,1,0.3986,0.40368,0.40114,0.40114,0.26881,0.31624,OPEN,,0,46
158.8021,158.8021,1,0.40593,0.40992,0.40793,0.40136,0.26881,0.31624,OPEN,,0,46
158.8701,158.8701,1,0.40542,0.41082,0.40812,0.40793,0.26881,0.31624,OPEN,,0,46
158.9379,158.9379,1,0.3973,0.40371,0.4005,0.40793,0.26881,0.31624,OPEN,,0,46
159.0213,159.0213,1,0.40639,0.41504,0.41072,0.40812,0.26881,0.31624,OPEN,,0,46
159.1036,159.1036,1,0.40265,0.41424,0.40844,0.40844,0.26881,0.31624,OPEN,,0,46
159.1738,159.1738,1,0.3972,0.40952,0.40336,0.40844,0.26881,0.31624,OPEN,,0,46
159.2539,159.2539,1,0.40146,0.40987,0.40567,0.40567,0.26881,0.31624,OPEN,,0,46
159.3873,159.3873,1,0.39757,0.41008,0.40383,0.40383,0.26881,0.31624,OPEN,,0,46
159.4568,159.4568,1,0.39964,0.40934,0.40449,0.40449,0.26881,0.31624,OPEN,,0,46
159.5455,159.5455,1,0.4013,0.40873,0.40502,0.40449,0.26881,0.31624,OPEN,,0,46
159.6363,159.6363,1,0.3913,0.39504,0.39317,0.40449,0.26881,0.31624,OPEN,,0,46
159.7278,159.7278,1,0.40787,0.40138,0.40463,0.40463,0.26881,0.31624,OPEN,,0,46
159.8189,159.8189,1,0.40254,0.40134,0.40194,0.40194,0.26881,0.31624,OPEN,,0,46
159.8976,159.8976,1,0.40467,0.40386,0.40427,0.40427,0.26881,0.31624,OPEN,,0,46
159.9716,159.9716,1,0.40503,0.40621,0.40562,0.40427,0.26881,0.31624,OPEN,,0,46
160.0416,160.0416,1,0.40881,0.4066,0.40771,0.40562,0.26881,0.31624,OPEN,,0,46
160.1966,160.1966,1,0.40734,0.39889,0.40312,0.40562,0.26881,0.31624,OPEN,,0,46
160.2636,160.2636,1,0.40561,0.39946,0.40253,0.40312,0.26881,0.31624,OPEN,,0,46
160.4069,160.4069,1,0.39418,0.39552,0.39485,0.40253,0.26881,0.31624,OPEN,,0,46
160.4992,160.4992,1,0.3985,0.39762,0.39806,0.39806,0.26881,0.31624,OPEN,,0,46
160.5863,160.5863,1,0.40845,0.40069,0.40457,0.39806,0.26881,0.31624,OPEN,,0,46
160.7022,160.7022,1,0.42028,0.41924,0.41976,0.40457,0.26881,0.31624,OPEN,,0,46
160.8032,160.8032,1,0.42232,0.41666,0.41949,0.41949,0.26881,0.31624,OPEN,,0,46
160.8701,160.8701,1,0.42184,0.41522,0.41853,0.41949,0.26881,0.31624,OPEN,,0,46
160.9892,160.9892,1,0.39846,0.40172,0.40009,0.41853,0.26881,0.31624,OPEN,,0,46
161.0667,161.0667,1,0.39132,0.39747,0.3944,0.40009,0.26881,0.31624,OPEN,,0,46
161.1523,161.1523,1,0.41199,0.40615,0.40907,0.40009,0.26881,0.31624,OPEN,,0,46
161.2432,161.2432,1,0.42239,0.40364,0.41301,0.40907,0.26881,0.31624,OPEN,,0,46
161.33,161.33,1,0.42541,0.40787,0.41664,0.41301,0.26881,0.31624,OPEN,,0,46
161.4077,161.4077,1,0.42376,0.4096,0.41668,0.41664,0.26881,0.31624,OPEN,,0,46
161.5025,161.5025,1,0.42451,0.41733,0.42092,0.41668,0.26881,0.31624,OPEN,,0,46
161.5706,161.5706,1,0.42249,0.41916,0.42082,0.42082,0.26881,0.31624,OPEN,,0,46
161.7007,161.7007,1,0.41743,0.41382,0.41562,0.42082,0.26881,0.31624,OPEN,,0,46
161.774,161.774,1,0.41562,0.41199,0.4138,0.41562,0.26881,0.31624,OPEN,,0,46
161.847,161.847,1,0.42957,0.42096,0.42527,0.41562,0.26881,0.31624,OPEN,,0,46
161.9364,161.9364,1,0.43654,0.42383,0.43019,0.42527,0.26881,0.31624,OPEN,,0,46
162.0225,162.0225,1,0.41782,0.41359,0.41571,0.42527,0.26881,0.31624,OPEN,,0,46
162.0932,162.0932,1,0.41489,0.40723,0.41106,0.41571,0.26881,0.31624,OPEN,,0,46
162.1713,162.1713,1,0.415,0.40273,0.40887,0.41106,0.26881,0.31624,OPEN,,0,46
162.2401,162.2401,1,0.35723,0.36924,0.36324,0.40887,0.26881,0.31624,OPEN,,0,46
162.3068,162.3068,1,0.35095,0.37468,0.36282,0.36324,0.26881,0.31624,OPEN,,0,46
162.387,162.387,1,0.32915,0.3331,0.33113,0.36282,0.26881,0.31624,OPEN,,0,46
162.5021,162.5021,1,0.36147,0.35189,0.35668,0.35668,0.26881,0.31624,OPEN,,0,46
162.6033,162.6033,1,0.36166,0.36302,0.36234,0.35668,0.26881,0.31624,OPEN,,0,46
162.6703,162.6703,1,0.36509,0.36566,0.36537,0.36234,0.26881,0.31624,OPEN,,0,46
162.8,162.8,1,0.34537,0.33691,0.34114,0.36234,0.26881,0.31624,OPEN,,0,46
162.9023,162.9023,1,0.3438,0.33448,0.33914,0.34114,0.26881,0.31624,OPEN,,0,46
162.9749,162.9749,1,0.33076,0.33674,0.33375,0.33914,0.26881,0.31624,OPEN,,0,46
163.0597,163.0597,1,0.34572,0.36282,0.35427,0.33914,0.26881,0.31624,OPEN,,0,46
163.1549,163.1549,1,0.38925,0.38597,0.38761,0.35427,0.26881,0.31624,OPEN,,0,46
163.2843,163.2843,1,0.39736,0.38822,0.39279,0.38761,0.26881,0.31624,OPEN,,0,46
163.412,163.412,1,0.42591,0.40858,0.41725,0.39279,0.26881,0.31624,OPEN,,0,46
163.4949,163.4949,1,0.41915,0.39964,0.40939,0.40939,0.26881,0.31624,OPEN,,0,46
163.5754,163.5754,1,0.43574,0.40145,0.4186,0.41725,0.26881,0.31624,OPEN,,0,46
163.7121,163.7121,1,0.42981,0.39602,0.41292,0.41292,0.26881,0.31624,OPEN,,0,46
163.8053,163.8053,1,0.4332,0.40043,0.41682,0.41682,0.26881,0.31624,OPEN,,0,46
163.8746,163.8746,1,0.435,0.39972,0.41736,0.41682,0.26881,0.31624,OPEN,,0,46
163.9535,163.9535,1,0.42779,0.37341,0.4006,0.41682,0.26881,0.31624,OPEN,,0,46
164.0419,164.0419,1,0.44438,0.39763,0.42101,0.41736,0.26881,0.31624,OPEN,,0,46
164.1424,164.1424,1,0.44382,0.38622,0.41502,0.41502,0.26881,0.31624,OPEN,,0,46
164.2123,164.2123,1,0.44956,0.39301,0.42128,0.42101,0.26881,0.31624,OPEN,,0,46
164.2927,164.2927,1,0.45613,0.39753,0.42683,0.42128,0.26881,0.31624,OPEN,,0,46
164.4027,164.4027,1,0.42632,0.35131,0.38881,0.42128,0.26881,0.31624,OPEN,,0,46
164.5127,164.5127,1,0.43723,0.37999,0.40861,0.40861,0.26881,0.31624,OPEN,,0,46
164.6018,164.6018,1,0.43632,0.37841,0.40737,0.40737,0.26881,0.31624,OPEN,,0,46
164.6694,164.6694,1,0.43665,0.38047,0.40856,0.40856,0.26881,0.31624,OPEN,,0,46
164.7951,164.7951,1,0.45451,0.38658,0.42054,0.40856,0.26881,0.31624,OPEN,,0,46
164.9146,164.9146,1,0.46764,0.40533,0.43648,0.42054,0.26881,0.31624,OPEN,,0,46
165.0108,165.0108,1,0.44979,0.38568,0.41773,0.42054,0.26881,0.31624,OPEN,,0,46
165.085,165.085,1,0.44562,0.37892,0.41227,0.41773,0.26881,0.31624,OPEN,,0,46
165.1519,165.1519,1,0.43596,0.36168,0.39882,0.41227,0.26881,0.31624,OPEN,,0,46
165.237,165.237,1,0.44557,0.37799,0.41178,0.41178,0.26881,0.31624,OPEN,,0,46
165.3099,165.3099,1,0.45,0.38732,0.41866,0.41178,0.26881,0.31624,OPEN,,0,46
165.4071,165.4071,1,0.44931,0.38393,0.41662,0.41662,0.26881,0.31624,OPEN,,0,46
165.4798,165.4798,1,0.45385,0.39578,0.42481,0.41866,0.26881,0.31624,OPEN,,0,46
165.6045,165.6045,1,0.44196,0.3863,0.41413,0.41662,0.26881,0.31624,OPEN,,0,46
165.6714,165.6714,1,0.44142,0.38651,0.41396,0.41413,0.26881,0.31624,OPEN,,0,46
165.7499,165.7499,1,0.44483,0.38819,0.41651,0.41413,0.26881,0.31624,OPEN,,0,46
165.8455,165.8455,1,0.44501,0.3922,0.4186,0.41651,0.26881,0.31624,OPEN,,0,46
165.9434,165.9434,1,0.45498,0.39347,0.42423,0.4186,0.26881,0.31624,OPEN,,0,46
166.0244,166.0244,1,0.4507,0.38481,0.41776,0.4186,0.26881,0.31624,OPEN,,0,46
166.1167,166.1167,1,0.45168,0.39394,0.42281,0.42281,0.26881,0.31624,OPEN,,0,46
166.2192,166.2192,1,0.44086,0.3938,0.41733,0.41776,0.26881,0.31624,OPEN,,0,46
166.3078,166.3078,1,0.41311,0.3533,0.3832,0.41733,0.26881,0.31624,OPEN,,0,46
166.4538,166.4538,1,0.38498,0.34938,0.36718,0.3832,0.26881,0.31624,OPEN,,0,46
166.5432,166.5432,1,0.39488,0.3587,0.37679,0.37679,0.26881,0.31624,OPEN,,0,46
166.6114,166.6114,1,0.40178,0.35522,0.3785,0.37679,0.26881,0.31624,OPEN,,0,46
166.7052,166.7052,1,0.40533,0.34901,0.37717,0.37717,0.26881,0.31624,OPEN,,0,46
166.799,166.799,1,0.40655,0.34626,0.37641,0.37717,0.26881,0.31624,OPEN,,0,46
166.867,166.867,1,0.4156,0.35409,0.38484,0.37717,0.26881,0.31624,OPEN,,0,46
167.0123,167.0123,1,0.43213,0.36535,0.39874,0.38484,0.26881,0.31624,OPEN,,0,46
167.0845,167.0845,1,0.4355,0.37676,0.40613,0.39874,0.26881,0.31624,OPEN,,0,46
167.212,167.212,1,0.45302,0.37998,0.4165,0.40613,0.26881,0.31624,OPEN,,0,46
167.3151,167.3151,1,0.44389,0.37304,0.40846,0.40846,0.26881,0.31624,OPEN,,0,46
167.4125,167.4125,1,0.44902,0.40023,0.42462,0.4165,0.26881,0.31624,OPEN,,0,46
167.5081,167.5081,1,0.44697,0.40128,0.42413,0.42413,0.26881,0.31624,OPEN,,0,46
167.6052,167.6052,1,0.45264,0.39973,0.42618,0.42462,0.26881,0.31624,OPEN,,0,46
167.6822,167.6822,1,0.44562,0.39864,0.42213,0.42413,0.26881,0.31624,OPEN,,0,46
167.7495,167.7495,1,0.45195,0.40895,0.43045,0.42618,0.26881,0.31624,OPEN,,0,46
167.8307,167.8307,1,0.44745,0.39886,0.42315,0.42315,0.26881,0.31624,OPEN,,0,46
167.9094,167.9094,1,0.44446,0.39937,0.42191,0.42315,0.26881,0.31624,OPEN,,0,46
168.0222,168.0222,1,0.42221,0.38699,0.4046,0.42191,0.26881,0.31624,OPEN,,0,46
168.1064,168.1064,1,0.43113,0.39359,0.41236,0.41236,0.26881,0.31624,OPEN,,0,46
168.1747,168.1747,1,0.4281,0.39175,0.40993,0.40993,0.26881,0.31624,OPEN,,0,46
168.2543,168.2543,1,0.44681,0.40831,0.42756,0.41236,0.26881,0.31624,OPEN,,0,46
168.3255,168.3255,1,0.43707,0.40284,0.41996,0.41996,0.26881,0.31624,OPEN,,0,46
168.42,168.42,1,0.43776,0.40473,0.42124,0.42124,0.26881,0.31624,OPEN,,0,46
168.5034,168.5034,1,0.43539,0.39965,0.41752,0.41996,0.26881,0.31624,OPEN,,0,46
168.6014,168.6014,1,0.4333,0.39362,0.41346,0.41752,0.26881,0.31624,OPEN,,0,46
168.6944,168.6944,1,0.42976,0.39471,0.41223,0.41346,0.26881,0.31624,OPEN,,0,46
168.7732,168.7732,1,0.42695,0.402,0.41448,0.41346,0.26881,0.31624,OPEN,,0,46
168.8423,168.8423,1,0.42566,0.40765,0.41665,0.41448,0.26881,0.31624,OPEN,,0,46
168.9105,168.9105,1,0.39059,0.36948,0.38003,0.41448,0.26881,0.31624,OPEN,,0,46
168.9893,168.9893,1,0.37253,0.3585,0.36552,0.38003,0.26881,0.31624,OPEN,,0,46
169.1168,169.1168,1,0.37307,0.36368,0.36837,0.36837,0.26881,0.31624,OPEN,,0,46
169.212,169.212,1,0.37265,0.36214,0.36739,0.36739,0.26881,0.31624,OPEN,,0,46
169.2797,169.2797,1,0.37641,0.36604,0.37123,0.36837,0.26881,0.31624,OPEN,,0,46
169.4123,169.4123,1,0.36745,0.36446,0.36595,0.36739,0.26881,0.31624,OPEN,,0,46
169.4906,169.4906,1,0.36186,0.36167,0.36176,0.36595,0.26881,0.31624,OPEN,,0,46
169.6109,169.6109,1,0.40044,0.3684,0.38442,0.36595,0.26881,0.31624,OPEN,,0,46
169.7094,169.7094,1,0.41893,0.36835,0.39364,0.38442,0.26881,0.31624,OPEN,,0,46
169.7769,169.7769,1,0.40922,0.36052,0.38487,0.38487,0.26881,0.31624,OPEN,,0,46
169.921,169.921,1,0.42115,0.38093,0.40104,0.39364,0.26881,0.31624,OPEN,,0,46
169.9898,169.9898,1,0.41345,0.37372,0.39358,0.39358,0.26881,0.31624,OPEN,,0,46
170.0702,170.0702,1,0.40613,0.36749,0.38681,0.39358,0.26881,0.31624,OPEN,,0,46
170.15,170.15,1,0.37523,0.31197,0.3436,0.38681,0.26881,0.31624,OPEN,,0,46
170.2291,170.2291,1,0.34795,0.32273,0.33534,0.3436,0.26881,0.31624,OPEN,,0,46
170.325,170.325,1,0.34972,0.34398,0.34685,0.3436,0.26881,0.31624,OPEN,,0,46
170.3934,170.3934,1,0.34983,0.34208,0.34596,0.34596,0.26881,0.31624,OPEN,,0,46
170.4741,170.4741,1,0.34223,0.35035,0.34629,0.34629,0.26881,0.31624,OPEN,,0,46
170.5712,170.5712,1,0.33437,0.3432,0.33878,0.34596,0.26881,0.31624,OPEN,,0,46
170.7264,170.7264,1,0.31563,0.34305,0.32934,0.33878,0.26881,0.31624,OPEN,,0,46
170.806,170.806,1,0.31775,0.34284,0.33029,0.33029,0.26881,0.31624,OPEN,,0,46
170.8834,170.8834,1,0.32102,0.34593,0.33348,0.33029,0.26881,0.31624,OPEN,,0,46
170.9501,170.9501,1,0.30207,0.3463,0.32418,0.33029,0.26881,0.31624,OPEN,,0,46
171.0169,171.0169,1,0.30246,0.34369,0.32308,0.32418,0.26881,0.31624,OPEN,,0,46
171.1164,171.1164,1,0.30763,0.35156,0.3296,0.32418,0.26881,0.31624,OPEN,,0,46
171.193,171.193,1,0.31157,0.3542,0.33288,0.3296,0.26881,0.31624,OPEN,,0,46
171.2726,171.2726,1,0.31103,0.3627,0.33686,0.33288,0.26881,0.31624,OPEN,,0,46
171.4161,171.4161,1,0.32134,0.37472,0.34803,0.33686,0.26881,0.31624,OPEN,,0,46
171.4961,171.4961,1,0.32123,0.37545,0.34834,0.34803,0.26881,0.31624,OPEN,,0,46
171.5913,171.5913,1,0.35828,0.39722,0.37775,0.34834,0.26881,0.31624,OPEN,,0,46
171.6704,171.6704,1,0.37535,0.40736,0.39136,0.37775,0.26881,0.31624,OPEN,,0,46
171.8298,171.8298,1,0.37477,0.41602,0.39539,0.39136,0.26881,0.31624,OPEN,,0,46
171.9101,171.9101,1,0.36894,0.41023,0.38958,0.39136,0.26881,0.31624,OPEN,,0,46
171.9932,171.9932,1,0.36831,0.41128,0.3898,0.3898,0.26881,0.31624,OPEN,,0,46
172.0615,172.0615,1,0.37183,0.41416,0.39299,0.3898,0.26881,0.31624,OPEN,,0,46
172.1495,172.1495,1,0.37442,0.41605,0.39524,0.39299,0.26881,0.31624,OPEN,,0,46
172.2334,172.2334,1,0.37181,0.42199,0.3969,0.39524,0.26881,0.31624,OPEN,,0,46
172.3013,172.3013,1,0.36711,0.41849,0.3928,0.39524,0.26881,0.31624,OPEN,,0,46
172.3714,172.3714,1,0.3817,0.42693,0.40432,0.3969,0.26881,0.31624,OPEN,,0,46
172.4564,172.4564,1,0.38365,0.42911,0.40638,0.40432,0.26881,0.31624,OPEN,,0,46
172.6167,172.6167,1,0.321,0.38363,0.35231,0.40432,0.26881,0.31624,OPEN,,0,46
172.6922,172.6922,1,0.30162,0.36812,0.33487,0.35231,0.26881,0.31624,OPEN,,0,46
172.7652,172.7652,1,0.3161,0.38109,0.3486,0.3486,0.26881,0.31624,OPEN,,0,46
172.8321,172.8321,1,0.32354,0.38055,0.35204,0.3486,0.26881,0.31624,OPEN,,0,46
172.9127,172.9127,1,0.3215,0.38016,0.35083,0.35083,0.26881,0.31624,OPEN,,0,46
172.982,172.982,1,0.32808,0.38587,0.35698,0.35204,0.26881,0.31624,OPEN,,0,46
173.0781,173.0781,1,0.34054,0.40122,0.37088,0.35698,0.26881,0.31624,OPEN,,0,46
173.1731,173.1731,1,0.3378,0.40105,0.36942,0.36942,0.26881,0.31624,OPEN,,0,46
173.2438,173.2438,1,0.33118,0.3897,0.36044,0.36942,0.26881,0.31624,OPEN,,0,46
173.3228,173.3228,1,0.33689,0.39071,0.3638,0.3638,0.26881,0.31624,OPEN,,0,46
173.3925,173.3925,1,0.34068,0.39245,0.36657,0.3638,0.26881,0.31624,OPEN,,0,46
173.461,173.461,1,0.33639,0.39192,0.36416,0.36416,0.26881,0.31624,OPEN,,0,46
173.5409,173.5409,1,0.34836,0.40074,0.37455,0.36657,0.26881,0.31624,OPEN,,0,46
173.6157,173.6157,1,0.35394,0.40099,0.37747,0.37455,0.26881,0.31624,OPEN,,0,46
173.7293,173.7293,1,0.35122,0.39137,0.3713,0.37455,0.26881,0.31624,OPEN,,0,46
173.8093,173.8093,1,0.35072,0.38894,0.36983,0.3713,0.26881,0.31624,OPEN,,0,46
173.8889,173.8889,1,0.35208,0.39422,0.37315,0.3713,0.26881,0.31624,OPEN,,0,46
173.9617,173.9617,1,0.35532,0.39162,0.37347,0.37315,0.26881,0.31624,OPEN,,0,46
174.0569,174.0569,1,0.36412,0.39845,0.38128,0.37347,0.26881,0.31624,OPEN,,0,46
174.1323,174.1323,1,0.33613,0.39232,0.36423,0.37347,0.26881,0.31624,OPEN,,0,46
174.23,174.23,1,0.35845,0.40131,0.37988,0.37988,0.26881,0.31624,OPEN,,0,46
174.3149,174.3149,1,0.36911,0.40464,0.38688,0.37988,0.26881,0.31624,OPEN,,0,46
174.3833,174.3833,1,0.36247,0.39505,0.37876,0.37988,0.26881,0.31624,OPEN,,0,46
174.5227,174.5227,1,0.34525,0.39284,0.36905,0.37876,0.26881,0.31624,OPEN,,0,46
174.5915,174.5915,1,0.34458,0.39417,0.36938,0.36938,0.26881,0.31624,OPEN,,0,46
174.723,174.723,1,0.31636,0.35099,0.33367,0.36905,0.26881,0.31624,OPEN,,0,46
174.8223,174.8223,1,0.36037,0.3617,0.36104,0.36104,0.26881,0.31624,OPEN,,0,46
174.9336,174.9336,1,0.38149,0.36676,0.37413,0.36104,0.26881,0.31624,OPEN,,0,46
175.0026,175.0026,1,0.37444,0.36726,0.37085,0.37085,0.26881,0.31624,OPEN,,0,46
175.1237,175.1237,1,0.4028,0.40959,0.40619,0.37413,0.26881,0.31624,OPEN,,0,46
175.1924,175.1924,1,0.40487,0.40953,0.4072,0.40619,0.26881,0.31624,OPEN,,0,46
175.3274,175.3274,1,0.40296,0.41892,0.41094,0.4072,0.26881,0.31624,OPEN,,0,46
175.4022,175.4022,1,0.389,0.39684,0.39292,0.4072,0.26881,0.31624,OPEN,,0,46
175.4754,175.4754,1,0.39916,0.39139,0.39527,0.39527,0.26881,0.31624,OPEN,,0,46
175.6325,175.6325,1,0.43741,0.43417,0.43579,0.39527,0.26881,0.31624,OPEN,,0,46
175.7108,175.7108,1,0.44155,0.42817,0.43486,0.43486,0.26881,0.31624,OPEN,,0,46
175.7822,175.7822,1,0.41683,0.39134,0.40409,0.43486,0.26881,0.31624,OPEN,,0,46
175.9277,175.9277,1,0.26233,0.36503,0.31368,0.40409,0.26881,0.31624,OPEN,,0,46
175.9954,175.9954,1,0.20551,0.23841,0.22196,0.31368,0.26881,0.31624,OPEN,,0,46
176.0791,176.0791,1,0.24281,0.24726,0.24503,0.24503,0.26881,0.31624,CLOSING,,0,46
176.1629,176.1629,1,0.25174,0.26801,0.25988,0.24503,0.26881,0.31624,CLOSED,0.0838,0,46
176.3256,176.3256,1,0.30047,0.28625,0.29336,0.25988,0.26881,0.31624,CLOSED,0.24651,0,46
176.4065,176.4065,1,0.30206,0.29128,0.29667,0.29336,0.26881,0.31624,CLOSED,0.32744,0,46
176.4789,176.4789,1,0.33474,0.3027,0.31872,0.29667,0.26881,0.31624,CLOSED,0.39987,0,46
176.6277,176.6277,1,0.42893,0.38954,0.40924,0.31872,0.26881,0.31624,OPENING,0.54864,0,46
176.7077,176.7077,1,0.409,0.38398,0.39649,0.39649,0.26881,0.31624,OPEN,0.6286,1,47
176.794,176.794,1,0.41633,0.39662,0.40647,0.40647,0.26881,0.31624,OPEN,,0,47
176.8632,176.8632,1,0.4111,0.39195,0.40152,0.40152,0.26881,0.31624,OPEN,,0,47
176.9429,176.9429,1,0.43329,0.39415,0.41372,0.40647,0.26881,0.31624,OPEN,,0,47
177.0325,177.0325,1,0.45028,0.41265,0.43147,0.41372,0.26881,0.31624,OPEN,,0,47
177.1112,177.1112,1,0.28634,0.28054,0.28344,0.41372,0.26881,0.31624,OPEN,,0,47
177.2389,177.2389,1,0.32236,0.31578,0.31907,0.31907,0.26881,0.31624,OPEN,,0,47
177.3181,177.3181,1,0.3914,0.36864,0.38002,0.31907,0.26881,0.31624,OPEN,,0,47
177.4166,177.4166,1,0.41107,0.38808,0.39957,0.38002,0.26881,0.31624,OPEN,,0,47
177.5345,177.5345,1,0.41908,0.4075,0.41329,0.39957,0.26881,0.31624,OPEN,,0,47
177.6224,177.6224,1,0.4244,0.4233,0.42385,0.41329,0.26881,0.31624,OPEN,,0,47
177.7186,177.7186,1,0.43231,0.43867,0.43549,0.42385,0.26881,0.31624,OPEN,,0,47
177.8226,177.8226,1,0.29341,0.32878,0.3111,0.42385,0.26881,0.31624,OPEN,,0,47
177.927,177.927,1,0.27193,0.28417,0.27805,0.3111,0.26881,0.31624,OPEN,,0,47
178.0254,178.0254,1,0.39133,0.36779,0.37956,0.3111,0.26881,0.31624,OPEN,,0,47
178.1178,178.1178,1,0.44663,0.43688,0.44175,0.37956,0.26881,0.31624,OPEN,,0,47
178.2187,178.2187,1,0.44672,0.44772,0.44722,0.44175,0.26881,0.31624,OPEN,,0,47
178.3293,178.3293,1,0.43258,0.45432,0.44345,0.44345,0.26881,0.31624,OPEN,,0,47
178.425,178.425,1,0.42907,0.45279,0.44093,0.44345,0.26881,0.31624,OPEN,,0,47
178.5174,178.5174,1,0.44094,0.45209,0.44651,0.44345,0.26881,0.31624,OPEN,,0,47
178.6164,178.6164,1,0.38195,0.42192,0.40194,0.44093,0.26881,0.31624,OPEN,,0,47
178.7335,178.7335,1,0.23393,0.23129,0.23261,0.40194,0.26881,0.31624,OPEN,,0,47
178.8261,178.8261,1,0.21585,0.23112,0.22349,0.23261,0.26881,0.31624,CLOSING,,0,47
178.9174,178.9174,1,0.31751,0.31558,0.31655,0.23261,0.26881,0.31624,CLOSED,0.09129,0,47
179.014,179.014,1,0.42226,0.41581,0.41903,0.31655,0.26881,0.31624,OPENING,0.18786,0,47
179.1285,179.1285,1,0.46573,0.46365,0.46469,0.41903,0.26881,0.31624,OPEN,0.30241,1,48
179.2254,179.2254,1,0.44582,0.46097,0.45339,0.45339,0.26881,0.31624,OPEN,,0,48
179.3213,179.3213,1,0.4454,0.47525,0.46032,0.46032,0.26881,0.31624,OPEN,,0,48
179.4325,179.4325,1,0.43399,0.46667,0.45033,0.45339,0.26881,0.31624,OPEN,,0,48
179.5313,179.5313,1,0.42512,0.46495,0.44504,0.45033,0.26881,0.31624,OPEN,,0,48
179.6236,179.6236,1,0.42304,0.46174,0.44239,0.44504,0.26881,0.31624,OPEN,,0,48
179.7209,179.7209,1,0.4399,0.4614,0.45065,0.44504,0.26881,0.31624,OPEN,,0,48
179.8338,179.8338,1,0.44119,0.45717,0.44918,0.44918,0.26881,0.31624,OPEN,,0,48
179.9307,179.9307,1,0.43581,0.44754,0.44168,0.44918,0.26881,0.31624,OPEN,,0,48
180.0277,180.0277,1,0.38476,0.37109,0.37793,0.44168,0.26881,0.31624,OPEN,,0,48
180.1241,180.1241,1,0.24132,0.16517,0.20325,0.37793,0.26881,0.31624,OPEN,,0,48
180.2316,180.2316,1,0.30137,0.23308,0.26723,0.26723,0.26881,0.31624,CLOSING,,0,48
180.3336,180.3336,1,0.38271,0.31237,0.34754,0.26723,0.26881,0.31624,CLOSED,0.10193,0,48
180.4243,180.4243,1,0.41264,0.3886,0.40062,0.34754,0.26881,0.31624,OPENING,0.19266,0,48
180.5277,180.5277,1,0.42384,0.441,0.43242,0.40062,0.26881,0.31624,OPEN,0.29603,1,49
180.6316,180.6316,1,0.42923,0.41694,0.42308,0.42308,0.26881,0.31624,OPEN,,0,49
180.7247,180.7247,1,0.46849,0.45905,0.46377,0.43242,0.26881,0.31624,OPEN,,0,49
180.8284,180.8284,1,0.44247,0.43291,0.43769,0.43769,0.26881,0.31624,OPEN,,0,49
180.9203,180.9203,1,0.44268,0.43859,0.44063,0.44063,0.26881,0.31624,OPEN,,0,49
181.0376,181.0376,1,0.44409,0.44578,0.44493,0.44063,0.26881,0.31624,OPEN,,0,49
181.1266,181.1266,1,0.44483,0.44228,0.44356,0.44356,0.26881,0.31624,OPEN,,0,49
181.2249,181.2249,1,0.42961,0.44602,0.43781,0.44356,0.26881,0.31624,OPEN,,0,49
181.3238,181.3238,1,0.41241,0.3862,0.39931,0.43781,0.26881,0.31624,OPEN,,0,49
181.4325,181.4325,1,0.2714,0.24393,0.25767,0.39931,0.26881,0.31624,OPEN,,0,49
181.5291,181.5291,1,0.24115,0.2484,0.24478,0.25767,0.26881,0.31624,CLOSING,,0,49
181.6283,181.6283,1,0.36743,0.34958,0.3585,0.25767,0.26881,0.31624,CLOSED,0.09916,0,49
181.7377,181.7377,1,0.39319,0.36888,0.38103,0.3585,0.26881,0.31624,OPENING,0.20856,0,49
181.8337,181.8337,1,0.38924,0.38007,0.38465,0.38103,0.26881,0.31624,OPEN,0.30454,1,50
181.9279,181.9279,1,0.41548,0.40255,0.40901,0.38465,0.26881,0.31624,OPEN,,0,50
182.0222,182.0222,1,0.42107,0.40823,0.41465,0.40901,0.26881,0.31624,OPEN,,0,50
182.1412,182.1412,1,0.42938,0.3913,0.41034,0.41034,0.26881,0.31624,OPEN,,0,50
182.2323,182.2323,1,0.43377,0.38885,0.41131,0.41131,0.26881,0.31624,OPEN,,0,50
182.3278,182.3278,1,0.44207,0.4341,0.43809,0.41131,0.26881,0.31624,OPEN,,0,50
182.4282,182.4282,1,0.44125,0.41945,0.43035,0.43035,0.26881,0.31624,OPEN,,0,50
182.5367,182.5367,1,0.34762,0.38929,0.36846,0.43035,0.26881,0.31624,OPEN,,0,50
182.633,182.633,1,0.22732,0.25058,0.23895,0.36846,0.26881,0.31624,OPEN,,0,50
182.7279,182.7279,1,0.33379,0.29664,0.31521,0.31521,0.26881,0.31624,OPEN,,0,50
182.8254,182.8254,1,0.37504,0.40416,0.3896,0.31521,0.26881,0.31624,OPEN,,0,50
182.9362,182.9362,1,0.39687,0.42888,0.41288,0.3896,0.26881,0.31624,OPEN,,0,50
183.0328,183.0328,1,0.3776,0.40363,0.39061,0.39061,0.26881,0.31624,OPEN,,0,50
183.1335,183.1335,1,0.37651,0.37541,0.37596,0.39061,0.26881,0.31624,OPEN,,0,50
183.2235,183.2235,1,0.37293,0.3772,0.37506,0.37596,0.26881,0.31624,OPEN,,0,50
183.342,183.342,1,0.38462,0.37434,0.37948,0.37596,0.26881,0.31624,OPEN,,0,50
183.4315,183.4315,1,0.38084,0.37734,0.37909,0.37909,0.26881,0.31624,OPEN,,0,50
183.5261,183.5261,1,0.40328,0.40974,0.40651,0.37948,0.26881,0.31624,OPEN,,0,50
183.6306,183.6306,1,0.39239,0.39976,0.39607,0.39607,0.26881,0.31624,OPEN,,0,50
183.7349,183.7349,1,0.39368,0.39343,0.39356,0.39607,0.26881,0.31624,OPEN,,0,50
183.8329,183.8329,1,0.38591,0.36646,0.37618,0.39356,0.26881,0.31624,OPEN,,0,50
183.9319,183.9319,1,0.38045,0.37713,0.37879,0.37879,0.26881,0.31624,OPEN,,0,50
184.0423,184.0423,1,0.3531,0.37053,0.36181,0.37618,0.26881,0.31624,OPEN,,0,50
184.1385,184.1385,1,0.32569,0.34877,0.33723,0.36181,0.26881,0.31624,OPEN,,0,50
184.2322,184.2322,1,0.32489,0.34784,0.33637,0.33723,0.26881,0.31624,OPEN,,0,50
184.3283,184.3283,1,0.32083,0.37509,0.34796,0.33723,0.26881,0.31624,OPEN,,0,50
184.4424,184.4424,1,0.33049,0.37491,0.3527,0.34796,0.26881,0.31624,OPEN,,0,50
184.534,184.534,1,0.37476,0.39987,0.38732,0.3527,0.26881,0.31624,OPEN,,0,50
184.634,184.634,1,0.31679,0.37963,0.34821,0.3527,0.26881,0.31624,OPEN,,0,50
184.7312,184.7312,1,0.1719,0.16606,0.16898,0.34821,0.26881,0.31624,OPEN,,0,50
184.8419,184.8419,1,0.21699,0.2426,0.2298,0.2298,0.26881,0.31624,CLOSING,,0,50
184.9411,184.9411,1,0.29402,0.34103,0.31752,0.2298,0.26881,0.31624,CLOSED,0.09921,0,50
185.0323,185.0323,1,0.34219,0.36306,0.35262,0.31752,0.26881,0.31624,OPENING,0.1904,0,50
185.1297,185.1297,1,0.36141,0.40533,0.38337,0.35262,0.26881,0.31624,OPEN,0.28777,1,51
185.2374,185.2374,1,0.37128,0.41162,0.39145,0.38337,0.26881,0.31624,OPEN,,0,51
185.3363,185.3363,1,0.37385,0.4209,0.39737,0.39145,0.26881,0.31624,OPEN,,0,51
185.4329,185.4329,1,0.37631,0.41625,0.39628,0.39628,0.26881,0.31624,OPEN,,0,51
185.53,185.53,1,0.37125,0.40599,0.38862,0.39628,0.26881,0.31624,OPEN,,0,51
185.6433,185.6433,1,0.36014,0.39954,0.37984,0.38862,0.26881,0.31624,OPEN,,0,51
185.7351,185.7351,1,0.36344,0.39916,0.3813,0.3813,0.26881,0.31624,OPEN,,0,51
185.8316,185.8316,1,0.37041,0.40394,0.38718,0.3813,0.26881,0.31624,OPEN,,0,51
185.9336,185.9336,1,0.36335,0.38868,0.37601,0.3813,0.26881,0.31624,OPEN,,0,51
186.0398,186.0398,1,0.37305,0.40348,0.38826,0.38718,0.26881,0.31624,OPEN,,0,51
186.1349,186.1349,1,0.35833,0.38949,0.37391,0.37601,0.26881,0.31624,OPEN,,0,51
186.2376,186.2376,1,0.2884,0.24234,0.26537,0.37391,0.26881,0.31624,OPEN,,0,51
186.3441,186.3441,1,0.3513,0.27849,0.31489,0.31489,0.26881,0.31624,OPEN,,0,51
186.4419,186.4419,1,0.3782,0.36298,0.37059,0.31489,0.26881,0.31624,OPEN,,0,51
186.5376,186.5376,1,0.38506,0.38808,0.38657,0.37059,0.26881,0.31624,OPEN,,0,51
186.6302,186.6302,1,0.36807,0.38543,0.37675,0.37675,0.26881,0.31624,OPEN,,0,51
186.7488,186.7488,1,0.37256,0.39229,0.38243,0.38243,0.26881,0.31624,OPEN,,0,51
186.8222,186.8222,1,0.37335,0.3957,0.38453,0.38243,0.26881,0.31624,OPEN,,0,51
186.9344,186.9344,1,0.39294,0.41783,0.40539,0.38453,0.26881,0.31624,OPEN,,0,51
187.0342,187.0342,1,0.39332,0.4197,0.40651,0.40539,0.26881,0.31624,OPEN,,0,51
187.1423,187.1423,1,0.39221,0.42774,0.40998,0.40651,0.26881,0.31624,OPEN,,0,51
187.2436,187.2436,1,0.38402,0.42076,0.40239,0.40651,0.26881,0.31624,OPEN,,0,51
187.3333,187.3333,1,0.29406,0.29258,0.29332,0.40239,0.26881,0.31624,OPEN,,0,51
187.4311,187.4311,1,0.23933,0.21383,0.22658,0.29332,0.26881,0.31624,OPEN,,0,51
187.5425,187.5425,1,0.26976,0.21608,0.24292,0.24292,0.26881,0.31624,CLOSING,,0,51
187.6387,187.6387,1,0.34338,0.34988,0.34663,0.24292,0.26881,0.31624,CLOSED,0.09621,0,51
187.74,187.74,1,0.37974,0.40164,0.39069,0.34663,0.26881,0.31624,OPENING,0.19743,0,51
187.8324,187.8324,1,0.36907,0.39723,0.38315,0.38315,0.26881,0.31624,OPEN,0.2899,1,52
187.9019,187.9019,1,0.36535,0.39903,0.38219,0.38315,0.26881,0.31624,OPEN,,0,52
188.0393,188.0393,1,0.36082,0.39695,0.37889,0.38219,0.26881,0.31624,OPEN,,0,52
188.1379,188.1379,1,0.36484,0.41329,0.38906,0.38219,0.26881,0.31624,OPEN,,0,52
188.234,188.234,1,0.36392,0.4118,0.38786,0.38786,0.26881,0.31624,OPEN,,0,52
188.301,188.301,1,0.36354,0.41163,0.38758,0.38786,0.26881,0.31624,OPEN,,0,52
188.3754,188.3754,1,0.37111,0.41595,0.39353,0.38786,0.26881,0.31624,OPEN,,0,52
188.4442,188.4442,1,0.37368,0.41863,0.39615,0.39353,0.26881,0.31624,OPEN,,0,52
188.543,188.543,1,0.37462,0.41116,0.39289,0.39353,0.26881,0.31624,OPEN,,0,52
188.648,188.648,1,0.27343,0.24428,0.25886,0.39289,0.26881,0.31624,OPEN,,0,52
188.7485,188.7485,1,0.25058,0.23244,0.24151,0.25886,0.26881,0.31624,CLOSING,,0,52
188.8385,188.8385,1,0.31714,0.30211,0.30962,0.25886,0.26881,0.31624,CLOSED,0.08991,0,52
188.9376,188.9376,1,0.36264,0.35195,0.35729,0.30962,0.26881,0.31624,CLOSED,0.1891,0,52
189.0507,189.0507,1,0.37008,0.37535,0.37272,0.35729,0.26881,0.31624,OPENING,0.30213,0,52
189.1423,189.1423,1,0.37262,0.3813,0.37696,0.37272,0.26881,0.31624,OPEN,0.39373,1,53
189.2416,189.2416,1,0.37403,0.39212,0.38308,0.37696,0.26881,0.31624,OPEN,,0,53
189.338,189.338,1,0.37219,0.39336,0.38278,0.38278,0.26881,0.31624,OPEN,,0,53
189.45,189.45,1,0.36969,0.3985,0.3841,0.38308,0.26881,0.31624,OPEN,,0,53
189.5481,189.5481,1,0.37209,0.39884,0.38546,0.3841,0.26881,0.31624,OPEN,,0,53
189.6368,189.6368,1,0.36949,0.3987,0.38409,0.3841,0.26881,0.31624,OPEN,,0,53
189.7422,189.7422,1,0.3682,0.40438,0.38629,0.38546,0.26881,0.31624,OPEN,,0,53
189.8124,189.8124,1,0.36802,0.40543,0.38672,0.38629,0.26881,0.31624,OPEN,,0,53
189.8892,189.8892,1,0.3646,0.40562,0.38511,0.38629,0.26881,0.31624,OPEN,,0,53
189.9649,189.9649,1,0.36334,0.4117,0.38752,0.38672,0.26881,0.31624,OPEN,,0,53
190.0464,190.0464,1,0.36317,0.41125,0.38721,0.38721,0.26881,0.31624,OPEN,,0,53
190.1379,190.1379,1,0.38945,0.42186,0.40566,0.38752,0.26881,0.31624,OPEN,,0,53
190.2112,190.2112,1,0.38676,0.41692,0.40184,0.40184,0.26881,0.31624,OPEN,,0,53
190.2841,190.2841,1,0.38634,0.41181,0.39908,0.40184,0.26881,0.31624,OPEN,,0,53
190.3682,190.3682,1,0.39711,0.41876,0.40793,0.40184,0.26881,0.31624,OPEN,,0,53
190.4402,190.4402,1,0.39653,0.4208,0.40866,0.40793,0.26881,0.31624,OPEN,,0,53
190.5398,190.5398,1,0.39789,0.39976,0.39882,0.40793,0.26881,0.31624,OPEN,,0,53
190.6112,190.6112,1,0.38739,0.39055,0.38897,0.39882,0.26881,0.31624,OPEN,,0,53
190.6825,190.6825,1,0.39603,0.39982,0.39793,0.39793,0.26881,0.31624,OPEN,,0,53
190.7544,190.7544,1,0.38126,0.38592,0.38359,0.38897,0.26881,0.31624,OPEN,,0,53
190.8522,190.8522,1,0.3763,0.36448,0.37039,0.38359,0.26881,0.31624,OPEN,,0,53
190.9508,190.9508,1,0.37197,0.36526,0.36862,0.37039,0.26881,0.31624,OPEN,,0,53
191.0501,191.0501,1,0.35741,0.34859,0.353,0.36862,0.26881,0.31624,OPEN,,0,53
191.1442,191.1442,1,0.38784,0.36316,0.3755,0.36862,0.26881,0.31624,OPEN,,0,53
191.2403,191.2403,1,0.38081,0.37168,0.37624,0.3755,0.26881,0.31624,OPEN,,0,53
191.3563,191.3563,1,0.38736,0.39405,0.3907,0.37624,0.26881,0.31624,OPEN,,0,53
191.4493,191.4493,1,0.40883,0.39704,0.40294,0.3907,0.26881,0.31624,OPEN,,0,53
191.5446,191.5446,1,0.4121,0.35602,0.38406,0.3907,0.26881,0.31624,OPEN,,0,53
191.6439,191.6439,1,0.40974,0.35697,0.38336,0.38406,0.26881,0.31624,OPEN,,0,53
191.7523,191.7523,1,0.38016,0.34259,0.36137,0.38336,0.26881,0.31624,OPEN,,0,53
191.848,191.848,1,0.42173,0.36001,0.39087,0.38336,0.26881,0.31624,OPEN,,0,53
191.9422,191.9422,1,0.43428,0.35982,0.39705,0.39087,0.26881,0.31624,OPEN,,0,53
192.0435,192.0435,1,0.42941,0.36815,0.39878,0.39705,0.26881,0.31624,OPEN,,0,53
192.1524,192.1524,1,0.41797,0.37107,0.39452,0.39705,0.26881,0.31624,OPEN,,0,53
192.2468,192.2468,1,0.39407,0.33129,0.36268,0.39452,0.26881,0.31624,OPEN,,0,53
192.349,192.349,1,0.3794,0.33342,0.35641,0.36268,0.26881,0.31624,OPEN,,0,53
192.4383,192.4383,1,0.36535,0.30821,0.33678,0.35641,0.26881,0.31624,OPEN,,0,53
192.5588,192.5588,1,0.357,0.30623,0.33161,0.33678,0.26881,0.31624,OPEN,,0,53
192.6478,192.6478,1,0.35392,0.31437,0.33414,0.33414,0.26881,0.31624,OPEN,,0,53
192.7438,192.7438,1,0.36525,0.32463,0.34494,0.33414,0.26881,0.31624,OPEN,,0,53
192.8446,192.8446,1,0.36513,0.32248,0.34381,0.34381,0.26881,0.31624,OPEN,,0,53
192.9507,192.9507,1,0.3676,0.35182,0.35971,0.34494,0.26881,0.31624,OPEN,,0,53
193.0458,193.0458,1,0.40225,0.37132,0.38678,0.35971,0.26881,0.31624,OPEN,,0,53
193.1437,193.1437,1,0.44055,0.4024,0.42148,0.38678,0.26881,0.31624,OPEN,,0,53
193.2523,193.2523,1,0.42337,0.3899,0.40663,0.40663,0.26881,0.31624,OPEN,,0,53
193.3508,193.3508,1,0.40595,0.37444,0.3902,0.40663,0.26881,0.31624,OPEN,,0,53
193.4464,193.4464,1,0.40795,0.37739,0.39267,0.39267,0.26881,0.31624,OPEN,,0,53
193.5431,193.5431,1,0.41665,0.38815,0.4024,0.39267,0.26881,0.31624,OPEN,,0,53
193.6546,193.6546,1,0.42425,0.40602,0.41514,0.4024,0.26881,0.31624,OPEN,,0,53
193.7498,193.7498,1,0.4367,0.39344,0.41507,0.41507,0.26881,0.31624,OPEN,,0,53
193.849,193.849,1,0.42528,0.39586,0.41057,0.41507,0.26881,0.31624,OPEN,,0,53
193.9466,193.9466,1,0.443,0.39691,0.41996,0.41507,0.26881,0.31624,OPEN,,0,53
194.0535,194.0535,1,0.44655,0.40325,0.4249,0.41996,0.26881,0.31624,OPEN,,0,53
194.1508,194.1508,1,0.45268,0.40299,0.42783,0.4249,0.26881,0.31624,OPEN,,0,53
194.2476,194.2476,1,0.44989,0.39488,0.42239,0.4249,0.26881,0.31624,OPEN,,0,53
194.3463,194.3463,1,0.44531,0.38917,0.41724,0.42239,0.26881,0.31624,OPEN,,0,53
194.454,194.454,1,0.45359,0.40784,0.43072,0.42239,0.26881,0.31624,OPEN,,0,53
194.5499,194.5499,1,0.45382,0.39931,0.42657,0.42657,0.26881,0.31624,OPEN,,0,53
194.65,194.65,1,0.45759,0.39392,0.42576,0.42657,0.26881,0.31624,OPEN,,0,53
194.7408,194.7408,1,0.45721,0.39274,0.42498,0.42576,0.26881,0.31624,OPEN,,0,53
194.8574,194.8574,1,0.46429,0.40644,0.43537,0.42576,0.26881,0.31624,OPEN,,0,53
194.9501,194.9501,1,0.464,0.4044,0.4342,0.4342,0.26881,0.31624,OPEN,,0,53
195.0456,195.0456,1,0.46007,0.3943,0.42719,0.4342,0.26881,0.31624,OPEN,,0,53
195.148,195.148,1,0.4635,0.3956,0.42955,0.42955,0.26881,0.31624,OPEN,,0,53
195.2523,195.2523,1,0.46984,0.3938,0.43182,0.42955,0.26881,0.31624,OPEN,,0,53
195.3492,195.3492,1,0.46756,0.40047,0.43402,0.43182,0.26881,0.31624,OPEN,,0,53
195.4471,195.4471,1,0.47255,0.40696,0.43976,0.43402,0.26881,0.31624,OPEN,,0,53
195.5598,195.5598,1,0.46269,0.41009,0.43639,0.43639,0.26881,0.31624,OPEN,,0,53
195.6577,195.6577,1,0.45979,0.40669,0.43324,0.43639,0.26881,0.31624,OPEN,,0,53
195.7504,195.7504,1,0.45397,0.40276,0.42836,0.43324,0.26881,0.31624,OPEN,,0,53
195.8456,195.8456,1,0.44634,0.40309,0.42472,0.42836,0.26881,0.31624,OPEN,,0,53
195.9597,195.9597,1,0.48282,0.41239,0.44761,0.42836,0.26881,0.31624,OPEN,,0,53
196.0703,196.0703,1,0.47176,0.41283,0.4423,0.4423,0.26881,0.31624,OPEN,,0,53
196.1489,196.1489,1,0.46242,0.40637,0.4344,0.4423,0.26881,0.31624,OPEN,,0,53
196.2465,196.2465,1,0.46196,0.40047,0.43121,0.4344,0.26881,0.31624,OPEN,,0,53
196.3595,196.3595,1,0.46109,0.40065,0.43087,0.43121,0.26881,0.31624,OPEN,,0,53
196.455,196.455,1,0.45284,0.40394,0.42839,0.43087,0.26881,0.31624,OPEN,,0,53
196.5483,196.5483,1,0.45853,0.39475,0.42664,0.42839,0.26881,0.31624,OPEN,,0,53
196.6506,196.6506,1,0.46199,0.39816,0.43007,0.42839,0.26881,0.31624,OPEN,,0,53
196.7582,196.7582,1,0.45295,0.39048,0.42172,0.42664,0.26881,0.31624,OPEN,,0,53
196.8583,196.8583,1,0.4506,0.38672,0.41866,0.42172,0.26881,0.31624,OPEN,,0,53
196.9512,196.9512,1,0.44445,0.39708,0.42076,0.42076,0.26881,0.31624,OPEN,,0,53
197.0484,197.0484,1,0.43044,0.39943,0.41494,0.41866,0.26881,0.31624,OPEN,,0,53
197.165,197.165,1,0.44927,0.40637,0.42782,0.42076,0.26881,0.31624,OPEN,,0,53
197.258,197.258,1,0.42322,0.39281,0.40802,0.41494,0.26881,0.31624,OPEN,,0,53
197.3495,197.3495,1,0.41246,0.3884,0.40043,0.40802,0.26881,0.31624,OPEN,,0,53
197.4491,197.4491,1,0.42015,0.3988,0.40947,0.40802,0.26881,0.31624,OPEN,,0,53
197.5586,197.5586,1,0.41484,0.39235,0.40359,0.40359,0.26881,0.31624,OPEN,,0,53
197.6532,197.6532,1,0.41544,0.38861,0.40202,0.40359,0.26881,0.31624,OPEN,,0,53
197.75,197.75,1,0.42323,0.40103,0.41213,0.40359,0.26881,0.31624,OPEN,,0,53
197.8633,197.8633,1,0.41997,0.40239,0.41118,0.41118,0.26881,0.31624,OPEN,,0,53
197.9605,197.9605,1,0.40519,0.38656,0.39587,0.41118,0.26881,0.31624,OPEN,,0,53
198.0553,198.0553,1,0.431,0.39669,0.41385,0.41118,0.26881,0.31624,OPEN,,0,53
198.1511,198.1511,1,0.41593,0.38923,0.40258,0.40258,0.26881,0.31624,OPEN,,0,53
198.2638,198.2638,1,0.40368,0.37485,0.38927,0.40258,0.26881,0.31624,OPEN,,0,53
198.3595,198.3595,1,0.40007,0.37545,0.38776,0.38927,0.26881,0.31624,OPEN,,0,53
198.4575,198.4575,1,0.39469,0.37939,0.38704,0.38776,0.26881,0.31624,OPEN,,0,53
198.5509,198.5509,1,0.40351,0.39075,0.39713,0.38776,0.26881,0.31624,OPEN,,0,53
198.6602,198.6602,1,0.38969,0.39306,0.39137,0.39137,0.26881,0.31624,OPEN,,0,53
198.7633,198.7633,1,0.39782,0.40004,0.39893,0.39713,0.26881,0.31624,OPEN,,0,53
198.8548,198.8548,1,0.3941,0.39361,0.39386,0.39386,0.26881,0.31624,OPEN,,0,53
198.9501,198.9501,1,0.39858,0.38233,0.39045,0.39386,0.26881,0.31624,OPEN,,0,53
199.0642,199.0642,1,0.40159,0.39038,0.39598,0.39386,0.26881,0.31624,OPEN,,0,53
199.16,199.16,1,0.39205,0.37695,0.3845,0.39045,0.26881,0.31624,OPEN,,0,53
199.2562,199.2562,1,0.38136,0.37233,0.37685,0.3845,0.26881,0.31624,OPEN,,0,53
199.3504,199.3504,1,0.38123,0.37151,0.37637,0.37685,0.26881,0.31624,OPEN,,0,53
199.4643,199.4643,1,0.37645,0.36818,0.37231,0.37637,0.26881,0.31624,OPEN,,0,53
199.559,199.559,1,0.35635,0.37028,0.36331,0.37231,0.26881,0.31624,OPEN,,0,53
199.657,199.657,1,0.37175,0.35581,0.36378,0.36378,0.26881,0.31624,OPEN,,0,53
199.75,199.75,1,0.37676,0.3623,0.36953,0.36378,0.26881,0.31624,OPEN,,0,53
199.8606,199.8606,1,0.3757,0.35176,0.36373,0.36378,0.26881,0.31624,OPEN,,0,53
199.9596,199.9596,1,0.37755,0.36008,0.36882,0.36882,0.26881,0.31624,OPEN,,0,53
200.0593,200.0593,1,0.36768,0.33809,0.35289,0.36373,0.26881,0.31624,OPEN,,0,53
200.1641,200.1641,1,0.36214,0.34285,0.35249,0.35289,0.26881,0.31624,OPEN,,0,53
200.232,200.232,1,0.36282,0.34237,0.3526,0.3526,0.26881,0.31624,OPEN,,0,53
200.3047,200.3047,1,0.36041,0.34434,0.35237,0.35249,0.26881,0.31624,OPEN,,0,53
200.375,200.375,1,0.36001,0.34132,0.35066,0.35237,0.26881,0.31624,OPEN,,0,53
200.4577,200.4577,1,0.36259,0.35268,0.35764,0.35237,0.26881,0.31624,OPEN,,0,53
200.5668,200.5668,1,0.39952,0.3978,0.39866,0.35764,0.26881,0.31624,OPEN,,0,53
200.66,200.66,1,0.41003,0.40812,0.40907,0.39866,0.26881,0.31624,OPEN,,0,53
200.7599,200.7599,1,0.40402,0.40518,0.4046,0.4046,0.26881,0.31624,OPEN,,0,53
200.8584,200.8584,1,0.40329,0.40192,0.40261,0.4046,0.26881,0.31624,OPEN,,0,53
200.9664,200.9664,1,0.40919,0.40389,0.40654,0.4046,0.26881,0.31624,OPEN,,0,53
201.0691,201.0691,1,0.38972,0.39488,0.3923,0.40261,0.26881,0.31624,OPEN,,0,53
201.156,201.156,1,0.38319,0.3975,0.39035,0.3923,0.26881,0.31624,OPEN,,0,53
201.2543,201.2543,1,0.36284,0.36943,0.36614,0.39035,0.26881,0.31624,OPEN,,0,53
201.3685,201.3685,1,0.37673,0.38999,0.38336,0.38336,0.26881,0.31624,OPEN,,0,53
201.4634,201.4634,1,0.38437,0.3964,0.39039,0.38336,0.26881,0.31624,OPEN,,0,53
201.5607,201.5607,1,0.36731,0.3694,0.36835,0.38336,0.26881,0.31624,OPEN,,0,53
201.659,201.659,1,0.36281,0.35226,0.35754,0.36835,0.26881,0.31624,OPEN,,0,53
201.7718,201.7718,1,0.35059,0.33798,0.34429,0.35754,0.26881,0.31624,OPEN,,0,53
201.8643,201.8643,1,0.34106,0.33246,0.33676,0.34429,0.26881,0.31624,OPEN,,0,53
201.9647,201.9647,1,0.34201,0.33303,0.33752,0.33752,0.26881,0.31624,OPEN,,0,53
202.0635,202.0635,1,0.34015,0.33429,0.33722,0.33722,0.26881,0.31624,OPEN,,0,53
202.1676,202.1676,1,0.31822,0.29467,0.30645,0.33722,0.26881,0.31624,OPEN,,0,53
202.2624,202.2624,1,0.28703,0.26378,0.27541,0.30645,0.26881,0.31624,OPEN,,0,53
202.3603,202.3603,1,0.30532,0.2767,0.29101,0.29101,0.26881,0.31624,OPEN,,0,53
202.4764,202.4764,1,0.31992,0.28414,0.30203,0.29101,0.26881,0.31624,OPEN,,0,53
202.5689,202.5689,1,0.37029,0.34261,0.35645,0.30203,0.26881,0.31624,OPEN,,0,53
202.661,202.661,1,0.3676,0.33539,0.35149,0.35149,0.26881,0.31624,OPEN,,0,53
202.7587,202.7587,1,0.25406,0.29896,0.27651,0.35149,0.26881,0.31624,OPEN,,0,53
202.8749,202.8749,1,0.34465,0.32064,0.33264,0.33264,0.26881,0.31624,OPEN,,0,53
202.9656,202.9656,1,0.36544,0.35334,0.35939,0.33264,0.26881,0.31624,OPEN,,0,53
203.0625,203.0625,1,0.36593,0.35153,0.35873,0.35873,0.26881,0.31624,OPEN,,0,53
203.1637,203.1637,1,0.35751,0.37438,0.36594,0.35939,0.26881,0.31624,OPEN,,0,53
203.2704,203.2704,1,0.39365,0.38341,0.38853,0.36594,0.26881,0.31624,OPEN,,0,53
203.3721,203.3721,1,0.42583,0.41756,0.4217,0.38853,0.26881,0.31624,OPEN,,0,53
203.4659,203.4659,1,0.39355,0.4059,0.39972,0.39972,0.26881,0.31624,OPEN,,0,53
203.5689,203.5689,1,0.3832,0.39189,0.38754,0.39972,0.26881,0.31624,OPEN,,0,53
203.6707,203.6707,1,0.38097,0.36967,0.37532,0.38754,0.26881,0.31624,OPEN,,0,53
203.7698,203.7698,1,0.38823,0.38641,0.38732,0.38732,0.26881,0.31624,OPEN,,0,53
203.846,203.846,1,0.38555,0.38444,0.385,0.385,0.26881,0.31624,OPEN,,0,53
203.9624,203.9624,1,0.3917,0.39459,0.39315,0.38732,0.26881,0.31624,OPEN,,0,53
204.0306,204.0306,1,0.38614,0.39253,0.38934,0.38934,0.26881,0.31624,OPEN,,0,53
204.0976,204.0976,1,0.39995,0.39718,0.39857,0.39315,0.26881,0.31624,OPEN,,0,53
204.191,204.191,1,0.39595,0.39426,0.3951,0.3951,0.26881,0.31624,OPEN,,0,53
204.293,204.293,1,0.39318,0.38772,0.39045,0.3951,0.26881,0.31624,OPEN,,0,53
204.3647,204.3647,1,0.38788,0.37843,0.38315,0.39045,0.26881,0.31624,OPEN,,0,53
204.4721,204.4721,1,0.40438,0.40543,0.4049,0.39045,0.26881,0.31624,OPEN,,0,53
204.5759,204.5759,1,0.39917,0.39851,0.39884,0.39884,0.26881,0.31624,OPEN,,0,53
204.6673,204.6673,1,0.39845,0.40892,0.40369,0.40369,0.26881,0.31624,OPEN,,0,53
204.7777,204.7777,1,0.42446,0.42345,0.42395,0.40369,0.26881,0.31624,OPEN,,0,53
204.8725,204.8725,1,0.41511,0.41477,0.41494,0.41494,0.26881,0.31624,OPEN,,0,53
204.9681,204.9681,1,0.42222,0.41565,0.41893,0.41893,0.26881,0.31624,OPEN,,0,53
205.0624,205.0624,1,0.40047,0.40325,0.40186,0.41494,0.26881,0.31624,OPEN,,0,53
205.1789,205.1789,1,0.39869,0.41143,0.40506,0.40506,0.26881,0.31624,OPEN,,0,53
205.2692,205.2692,1,0.36062,0.3502,0.35541,0.40186,0.26881,0.31624,OPEN,,0,53
205.3679,205.3679,1,0.35155,0.33567,0.34361,0.35541,0.26881,0.31624,OPEN,,0,53
205.4695,205.4695,1,0.36076,0.29989,0.33033,0.34361,0.26881,0.31624,OPEN,,0,53
205.575,205.575,1,0.33143,0.29085,0.31114,0.33033,0.26881,0.31624,OPEN,,0,53
205.6768,205.6768,1,0.28309,0.2815,0.28229,0.31114,0.26881,0.31624,OPEN,,0,53
