timestamp,elapsed,face_detected,left_ear,right_ear,average_ear,smoothed_ear,closing_threshold,opening_threshold,eye_state,closure_duration,blink_event,blink_count
0.0035,0.0035,1,0.27342,0.21274,0.24308,0.24308,0.29426,0.34619,CLOSING,,0,0
0.0754,0.0754,1,0.27631,0.2062,0.24126,0.24244,0.29426,0.34619,CLOSED,0.0719,0,0
0.1408,0.1408,1,0.31994,0.30361,0.31178,0.26671,0.29426,0.34619,CLOSED,0.13735,0,0
0.1678,0.1678,1,0.32624,0.29985,0.31304,0.28293,0.29426,0.34619,CLOSED,0.16435,0,0
0.2042,0.2042,1,0.34362,0.31626,0.32994,0.29938,0.29426,0.34619,CLOSED,0.20071,0,0
0.2322,0.2322,1,0.34232,0.30413,0.32322,0.30773,0.29426,0.34619,CLOSED,0.22869,0,0
0.269,0.269,1,0.36554,0.32915,0.34735,0.32159,0.29426,0.34619,CLOSED,0.26551,0,0
0.2907,0.2907,1,0.37231,0.33372,0.35301,0.33259,0.29426,0.34619,CLOSED,0.28722,0,0
0.334,0.334,1,0.36131,0.32707,0.34419,0.33665,0.29426,0.34619,CLOSED,0.33056,0,0
0.3719,0.3719,1,0.3624,0.33277,0.34758,0.34048,0.29426,0.34619,CLOSED,0.36839,0,0
0.4079,0.4079,1,0.36702,0.32594,0.34648,0.34258,0.29426,0.34619,CLOSED,0.40442,0,0
0.4337,0.4337,1,0.36118,0.33516,0.34817,0.34453,0.29426,0.34619,CLOSED,0.43024,0,0
0.474,0.474,1,0.36346,0.32578,0.34462,0.34456,0.29426,0.34619,CLOSED,0.4705,0,0
0.4971,0.4971,1,0.37158,0.32473,0.34815,0.34582,0.29426,0.34619,CLOSED,0.49367,0,0
0.5466,0.5466,1,0.35189,0.35838,0.35514,0.34908,0.29426,0.34619,OPENING,0.54314,0,0
0.5701,0.5701,1,0.35127,0.36927,0.36027,0.353,0.29426,0.34619,OPEN,0.56659,1,1
0.6107,0.6107,1,0.30799,0.23435,0.27117,0.32436,0.29426,0.34619,OPEN,,0,1
0.637,0.637,1,0.27475,0.21846,0.2466,0.29714,0.29426,0.34619,OPEN,,0,1
0.6732,0.6732,1,0.36053,0.31338,0.33696,0.31108,0.29426,0.34619,OPEN,,0,1
0.7015,0.7015,1,0.39126,0.34888,0.37007,0.33172,0.29426,0.34619,OPEN,,0,1
0.7396,0.7396,1,0.4075,0.35622,0.38186,0.34927,0.29426,0.34619,OPEN,,0,1
0.7632,0.7632,1,0.41326,0.36112,0.38719,0.36254,0.29426,0.34619,OPEN,,0,1
0.798,0.798,1,0.4175,0.37596,0.39673,0.37451,0.29426,0.34619,OPEN,,0,1
0.8322,0.8322,1,0.42007,0.38199,0.40103,0.38379,0.29426,0.34619,OPEN,,0,1
0.8776,0.8776,1,0.40822,0.36422,0.38622,0.38464,0.29426,0.34619,OPEN,,0,1
0.9072,0.9072,1,0.43179,0.38231,0.40705,0.39248,0.29426,0.34619,OPEN,,0,1
0.9406,0.9406,1,0.41991,0.37977,0.39984,0.39506,0.29426,0.34619,OPEN,,0,1
0.9741,0.9741,1,0.41224,0.3763,0.39427,0.39478,0.29426,0.34619,OPEN,,0,1
1.0087,1.0087,1,0.45338,0.41029,0.43183,0.40775,0.29426,0.34619,OPEN,,0,1
1.0418,1.0418,1,0.46263,0.42071,0.44167,0.41962,0.29426,0.34619,OPEN,,0,1
1.0692,1.0692,1,0.45386,0.38328,0.41857,0.41925,0.29426,0.34619,OPEN,,0,1
1.1085,1.1085,1,0.46455,0.34931,0.40693,0.41494,0.29426,0.34619,OPEN,,0,1
1.1425,1.1425,1,0.45658,0.35076,0.40367,0.411,0.29426,0.34619,OPEN,,0,1
1.1733,1.1733,1,0.46704,0.38147,0.42425,0.41564,0.29426,0.34619,OPEN,,0,1
1.2105,1.2105,1,0.48187,0.41308,0.44748,0.42678,0.29426,0.34619,OPEN,,0,1
1.2396,1.2396,1,0.484,0.41827,0.45113,0.4353,0.29426,0.34619,OPEN,,0,1
1.277,1.277,1,0.54171,0.47867,0.51019,0.46151,0.29426,0.34619,OPEN,,0,1
1.3041,1.3041,1,0.5552,0.48991,0.52255,0.48288,0.29426,0.34619,OPEN,,0,1
1.3521,1.3521,1,0.54118,0.48889,0.51503,0.49413,0.29426,0.34619,OPEN,,0,1
1.3898,1.3898,1,0.53092,0.47906,0.50499,0.49793,0.29426,0.34619,OPEN,,0,1
1.4235,1.4235,1,0.47879,0.39165,0.43522,0.47598,0.29426,0.34619,OPEN,,0,1
1.4558,1.4558,1,0.48372,0.40218,0.44295,0.46442,0.29426,0.34619,OPEN,,0,1
1.4859,1.4859,1,0.50094,0.4329,0.46692,0.4653,0.29426,0.34619,OPEN,,0,1
1.5085,1.5085,1,0.50419,0.43502,0.46961,0.4668,0.29426,0.34619,OPEN,,0,1
1.5327,1.5327,1,0.50394,0.45124,0.47759,0.47058,0.29426,0.34619,OPEN,,0,1
1.5616,1.5616,1,0.51887,0.45363,0.48625,0.47607,0.29426,0.34619,OPEN,,0,1
1.5974,1.5974,1,0.52402,0.4484,0.48621,0.47962,0.29426,0.34619,OPEN,,0,1
1.6257,1.6257,1,0.52105,0.44113,0.48109,0.48013,0.29426,0.34619,OPEN,,0,1
1.6783,1.6783,1,0.47361,0.41511,0.44436,0.46761,0.29426,0.34619,OPEN,,0,1
1.7037,1.7037,1,0.47092,0.41852,0.44472,0.4596,0.29426,0.34619,OPEN,,0,1
1.7432,1.7432,1,0.50484,0.43931,0.47207,0.46397,0.29426,0.34619,OPEN,,0,1
1.7726,1.7726,1,0.50505,0.43891,0.47198,0.46677,0.29426,0.34619,OPEN,,0,1
1.8072,1.8072,1,0.53854,0.48022,0.50938,0.48168,0.29426,0.34619,OPEN,,0,1
1.8399,1.8399,1,0.54007,0.47921,0.50964,0.49147,0.29426,0.34619,OPEN,,0,1
1.8694,1.8694,1,0.5215,0.46028,0.49089,0.49126,0.29426,0.34619,OPEN,,0,1
1.9098,1.9098,1,0.51206,0.45128,0.48167,0.48791,0.29426,0.34619,OPEN,,0,1
1.9513,1.9513,1,0.50838,0.4676,0.48799,0.48794,0.29426,0.34619,OPEN,,0,1
1.9826,1.9826,1,0.49603,0.45454,0.47529,0.48351,0.29426,0.34619,OPEN,,0,1
2.0214,2.0214,1,0.50154,0.45407,0.4778,0.48151,0.29426,0.34619,OPEN,,0,1
2.053,2.053,1,0.49967,0.44948,0.47457,0.47908,0.29426,0.34619,OPEN,,0,1
2.0891,2.0891,1,0.1108,0.14119,0.126,0.3555,0.29426,0.34619,OPEN,,0,1
2.1185,2.1185,1,0.07244,0.07851,0.07547,,0.29426,0.34619,OPEN,,0,1
2.1559,2.1559,1,0.04959,0.03445,0.04202,,0.29426,0.34619,OPEN,,0,1
2.1905,2.1905,1,0.0463,0.03316,0.03973,,0.29426,0.34619,OPEN,,0,1
2.2236,2.2236,1,0.11894,0.02306,0.071,,0.29426,0.34619,OPEN,,0,1
2.2502,2.2502,1,0.16292,0.0507,0.10681,0.26846,0.29426,0.34619,CLOSING,,0,1
2.2902,2.2902,1,0.35885,0.32458,0.34171,0.2941,0.29426,0.34619,CLOSING,0.03995,0,1
2.3259,2.3259,1,0.39904,0.3898,0.39442,0.32921,0.29426,0.34619,CLOSING,,0,1
2.3593,2.3593,1,0.42474,0.40825,0.4165,0.35976,0.29426,0.34619,OPEN,,0,1
2.3887,2.3887,1,0.43786,0.41924,0.42855,0.38384,0.29426,0.34619,OPEN,,0,1
2.4265,2.4265,1,0.47795,0.45398,0.46596,0.41258,0.29426,0.34619,OPEN,,0,1
2.4553,2.4553,1,0.4816,0.45562,0.46861,0.43219,0.29426,0.34619,OPEN,,0,1
2.4993,2.4993,1,0.4835,0.45739,0.47045,0.44558,0.29426,0.34619,OPEN,,0,1
2.5293,2.5293,1,0.4811,0.4574,0.46925,0.45387,0.29426,0.34619,OPEN,,0,1
2.5626,2.5626,1,0.4687,0.44613,0.45741,0.45511,0.29426,0.34619,OPEN,,0,1
2.5981,2.5981,1,0.46513,0.43607,0.4506,0.45353,0.29426,0.34619,OPEN,,0,1
2.6293,2.6293,1,0.47504,0.43824,0.45664,0.45462,0.29426,0.34619,OPEN,,0,1
2.6556,2.6556,1,0.47806,0.43989,0.45897,0.45614,0.29426,0.34619,OPEN,,0,1
2.6898,2.6898,1,0.47437,0.4383,0.45634,0.45621,0.29426,0.34619,OPEN,,0,1
2.7095,2.7095,1,0.46978,0.43596,0.45287,0.45504,0.29426,0.34619,OPEN,,0,1
2.7356,2.7356,1,0.47426,0.44129,0.45778,0.456,0.29426,0.34619,OPEN,,0,1
2.7533,2.7533,1,0.47052,0.43782,0.45417,0.45536,0.29426,0.34619,OPEN,,0,1
2.8137,2.8137,1,0.49018,0.45431,0.47225,0.46127,0.29426,0.34619,OPEN,,0,1
2.8418,2.8418,1,0.49139,0.45222,0.47181,0.46496,0.29426,0.34619,OPEN,,0,1
2.8811,2.8811,1,0.47814,0.44057,0.45935,0.463,0.29426,0.34619,OPEN,,0,1
2.9022,2.9022,1,0.47278,0.43376,0.45327,0.45959,0.29426,0.34619,OPEN,,0,1
2.9433,2.9433,1,0.47595,0.43011,0.45303,0.4573,0.29426,0.34619,OPEN,,0,1
2.9726,2.9726,1,0.47018,0.42609,0.44814,0.45409,0.29426,0.34619,OPEN,,0,1
3.0141,3.0141,1,0.47473,0.43994,0.45734,0.45523,0.29426,0.34619,OPEN,,0,1
3.044,3.044,1,0.47207,0.43733,0.4547,0.45504,0.29426,0.34619,OPEN,,0,1
3.0818,3.0818,1,0.47278,0.43504,0.45391,0.45465,0.29426,0.34619,OPEN,,0,1
3.1115,3.1115,1,0.47429,0.43615,0.45522,0.45485,0.29426,0.34619,OPEN,,0,1
3.1432,3.1432,1,0.47543,0.43671,0.45607,0.45527,0.29426,0.34619,OPEN,,0,1
3.1806,3.1806,1,0.4738,0.43829,0.45604,0.45554,0.29426,0.34619,OPEN,,0,1
3.2223,3.2223,1,0.46964,0.43974,0.45469,0.45524,0.29426,0.34619,OPEN,,0,1
3.256,3.256,1,0.46731,0.43646,0.45189,0.45407,0.29426,0.34619,OPEN,,0,1
3.2881,3.2881,1,0.45064,0.42034,0.43549,0.44757,0.29426,0.34619,OPEN,,0,1
3.3216,3.3216,1,0.44445,0.40952,0.42699,0.44036,0.29426,0.34619,OPEN,,0,1
3.3563,3.3563,1,0.44473,0.41075,0.42774,0.43595,0.29426,0.34619,OPEN,,0,1
3.3901,3.3901,1,0.44525,0.41621,0.43073,0.43412,0.29426,0.34619,OPEN,,0,1
3.4222,3.4222,1,0.44369,0.41869,0.43119,0.4331,0.29426,0.34619,OPEN,,0,1
3.4506,3.4506,1,0.44028,0.41111,0.42569,0.4305,0.29426,0.34619,OPEN,,0,1
3.4808,3.4808,1,0.4475,0.41612,0.43181,0.43096,0.29426,0.34619,OPEN,,0,1
3.5076,3.5076,1,0.45086,0.41682,0.43384,0.43197,0.29426,0.34619,OPEN,,0,1
3.5393,3.5393,1,0.45356,0.4185,0.43603,0.43339,0.29426,0.34619,OPEN,,0,1
3.5734,3.5734,1,0.45268,0.42072,0.4367,0.43455,0.29426,0.34619,OPEN,,0,1
3.6126,3.6126,1,0.44853,0.41673,0.43263,0.43388,0.29426,0.34619,OPEN,,0,1
3.64,3.64,1,0.4477,0.41642,0.43206,0.43324,0.29426,0.34619,OPEN,,0,1
3.6774,3.6774,1,0.46017,0.41735,0.43876,0.43517,0.29426,0.34619,OPEN,,0,1
3.7046,3.7046,1,0.45989,0.41465,0.43727,0.43591,0.29426,0.34619,OPEN,,0,1
3.7412,3.7412,1,0.45774,0.41448,0.43611,0.43598,0.29426,0.34619,OPEN,,0,1
3.7695,3.7695,1,0.45794,0.41758,0.43776,0.4366,0.29426,0.34619,OPEN,,0,1
3.8074,3.8074,1,0.44937,0.41389,0.43163,0.43486,0.29426,0.34619,OPEN,,0,1
3.8401,3.8401,1,0.4487,0.41082,0.42976,0.43308,0.29426,0.34619,OPEN,,0,1
3.888,3.888,1,0.44807,0.41056,0.42931,0.43176,0.29426,0.34619,OPEN,,0,1
3.9229,3.9229,1,0.4474,0.41021,0.42881,0.43073,0.29426,0.34619,OPEN,,0,1
3.9465,3.9465,1,0.44687,0.41002,0.42844,0.42993,0.29426,0.34619,OPEN,,0,1
3.9776,3.9776,1,0.44896,0.42026,0.43461,0.43157,0.29426,0.34619,OPEN,,0,1
4.0143,4.0143,1,0.45756,0.4244,0.44098,0.43486,0.29426,0.34619,OPEN,,0,1
4.0517,4.0517,1,0.46265,0.42665,0.44465,0.43829,0.29426,0.34619,OPEN,,0,1
4.0876,4.0876,1,0.4575,0.41842,0.43796,0.43817,0.29426,0.34619,OPEN,,0,1
4.1254,4.1254,1,0.45548,0.41181,0.43365,0.43659,0.29426,0.34619,OPEN,,0,1
4.1523,4.1523,1,0.43,0.3933,0.41165,0.42786,0.29426,0.34619,OPEN,,0,1
4.188,4.188,1,0.42494,0.3915,0.40822,0.42099,0.29426,0.34619,OPEN,,0,1
4.2196,4.2196,1,0.42298,0.3934,0.40819,0.41651,0.29426,0.34619,OPEN,,0,1
4.2445,4.2445,1,0.42431,0.39311,0.40871,0.41378,0.29426,0.34619,OPEN,,0,1
4.2731,4.2731,1,0.42559,0.39337,0.40948,0.41227,0.29426,0.34619,OPEN,,0,1
4.3049,4.3049,1,0.37501,0.30005,0.33753,0.38611,0.29426,0.34619,OPEN,,0,1
4.3388,4.3388,1,0.37775,0.31054,0.34415,0.37142,0.29426,0.34619,OPEN,,0,1
4.3631,4.3631,1,0.38631,0.32546,0.35588,0.36598,0.29426,0.34619,OPEN,,0,1
4.4145,4.4145,1,0.35843,0.26678,0.3126,0.3473,0.29426,0.34619,OPEN,,0,1
4.4424,4.4424,1,0.3529,0.28566,0.31928,0.33749,0.29426,0.34619,OPEN,,0,1
4.4778,4.4778,1,0.40088,0.36399,0.38243,0.35322,0.29426,0.34619,OPEN,,0,1
4.4987,4.4987,1,0.40674,0.37366,0.3902,0.36617,0.29426,0.34619,OPEN,,0,1
4.5436,4.5436,1,0.43267,0.39482,0.41374,0.38282,0.29426,0.34619,OPEN,,0,1
4.5713,4.5713,1,0.42709,0.38887,0.40798,0.39162,0.29426,0.34619,OPEN,,0,1
4.6068,4.6068,1,0.39655,0.36775,0.38215,0.38831,0.29426,0.34619,OPEN,,0,1
4.6396,4.6396,1,0.39446,0.37107,0.38277,0.38637,0.29426,0.34619,OPEN,,0,1
4.6691,4.6691,1,0.39849,0.37436,0.38643,0.38639,0.29426,0.34619,OPEN,,0,1
4.7099,4.7099,1,0.40473,0.37713,0.39093,0.38798,0.29426,0.34619,OPEN,,0,1
4.7505,4.7505,1,0.4095,0.37748,0.39349,0.38991,0.29426,0.34619,OPEN,,0,1
4.7856,4.7856,1,0.4227,0.388,0.40535,0.39531,0.29426,0.34619,OPEN,,0,1
4.8222,4.8222,1,0.4205,0.39372,0.40711,0.39944,0.29426,0.34619,OPEN,,0,1
4.8478,4.8478,1,0.43061,0.39451,0.41256,0.40403,0.29426,0.34619,OPEN,,0,1
4.8867,4.8867,1,0.42564,0.39458,0.41011,0.40616,0.29426,0.34619,OPEN,,0,1
4.9289,4.9289,1,0.42373,0.38362,0.40367,0.40529,0.29426,0.34619,OPEN,,0,1
4.9593,4.9593,1,0.42677,0.38645,0.40661,0.40575,0.29426,0.34619,OPEN,,0,1
4.9883,4.9883,1,0.43131,0.3911,0.41121,0.40766,0.29426,0.34619,OPEN,,0,1
5.0265,5.0265,1,0.44078,0.38933,0.41506,0.41025,0.29426,0.34619,OPEN,,0,1
5.0696,5.0696,1,0.44137,0.39456,0.41796,0.41295,0.29426,0.34619,OPEN,,0,1
5.1007,5.1007,1,0.44274,0.39916,0.42095,0.41575,0.29426,0.34619,OPEN,,0,1
5.1399,5.1399,1,0.4421,0.41202,0.42706,0.41971,0.29426,0.34619,OPEN,,0,1
5.171,5.171,1,0.44368,0.41375,0.42872,0.42286,0.29426,0.34619,OPEN,,0,1
5.2141,5.2141,1,0.45105,0.41585,0.43345,0.42657,0.29426,0.34619,OPEN,,0,1
5.2366,5.2366,1,0.46081,0.42449,0.44265,0.4322,0.29426,0.34619,OPEN,,0,1
5.2556,5.2556,1,0.4643,0.42224,0.44327,0.43607,0.29426,0.34619,OPEN,,0,1
5.2786,5.2786,1,0.46598,0.4271,0.44654,0.43973,0.29426,0.34619,OPEN,,0,1
5.3093,5.3093,1,0.46682,0.42912,0.44797,0.44262,0.29426,0.34619,OPEN,,0,1
5.3446,5.3446,1,0.45661,0.42324,0.43992,0.44167,0.29426,0.34619,OPEN,,0,1
5.3725,5.3725,1,0.45919,0.42591,0.44255,0.44198,0.29426,0.34619,OPEN,,0,1
5.3905,5.3905,1,0.46144,0.42713,0.44429,0.44279,0.29426,0.34619,OPEN,,0,1
5.4206,5.4206,1,0.46254,0.4252,0.44387,0.44317,0.29426,0.34619,OPEN,,0,1
5.441,5.441,1,0.46284,0.42424,0.44354,0.4433,0.29426,0.34619,OPEN,,0,1
5.4866,5.4866,1,0.45108,0.41345,0.43226,0.43944,0.29426,0.34619,OPEN,,0,1
5.5112,5.5112,1,0.44375,0.40425,0.424,0.43403,0.29426,0.34619,OPEN,,0,1
5.55,5.55,1,0.44559,0.40498,0.42528,0.43097,0.29426,0.34619,OPEN,,0,1
5.6158,5.6158,1,0.43195,0.39596,0.41396,0.42502,0.29426,0.34619,OPEN,,0,1
5.6434,5.6434,1,0.43706,0.4064,0.42173,0.42386,0.29426,0.34619,OPEN,,0,1
5.6774,5.6774,1,0.43589,0.40546,0.42067,0.42275,0.29426,0.34619,OPEN,,0,1
5.7043,5.7043,1,0.44069,0.40608,0.42339,0.42297,0.29426,0.34619,OPEN,,0,1
5.7415,5.7415,1,0.42728,0.40319,0.41523,0.42026,0.29426,0.34619,OPEN,,0,1
5.7644,5.7644,1,0.42708,0.39621,0.41165,0.41725,0.29426,0.34619,OPEN,,0,1
5.7857,5.7857,1,0.42771,0.39378,0.41074,0.41497,0.29426,0.34619,OPEN,,0,1
5.8237,5.8237,1,0.44429,0.40935,0.42682,0.41912,0.29426,0.34619,OPEN,,0,1
5.8553,5.8553,1,0.45017,0.40958,0.42987,0.42288,0.29426,0.34619,OPEN,,0,1
5.8881,5.8881,1,0.46043,0.41161,0.43602,0.42748,0.29426,0.34619,OPEN,,0,1
5.9203,5.9203,1,0.46628,0.41664,0.44146,0.43238,0.29426,0.34619,OPEN,,0,1
5.9473,5.9473,1,0.46037,0.4139,0.43714,0.43404,0.29426,0.34619,OPEN,,0,1
6.0139,6.0139,1,0.45699,0.41926,0.43812,0.43547,0.29426,0.34619,OPEN,,0,1
6.04,6.04,1,0.45552,0.41268,0.4341,0.43499,0.29426,0.34619,OPEN,,0,1
6.0808,6.0808,1,0.45077,0.40647,0.42862,0.43276,0.29426,0.34619,OPEN,,0,1
6.1036,6.1036,1,0.44612,0.40779,0.42695,0.43073,0.29426,0.34619,OPEN,,0,1
6.1348,6.1348,1,0.44072,0.41021,0.42546,0.42889,0.29426,0.34619,OPEN,,0,1
6.1595,6.1595,1,0.45226,0.42933,0.4408,0.43305,0.29426,0.34619,OPEN,,0,1
6.1867,6.1867,1,0.4532,0.42511,0.43916,0.43519,0.29426,0.34619,OPEN,,0,1
6.2229,6.2229,1,0.25928,0.21924,0.23926,0.36662,0.29426,0.34619,OPEN,,0,1
6.2543,6.2543,1,0.2235,0.20361,0.21356,0.31304,0.29426,0.34619,OPEN,,0,1
6.2861,6.2861,1,0.11739,0.14205,0.12972,0.24888,0.29426,0.34619,CLOSING,,0,1
6.3119,6.3119,1,0.1376,0.14564,0.14162,0.21134,0.29426,0.34619,CLOSING,0.02579,0,1
6.3518,6.3518,1,0.14093,0.15494,0.14793,0.18915,0.29426,0.34619,CLOSED,0.06572,0,1
6.4147,6.4147,1,0.24772,0.20796,0.22784,0.20269,0.29426,0.34619,CLOSED,0.12861,0,1
6.439,6.439,1,0.25674,0.216,0.23637,0.21448,0.29426,0.34619,CLOSED,0.15287,0,1
6.4799,6.4799,1,0.34013,0.29681,0.31847,0.25088,0.29426,0.34619,CLOSED,0.19384,0,1
6.5068,6.5068,1,0.37403,0.32922,0.35162,0.28614,0.29426,0.34619,CLOSED,0.22071,0,1
6.5374,6.5374,1,0.39624,0.35078,0.37351,0.31672,0.29426,0.34619,CLOSED,0.25128,0,1
6.5648,6.5648,1,0.44935,0.42014,0.43475,0.35803,0.29426,0.34619,OPENING,0.27867,0,1
6.587,6.587,1,0.46497,0.44093,0.45295,0.39125,0.29426,0.34619,OPEN,0.30088,1,2
6.6218,6.6218,1,0.48162,0.46302,0.47232,0.41963,0.29426,0.34619,OPEN,,0,2
6.6394,6.6394,1,0.48138,0.46385,0.47261,0.43817,0.29426,0.34619,OPEN,,0,2
6.6849,6.6849,1,0.49044,0.46106,0.47575,0.45132,0.29426,0.34619,OPEN,,0,2
6.7046,6.7046,1,0.49226,0.4563,0.47428,0.45936,0.29426,0.34619,OPEN,,0,2
6.7495,6.7495,1,0.50657,0.4665,0.48654,0.46887,0.29426,0.34619,OPEN,,0,2
6.8146,6.8146,1,0.49159,0.45526,0.47342,0.47046,0.29426,0.34619,OPEN,,0,2
6.8344,6.8344,1,0.4873,0.44992,0.46861,0.46981,0.29426,0.34619,OPEN,,0,2
6.8758,6.8758,1,0.46875,0.44135,0.45505,0.46465,0.29426,0.34619,OPEN,,0,2
6.8927,6.8927,1,0.46826,0.43931,0.45379,0.46085,0.29426,0.34619,OPEN,,0,2
6.925,6.925,1,0.46515,0.43784,0.4515,0.45757,0.29426,0.34619,OPEN,,0,2
6.9597,6.9597,1,0.48947,0.44115,0.46531,0.46028,0.29426,0.34619,OPEN,,0,2
6.9866,6.9866,1,0.49337,0.44823,0.4708,0.46396,0.29426,0.34619,OPEN,,0,2
7.0267,7.0267,1,0.4932,0.45234,0.47277,0.46704,0.29426,0.34619,OPEN,,0,2
7.0573,7.0573,1,0.48026,0.44217,0.46122,0.465,0.29426,0.34619,OPEN,,0,2
7.0871,7.0871,1,0.48526,0.44772,0.46649,0.46552,0.29426,0.34619,OPEN,,0,2
7.1217,7.1217,1,0.48618,0.44984,0.46801,0.46639,0.29426,0.34619,OPEN,,0,2
7.1497,7.1497,1,0.46543,0.41844,0.44194,0.45783,0.29426,0.34619,OPEN,,0,2
7.2142,7.2142,1,0.10558,0.13596,0.12077,0.33986,0.29426,0.34619,OPEN,,0,2
7.2365,7.2365,1,0.06644,0.10073,0.08359,,0.29426,0.34619,OPEN,,0,2
7.2546,7.2546,1,0.06591,0.0961,0.081,,0.29426,0.34619,OPEN,,0,2
7.2932,7.2932,1,0.09285,0.12294,0.10789,0.25867,0.29426,0.34619,CLOSING,,0,2
7.3185,7.3185,1,0.06903,0.10785,0.08844,,0.29426,0.34619,CLOSING,,0,2
7.3604,7.3604,1,0.14712,0.18819,0.16766,0.22682,0.29426,0.34619,CLOSED,0.06724,0,2
7.3868,7.3868,1,0.19836,0.2591,0.22873,0.22749,0.29426,0.34619,CLOSED,0.09363,0,2
7.4218,7.4218,1,0.35833,0.34701,0.35267,0.2713,0.29426,0.34619,CLOSED,0.12858,0,2
7.4422,7.4422,1,0.39839,0.37626,0.38732,0.31191,0.29426,0.34619,CLOSED,0.149,0,2
7.4882,7.4882,1,0.44373,0.41365,0.42869,0.35278,0.29426,0.34619,OPENING,0.19503,0,2
7.5052,7.5052,1,0.45164,0.42064,0.43614,0.38196,0.29426,0.34619,OPEN,0.21202,1,3
7.5498,7.5498,1,0.46821,0.43912,0.45366,0.40705,0.29426,0.34619,OPEN,,0,3
7.6126,7.6126,1,0.49496,0.45155,0.47326,0.43023,0.29426,0.34619,OPEN,,0,3
7.6373,7.6373,1,0.49478,0.45236,0.47357,0.4454,0.29426,0.34619,OPEN,,0,3
7.6547,7.6547,1,0.49497,0.45413,0.47455,0.4556,0.29426,0.34619,OPEN,,0,3
7.6953,7.6953,1,0.49573,0.46254,0.47914,0.46384,0.29426,0.34619,OPEN,,0,3
7.721,7.721,1,0.49136,0.4584,0.47488,0.4677,0.29426,0.34619,OPEN,,0,3
7.7577,7.7577,1,0.48097,0.45151,0.46624,0.46719,0.29426,0.34619,OPEN,,0,3
7.7877,7.7877,1,0.47549,0.44817,0.46183,0.46531,0.29426,0.34619,OPEN,,0,3
7.8229,7.8229,1,0.4804,0.44606,0.46323,0.46458,0.29426,0.34619,OPEN,,0,3
7.8542,7.8542,1,0.4798,0.44514,0.46247,0.46384,0.29426,0.34619,OPEN,,0,3
7.8865,7.8865,1,0.48326,0.45036,0.46681,0.46488,0.29426,0.34619,OPEN,,0,3
7.9175,7.9175,1,0.48242,0.44969,0.46606,0.46529,0.29426,0.34619,OPEN,,0,3
7.9509,7.9509,1,0.48159,0.44512,0.46336,0.46462,0.29426,0.34619,OPEN,,0,3
8.0313,8.0313,1,0.48093,0.44159,0.46126,0.46344,0.29426,0.34619,OPEN,,0,3
8.0516,8.0516,1,0.48091,0.44205,0.46148,0.46276,0.29426,0.34619,OPEN,,0,3
8.0708,8.0708,1,0.48123,0.44236,0.4618,0.46242,0.29426,0.34619,OPEN,,0,3
8.0927,8.0927,1,0.48231,0.44354,0.46292,0.4626,0.29426,0.34619,OPEN,,0,3
8.1207,8.1207,1,0.48304,0.4456,0.46432,0.4632,0.29426,0.34619,OPEN,,0,3
8.1562,8.1562,1,0.48364,0.45602,0.46983,0.46552,0.29426,0.34619,OPEN,,0,3
8.1862,8.1862,1,0.48129,0.45138,0.46633,0.4658,0.29426,0.34619,OPEN,,0,3
8.221,8.221,1,0.48495,0.45372,0.46934,0.46704,0.29426,0.34619,OPEN,,0,3
8.2371,8.2371,1,0.48635,0.45431,0.47033,0.46819,0.29426,0.34619,OPEN,,0,3
8.2856,8.2856,1,0.47965,0.44965,0.46465,0.46695,0.29426,0.34619,OPEN,,0,3
8.3037,8.3037,1,0.48004,0.45172,0.46588,0.46658,0.29426,0.34619,OPEN,,0,3
8.3551,8.3551,1,0.48291,0.44898,0.46595,0.46636,0.29426,0.34619,OPEN,,0,3
8.3726,8.3726,1,0.48384,0.4495,0.46667,0.46647,0.29426,0.34619,OPEN,,0,3
8.4292,8.4292,1,0.49318,0.46486,0.47902,0.47086,0.29426,0.34619,OPEN,,0,3
8.4537,8.4537,1,0.48893,0.46051,0.47472,0.47221,0.29426,0.34619,OPEN,,0,3
8.4943,8.4943,1,0.49139,0.45247,0.47193,0.47211,0.29426,0.34619,OPEN,,0,3
8.5185,8.5185,1,0.49291,0.45319,0.47305,0.47244,0.29426,0.34619,OPEN,,0,3
8.5598,8.5598,1,0.47874,0.44833,0.46354,0.46932,0.29426,0.34619,OPEN,,0,3
8.5862,8.5862,1,0.47469,0.44529,0.45999,0.46606,0.29426,0.34619,OPEN,,0,3
8.6215,8.6215,1,0.47445,0.44311,0.45878,0.46351,0.29426,0.34619,OPEN,,0,3
8.6371,8.6371,1,0.47391,0.44221,0.45806,0.4616,0.29426,0.34619,OPEN,,0,3
8.6862,8.6862,1,0.4697,0.4398,0.45475,0.4592,0.29426,0.34619,OPEN,,0,3
8.7216,8.7216,1,0.46905,0.43812,0.45359,0.45724,0.29426,0.34619,OPEN,,0,3
8.7495,8.7495,1,0.47401,0.44116,0.45759,0.45736,0.29426,0.34619,OPEN,,0,3
8.7692,8.7692,1,0.47774,0.44316,0.46045,0.45844,0.29426,0.34619,OPEN,,0,3
8.8349,8.8349,1,0.4773,0.44286,0.46008,0.45902,0.29426,0.34619,OPEN,,0,3
8.8715,8.8715,1,0.47952,0.44553,0.46252,0.46024,0.29426,0.34619,OPEN,,0,3
8.9032,8.9032,1,0.47282,0.43383,0.45333,0.45782,0.29426,0.34619,OPEN,,0,3
8.9297,8.9297,1,0.46875,0.42955,0.44915,0.45479,0.29426,0.34619,OPEN,,0,3
8.9579,8.9579,1,0.47566,0.43796,0.45681,0.4555,0.29426,0.34619,OPEN,,0,3
8.9876,8.9876,1,0.4789,0.44169,0.4603,0.45718,0.29426,0.34619,OPEN,,0,3
9.0226,9.0226,1,0.47652,0.44392,0.46022,0.45824,0.29426,0.34619,OPEN,,0,3
9.0518,9.0518,1,0.4742,0.44238,0.45829,0.45826,0.29426,0.34619,OPEN,,0,3
9.0887,9.0887,1,0.47198,0.44247,0.45722,0.4579,0.29426,0.34619,OPEN,,0,3
9.1212,9.1212,1,0.47049,0.44293,0.45671,0.45748,0.29426,0.34619,OPEN,,0,3
9.1674,9.1674,1,0.47051,0.42936,0.44993,0.45484,0.29426,0.34619,OPEN,,0,3
9.2025,9.2025,1,0.47095,0.42977,0.45036,0.45327,0.29426,0.34619,OPEN,,0,3
9.2369,9.2369,1,0.47366,0.4331,0.45338,0.45331,0.29426,0.34619,OPEN,,0,3
9.2708,9.2708,1,0.47414,0.43373,0.45394,0.45353,0.29426,0.34619,OPEN,,0,3
9.2967,9.2967,1,0.47541,0.43448,0.45494,0.45402,0.29426,0.34619,OPEN,,0,3
9.32,9.32,1,0.47582,0.43397,0.45489,0.45433,0.29426,0.34619,OPEN,,0,3
9.3586,9.3586,1,0.47841,0.43696,0.45768,0.4555,0.29426,0.34619,OPEN,,0,3
9.3861,9.3861,1,0.48039,0.44188,0.46114,0.45747,0.29426,0.34619,OPEN,,0,3
9.424,9.424,1,0.47596,0.43816,0.45706,0.45733,0.29426,0.34619,OPEN,,0,3
9.4527,9.4527,1,0.47525,0.44081,0.45803,0.45757,0.29426,0.34619,OPEN,,0,3
9.4927,9.4927,1,0.47749,0.44586,0.46167,0.45901,0.29426,0.34619,OPEN,,0,3
9.5196,9.5196,1,0.47791,0.44899,0.46345,0.46056,0.29426,0.34619,OPEN,,0,3
9.5654,9.5654,1,0.46942,0.44164,0.45553,0.4588,0.29426,0.34619,OPEN,,0,3
9.6023,9.6023,1,0.4665,0.43979,0.45315,0.45682,0.29426,0.34619,OPEN,,0,3
9.6348,9.6348,1,0.46771,0.44148,0.4546,0.45604,0.29426,0.34619,OPEN,,0,3
9.669,9.669,1,0.47037,0.44487,0.45762,0.45659,0.29426,0.34619,OPEN,,0,3
9.6947,9.6947,1,0.47089,0.44491,0.4579,0.45705,0.29426,0.34619,OPEN,,0,3
9.7202,9.7202,1,0.4715,0.44563,0.45857,0.45758,0.29426,0.34619,OPEN,,0,3
9.7599,9.7599,1,0.47136,0.44424,0.4578,0.45766,0.29426,0.34619,OPEN,,0,3
9.7767,9.7767,1,0.47051,0.4436,0.45706,0.45745,0.29426,0.34619,OPEN,,0,3
9.823,9.823,1,0.47138,0.44919,0.46028,0.45844,0.29426,0.34619,OPEN,,0,3
9.8529,9.8529,1,0.47133,0.44928,0.46031,0.45909,0.29426,0.34619,OPEN,,0,3
9.8874,9.8874,1,0.47239,0.45103,0.46171,0.46001,0.29426,0.34619,OPEN,,0,3
9.9186,9.9186,1,0.47273,0.45174,0.46224,0.46079,0.29426,0.34619,OPEN,,0,3
9.9708,9.9708,1,0.46764,0.44241,0.45503,0.45877,0.29426,0.34619,OPEN,,0,3
10.0026,10.0026,1,0.46311,0.43897,0.45104,0.45607,0.29426,0.34619,OPEN,,0,3
10.0299,10.0299,1,0.46526,0.44088,0.45307,0.45502,0.29426,0.34619,OPEN,,0,3
10.0537,10.0537,1,0.46435,0.44019,0.45227,0.45405,0.29426,0.34619,OPEN,,0,3
10.0946,10.0946,1,0.46581,0.44122,0.45352,0.45387,0.29426,0.34619,OPEN,,0,3
10.1175,10.1175,1,0.46284,0.43645,0.44965,0.45239,0.29426,0.34619,OPEN,,0,3
10.1574,10.1574,1,0.4642,0.43401,0.44911,0.45124,0.29426,0.34619,OPEN,,0,3
10.187,10.187,1,0.46389,0.43224,0.44807,0.45013,0.29426,0.34619,OPEN,,0,3
10.2249,10.2249,1,0.46554,0.43408,0.44981,0.45002,0.29426,0.34619,OPEN,,0,3
10.25,10.25,1,0.46778,0.43534,0.45156,0.45056,0.29426,0.34619,OPEN,,0,3
10.3019,10.3019,1,0.46709,0.43523,0.45116,0.45077,0.29426,0.34619,OPEN,,0,3
10.3357,10.3357,1,0.4671,0.43498,0.45104,0.45086,0.29426,0.34619,OPEN,,0,3
10.3642,10.3642,1,0.46794,0.44301,0.45547,0.45248,0.29426,0.34619,OPEN,,0,3
10.385,10.385,1,0.46776,0.44355,0.45566,0.45359,0.29426,0.34619,OPEN,,0,3
10.4313,10.4313,1,0.467,0.44181,0.45441,0.45387,0.29426,0.34619,OPEN,,0,3
10.4691,10.4691,1,0.46695,0.4409,0.45393,0.45389,0.29426,0.34619,OPEN,,0,3
10.5022,10.5022,1,0.47187,0.44804,0.45996,0.45602,0.29426,0.34619,OPEN,,0,3
10.5195,10.5195,1,0.47315,0.44883,0.46099,0.45776,0.29426,0.34619,OPEN,,0,3
10.5565,10.5565,1,0.473,0.4504,0.4617,0.45914,0.29426,0.34619,OPEN,,0,3
10.5742,10.5742,1,0.47222,0.44935,0.46078,0.45971,0.29426,0.34619,OPEN,,0,3
10.6205,10.6205,1,0.47845,0.45939,0.46892,0.46293,0.29426,0.34619,OPEN,,0,3
10.635,10.635,1,0.47969,0.46104,0.47037,0.46554,0.29426,0.34619,OPEN,,0,3
10.7099,10.7099,1,0.48916,0.46447,0.47681,0.46948,0.29426,0.34619,OPEN,,0,3
10.7362,10.7362,1,0.49,0.46441,0.4772,0.47219,0.29426,0.34619,OPEN,,0,3
10.7633,10.7633,1,0.48327,0.45377,0.46852,0.4709,0.29426,0.34619,OPEN,,0,3
10.7847,10.7847,1,0.48312,0.44887,0.46599,0.46918,0.29426,0.34619,OPEN,,0,3
10.8307,10.8307,1,0.48266,0.4496,0.46613,0.46811,0.29426,0.34619,OPEN,,0,3
10.8711,10.8711,1,0.4827,0.44814,0.46542,0.46717,0.29426,0.34619,OPEN,,0,3
10.902,10.902,1,0.48491,0.45267,0.46879,0.46774,0.29426,0.34619,OPEN,,0,3
10.9204,10.9204,1,0.48113,0.45223,0.46668,0.46737,0.29426,0.34619,OPEN,,0,3
10.9644,10.9644,1,0.48046,0.45282,0.46664,0.46711,0.29426,0.34619,OPEN,,0,3
10.9863,10.9863,1,0.47758,0.45046,0.46402,0.46603,0.29426,0.34619,OPEN,,0,3
11.0207,11.0207,1,0.4748,0.44824,0.46152,0.46445,0.29426,0.34619,OPEN,,0,3
11.0483,11.0483,1,0.47421,0.44773,0.46097,0.46323,0.29426,0.34619,OPEN,,0,3
11.1056,11.1056,1,0.46193,0.43646,0.44919,0.45832,0.29426,0.34619,OPEN,,0,3
11.137,11.137,1,0.46723,0.43819,0.45271,0.45636,0.29426,0.34619,OPEN,,0,3
11.1696,11.1696,1,0.47033,0.44479,0.45756,0.45678,0.29426,0.34619,OPEN,,0,3
11.1861,11.1861,1,0.46879,0.44308,0.45594,0.45648,0.29426,0.34619,OPEN,,0,3
11.2299,11.2299,1,0.47563,0.44402,0.45983,0.45765,0.29426,0.34619,OPEN,,0,3
11.2514,11.2514,1,0.47618,0.44053,0.45836,0.4579,0.29426,0.34619,OPEN,,0,3
11.2947,11.2947,1,0.47726,0.44217,0.45972,0.45854,0.29426,0.34619,OPEN,,0,3
11.3188,11.3188,1,0.47837,0.44158,0.45997,0.45904,0.29426,0.34619,OPEN,,0,3
11.361,11.361,1,0.48343,0.44394,0.46368,0.46066,0.29426,0.34619,OPEN,,0,3
11.3822,11.3822,1,0.48308,0.44607,0.46457,0.46203,0.29426,0.34619,OPEN,,0,3
11.4397,11.4397,1,0.4832,0.4463,0.46475,0.46298,0.29426,0.34619,OPEN,,0,3
11.4632,11.4632,1,0.48261,0.4457,0.46415,0.46339,0.29426,0.34619,OPEN,,0,3
11.5027,11.5027,1,0.48318,0.45061,0.46689,0.46462,0.29426,0.34619,OPEN,,0,3
11.54,11.54,1,0.47881,0.44958,0.46419,0.46447,0.29426,0.34619,OPEN,,0,3
11.5686,11.5686,1,0.48186,0.45888,0.47037,0.46653,0.29426,0.34619,OPEN,,0,3
11.6035,11.6035,1,0.48161,0.4584,0.47,0.46775,0.29426,0.34619,OPEN,,0,3
11.6341,11.6341,1,0.48111,0.45523,0.46817,0.46789,0.29426,0.34619,OPEN,,0,3
11.6505,11.6505,1,0.4808,0.45385,0.46732,0.46769,0.29426,0.34619,OPEN,,0,3
11.6946,11.6946,1,0.47478,0.45036,0.46257,0.4659,0.29426,0.34619,OPEN,,0,3
11.732,11.732,1,0.46777,0.44526,0.45652,0.46262,0.29426,0.34619,OPEN,,0,3
11.7569,11.7569,1,0.46974,0.44311,0.45643,0.46045,0.29426,0.34619,OPEN,,0,3
11.7844,11.7844,1,0.47039,0.43994,0.45516,0.4586,0.29426,0.34619,OPEN,,0,3
11.841,11.841,1,0.46261,0.43841,0.45051,0.45577,0.29426,0.34619,OPEN,,0,3
11.8664,11.8664,1,0.46178,0.43676,0.44927,0.4535,0.29426,0.34619,OPEN,,0,3
11.9016,11.9016,1,0.46356,0.43229,0.44793,0.45155,0.29426,0.34619,OPEN,,0,3
11.9253,11.9253,1,0.46417,0.43244,0.44831,0.45041,0.29426,0.34619,OPEN,,0,3
11.9674,11.9674,1,0.46004,0.43187,0.44596,0.44885,0.29426,0.34619,OPEN,,0,3
11.9996,11.9996,1,0.45593,0.43122,0.44358,0.44701,0.29426,0.34619,OPEN,,0,3
12.0294,12.0294,1,0.45817,0.43403,0.4461,0.44669,0.29426,0.34619,OPEN,,0,3
12.0528,12.0528,1,0.45652,0.4297,0.44311,0.44543,0.29426,0.34619,OPEN,,0,3
12.0953,12.0953,1,0.45887,0.42987,0.44437,0.44506,0.29426,0.34619,OPEN,,0,3
12.1327,12.1327,1,0.45983,0.43021,0.44502,0.44505,0.29426,0.34619,OPEN,,0,3
12.1758,12.1758,1,0.4456,0.42862,0.43711,0.44227,0.29426,0.34619,OPEN,,0,3
12.2037,12.2037,1,0.45032,0.43485,0.44259,0.44238,0.29426,0.34619,OPEN,,0,3
12.2423,12.2423,1,0.4569,0.43404,0.44547,0.44346,0.29426,0.34619,OPEN,,0,3
12.268,12.268,1,0.45961,0.43403,0.44682,0.44464,0.29426,0.34619,OPEN,,0,3
12.3059,12.3059,1,0.45602,0.43289,0.44446,0.44457,0.29426,0.34619,OPEN,,0,3
12.3349,12.3349,1,0.45588,0.43134,0.44361,0.44424,0.29426,0.34619,OPEN,,0,3
12.3675,12.3675,1,0.47087,0.44429,0.45758,0.44891,0.29426,0.34619,OPEN,,0,3
12.4014,12.4014,1,0.47846,0.45102,0.46474,0.45445,0.29426,0.34619,OPEN,,0,3
12.436,12.436,1,0.47581,0.45179,0.4638,0.45772,0.29426,0.34619,OPEN,,0,3
12.4611,12.4611,1,0.47059,0.449,0.45979,0.45845,0.29426,0.34619,OPEN,,0,3
12.4967,12.4967,1,0.47028,0.45289,0.46159,0.45954,0.29426,0.34619,OPEN,,0,3
12.519,12.519,1,0.46966,0.45196,0.46081,0.45999,0.29426,0.34619,OPEN,,0,3
12.5725,12.5725,1,0.47347,0.44782,0.46064,0.46022,0.29426,0.34619,OPEN,,0,3
12.5985,12.5985,1,0.47419,0.447,0.4606,0.46035,0.29426,0.34619,OPEN,,0,3
12.6371,12.6371,1,0.47741,0.4527,0.46506,0.462,0.29426,0.34619,OPEN,,0,3
12.6535,12.6535,1,0.47925,0.45453,0.46689,0.46371,0.29426,0.34619,OPEN,,0,3
12.7007,12.7007,1,0.47467,0.45241,0.46354,0.46365,0.29426,0.34619,OPEN,,0,3
12.7185,12.7185,1,0.47502,0.45356,0.46429,0.46387,0.29426,0.34619,OPEN,,0,3
12.7655,12.7655,1,0.47931,0.45214,0.46572,0.46452,0.29426,0.34619,OPEN,,0,3
12.792,12.792,1,0.48229,0.45229,0.46729,0.46549,0.29426,0.34619,OPEN,,0,3
12.8309,12.8309,1,0.4874,0.45221,0.46981,0.467,0.29426,0.34619,OPEN,,0,3
12.8522,12.8522,1,0.48567,0.44926,0.46747,0.46716,0.29426,0.34619,OPEN,,0,3
12.8947,12.8947,1,0.49882,0.46803,0.48343,0.47286,0.29426,0.34619,OPEN,,0,3
12.9184,12.9184,1,0.49523,0.46445,0.47984,0.4753,0.29426,0.34619,OPEN,,0,3
12.9807,12.9807,1,0.40171,0.323,0.36235,0.43577,0.29426,0.34619,OPEN,,0,3
13.0015,13.0015,1,0.37785,0.30053,0.33919,0.40197,0.29426,0.34619,OPEN,,0,3
13.0377,13.0377,1,0.10167,0.12319,0.11243,0.30063,0.29426,0.34619,OPEN,,0,3
13.0584,13.0584,1,0.0588,0.09311,0.07596,,0.29426,0.34619,OPEN,,0,3
13.1045,13.1045,1,0.08612,0.10211,0.09411,,0.29426,0.34619,OPEN,,0,3
13.1329,13.1329,1,0.05107,0.09374,0.0724,,0.29426,0.34619,OPEN,,0,3
13.1701,13.1701,1,0.08615,0.09209,0.08912,,0.29426,0.34619,OPEN,,0,3
13.2017,13.2017,1,0.1316,0.11624,0.12392,0.23878,0.29426,0.34619,CLOSING,,0,3
13.2343,13.2343,1,0.14636,0.13386,0.14011,0.20425,0.29426,0.34619,CLOSING,0.03257,0,3
13.2528,13.2528,1,0.15244,0.14165,0.14704,0.18423,0.29426,0.34619,CLOSED,0.05106,0,3
13.3109,13.3109,1,0.33829,0.31109,0.32469,0.23339,0.29426,0.34619,CLOSED,0.10918,0,3
13.3515,13.3515,1,0.37152,0.34365,0.35758,0.27686,0.29426,0.34619,CLOSED,0.14981,0,3
13.3842,13.3842,1,0.44169,0.41449,0.42809,0.32979,0.29426,0.34619,CLOSED,0.18249,0,3
13.4016,13.4016,1,0.45399,0.42742,0.44071,0.36861,0.29426,0.34619,OPENING,0.19989,0,3
13.4404,13.4404,1,0.4827,0.45796,0.47033,0.40421,0.29426,0.34619,OPEN,0.23867,1,4
13.4686,13.4686,1,0.47631,0.44777,0.46204,0.42445,0.29426,0.34619,OPEN,,0,4
13.5032,13.5032,1,0.48953,0.46344,0.47648,0.44266,0.29426,0.34619,OPEN,,0,4
13.5356,13.5356,1,0.48425,0.45197,0.46811,0.45157,0.29426,0.34619,OPEN,,0,4
13.5679,13.5679,1,0.47462,0.44029,0.45745,0.45363,0.29426,0.34619,OPEN,,0,4
13.6016,13.6016,1,0.47762,0.43723,0.45742,0.45496,0.29426,0.34619,OPEN,,0,4
13.635,13.635,1,0.48622,0.45431,0.47027,0.46032,0.29426,0.34619,OPEN,,0,4
13.6568,13.6568,1,0.48649,0.4523,0.4694,0.46349,0.29426,0.34619,OPEN,,0,4
13.7114,13.7114,1,0.49098,0.46479,0.47789,0.46853,0.29426,0.34619,OPEN,,0,4
13.7351,13.7351,1,0.48707,0.45807,0.47257,0.46995,0.29426,0.34619,OPEN,,0,4
13.7748,13.7748,1,0.47219,0.45012,0.46116,0.46687,0.29426,0.34619,OPEN,,0,4
13.8001,13.8001,1,0.46765,0.44722,0.45743,0.46357,0.29426,0.34619,OPEN,,0,4
13.8401,13.8401,1,0.46971,0.44194,0.45583,0.46086,0.29426,0.34619,OPEN,,0,4
13.8675,13.8675,1,0.47685,0.44468,0.46076,0.46082,0.29426,0.34619,OPEN,,0,4
13.9075,13.9075,1,0.47688,0.44515,0.46102,0.46089,0.29426,0.34619,OPEN,,0,4
13.9323,13.9323,1,0.47842,0.44391,0.46116,0.46099,0.29426,0.34619,OPEN,,0,4
13.9671,13.9671,1,0.47942,0.44556,0.46249,0.46151,0.29426,0.34619,OPEN,,0,4
13.9984,13.9984,1,0.47615,0.44266,0.4594,0.46077,0.29426,0.34619,OPEN,,0,4
14.0286,14.0286,1,0.47862,0.44318,0.4609,0.46082,0.29426,0.34619,OPEN,,0,4
14.0561,14.0561,1,0.47599,0.44608,0.46104,0.4609,0.29426,0.34619,OPEN,,0,4
14.1166,14.1166,1,0.47482,0.447,0.46091,0.4609,0.29426,0.34619,OPEN,,0,4
14.15,14.15,1,0.47129,0.44513,0.45821,0.45996,0.29426,0.34619,OPEN,,0,4
14.1852,14.1852,1,0.46952,0.44217,0.45585,0.45852,0.29426,0.34619,OPEN,,0,4
14.2175,14.2175,1,0.46814,0.44065,0.45439,0.45707,0.29426,0.34619,OPEN,,0,4
14.2374,14.2374,1,0.47192,0.43773,0.45482,0.45629,0.29426,0.34619,OPEN,,0,4
14.2555,14.2555,1,0.48177,0.44666,0.46422,0.45906,0.29426,0.34619,OPEN,,0,4
14.3043,14.3043,1,0.4791,0.43319,0.45615,0.45804,0.29426,0.34619,OPEN,,0,4
14.338,14.338,1,0.48132,0.43722,0.45927,0.45847,0.29426,0.34619,OPEN,,0,4
14.3651,14.3651,1,0.488,0.44621,0.46711,0.46149,0.29426,0.34619,OPEN,,0,4
14.3834,14.3834,1,0.4871,0.44733,0.46722,0.4635,0.29426,0.34619,OPEN,,0,4
14.4431,14.4431,1,0.48584,0.4564,0.47112,0.46617,0.29426,0.34619,OPEN,,0,4
14.4662,14.4662,1,0.47949,0.45032,0.46491,0.46573,0.29426,0.34619,OPEN,,0,4
14.511,14.511,1,0.47543,0.45114,0.46328,0.46487,0.29426,0.34619,OPEN,,0,4
14.5514,14.5514,1,0.47322,0.45155,0.46239,0.464,0.29426,0.34619,OPEN,,0,4
14.5835,14.5835,1,0.4721,0.44908,0.46059,0.46281,0.29426,0.34619,OPEN,,0,4
14.6004,14.6004,1,0.47174,0.44829,0.46001,0.46183,0.29426,0.34619,OPEN,,0,4
14.6445,14.6445,1,0.47128,0.44976,0.46052,0.46137,0.29426,0.34619,OPEN,,0,4
14.6685,14.6685,1,0.47107,0.44854,0.4598,0.46082,0.29426,0.34619,OPEN,,0,4
14.7018,14.7018,1,0.47715,0.44758,0.46237,0.46136,0.29426,0.34619,OPEN,,0,4
14.7375,14.7375,1,0.47893,0.4495,0.46421,0.46236,0.29426,0.34619,OPEN,,0,4
14.7703,14.7703,1,0.47301,0.44718,0.4601,0.46157,0.29426,0.34619,OPEN,,0,4
14.7998,14.7998,1,0.47163,0.44639,0.45901,0.46067,0.29426,0.34619,OPEN,,0,4
14.8472,14.8472,1,0.47192,0.44673,0.45933,0.4602,0.29426,0.34619,OPEN,,0,4
14.8635,14.8635,1,0.47191,0.44662,0.45927,0.45987,0.29426,0.34619,OPEN,,0,4
14.9107,14.9107,1,0.46986,0.44653,0.4582,0.45929,0.29426,0.34619,OPEN,,0,4
14.95,14.95,1,0.46917,0.44631,0.45774,0.45875,0.29426,0.34619,OPEN,,0,4
14.9844,14.9844,1,0.47005,0.44412,0.45709,0.45817,0.29426,0.34619,OPEN,,0,4
15.0051,15.0051,1,0.47182,0.44439,0.45811,0.45814,0.29426,0.34619,OPEN,,0,4
15.0395,15.0395,1,0.47094,0.44691,0.45893,0.45842,0.29426,0.34619,OPEN,,0,4
15.0637,15.0637,1,0.47361,0.44854,0.46107,0.45935,0.29426,0.34619,OPEN,,0,4
15.1053,15.1053,1,0.47291,0.44665,0.45978,0.4595,0.29426,0.34619,OPEN,,0,4
15.1344,15.1344,1,0.47143,0.44529,0.45836,0.4591,0.29426,0.34619,OPEN,,0,4
15.1662,15.1662,1,0.47074,0.44323,0.45699,0.45836,0.29426,0.34619,OPEN,,0,4
15.187,15.187,1,0.47066,0.44246,0.45656,0.45773,0.29426,0.34619,OPEN,,0,4
15.246,15.246,1,0.47054,0.44394,0.45724,0.45756,0.29426,0.34619,OPEN,,0,4
15.2821,15.2821,1,0.47001,0.44338,0.4567,0.45726,0.29426,0.34619,OPEN,,0,4
15.3171,15.3171,1,0.47647,0.44349,0.45998,0.45821,0.29426,0.34619,OPEN,,0,4
15.3338,15.3338,1,0.47794,0.44408,0.46101,0.45919,0.29426,0.34619,OPEN,,0,4
15.374,15.374,1,0.47593,0.44492,0.46042,0.45962,0.29426,0.34619,OPEN,,0,4
15.3998,15.3998,1,0.47681,0.44621,0.46151,0.46028,0.29426,0.34619,OPEN,,0,4
15.4395,15.4395,1,0.47233,0.44977,0.46105,0.46055,0.29426,0.34619,OPEN,,0,4
15.4679,15.4679,1,0.47405,0.45453,0.46429,0.46186,0.29426,0.34619,OPEN,,0,4
15.5071,15.5071,1,0.45013,0.39203,0.42108,0.44759,0.29426,0.34619,OPEN,,0,4
15.5339,15.5339,1,0.44827,0.38879,0.41853,0.43742,0.29426,0.34619,OPEN,,0,4
15.5816,15.5816,1,0.19221,0.20062,0.19642,0.35307,0.29426,0.34619,OPEN,,0,4
15.6096,15.6096,1,0.1086,0.15627,0.13244,0.27585,0.29426,0.34619,CLOSING,,0,4
15.6454,15.6454,1,0.07235,0.11407,0.09321,,0.29426,0.34619,CLOSING,,0,4
15.6849,15.6849,1,0.08096,0.11185,0.0964,,0.29426,0.34619,CLOSING,,0,4
15.7138,15.7138,1,0.08506,0.12079,0.10293,0.21532,0.29426,0.34619,CLOSED,0.10421,0,4
15.7443,15.7443,1,0.08702,0.12043,0.10373,0.17627,0.29426,0.34619,CLOSED,0.13472,0,4
15.7741,15.7741,1,0.1043,0.12606,0.11518,0.15488,0.29426,0.34619,CLOSED,0.1645,0,4
15.7985,15.7985,1,0.09548,0.10038,0.09793,,0.29426,0.34619,CLOSED,,0,4
15.838,15.838,1,0.17244,0.142,0.15722,0.1557,0.29426,0.34619,CLOSED,0.22836,0,4
15.8613,15.8613,1,0.21138,0.18799,0.19969,0.1711,0.29426,0.34619,CLOSED,0.25168,0,4
15.903,15.903,1,0.3906,0.3768,0.3837,0.24551,0.29426,0.34619,CLOSED,0.29342,0,4
15.927,15.927,1,0.41473,0.39884,0.40678,0.30196,0.29426,0.34619,CLOSED,0.31744,0,4
15.984,15.984,1,0.43224,0.40554,0.41889,0.34288,0.29426,0.34619,CLOSED,0.37445,0,4
16.0142,16.0142,1,0.44403,0.41039,0.42721,0.3724,0.29426,0.34619,OPENING,0.40456,0,4
16.0491,16.0491,1,0.45155,0.4175,0.43452,0.39414,0.29426,0.34619,OPEN,0.43946,1,5
16.0695,16.0695,1,0.45456,0.41971,0.43714,0.40919,0.29426,0.34619,OPEN,,0,5
16.1105,16.1105,1,0.46114,0.43279,0.44696,0.42241,0.29426,0.34619,OPEN,,0,5
16.1337,16.1337,1,0.46358,0.43693,0.45025,0.43215,0.29426,0.34619,OPEN,,0,5
16.1738,16.1738,1,0.47761,0.44434,0.46098,0.44224,0.29426,0.34619,OPEN,,0,5
16.1987,16.1987,1,0.47821,0.4438,0.46101,0.44881,0.29426,0.34619,OPEN,,0,5
16.2404,16.2404,1,0.48329,0.45215,0.46772,0.45543,0.29426,0.34619,OPEN,,0,5
16.266,16.266,1,0.48091,0.45042,0.46567,0.45901,0.29426,0.34619,OPEN,,0,5
16.3205,16.3205,1,0.47906,0.44547,0.46227,0.46015,0.29426,0.34619,OPEN,,0,5
16.3506,16.3506,1,0.47598,0.44272,0.45935,0.45987,0.29426,0.34619,OPEN,,0,5
16.3817,16.3817,1,0.46727,0.44525,0.45626,0.45861,0.29426,0.34619,OPEN,,0,5
16.4015,16.4015,1,0.46919,0.45061,0.4599,0.45906,0.29426,0.34619,OPEN,,0,5
16.448,16.448,1,0.46694,0.44359,0.45527,0.45773,0.29426,0.34619,OPEN,,0,5
16.4832,16.4832,1,0.46565,0.44029,0.45297,0.45607,0.29426,0.34619,OPEN,,0,5
16.5134,16.5134,1,0.4639,0.43941,0.45165,0.45452,0.29426,0.34619,OPEN,,0,5
16.5334,16.5334,1,0.46278,0.43852,0.45065,0.45317,0.29426,0.34619,OPEN,,0,5
16.5725,16.5725,1,0.46313,0.44045,0.45179,0.45268,0.29426,0.34619,OPEN,,0,5
16.5991,16.5991,1,0.46321,0.44112,0.45217,0.4525,0.29426,0.34619,OPEN,,0,5
16.6429,16.6429,1,0.46266,0.44123,0.45194,0.45231,0.29426,0.34619,OPEN,,0,5
16.6649,16.6649,1,0.46299,0.44131,0.45215,0.45225,0.29426,0.34619,OPEN,,0,5
16.6963,16.6963,1,0.46322,0.44052,0.45187,0.45212,0.29426,0.34619,OPEN,,0,5
16.7329,16.7329,1,0.46028,0.43894,0.44961,0.45124,0.29426,0.34619,OPEN,,0,5
16.7843,16.7843,1,0.4614,0.43927,0.45033,0.45092,0.29426,0.34619,OPEN,,0,5
16.8063,16.8063,1,0.46129,0.43895,0.45012,0.45064,0.29426,0.34619,OPEN,,0,5
16.8465,16.8465,1,0.4632,0.4382,0.4507,0.45066,0.29426,0.34619,OPEN,,0,5
16.8833,16.8833,1,0.46357,0.43737,0.45047,0.4506,0.29426,0.34619,OPEN,,0,5
16.913,16.913,1,0.461,0.43178,0.44639,0.44912,0.29426,0.34619,OPEN,,0,5
16.9311,16.9311,1,0.45993,0.43045,0.44519,0.44775,0.29426,0.34619,OPEN,,0,5
16.9739,16.9739,1,0.44972,0.42397,0.43685,0.44393,0.29426,0.34619,OPEN,,0,5
17.0001,17.0001,1,0.44821,0.42119,0.4347,0.4407,0.29426,0.34619,OPEN,,0,5
17.0364,17.0364,1,0.44723,0.42111,0.43417,0.43842,0.29426,0.34619,OPEN,,0,5
17.0674,17.0674,1,0.44797,0.42079,0.43438,0.437,0.29426,0.34619,OPEN,,0,5
17.0839,17.0839,1,0.44818,0.42051,0.43434,0.43607,0.29426,0.34619,OPEN,,0,5
17.1226,17.1226,1,0.4538,0.42216,0.43798,0.43674,0.29426,0.34619,OPEN,,0,5
17.1835,17.1835,1,0.45296,0.42669,0.43982,0.43782,0.29426,0.34619,OPEN,,0,5
17.2151,17.2151,1,0.45026,0.42315,0.43671,0.43743,0.29426,0.34619,OPEN,,0,5
17.2482,17.2482,1,0.45043,0.42448,0.43745,0.43744,0.29426,0.34619,OPEN,,0,5
17.2842,17.2842,1,0.45136,0.42522,0.43829,0.43774,0.29426,0.34619,OPEN,,0,5
17.3146,17.3146,1,0.44915,0.43549,0.44232,0.43934,0.29426,0.34619,OPEN,,0,5
17.332,17.332,1,0.44668,0.43253,0.4396,0.43943,0.29426,0.34619,OPEN,,0,5
17.3735,17.3735,1,0.44637,0.42866,0.43752,0.43876,0.29426,0.34619,OPEN,,0,5
17.3985,17.3985,1,0.44661,0.42855,0.43758,0.43835,0.29426,0.34619,OPEN,,0,5
17.4548,17.4548,1,0.44682,0.42442,0.43562,0.43739,0.29426,0.34619,OPEN,,0,5
17.4834,17.4834,1,0.44734,0.42468,0.43601,0.43691,0.29426,0.34619,OPEN,,0,5
17.5133,17.5133,1,0.44777,0.42507,0.43642,0.43674,0.29426,0.34619,OPEN,,0,5
17.548,17.548,1,0.44465,0.4247,0.43467,0.43602,0.29426,0.34619,OPEN,,0,5
17.586,17.586,1,0.44341,0.42553,0.43447,0.43547,0.29426,0.34619,OPEN,,0,5
17.6162,17.6162,1,0.44278,0.42455,0.43366,0.43484,0.29426,0.34619,OPEN,,0,5
17.6463,17.6463,1,0.43629,0.42672,0.43151,0.43367,0.29426,0.34619,OPEN,,0,5
17.6732,17.6732,1,0.43742,0.43009,0.43376,0.4337,0.29426,0.34619,OPEN,,0,5
17.7101,17.7101,1,0.39975,0.30233,0.35104,0.40477,0.29426,0.34619,OPEN,,0,5
17.7337,17.7337,1,0.39339,0.29217,0.34278,0.38307,0.29426,0.34619,OPEN,,0,5
17.7812,17.7812,1,0.09085,0.07327,0.08206,,0.29426,0.34619,OPEN,,0,5
17.7999,17.7999,1,0.05399,0.05824,0.05611,,0.29426,0.34619,OPEN,,0,5
17.8169,17.8169,1,0.03257,0.04432,0.03844,,0.29426,0.34619,OPEN,,0,5
17.8538,17.8538,1,0.08598,0.06623,0.0761,,0.29426,0.34619,OPEN,,0,5
17.8819,17.8819,1,0.09635,0.07259,0.08447,,0.29426,0.34619,OPEN,,0,5
17.9213,17.9213,1,0.07571,0.0814,0.07855,,0.29426,0.34619,OPEN,,0,5
17.984,17.984,1,0.21278,0.16376,0.18827,0.31489,0.29426,0.34619,OPEN,,0,5
18.0151,18.0151,1,0.22965,0.16611,0.19788,0.27394,0.29426,0.34619,CLOSING,,0,5
18.0511,18.0511,1,0.29661,0.28585,0.29123,0.27999,0.29426,0.34619,CLOSING,0.03593,0,5
18.0736,18.0736,1,0.32482,0.31984,0.32233,0.29481,0.29426,0.34619,CLOSING,,0,5
18.1108,18.1108,1,0.37811,0.37157,0.37484,0.32282,0.29426,0.34619,CLOSING,,0,5
18.1487,18.1487,1,0.39496,0.3892,0.39208,0.34706,0.29426,0.34619,OPEN,,0,5
18.1799,18.1799,1,0.40917,0.39751,0.40334,0.36676,0.29426,0.34619,OPEN,,0,5
18.2168,18.2168,1,0.41785,0.40441,0.41113,0.38229,0.29426,0.34619,OPEN,,0,5
18.2504,18.2504,1,0.42201,0.40734,0.41467,0.39362,0.29426,0.34619,OPEN,,0,5
18.283,18.283,1,0.43248,0.42691,0.42969,0.40625,0.29426,0.34619,OPEN,,0,5
18.3143,18.3143,1,0.43823,0.43107,0.43465,0.41619,0.29426,0.34619,OPEN,,0,5
18.3501,18.3501,1,0.43292,0.42467,0.4288,0.4206,0.29426,0.34619,OPEN,,0,5
18.3837,18.3837,1,0.43557,0.42989,0.43273,0.42485,0.29426,0.34619,OPEN,,0,5
18.4167,18.4167,1,0.43442,0.43232,0.43337,0.42783,0.29426,0.34619,OPEN,,0,5
18.4489,18.4489,1,0.45588,0.44337,0.44962,0.43546,0.29426,0.34619,OPEN,,0,5
18.484,18.484,1,0.45986,0.44141,0.45063,0.44077,0.29426,0.34619,OPEN,,0,5
18.5145,18.5145,1,0.45471,0.44167,0.44819,0.44337,0.29426,0.34619,OPEN,,0,5
18.5476,18.5476,1,0.46047,0.44688,0.45367,0.44697,0.29426,0.34619,OPEN,,0,5
18.584,18.584,1,0.46397,0.44945,0.45671,0.45038,0.29426,0.34619,OPEN,,0,5
18.6144,18.6144,1,0.45463,0.43768,0.44616,0.4489,0.29426,0.34619,OPEN,,0,5
18.6401,18.6401,1,0.46169,0.44143,0.45156,0.44983,0.29426,0.34619,OPEN,,0,5
18.6678,18.6678,1,0.45357,0.43368,0.44363,0.44766,0.29426,0.34619,OPEN,,0,5
18.6986,18.6986,1,0.4518,0.43326,0.44253,0.44587,0.29426,0.34619,OPEN,,0,5
18.7307,18.7307,1,0.45009,0.43489,0.44249,0.44468,0.29426,0.34619,OPEN,,0,5
18.783,18.783,1,0.44292,0.44223,0.44258,0.44395,0.29426,0.34619,OPEN,,0,5
18.7991,18.7991,1,0.44394,0.44782,0.44588,0.44462,0.29426,0.34619,OPEN,,0,5
18.8448,18.8448,1,0.44946,0.45092,0.45019,0.44657,0.29426,0.34619,OPEN,,0,5
18.864,18.864,1,0.45563,0.44966,0.45265,0.4487,0.29426,0.34619,OPEN,,0,5
18.9106,18.9106,1,0.44952,0.44124,0.44538,0.44754,0.29426,0.34619,OPEN,,0,5
18.948,18.948,1,0.44499,0.43505,0.44002,0.4449,0.29426,0.34619,OPEN,,0,5
18.9738,18.9738,1,0.4469,0.43614,0.44152,0.44372,0.29426,0.34619,OPEN,,0,5
19.0005,19.0005,1,0.44733,0.43652,0.44192,0.44309,0.29426,0.34619,OPEN,,0,5
19.0301,19.0301,1,0.44489,0.43616,0.44052,0.44219,0.29426,0.34619,OPEN,,0,5
19.0555,19.0555,1,0.44208,0.43415,0.43812,0.44077,0.29426,0.34619,OPEN,,0,5
19.0826,19.0826,1,0.44536,0.42928,0.43732,0.43956,0.29426,0.34619,OPEN,,0,5
19.1197,19.1197,1,0.44828,0.43554,0.44191,0.44038,0.29426,0.34619,OPEN,,0,5
19.1834,19.1834,1,0.44284,0.4295,0.43617,0.43891,0.29426,0.34619,OPEN,,0,5
19.2147,19.2147,1,0.44005,0.42437,0.43221,0.43656,0.29426,0.34619,OPEN,,0,5
19.2468,19.2468,1,0.44878,0.4239,0.43634,0.43648,0.29426,0.34619,OPEN,,0,5
19.2652,19.2652,1,0.46284,0.43551,0.44918,0.44093,0.29426,0.34619,OPEN,,0,5
19.3081,19.3081,1,0.44271,0.42751,0.43511,0.43889,0.29426,0.34619,OPEN,,0,5
19.3285,19.3285,1,0.44191,0.42068,0.4313,0.43623,0.29426,0.34619,OPEN,,0,5
19.3481,19.3481,1,0.43867,0.41853,0.4286,0.43356,0.29426,0.34619,OPEN,,0,5
19.3901,19.3901,1,0.44071,0.42275,0.43173,0.43292,0.29426,0.34619,OPEN,,0,5
19.4147,19.4147,1,0.44453,0.4247,0.43462,0.43351,0.29426,0.34619,OPEN,,0,5
19.4599,19.4599,1,0.44621,0.43263,0.43942,0.43558,0.29426,0.34619,OPEN,,0,5
19.4809,19.4809,1,0.44513,0.43002,0.43758,0.43628,0.29426,0.34619,OPEN,,0,5
19.5187,19.5187,1,0.44346,0.42775,0.43561,0.43604,0.29426,0.34619,OPEN,,0,5
19.5835,19.5835,1,0.44099,0.42947,0.43523,0.43576,0.29426,0.34619,OPEN,,0,5
19.6111,19.6111,1,0.44743,0.43999,0.44371,0.43854,0.29426,0.34619,OPEN,,0,5
19.6506,19.6506,1,0.44702,0.44111,0.44406,0.44047,0.29426,0.34619,OPEN,,0,5
19.6836,19.6836,1,0.44711,0.44195,0.44453,0.44189,0.29426,0.34619,OPEN,,0,5
19.7148,19.7148,1,0.44732,0.4425,0.44491,0.44295,0.29426,0.34619,OPEN,,0,5
19.7462,19.7462,1,0.44654,0.44291,0.44473,0.44357,0.29426,0.34619,OPEN,,0,5
19.7662,19.7662,1,0.4441,0.43948,0.44179,0.44295,0.29426,0.34619,OPEN,,0,5
19.7882,19.7882,1,0.43377,0.43297,0.43337,0.43959,0.29426,0.34619,OPEN,,0,5
19.8135,19.8135,1,0.43046,0.43,0.43023,0.43632,0.29426,0.34619,OPEN,,0,5
19.8554,19.8554,1,0.4361,0.43229,0.4342,0.43557,0.29426,0.34619,OPEN,,0,5
19.8807,19.8807,1,0.44097,0.43309,0.43703,0.43608,0.29426,0.34619,OPEN,,0,5
19.9226,19.9226,1,0.44744,0.43825,0.44284,0.43845,0.29426,0.34619,OPEN,,0,5
19.9839,19.9839,1,0.45984,0.46141,0.46062,0.44621,0.29426,0.34619,OPEN,,0,5
20.0134,20.0134,1,0.46596,0.4618,0.46388,0.4524,0.29426,0.34619,OPEN,,0,5
20.0461,20.0461,1,0.18098,0.14466,0.16282,0.35104,0.29426,0.34619,OPEN,,0,5
20.0659,20.0659,1,0.13162,0.11573,0.12368,0.27147,0.29426,0.34619,CLOSING,,0,5
20.0826,20.0826,1,0.12487,0.10778,0.11632,0.21717,0.29426,0.34619,CLOSING,0.01666,0,5
20.1326,20.1326,1,0.06648,0.08253,0.07451,,0.29426,0.34619,CLOSING,,0,5
20.1657,20.1657,1,0.08612,0.10108,0.0936,,0.29426,0.34619,CLOSING,,0,5
20.1972,20.1972,1,0.07747,0.04784,0.06266,,0.29426,0.34619,CLOSING,,0,5
20.2148,20.2148,1,0.06746,0.03541,0.05144,,0.29426,0.34619,CLOSING,,0,5
20.2561,20.2561,1,0.11216,0.07855,0.09535,,0.29426,0.34619,CLOSING,,0,5
20.2809,20.2809,1,0.13204,0.10629,0.11917,0.18287,0.29426,0.34619,CLOSED,0.21505,0,5
20.32,20.32,1,0.33139,0.33124,0.33131,0.23482,0.29426,0.34619,CLOSED,0.25408,0,5
20.3868,20.3868,1,0.44419,0.44648,0.44533,0.3085,0.29426,0.34619,CLOSED,0.32094,0,5
20.4109,20.4109,1,0.44606,0.4499,0.44798,0.35732,0.29426,0.34619,OPENING,0.34504,0,5
20.4659,20.4659,1,0.46181,0.45733,0.45957,0.39311,0.29426,0.34619,OPEN,0.39998,1,6
20.4966,20.4966,1,0.46528,0.45799,0.46163,0.41709,0.29426,0.34619,OPEN,,0,6
20.5113,20.5113,1,0.4652,0.45708,0.46114,0.43251,0.29426,0.34619,OPEN,,0,6
20.5316,20.5316,1,0.45304,0.4463,0.44967,0.43852,0.29426,0.34619,OPEN,,0,6
20.5545,20.5545,1,0.44522,0.43727,0.44124,0.43947,0.29426,0.34619,OPEN,,0,6
20.5942,20.5942,1,0.45222,0.43571,0.44396,0.44104,0.29426,0.34619,OPEN,,0,6
20.6304,20.6304,1,0.45765,0.43684,0.44724,0.44321,0.29426,0.34619,OPEN,,0,6
20.6642,20.6642,1,0.46274,0.44348,0.45311,0.44668,0.29426,0.34619,OPEN,,0,6
20.6968,20.6968,1,0.46191,0.4438,0.45286,0.44884,0.29426,0.34619,OPEN,,0,6
20.7198,20.7198,1,0.45675,0.43962,0.44819,0.44861,0.29426,0.34619,OPEN,,0,6
20.7857,20.7857,1,0.45141,0.43355,0.44248,0.44647,0.29426,0.34619,OPEN,,0,6
20.8125,20.8125,1,0.45063,0.43404,0.44233,0.44502,0.29426,0.34619,OPEN,,0,6
20.8483,20.8483,1,0.45015,0.43465,0.4424,0.4441,0.29426,0.34619,OPEN,,0,6
20.8809,20.8809,1,0.45689,0.43869,0.44779,0.44539,0.29426,0.34619,OPEN,,0,6
20.9133,20.9133,1,0.45355,0.43332,0.44344,0.44471,0.29426,0.34619,OPEN,,0,6
20.947,20.947,1,0.46053,0.43244,0.44649,0.44533,0.29426,0.34619,OPEN,,0,6
20.971,20.971,1,0.45996,0.43353,0.44674,0.44582,0.29426,0.34619,OPEN,,0,6
21.0001,21.0001,1,0.47884,0.45024,0.46454,0.45238,0.29426,0.34619,OPEN,,0,6
21.0251,21.0251,1,0.48134,0.46052,0.47093,0.45887,0.29426,0.34619,OPEN,,0,6
21.0574,21.0574,1,0.49114,0.47084,0.48099,0.46661,0.29426,0.34619,OPEN,,0,6
21.0798,21.0798,1,0.49245,0.47084,0.48164,0.47187,0.29426,0.34619,OPEN,,0,6
21.1191,21.1191,1,0.48882,0.47024,0.47953,0.47455,0.29426,0.34619,OPEN,,0,6
21.1855,21.1855,1,0.48661,0.46885,0.47773,0.47567,0.29426,0.34619,OPEN,,0,6
21.2128,21.2128,1,0.48599,0.46834,0.47717,0.47619,0.29426,0.34619,OPEN,,0,6
21.2307,21.2307,1,0.48546,0.46828,0.47687,0.47643,0.29426,0.34619,OPEN,,0,6
21.2632,21.2632,1,0.49164,0.46473,0.47818,0.47704,0.29426,0.34619,OPEN,,0,6
21.2937,21.2937,1,0.49206,0.46312,0.47759,0.47723,0.29426,0.34619,OPEN,,0,6
21.328,21.328,1,0.48455,0.44843,0.46649,0.47348,0.29426,0.34619,OPEN,,0,6
21.3436,21.3436,1,0.48044,0.44335,0.4619,0.46942,0.29426,0.34619,OPEN,,0,6
21.388,21.388,1,0.15073,0.11194,0.13133,0.35109,0.29426,0.34619,OPEN,,0,6
21.4134,21.4134,1,0.09229,0.0765,0.08439,,0.29426,0.34619,OPEN,,0,6
21.452,21.452,1,0.08072,0.06665,0.07369,,0.29426,0.34619,OPEN,,0,6
21.4795,21.4795,1,0.05797,0.05201,0.05499,,0.29426,0.34619,OPEN,,0,6
21.5199,21.5199,1,0.04395,0.06217,0.05306,,0.29426,0.34619,OPEN,,0,6
21.604,21.604,1,0.25496,0.25304,0.254,0.31711,0.29426,0.34619,OPEN,,0,6
21.6306,21.6306,1,0.30512,0.29776,0.30144,0.31162,0.29426,0.34619,OPEN,,0,6
21.6479,21.6479,1,0.31759,0.31048,0.31404,0.31247,0.29426,0.34619,OPEN,,0,6
21.68,21.68,1,0.39422,0.40535,0.39979,0.34303,0.29426,0.34619,OPEN,,0,6
21.7121,21.7121,1,0.40639,0.41482,0.4106,0.36668,0.29426,0.34619,OPEN,,0,6
21.748,21.748,1,0.4365,0.43908,0.43779,0.39157,0.29426,0.34619,OPEN,,0,6
21.7696,21.7696,1,0.44092,0.44462,0.44277,0.40949,0.29426,0.34619,OPEN,,0,6
21.7972,21.7972,1,0.46394,0.45178,0.45786,0.42642,0.29426,0.34619,OPEN,,0,6
21.8314,21.8314,1,0.46845,0.45184,0.46015,0.43822,0.29426,0.34619,OPEN,,0,6
21.8553,21.8553,1,0.47216,0.44919,0.46068,0.44608,0.29426,0.34619,OPEN,,0,6
21.881,21.881,1,0.47549,0.44999,0.46274,0.45191,0.29426,0.34619,OPEN,,0,6
21.9202,21.9202,1,0.47823,0.45279,0.46551,0.45667,0.29426,0.34619,OPEN,,0,6
21.9476,21.9476,1,0.47639,0.45332,0.46486,0.45954,0.29426,0.34619,OPEN,,0,6
22.0005,22.0005,1,0.4705,0.45599,0.46324,0.46083,0.29426,0.34619,OPEN,,0,6
22.0271,22.0271,1,0.46886,0.45413,0.46149,0.46106,0.29426,0.34619,OPEN,,0,6
22.0621,22.0621,1,0.47839,0.45764,0.46802,0.4635,0.29426,0.34619,OPEN,,0,6
22.094,22.094,1,0.48586,0.46072,0.47329,0.46693,0.29426,0.34619,OPEN,,0,6
22.1245,22.1245,1,0.36886,0.32546,0.34716,0.42501,0.29426,0.34619,OPEN,,0,6
22.1478,22.1478,1,0.33467,0.31039,0.32253,0.38914,0.29426,0.34619,OPEN,,0,6
22.1965,22.1965,1,0.13374,0.12873,0.13124,0.29887,0.29426,0.34619,OPEN,,0,6
22.2199,22.2199,1,0.09162,0.08621,0.08891,,0.29426,0.34619,OPEN,,0,6
22.2539,22.2539,1,0.08709,0.05884,0.07296,,0.29426,0.34619,OPEN,,0,6
22.2801,22.2801,1,0.0796,0.06475,0.07217,,0.29426,0.34619,OPEN,,0,6
22.3203,22.3203,1,0.12563,0.11155,0.11859,0.23578,0.29426,0.34619,CLOSING,,0,6
22.3466,22.3466,1,0.14349,0.11838,0.13093,0.19908,0.29426,0.34619,CLOSING,0.02633,0,6
22.4059,22.4059,1,0.33882,0.30917,0.32399,0.2428,0.29426,0.34619,CLOSED,0.08558,0,6
22.4297,22.4297,1,0.37606,0.34954,0.3628,0.2848,0.29426,0.34619,CLOSED,0.10944,0,6
22.4613,22.4613,1,0.39841,0.39435,0.39638,0.32385,0.29426,0.34619,CLOSED,0.14101,0,6
22.4795,22.4795,1,0.40564,0.40607,0.40585,0.35255,0.29426,0.34619,OPENING,0.15924,0,6
22.5272,22.5272,1,0.43748,0.42425,0.43087,0.37996,0.29426,0.34619,OPEN,0.20693,1,7
22.5626,22.5626,1,0.44936,0.43282,0.44109,0.40136,0.29426,0.34619,OPEN,,0,7
22.5956,22.5956,1,0.4784,0.45912,0.46876,0.42495,0.29426,0.34619,OPEN,,0,7
22.6262,22.6262,1,0.47884,0.46014,0.46949,0.44054,0.29426,0.34619,OPEN,,0,7
22.6561,22.6561,1,0.48383,0.47208,0.47796,0.45364,0.29426,0.34619,OPEN,,0,7
22.6718,22.6718,1,0.48778,0.47462,0.4812,0.46328,0.29426,0.34619,OPEN,,0,7
22.7373,22.7373,1,0.47758,0.45889,0.46823,0.46502,0.29426,0.34619,OPEN,,0,7
22.7656,22.7656,1,0.47651,0.45608,0.46629,0.46546,0.29426,0.34619,OPEN,,0,7
22.798,22.798,1,0.49204,0.46221,0.47712,0.46954,0.29426,0.34619,OPEN,,0,7
22.8308,22.8308,1,0.49505,0.47122,0.48313,0.4743,0.29426,0.34619,OPEN,,0,7
22.8633,22.8633,1,0.49128,0.46981,0.48055,0.47649,0.29426,0.34619,OPEN,,0,7
22.8809,22.8809,1,0.48984,0.46879,0.47932,0.47748,0.29426,0.34619,OPEN,,0,7
22.9304,22.9304,1,0.49359,0.46873,0.48116,0.47877,0.29426,0.34619,OPEN,,0,7
22.948,22.948,1,0.49389,0.46884,0.48136,0.47968,0.29426,0.34619,OPEN,,0,7
22.9906,22.9906,1,0.49606,0.46951,0.48279,0.48076,0.29426,0.34619,OPEN,,0,7
23.0188,23.0188,1,0.49565,0.46772,0.48168,0.48109,0.29426,0.34619,OPEN,,0,7
23.0586,23.0586,1,0.42572,0.36098,0.39335,0.45038,0.29426,0.34619,OPEN,,0,7
23.0778,23.0778,1,0.4044,0.34623,0.37532,0.42411,0.29426,0.34619,OPEN,,0,7
23.1422,23.1422,1,0.14339,0.11516,0.12928,0.32092,0.29426,0.34619,OPEN,,0,7
23.1667,23.1667,1,0.09665,0.08785,0.09225,,0.29426,0.34619,OPEN,,0,7
23.1997,23.1997,1,0.0954,0.07891,0.08715,,0.29426,0.34619,OPEN,,0,7
23.221,23.221,1,0.07477,0.07331,0.07404,,0.29426,0.34619,OPEN,,0,7
23.2621,23.2621,1,0.06624,0.06887,0.06756,,0.29426,0.34619,OPEN,,0,7
23.2975,23.2975,1,0.07735,0.07074,0.07404,,0.29426,0.34619,OPEN,,0,7
23.3284,23.3284,1,0.156,0.09489,0.12545,0.2525,0.29426,0.34619,CLOSING,,0,7
23.3629,23.3629,1,0.22827,0.12821,0.17824,0.22651,0.29426,0.34619,CLOSING,0.0346,0,7
23.3929,23.3929,1,0.37076,0.32648,0.34862,0.26925,0.29426,0.34619,CLOSED,0.06457,0,7
23.4132,23.4132,1,0.40824,0.3763,0.39227,0.31231,0.29426,0.34619,CLOSED,0.08489,0,7
23.4542,23.4542,1,0.43454,0.40942,0.42198,0.35069,0.29426,0.34619,OPENING,0.12584,0,7
23.4777,23.4777,1,0.44354,0.42318,0.43336,0.37963,0.29426,0.34619,OPEN,0.14933,1,8
23.5349,23.5349,1,0.46644,0.44227,0.45436,0.40578,0.29426,0.34619,OPEN,,0,8
23.5631,23.5631,1,0.46597,0.44139,0.45368,0.42255,0.29426,0.34619,OPEN,,0,8
23.603,23.603,1,0.4693,0.44709,0.4582,0.43502,0.29426,0.34619,OPEN,,0,8
23.6309,23.6309,1,0.46568,0.44303,0.45436,0.44179,0.29426,0.34619,OPEN,,0,8
23.6617,23.6617,1,0.45878,0.4365,0.44764,0.44384,0.29426,0.34619,OPEN,,0,8
23.6959,23.6959,1,0.45742,0.43557,0.44649,0.44477,0.29426,0.34619,OPEN,,0,8
23.7246,23.7246,1,0.46031,0.43897,0.44964,0.44647,0.29426,0.34619,OPEN,,0,8
23.7422,23.7422,1,0.46167,0.44197,0.45182,0.44834,0.29426,0.34619,OPEN,,0,8
23.7944,23.7944,1,0.46131,0.43942,0.45037,0.44905,0.29426,0.34619,OPEN,,0,8
23.8138,23.8138,1,0.46166,0.43846,0.45006,0.4494,0.29426,0.34619,OPEN,,0,8
23.87,23.87,1,0.47191,0.4506,0.46126,0.45355,0.29426,0.34619,OPEN,,0,8
23.8949,23.8949,1,0.47236,0.44984,0.4611,0.45619,0.29426,0.34619,OPEN,,0,8
23.9343,23.9343,1,0.47447,0.45,0.46224,0.45831,0.29426,0.34619,OPEN,,0,8
23.9621,23.9621,1,0.47385,0.45037,0.46211,0.45964,0.29426,0.34619,OPEN,,0,8
23.9985,23.9985,1,0.47084,0.43649,0.45367,0.45755,0.29426,0.34619,OPEN,,0,8
24.0133,24.0133,1,0.46917,0.43312,0.45114,0.45531,0.29426,0.34619,OPEN,,0,8
24.0664,24.0664,1,0.17532,0.12219,0.14875,0.34801,0.29426,0.34619,OPEN,,0,8
24.0971,24.0971,1,0.12893,0.09689,0.11291,0.26573,0.29426,0.34619,CLOSING,,0,8
24.1277,24.1277,1,0.12196,0.11632,0.11914,0.21442,0.29426,0.34619,CLOSING,0.03066,0,8
24.1616,24.1616,1,0.09194,0.09625,0.09409,,0.29426,0.34619,CLOSING,,0,8
24.1956,24.1956,1,0.09632,0.10089,0.0986,,0.29426,0.34619,CLOSING,,0,8
24.2304,24.2304,1,0.10485,0.08996,0.09741,,0.29426,0.34619,CLOSING,,0,8
24.2732,24.2732,1,0.25195,0.22306,0.23751,0.2225,0.29426,0.34619,CLOSED,0.17612,0,8
24.3114,24.3114,1,0.30567,0.26818,0.28693,0.24505,0.29426,0.34619,CLOSED,0.21434,0,8
24.3326,24.3326,1,0.39213,0.37651,0.38432,0.29379,0.29426,0.34619,CLOSED,0.23551,0,8
24.3519,24.3519,1,0.41027,0.40006,0.40517,0.33277,0.29426,0.34619,CLOSED,0.25477,0,8
24.4001,24.4001,1,0.43485,0.43121,0.43303,0.36786,0.29426,0.34619,OPENING,0.30299,0,8
24.4246,24.4246,1,0.43569,0.4316,0.43365,0.39089,0.29426,0.34619,OPEN,0.3275,1,9
24.465,24.465,1,0.44489,0.43963,0.44226,0.40887,0.29426,0.34619,OPEN,,0,9
24.4949,24.4949,1,0.44033,0.43164,0.43599,0.41836,0.29426,0.34619,OPEN,,0,9
24.5307,24.5307,1,0.43199,0.42318,0.42758,0.42159,0.29426,0.34619,OPEN,,0,9
24.5471,24.5471,1,0.4298,0.42276,0.42628,0.42323,0.29426,0.34619,OPEN,,0,9
24.6075,24.6075,1,0.46873,0.44375,0.45624,0.43478,0.29426,0.34619,OPEN,,0,9
24.6461,24.6461,1,0.47182,0.44598,0.4589,0.44322,0.29426,0.34619,OPEN,,0,9
24.6804,24.6804,1,0.46464,0.44671,0.45568,0.44758,0.29426,0.34619,OPEN,,0,9
24.7117,24.7117,1,0.46078,0.44729,0.45403,0.44984,0.29426,0.34619,OPEN,,0,9
24.7351,24.7351,1,0.46622,0.45376,0.45999,0.45339,0.29426,0.34619,OPEN,,0,9
24.7639,24.7639,1,0.45975,0.44401,0.45188,0.45286,0.29426,0.34619,OPEN,,0,9
24.7985,24.7985,1,0.45481,0.44036,0.44758,0.45101,0.29426,0.34619,OPEN,,0,9
24.814,24.814,1,0.45287,0.439,0.44594,0.44924,0.29426,0.34619,OPEN,,0,9
24.865,24.865,1,0.1455,0.11982,0.13266,0.33844,0.29426,0.34619,OPEN,,0,9
24.8879,24.8879,1,0.08708,0.08348,0.08528,,0.29426,0.34619,OPEN,,0,9
24.9278,24.9278,1,0.07509,0.06266,0.06888,,0.29426,0.34619,OPEN,,0,9
24.9628,24.9628,1,0.07124,0.06596,0.0686,,0.29426,0.34619,OPEN,,0,9
25.0073,25.0073,1,0.06573,0.06255,0.06414,,0.29426,0.34619,OPEN,,0,9
25.0304,25.0304,1,0.06333,0.06203,0.06268,,0.29426,0.34619,OPEN,,0,9
25.0693,25.0693,1,0.09314,0.08037,0.08675,,0.29426,0.34619,OPEN,,0,9
25.0925,25.0925,1,0.10343,0.08771,0.09557,,0.29426,0.34619,OPEN,,0,9
25.1347,25.1347,1,0.3345,0.32488,0.32969,0.33537,0.29426,0.34619,OPEN,,0,9
25.156,25.156,1,0.35662,0.3531,0.35486,0.34219,0.29426,0.34619,OPEN,,0,9
25.2053,25.2053,1,0.39731,0.39701,0.39716,0.36143,0.29426,0.34619,OPEN,,0,9
25.2296,25.2296,1,0.40795,0.40797,0.40796,0.37772,0.29426,0.34619,OPEN,,0,9
25.2616,25.2616,1,0.42258,0.41563,0.41911,0.3922,0.29426,0.34619,OPEN,,0,9
25.2955,25.2955,1,0.42669,0.41887,0.42278,0.4029,0.29426,0.34619,OPEN,,0,9
25.3283,25.3283,1,0.43214,0.42563,0.42888,0.412,0.29426,0.34619,OPEN,,0,9
25.362,25.362,1,0.42968,0.41989,0.42478,0.41647,0.29426,0.34619,OPEN,,0,9
25.4101,25.4101,1,0.43403,0.41514,0.42459,0.41931,0.29426,0.34619,OPEN,,0,9
25.4319,25.4319,1,0.43452,0.41485,0.42468,0.42119,0.29426,0.34619,OPEN,,0,9
25.4715,25.4715,1,0.4452,0.42671,0.43595,0.42636,0.29426,0.34619,OPEN,,0,9
25.4964,25.4964,1,0.45261,0.43015,0.44138,0.43162,0.29426,0.34619,OPEN,,0,9
25.5353,25.5353,1,0.45177,0.435,0.44338,0.43573,0.29426,0.34619,OPEN,,0,9
25.5629,25.5629,1,0.45275,0.43827,0.44551,0.43916,0.29426,0.34619,OPEN,,0,9
25.6014,25.6014,1,0.45887,0.44372,0.4513,0.4434,0.29426,0.34619,OPEN,,0,9
25.63,25.63,1,0.45845,0.44693,0.45269,0.44666,0.29426,0.34619,OPEN,,0,9
25.6682,25.6682,1,0.46504,0.4501,0.45757,0.45048,0.29426,0.34619,OPEN,,0,9
25.6918,25.6918,1,0.46654,0.44927,0.45791,0.45308,0.29426,0.34619,OPEN,,0,9
25.7434,25.7434,1,0.4617,0.4439,0.4528,0.45298,0.29426,0.34619,OPEN,,0,9
25.7769,25.7769,1,0.45989,0.44171,0.4508,0.45222,0.29426,0.34619,OPEN,,0,9
25.8048,25.8048,1,0.45815,0.44129,0.44972,0.45134,0.29426,0.34619,OPEN,,0,9
25.826,25.826,1,0.45743,0.44065,0.44904,0.45054,0.29426,0.34619,OPEN,,0,9
25.8731,25.8731,1,0.14047,0.1234,0.13193,0.33903,0.29426,0.34619,OPEN,,0,9
25.8903,25.8903,1,0.10262,0.09681,0.09972,,0.29426,0.34619,OPEN,,0,9
25.9315,25.9315,1,0.04515,0.04245,0.0438,,0.29426,0.34619,OPEN,,0,9
25.9599,25.9599,1,0.04586,0.0431,0.04448,,0.29426,0.34619,OPEN,,0,9
25.9977,25.9977,1,0.06367,0.04922,0.05645,,0.29426,0.34619,OPEN,,0,9
26.0267,26.0267,1,0.08086,0.0626,0.07173,,0.29426,0.34619,OPEN,,0,9
26.0635,26.0635,1,0.12637,0.07289,0.09963,,0.29426,0.34619,OPEN,,0,9
26.0954,26.0954,1,0.16452,0.0833,0.12391,0.26373,0.29426,0.34619,CLOSING,,0,9
26.1425,26.1425,1,0.28246,0.27333,0.2779,0.26869,0.29426,0.34619,CLOSING,0.04716,0,9
26.177,26.177,1,0.31424,0.32454,0.31939,0.28644,0.29426,0.34619,CLOSED,0.0816,0,9
26.2128,26.2128,1,0.38053,0.38379,0.38216,0.31994,0.29426,0.34619,CLOSED,0.11744,0,9
26.2451,26.2451,1,0.40773,0.4069,0.40731,0.35052,0.29426,0.34619,OPENING,0.14973,0,9
26.2785,26.2785,1,0.42731,0.42149,0.4244,0.37638,0.29426,0.34619,OPEN,0.18312,1,10
26.3101,26.3101,1,0.42616,0.42482,0.42549,0.39357,0.29426,0.34619,OPEN,,0,10
26.3424,26.3424,1,0.41614,0.41149,0.41382,0.40065,0.29426,0.34619,OPEN,,0,10
26.3632,26.3632,1,0.41426,0.40262,0.40844,0.40338,0.29426,0.34619,OPEN,,0,10
26.4002,26.4002,1,0.43087,0.42018,0.42552,0.41113,0.29426,0.34619,OPEN,,0,10
26.4288,26.4288,1,0.4393,0.42465,0.43197,0.41843,0.29426,0.34619,OPEN,,0,10
26.4656,26.4656,1,0.43239,0.41638,0.42438,0.42051,0.29426,0.34619,OPEN,,0,10
26.4942,26.4942,1,0.42927,0.4129,0.42109,0.42071,0.29426,0.34619,OPEN,,0,10
26.543,26.543,1,0.43459,0.41957,0.42708,0.42294,0.29426,0.34619,OPEN,,0,10
26.5615,26.5615,1,0.43714,0.42085,0.429,0.42506,0.29426,0.34619,OPEN,,0,10
26.6056,26.6056,1,0.4375,0.42247,0.42999,0.42678,0.29426,0.34619,OPEN,,0,10
26.6272,26.6272,1,0.43582,0.42236,0.42909,0.42759,0.29426,0.34619,OPEN,,0,10
26.67,26.67,1,0.44246,0.42871,0.43559,0.43039,0.29426,0.34619,OPEN,,0,10
26.6943,26.6943,1,0.44273,0.42985,0.43629,0.43246,0.29426,0.34619,OPEN,,0,10
26.7348,26.7348,1,0.44136,0.42853,0.43494,0.43333,0.29426,0.34619,OPEN,,0,10
26.7601,26.7601,1,0.44084,0.42896,0.4349,0.43388,0.29426,0.34619,OPEN,,0,10
26.805,26.805,1,0.44316,0.42947,0.43631,0.43473,0.29426,0.34619,OPEN,,0,10
26.8274,26.8274,1,0.44491,0.43127,0.43809,0.43591,0.29426,0.34619,OPEN,,0,10
26.8787,26.8787,1,0.38604,0.33033,0.35819,0.4087,0.29426,0.34619,OPEN,,0,10
26.9062,26.9062,1,0.38007,0.33325,0.35666,0.39049,0.29426,0.34619,OPEN,,0,10
26.943,26.943,1,0.08291,0.05684,0.06987,,0.29426,0.34619,OPEN,,0,10
26.977,26.977,1,0.03359,0.03362,0.0336,,0.29426,0.34619,OPEN,,0,10
27.0052,27.0052,1,0.0559,0.06045,0.05818,,0.29426,0.34619,OPEN,,0,10
27.0268,27.0268,1,0.06516,0.0677,0.06643,,0.29426,0.34619,OPEN,,0,10
27.0739,27.0739,1,0.04381,0.05337,0.04859,,0.29426,0.34619,OPEN,,0,10
27.1102,27.1102,1,0.04166,0.03926,0.04046,,0.29426,0.34619,OPEN,,0,10
27.145,27.145,1,0.2497,0.24657,0.24814,0.34066,0.29426,0.34619,OPEN,,0,10
27.1779,27.1779,1,0.31062,0.31287,0.31174,0.33054,0.29426,0.34619,OPEN,,0,10
27.2112,27.2112,1,0.37527,0.37768,0.37648,0.34662,0.29426,0.34619,OPEN,,0,10
27.2459,27.2459,1,0.3938,0.39571,0.39475,0.36347,0.29426,0.34619,OPEN,,0,10
27.2829,27.2829,1,0.42919,0.42809,0.42864,0.38628,0.29426,0.34619,OPEN,,0,10
27.312,27.312,1,0.44161,0.4367,0.43915,0.40478,0.29426,0.34619,OPEN,,0,10
27.344,27.344,1,0.44255,0.43032,0.43644,0.41586,0.29426,0.34619,OPEN,,0,10
27.3642,27.3642,1,0.43928,0.42605,0.43266,0.42174,0.29426,0.34619,OPEN,,0,10
27.4067,27.4067,1,0.43456,0.42013,0.42734,0.4237,0.29426,0.34619,OPEN,,0,10
27.4277,27.4277,1,0.43105,0.41813,0.42459,0.42401,0.29426,0.34619,OPEN,,0,10
27.471,27.471,1,0.43685,0.42914,0.43299,0.42716,0.29426,0.34619,OPEN,,0,10
27.4933,27.4933,1,0.43803,0.43301,0.43552,0.43008,0.29426,0.34619,OPEN,,0,10
27.5375,27.5375,1,0.44501,0.43556,0.44028,0.43365,0.29426,0.34619,OPEN,,0,10
27.56,27.56,1,0.44418,0.43802,0.4411,0.43626,0.29426,0.34619,OPEN,,0,10
27.6009,27.6009,1,0.46412,0.45228,0.4582,0.44394,0.29426,0.34619,OPEN,,0,10
27.6451,27.6451,1,0.46647,0.45287,0.45967,0.44945,0.29426,0.34619,OPEN,,0,10
27.6766,27.6766,1,0.46816,0.45323,0.46069,0.45338,0.29426,0.34619,OPEN,,0,10
27.6974,27.6974,1,0.46653,0.45099,0.45876,0.45527,0.29426,0.34619,OPEN,,0,10
27.7495,27.7495,1,0.459,0.44597,0.45249,0.45429,0.29426,0.34619,OPEN,,0,10
27.7724,27.7724,1,0.45681,0.44473,0.45077,0.45306,0.29426,0.34619,OPEN,,0,10
27.8084,27.8084,1,0.38474,0.34944,0.36709,0.42297,0.29426,0.34619,OPEN,,0,10
27.8357,27.8357,1,0.38097,0.35003,0.3655,0.40286,0.29426,0.34619,OPEN,,0,10
27.8695,27.8695,1,0.0757,0.07927,0.07749,,0.29426,0.34619,OPEN,,0,10
27.8917,27.8917,1,0.05903,0.07472,0.06687,,0.29426,0.34619,OPEN,,0,10
27.9371,27.9371,1,0.05241,0.07943,0.06592,,0.29426,0.34619,OPEN,,0,10
27.9608,27.9608,1,0.05568,0.07922,0.06745,,0.29426,0.34619,OPEN,,0,10
28.0162,28.0162,1,0.10638,0.09281,0.0996,,0.29426,0.34619,OPEN,,0,10
28.0447,28.0447,1,0.12199,0.09969,0.11084,0.30065,0.29426,0.34619,OPEN,,0,10
28.0802,28.0802,1,0.27629,0.2665,0.27139,0.29041,0.29426,0.34619,CLOSING,,0,10
28.1049,28.1049,1,0.32055,0.31756,0.31905,0.30043,0.29426,0.34619,CLOSING,,0,10
28.1407,28.1407,1,0.39352,0.39124,0.39238,0.33261,0.29426,0.34619,CLOSING,,0,10
28.1615,28.1615,1,0.41107,0.40703,0.40905,0.35937,0.29426,0.34619,OPEN,,0,10
28.2055,28.2055,1,0.46009,0.44987,0.45498,0.39283,0.29426,0.34619,OPEN,,0,10
28.2269,28.2269,1,0.4618,0.45031,0.45606,0.41496,0.29426,0.34619,OPEN,,0,10
28.2695,28.2695,1,0.46868,0.4527,0.46069,0.43097,0.29426,0.34619,OPEN,,0,10
28.3089,28.3089,1,0.45859,0.44104,0.44981,0.43756,0.29426,0.34619,OPEN,,0,10
28.3327,28.3327,1,0.45503,0.43894,0.44698,0.44086,0.29426,0.34619,OPEN,,0,10
28.3607,28.3607,1,0.45453,0.44142,0.44797,0.44335,0.29426,0.34619,OPEN,,0,10
28.4182,28.4182,1,0.44467,0.42781,0.43624,0.44086,0.29426,0.34619,OPEN,,0,10
28.4444,28.4444,1,0.44418,0.42625,0.43522,0.43889,0.29426,0.34619,OPEN,,0,10
28.4782,28.4782,1,0.45386,0.43769,0.44577,0.4413,0.29426,0.34619,OPEN,,0,10
28.5064,28.5064,1,0.44887,0.43815,0.44351,0.44207,0.29426,0.34619,OPEN,,0,10
28.5444,28.5444,1,0.44444,0.43371,0.43908,0.44102,0.29426,0.34619,OPEN,,0,10
28.5614,28.5614,1,0.44601,0.43575,0.44088,0.44097,0.29426,0.34619,OPEN,,0,10
28.6062,28.6062,1,0.45292,0.44129,0.4471,0.44312,0.29426,0.34619,OPEN,,0,10
28.6445,28.6445,1,0.44513,0.44685,0.44599,0.44412,0.29426,0.34619,OPEN,,0,10
28.6759,28.6759,1,0.45052,0.44619,0.44836,0.4456,0.29426,0.34619,OPEN,,0,10
28.694,28.694,1,0.45032,0.44529,0.4478,0.44637,0.29426,0.34619,OPEN,,0,10
28.7502,28.7502,1,0.46208,0.45192,0.457,0.45009,0.29426,0.34619,OPEN,,0,10
28.7755,28.7755,1,0.46649,0.45423,0.46036,0.45369,0.29426,0.34619,OPEN,,0,10
28.8141,28.8141,1,0.44687,0.42786,0.43737,0.44797,0.29426,0.34619,OPEN,,0,10
28.8429,28.8429,1,0.44203,0.42931,0.43567,0.44367,0.29426,0.34619,OPEN,,0,10
28.881,28.881,1,0.42535,0.39553,0.41044,0.43204,0.29426,0.34619,OPEN,,0,10
28.9101,28.9101,1,0.41893,0.38434,0.40164,0.4214,0.29426,0.34619,OPEN,,0,10
28.9439,28.9439,1,0.17195,0.1295,0.15073,0.32666,0.29426,0.34619,OPEN,,0,10
28.9635,28.9635,1,0.16609,0.09945,0.13277,0.2588,0.29426,0.34619,CLOSING,,0,10
29.0075,29.0075,1,0.07893,0.0553,0.06711,,0.29426,0.34619,CLOSING,,0,10
29.0422,29.0422,1,0.05654,0.04416,0.05035,,0.29426,0.34619,CLOSING,,0,10
29.0734,29.0734,1,0.08319,0.04083,0.06201,,0.29426,0.34619,CLOSING,,0,10
29.0927,29.0927,1,0.07637,0.04855,0.06246,,0.29426,0.34619,CLOSING,,0,10
29.1105,29.1105,1,0.07512,0.04469,0.05991,,0.29426,0.34619,CLOSING,,0,10
29.1486,29.1486,1,0.15452,0.14735,0.15093,0.22105,0.29426,0.34619,CLOSED,0.18517,0,10
29.2141,29.2141,1,0.36074,0.36261,0.36168,0.27027,0.29426,0.34619,CLOSED,0.2506,0,10
29.2441,29.2441,1,0.38056,0.38143,0.381,0.30902,0.29426,0.34619,CLOSED,0.28067,0,10
29.2789,29.2789,1,0.40362,0.40549,0.40456,0.34246,0.29426,0.34619,CLOSED,0.31545,0,10
29.3071,29.3071,1,0.40813,0.40847,0.4083,0.3655,0.29426,0.34619,OPENING,0.34366,0,10
29.3449,29.3449,1,0.42727,0.41846,0.42286,0.38558,0.29426,0.34619,OPEN,0.38143,1,11
29.368,29.368,1,0.43659,0.42336,0.42998,0.40112,0.29426,0.34619,OPEN,,0,11
29.4072,29.4072,1,0.43051,0.41957,0.42504,0.40949,0.29426,0.34619,OPEN,,0,11
29.4443,29.4443,1,0.43329,0.42492,0.4291,0.41636,0.29426,0.34619,OPEN,,0,11
29.4768,29.4768,1,0.42319,0.41952,0.42135,0.4181,0.29426,0.34619,OPEN,,0,11
29.5072,29.5072,1,0.41544,0.4126,0.41402,0.41668,0.29426,0.34619,OPEN,,0,11
29.5444,29.5444,1,0.41013,0.40882,0.40948,0.41416,0.29426,0.34619,OPEN,,0,11
29.5788,29.5788,1,0.43436,0.43189,0.43312,0.42079,0.29426,0.34619,OPEN,,0,11
29.6146,29.6146,1,0.43214,0.43147,0.43181,0.42465,0.29426,0.34619,OPEN,,0,11
29.6428,29.6428,1,0.42924,0.43056,0.4299,0.42649,0.29426,0.34619,OPEN,,0,11
29.6776,29.6776,1,0.42779,0.42826,0.42802,0.42702,0.29426,0.34619,OPEN,,0,11
29.6972,29.6972,1,0.4281,0.42698,0.42754,0.4272,0.29426,0.34619,OPEN,,0,11
29.7419,29.7419,1,0.43026,0.42809,0.42918,0.42789,0.29426,0.34619,OPEN,,0,11
29.7668,29.7668,1,0.43138,0.42955,0.43046,0.42879,0.29426,0.34619,OPEN,,0,11
29.8085,29.8085,1,0.42871,0.4287,0.4287,0.42876,0.29426,0.34619,OPEN,,0,11
29.8292,29.8292,1,0.42741,0.42814,0.42777,0.42842,0.29426,0.34619,OPEN,,0,11
29.8866,29.8866,1,0.42368,0.40863,0.41616,0.42412,0.29426,0.34619,OPEN,,0,11
29.9049,29.9049,1,0.42285,0.40347,0.41316,0.42029,0.29426,0.34619,OPEN,,0,11
29.9265,29.9265,1,0.42219,0.40045,0.41132,0.41715,0.29426,0.34619,OPEN,,0,11
29.9476,29.9476,1,0.09331,0.07721,0.08526,,0.29426,0.34619,OPEN,,0,11
30.0209,30.0209,1,0.02219,0.01496,0.01857,,0.29426,0.34619,OPEN,,0,11
30.0434,30.0434,1,0.01297,0.01749,0.01523,,0.29426,0.34619,OPEN,,0,11
30.0802,30.0802,1,0.04202,0.03163,0.03683,,0.29426,0.34619,OPEN,,0,11
30.1087,30.1087,1,0.04802,0.04296,0.04549,,0.29426,0.34619,OPEN,,0,11
30.1437,30.1437,1,0.10436,0.11438,0.10937,0.30943,0.29426,0.34619,OPEN,,0,11
30.1762,30.1762,1,0.14333,0.18017,0.16175,0.25774,0.29426,0.34619,CLOSING,,0,11
30.2124,30.2124,1,0.29746,0.3275,0.31248,0.2769,0.29426,0.34619,CLOSING,0.03612,0,11
30.2418,30.2418,1,0.33509,0.35517,0.34513,0.30078,0.29426,0.34619,CLOSING,,0,11
30.2763,30.2763,1,0.34879,0.35897,0.35388,0.31936,0.29426,0.34619,CLOSING,,0,11
30.3082,30.3082,1,0.3585,0.35902,0.35876,0.33315,0.29426,0.34619,CLOSING,,0,11
30.3422,30.3422,1,0.35824,0.36077,0.3595,0.34238,0.29426,0.34619,CLOSING,,0,11
30.3625,30.3625,1,0.42806,0.41416,0.42111,0.36993,0.29426,0.34619,OPEN,,0,11
30.4121,30.4121,1,0.43449,0.42145,0.42797,0.39025,0.29426,0.34619,OPEN,,0,11
30.4395,30.4395,1,0.43473,0.42457,0.42965,0.40404,0.29426,0.34619,OPEN,,0,11
30.4815,30.4815,1,0.42622,0.40884,0.41753,0.40876,0.29426,0.34619,OPEN,,0,11
30.5067,30.5067,1,0.41823,0.40016,0.40919,0.40891,0.29426,0.34619,OPEN,,0,11
30.5423,30.5423,1,0.41341,0.39827,0.40584,0.40783,0.29426,0.34619,OPEN,,0,11
30.5749,30.5749,1,0.41217,0.39926,0.40571,0.40709,0.29426,0.34619,OPEN,,0,11
30.6069,30.6069,1,0.419,0.40653,0.41277,0.40908,0.29426,0.34619,OPEN,,0,11
30.6431,30.6431,1,0.4258,0.41038,0.41809,0.41223,0.29426,0.34619,OPEN,,0,11
30.6779,30.6779,1,0.42763,0.41203,0.41983,0.41489,0.29426,0.34619,OPEN,,0,11
30.7086,30.7086,1,0.42927,0.41632,0.4228,0.41766,0.29426,0.34619,OPEN,,0,11
30.7264,30.7264,1,0.43036,0.41872,0.42454,0.42007,0.29426,0.34619,OPEN,,0,11
30.7575,30.7575,1,0.43467,0.4241,0.42939,0.42333,0.29426,0.34619,OPEN,,0,11
30.8153,30.8153,1,0.43523,0.42781,0.43152,0.4262,0.29426,0.34619,OPEN,,0,11
30.8438,30.8438,1,0.43412,0.43125,0.43269,0.42847,0.29426,0.34619,OPEN,,0,11
30.8793,30.8793,1,0.42912,0.42369,0.4264,0.42774,0.29426,0.34619,OPEN,,0,11
30.9072,30.9072,1,0.42767,0.42134,0.4245,0.42661,0.29426,0.34619,OPEN,,0,11
30.9478,30.9478,1,0.43083,0.41995,0.42539,0.42618,0.29426,0.34619,OPEN,,0,11
30.9773,30.9773,1,0.43098,0.41884,0.42491,0.42574,0.29426,0.34619,OPEN,,0,11
31.006,31.006,1,0.43127,0.41885,0.42506,0.4255,0.29426,0.34619,OPEN,,0,11
31.0263,31.0263,1,0.42697,0.39593,0.41145,0.42058,0.29426,0.34619,OPEN,,0,11
31.0428,31.0428,1,0.42647,0.39188,0.40918,0.41659,0.29426,0.34619,OPEN,,0,11
31.0857,31.0857,1,0.05888,0.04116,0.05002,,0.29426,0.34619,OPEN,,0,11
31.1087,31.1087,1,0.02041,0.01855,0.01948,,0.29426,0.34619,OPEN,,0,11
31.1509,31.1509,1,0.05996,0.0424,0.05118,,0.29426,0.34619,OPEN,,0,11
31.2169,31.2169,1,0.07547,0.07611,0.07579,,0.29426,0.34619,OPEN,,0,11
31.2434,31.2434,1,0.08786,0.07165,0.07976,,0.29426,0.34619,OPEN,,0,11
31.2773,31.2773,1,0.20555,0.19679,0.20117,0.34119,0.29426,0.34619,OPEN,,0,11
31.3102,31.3102,1,0.26846,0.27336,0.27091,0.31659,0.29426,0.34619,OPEN,,0,11
31.3418,31.3418,1,0.37112,0.39499,0.38306,0.33986,0.29426,0.34619,OPEN,,0,11
31.3596,31.3596,1,0.39222,0.41782,0.40502,0.36266,0.29426,0.34619,OPEN,,0,11
31.3934,31.3934,1,0.40374,0.42598,0.41486,0.38093,0.29426,0.34619,OPEN,,0,11
31.4252,31.4252,1,0.4216,0.43243,0.42702,0.39706,0.29426,0.34619,OPEN,,0,11
31.46,31.46,1,0.42356,0.42501,0.42429,0.40659,0.29426,0.34619,OPEN,,0,11
31.4918,31.4918,1,0.42698,0.4207,0.42384,0.41263,0.29426,0.34619,OPEN,,0,11
31.5084,31.5084,1,0.42741,0.41799,0.4227,0.41615,0.29426,0.34619,OPEN,,0,11
31.5494,31.5494,1,0.42697,0.41929,0.42313,0.4186,0.29426,0.34619,OPEN,,0,11
31.6151,31.6151,1,0.43554,0.42532,0.43043,0.42274,0.29426,0.34619,OPEN,,0,11
31.6432,31.6432,1,0.4462,0.42682,0.43651,0.42756,0.29426,0.34619,OPEN,,0,11
31.6827,31.6827,1,0.42717,0.41962,0.42339,0.4261,0.29426,0.34619,OPEN,,0,11
31.7099,31.7099,1,0.4201,0.41866,0.41938,0.42375,0.29426,0.34619,OPEN,,0,11
31.7424,31.7424,1,0.41942,0.4215,0.42046,0.4226,0.29426,0.34619,OPEN,,0,11
31.76,31.76,1,0.4173,0.41862,0.41796,0.42097,0.29426,0.34619,OPEN,,0,11
31.7912,31.7912,1,0.41612,0.41794,0.41703,0.41959,0.29426,0.34619,OPEN,,0,11
31.8258,31.8258,1,0.42171,0.37283,0.39727,0.41178,0.29426,0.34619,OPEN,,0,11
31.8574,31.8574,1,0.42792,0.39448,0.4112,0.41158,0.29426,0.34619,OPEN,,0,11
31.8878,31.8878,1,0.4185,0.37502,0.39676,0.40639,0.29426,0.34619,OPEN,,0,11
31.9094,31.9094,1,0.42674,0.37859,0.40266,0.40509,0.29426,0.34619,OPEN,,0,11
31.95,31.95,1,0.42517,0.40971,0.41744,0.40941,0.29426,0.34619,OPEN,,0,11
32.015,32.015,1,0.44666,0.42769,0.43718,0.41913,0.29426,0.34619,OPEN,,0,11
32.0426,32.0426,1,0.43112,0.41537,0.42324,0.42057,0.29426,0.34619,OPEN,,0,11
32.0848,32.0848,1,0.42356,0.40528,0.41442,0.41842,0.29426,0.34619,OPEN,,0,11
32.1095,32.1095,1,0.42316,0.39498,0.40907,0.41515,0.29426,0.34619,OPEN,,0,11
32.1243,32.1243,1,0.42247,0.39015,0.40631,0.41205,0.29426,0.34619,OPEN,,0,11
32.1603,32.1603,1,0.13676,0.15914,0.14795,0.31962,0.29426,0.34619,OPEN,,0,11
32.1839,32.1839,1,0.11311,0.1113,0.1122,0.24702,0.29426,0.34619,CLOSING,,0,11
32.2233,32.2233,1,0.09661,0.08872,0.09266,,0.29426,0.34619,CLOSING,,0,11
32.2599,32.2599,1,0.11292,0.0851,0.09901,,0.29426,0.34619,CLOSING,,0,11
32.2869,32.2869,1,0.18804,0.21251,0.20028,0.23066,0.29426,0.34619,CLOSED,0.10302,0,11
32.3087,32.3087,1,0.21332,0.25956,0.23644,0.23268,0.29426,0.34619,CLOSED,0.12486,0,11
32.3542,32.3542,1,0.34483,0.3635,0.35416,0.2752,0.29426,0.34619,CLOSED,0.17038,0,11
32.4157,32.4157,1,0.40634,0.4173,0.41182,0.32302,0.29426,0.34619,CLOSED,0.23184,0,11
32.4401,32.4401,1,0.40799,0.41748,0.41273,0.35442,0.29426,0.34619,OPENING,0.25622,0,11
32.4806,32.4806,1,0.40397,0.40736,0.40567,0.37235,0.29426,0.34619,OPEN,0.29678,1,12
32.5097,32.5097,1,0.40796,0.40551,0.40673,0.38439,0.29426,0.34619,OPEN,,0,12
32.5429,32.5429,1,0.4087,0.40395,0.40633,0.39207,0.29426,0.34619,OPEN,,0,12
32.5694,32.5694,1,0.38587,0.38903,0.38745,0.39045,0.29426,0.34619,OPEN,,0,12
32.5923,32.5923,1,0.37459,0.38369,0.37914,0.38649,0.29426,0.34619,OPEN,,0,12
32.6219,32.6219,1,0.38172,0.38363,0.38268,0.38516,0.29426,0.34619,OPEN,,0,12
32.6426,32.6426,1,0.38717,0.38494,0.38605,0.38547,0.29426,0.34619,OPEN,,0,12
32.6842,32.6842,1,0.40558,0.39795,0.40176,0.39117,0.29426,0.34619,OPEN,,0,12
32.7031,32.7031,1,0.41242,0.40423,0.40832,0.39718,0.29426,0.34619,OPEN,,0,12
32.7481,32.7481,1,0.42189,0.40517,0.41353,0.4029,0.29426,0.34619,OPEN,,0,12
32.8142,32.8142,1,0.41668,0.40347,0.41008,0.40541,0.29426,0.34619,OPEN,,0,12
32.8424,32.8424,1,0.41849,0.40538,0.41194,0.4077,0.29426,0.34619,OPEN,,0,12
32.8973,32.8973,1,0.43517,0.42586,0.43051,0.41568,0.29426,0.34619,OPEN,,0,12
32.924,32.924,1,0.441,0.429,0.435,0.42244,0.29426,0.34619,OPEN,,0,12
32.9543,32.9543,1,0.44354,0.43059,0.43707,0.42756,0.29426,0.34619,OPEN,,0,12
32.9855,32.9855,1,0.44985,0.42643,0.43814,0.43126,0.29426,0.34619,OPEN,,0,12
33.0255,33.0255,1,0.44765,0.42374,0.43569,0.43281,0.29426,0.34619,OPEN,,0,12
33.0438,33.0438,1,0.44374,0.42472,0.43423,0.43331,0.29426,0.34619,OPEN,,0,12
33.0755,33.0755,1,0.44098,0.42311,0.43204,0.43287,0.29426,0.34619,OPEN,,0,12
33.0996,33.0996,1,0.17084,0.1104,0.14062,0.33058,0.29426,0.34619,OPEN,,0,12
33.1234,33.1234,1,0.06889,0.05214,0.06052,,0.29426,0.34619,OPEN,,0,12
33.1497,33.1497,1,0.02655,0.025,0.02578,,0.29426,0.34619,OPEN,,0,12
33.2191,33.2191,1,0.04086,0.03439,0.03762,,0.29426,0.34619,OPEN,,0,12
33.2501,33.2501,1,0.07132,0.04586,0.05859,,0.29426,0.34619,OPEN,,0,12
33.2759,33.2759,1,0.08403,0.05326,0.06864,,0.29426,0.34619,OPEN,,0,12
33.3087,33.3087,1,0.17676,0.18611,0.18144,0.27838,0.29426,0.34619,CLOSING,,0,12
33.3429,33.3429,1,0.20253,0.24389,0.22321,0.25907,0.29426,0.34619,CLOSING,0.03422,0,12
33.376,33.376,1,0.32714,0.34893,0.33804,0.28671,0.29426,0.34619,CLOSED,0.06732,0,12
33.4079,33.4079,1,0.35888,0.37643,0.36765,0.31504,0.29426,0.34619,CLOSED,0.09918,0,12
33.4329,33.4329,1,0.38793,0.40433,0.39613,0.34342,0.29426,0.34619,CLOSED,0.12415,0,12
33.4494,33.4494,1,0.396,0.41131,0.40366,0.3645,0.29426,0.34619,OPENING,0.14067,0,12
33.4881,33.4881,1,0.40786,0.4131,0.41048,0.3806,0.29426,0.34619,OPEN,0.17937,1,13
33.5096,33.5096,1,0.41208,0.41388,0.41298,0.39193,0.29426,0.34619,OPEN,,0,13
33.5506,33.5506,1,0.43774,0.42408,0.43091,0.40557,0.29426,0.34619,OPEN,,0,13
33.6139,33.6139,1,0.47549,0.47381,0.47465,0.42975,0.29426,0.34619,OPEN,,0,13
33.6412,33.6412,1,0.4683,0.46688,0.46759,0.44299,0.29426,0.34619,OPEN,,0,13
33.6752,33.6752,1,0.46169,0.45877,0.46023,0.44903,0.29426,0.34619,OPEN,,0,13
33.7058,33.7058,1,0.45868,0.45229,0.45548,0.45129,0.29426,0.34619,OPEN,,0,13
33.7261,33.7261,1,0.45768,0.44913,0.45341,0.45203,0.29426,0.34619,OPEN,,0,13
33.7582,33.7582,1,0.45126,0.43868,0.44497,0.44956,0.29426,0.34619,OPEN,,0,13
33.7913,33.7913,1,0.44761,0.43056,0.43908,0.44589,0.29426,0.34619,OPEN,,0,13
33.8239,33.8239,1,0.45336,0.43494,0.44415,0.44528,0.29426,0.34619,OPEN,,0,13
33.8551,33.8551,1,0.4581,0.43914,0.44862,0.44645,0.29426,0.34619,OPEN,,0,13
33.8894,33.8894,1,0.45796,0.43883,0.44839,0.44713,0.29426,0.34619,OPEN,,0,13
33.9109,33.9109,1,0.46448,0.4483,0.45639,0.45037,0.29426,0.34619,OPEN,,0,13
33.9559,33.9559,1,0.47055,0.46521,0.46788,0.4565,0.29426,0.34619,OPEN,,0,13
34.0313,34.0313,1,0.49224,0.45546,0.47385,0.46257,0.29426,0.34619,OPEN,,0,13
34.0566,34.0566,1,0.4986,0.46676,0.48268,0.46961,0.29426,0.34619,OPEN,,0,13
34.0871,34.0871,1,0.50371,0.4731,0.4884,0.47619,0.29426,0.34619,OPEN,,0,13
34.107,34.107,1,0.50299,0.47203,0.48751,0.48015,0.29426,0.34619,OPEN,,0,13
34.1252,34.1252,1,0.50292,0.4674,0.48516,0.4819,0.29426,0.34619,OPEN,,0,13
34.1602,34.1602,1,0.21433,0.22146,0.2179,0.3895,0.29426,0.34619,OPEN,,0,13
34.1783,34.1783,1,0.15213,0.18784,0.16998,0.31267,0.29426,0.34619,OPEN,,0,13
34.2238,34.2238,1,0.02442,0.02487,0.02464,,0.29426,0.34619,OPEN,,0,13
34.2579,34.2579,1,0.02973,0.02817,0.02895,,0.29426,0.34619,OPEN,,0,13
34.2897,34.2897,1,0.08326,0.10106,0.09216,,0.29426,0.34619,OPEN,,0,13
34.3078,34.3078,1,0.10774,0.10777,0.10776,0.24095,0.29426,0.34619,CLOSING,,0,13
34.352,34.352,1,0.23987,0.25337,0.24662,0.24293,0.29426,0.34619,CLOSING,0.04418,0,13
34.3741,34.3741,1,0.25976,0.29691,0.27834,0.25532,0.29426,0.34619,CLOSED,0.06634,0,13
34.4322,34.4322,1,0.35114,0.36658,0.35886,0.29156,0.29426,0.34619,CLOSED,0.12437,0,13
34.4615,34.4615,1,0.36737,0.38271,0.37504,0.32078,0.29426,0.34619,CLOSED,0.15373,0,13
34.4936,34.4936,1,0.41383,0.41795,0.41589,0.35407,0.29426,0.34619,OPENING,0.18581,0,13
34.5237,34.5237,1,0.43288,0.43243,0.43265,0.38157,0.29426,0.34619,OPEN,0.21594,1,14
34.5588,34.5588,1,0.4496,0.45015,0.44988,0.40548,0.29426,0.34619,OPEN,,0,14
34.5914,34.5914,1,0.45431,0.45888,0.4566,0.42337,0.29426,0.34619,OPEN,,0,14
34.628,34.628,1,0.44854,0.44939,0.44896,0.43233,0.29426,0.34619,OPEN,,0,14
34.6542,34.6542,1,0.4447,0.44493,0.44482,0.4367,0.29426,0.34619,OPEN,,0,14
34.6898,34.6898,1,0.47548,0.47612,0.4758,0.45039,0.29426,0.34619,OPEN,,0,14
34.7116,34.7116,1,0.49075,0.49227,0.49151,0.46478,0.29426,0.34619,OPEN,,0,14
34.7512,34.7512,1,0.48035,0.47885,0.4796,0.46997,0.29426,0.34619,OPEN,,0,14
34.7735,34.7735,1,0.48306,0.47653,0.47979,0.47341,0.29426,0.34619,OPEN,,0,14
34.8332,34.8332,1,0.47647,0.46405,0.47026,0.4723,0.29426,0.34619,OPEN,,0,14
34.8721,34.8721,1,0.47525,0.46366,0.46946,0.47131,0.29426,0.34619,OPEN,,0,14
34.8948,34.8948,1,0.47645,0.46565,0.47105,0.47122,0.29426,0.34619,OPEN,,0,14
34.9223,34.9223,1,0.47974,0.46758,0.47366,0.47207,0.29426,0.34619,OPEN,,0,14
34.9567,34.9567,1,0.47747,0.46622,0.47184,0.47199,0.29426,0.34619,OPEN,,0,14
34.9713,34.9713,1,0.47649,0.46592,0.4712,0.47172,0.29426,0.34619,OPEN,,0,14
35.0222,35.0222,1,0.47924,0.46386,0.47155,0.47166,0.29426,0.34619,OPEN,,0,14
35.0538,35.0538,1,0.48381,0.46541,0.47461,0.47269,0.29426,0.34619,OPEN,,0,14
35.0876,35.0876,1,0.48211,0.46379,0.47295,0.47278,0.29426,0.34619,OPEN,,0,14
35.1074,35.1074,1,0.48245,0.46299,0.47272,0.47276,0.29426,0.34619,OPEN,,0,14
35.1657,35.1657,1,0.30468,0.28309,0.29388,0.41015,0.29426,0.34619,OPEN,,0,14
35.1909,35.1909,1,0.28498,0.24322,0.2641,0.35903,0.29426,0.34619,OPEN,,0,14
35.2302,35.2302,1,0.0462,0.06511,0.05566,,0.29426,0.34619,OPEN,,0,14
35.2535,35.2535,1,0.03813,0.06355,0.05084,,0.29426,0.34619,OPEN,,0,14
35.294,35.294,1,0.04489,0.04052,0.04271,,0.29426,0.34619,OPEN,,0,14
35.3225,35.3225,1,0.05684,0.04788,0.05236,,0.29426,0.34619,OPEN,,0,14
35.3661,35.3661,1,0.05285,0.13605,0.09445,,0.29426,0.34619,OPEN,,0,14
35.3884,35.3884,1,0.04027,0.15555,0.09791,,0.29426,0.34619,OPEN,,0,14
35.4206,35.4206,1,0.33095,0.36868,0.34982,0.35581,0.29426,0.34619,OPEN,,0,14
35.4405,35.4405,1,0.39532,0.41026,0.40279,0.37225,0.29426,0.34619,OPEN,,0,14
35.4863,35.4863,1,0.41506,0.406,0.41053,0.38565,0.29426,0.34619,OPEN,,0,14
35.5222,35.5222,1,0.42104,0.40723,0.41413,0.39562,0.29426,0.34619,OPEN,,0,14
35.57,35.57,1,0.44273,0.43282,0.43777,0.41037,0.29426,0.34619,OPEN,,0,14
35.6068,35.6068,1,0.44887,0.44025,0.44456,0.42234,0.29426,0.34619,OPEN,,0,14
35.6436,35.6436,1,0.47666,0.45506,0.46586,0.43757,0.29426,0.34619,OPEN,,0,14
35.6706,35.6706,1,0.47473,0.45491,0.46482,0.44711,0.29426,0.34619,OPEN,,0,14
35.6946,35.6946,1,0.47237,0.4576,0.46498,0.45337,0.29426,0.34619,OPEN,,0,14
35.7238,35.7238,1,0.46448,0.4507,0.45759,0.45484,0.29426,0.34619,OPEN,,0,14
35.7597,35.7597,1,0.45354,0.43626,0.4449,0.45136,0.29426,0.34619,OPEN,,0,14
35.7899,35.7899,1,0.44498,0.42726,0.43612,0.44603,0.29426,0.34619,OPEN,,0,14
35.8257,35.8257,1,0.45931,0.44069,0.45,0.44742,0.29426,0.34619,OPEN,,0,14
35.8561,35.8561,1,0.4659,0.44876,0.45733,0.45089,0.29426,0.34619,OPEN,,0,14
35.887,35.887,1,0.46979,0.4528,0.46129,0.45453,0.29426,0.34619,OPEN,,0,14
35.9227,35.9227,1,0.47119,0.45511,0.46315,0.45755,0.29426,0.34619,OPEN,,0,14
35.9658,35.9658,1,0.4643,0.442,0.45315,0.45601,0.29426,0.34619,OPEN,,0,14
35.9897,35.9897,1,0.46994,0.44887,0.45941,0.4572,0.29426,0.34619,OPEN,,0,14
36.0327,36.0327,1,0.47026,0.45309,0.46168,0.45877,0.29426,0.34619,OPEN,,0,14
36.0571,36.0571,1,0.47263,0.45639,0.46451,0.46078,0.29426,0.34619,OPEN,,0,14
36.0963,36.0963,1,0.47996,0.46226,0.47111,0.46439,0.29426,0.34619,OPEN,,0,14
36.1225,36.1225,1,0.48083,0.46329,0.47206,0.46708,0.29426,0.34619,OPEN,,0,14
36.1591,36.1591,1,0.37768,0.33624,0.35696,0.42854,0.29426,0.34619,OPEN,,0,14
36.1808,36.1808,1,0.357,0.3082,0.3326,0.39496,0.29426,0.34619,OPEN,,0,14
36.2215,36.2215,1,0.02096,0.03855,0.02975,,0.29426,0.34619,OPEN,,0,14
36.2506,36.2506,1,0.01072,0.03232,0.02152,,0.29426,0.34619,OPEN,,0,14
36.2851,36.2851,1,0.029,0.04604,0.03752,,0.29426,0.34619,OPEN,,0,14
36.3095,36.3095,1,0.04226,0.04101,0.04163,,0.29426,0.34619,OPEN,,0,14
36.3665,36.3665,1,0.06251,0.07752,0.07002,,0.29426,0.34619,OPEN,,0,14
36.4055,36.4055,1,0.06393,0.09098,0.07745,,0.29426,0.34619,OPEN,,0,14
36.432,36.432,1,0.20234,0.21472,0.20853,0.32971,0.29426,0.34619,OPEN,,0,14
36.4577,36.4577,1,0.24673,0.27012,0.25843,0.30476,0.29426,0.34619,OPEN,,0,14
36.4954,36.4954,1,0.37806,0.3895,0.38378,0.33242,0.29426,0.34619,OPEN,,0,14
36.5215,36.5215,1,0.40746,0.41246,0.40996,0.35956,0.29426,0.34619,OPEN,,0,14
36.557,36.557,1,0.45068,0.45235,0.45152,0.39174,0.29426,0.34619,OPEN,,0,14
36.5721,36.5721,1,0.46029,0.45993,0.46011,0.41567,0.29426,0.34619,OPEN,,0,14
36.6239,36.6239,1,0.5001,0.49199,0.49604,0.4438,0.29426,0.34619,OPEN,,0,14
36.6547,36.6547,1,0.5055,0.49746,0.50148,0.46399,0.29426,0.34619,OPEN,,0,14
36.6847,36.6847,1,0.48911,0.47997,0.48454,0.47118,0.29426,0.34619,OPEN,,0,14
36.7202,36.7202,1,0.48502,0.47223,0.47863,0.47379,0.29426,0.34619,OPEN,,0,14
36.7676,36.7676,1,0.47861,0.46617,0.47239,0.4733,0.29426,0.34619,OPEN,,0,14
36.805,36.805,1,0.47653,0.46399,0.47026,0.47224,0.29426,0.34619,OPEN,,0,14
36.8352,36.8352,1,0.49091,0.47072,0.48081,0.47524,0.29426,0.34619,OPEN,,0,14
36.8719,36.8719,1,0.48331,0.46126,0.47229,0.4742,0.29426,0.34619,OPEN,,0,14
36.906,36.906,1,0.48752,0.4674,0.47746,0.47534,0.29426,0.34619,OPEN,,0,14
36.9384,36.9384,1,0.48712,0.46616,0.47664,0.4758,0.29426,0.34619,OPEN,,0,14
36.9639,36.9639,1,0.49897,0.47518,0.48708,0.47975,0.29426,0.34619,OPEN,,0,14
36.9895,36.9895,1,0.50654,0.48452,0.49553,0.48527,0.29426,0.34619,OPEN,,0,14
37.0258,37.0258,1,0.51342,0.48547,0.49945,0.49023,0.29426,0.34619,OPEN,,0,14
37.0476,37.0476,1,0.51697,0.48496,0.50096,0.49399,0.29426,0.34619,OPEN,,0,14
37.0846,37.0846,1,0.48782,0.45338,0.4706,0.4858,0.29426,0.34619,OPEN,,0,14
37.1061,37.1061,1,0.46934,0.43544,0.45239,0.47411,0.29426,0.34619,OPEN,,0,14
37.1634,37.1634,1,0.04203,0.0706,0.05631,,0.29426,0.34619,OPEN,,0,14
37.1777,37.1777,1,0.02099,0.05428,0.03764,,0.29426,0.34619,OPEN,,0,14
37.2348,37.2348,1,0.01186,0.01804,0.01495,,0.29426,0.34619,OPEN,,0,14
37.255,37.255,1,0.01583,0.01719,0.01651,,0.29426,0.34619,OPEN,,0,14
37.2936,37.2936,1,0.05224,0.06665,0.05945,,0.29426,0.34619,OPEN,,0,14
37.3198,37.3198,1,0.08442,0.08789,0.08616,,0.29426,0.34619,OPEN,,0,14
37.3589,37.3589,1,0.30502,0.30197,0.30349,0.41439,0.29426,0.34619,OPEN,,0,14
37.382,37.382,1,0.34071,0.34745,0.34408,0.38979,0.29426,0.34619,OPEN,,0,14
37.4234,37.4234,1,0.4153,0.42816,0.42173,0.40097,0.29426,0.34619,OPEN,,0,14
37.4571,37.4571,1,0.42102,0.42856,0.42479,0.40931,0.29426,0.34619,OPEN,,0,14
37.4898,37.4898,1,0.43247,0.44328,0.43788,0.41931,0.29426,0.34619,OPEN,,0,14
37.5072,37.5072,1,0.43725,0.44195,0.4396,0.42641,0.29426,0.34619,OPEN,,0,14
37.5665,37.5665,1,0.45029,0.44394,0.44711,0.43366,0.29426,0.34619,OPEN,,0,14
37.5894,37.5894,1,0.45825,0.45197,0.45511,0.44117,0.29426,0.34619,OPEN,,0,14
37.6306,37.6306,1,0.46276,0.46117,0.46196,0.44844,0.29426,0.34619,OPEN,,0,14
37.6559,37.6559,1,0.46201,0.45691,0.45946,0.4523,0.29426,0.34619,OPEN,,0,14
37.6948,37.6948,1,0.45535,0.44929,0.45232,0.45231,0.29426,0.34619,OPEN,,0,14
37.723,37.723,1,0.4538,0.44713,0.45046,0.45166,0.29426,0.34619,OPEN,,0,14
37.7643,37.7643,1,0.46755,0.45599,0.46177,0.4552,0.29426,0.34619,OPEN,,0,14
37.7888,37.7888,1,0.47462,0.46034,0.46748,0.4595,0.29426,0.34619,OPEN,,0,14
37.8214,37.8214,1,0.47123,0.45781,0.46452,0.46125,0.29426,0.34619,OPEN,,0,14
37.8398,37.8398,1,0.46935,0.45658,0.46297,0.46185,0.29426,0.34619,OPEN,,0,14
37.8876,37.8876,1,0.46767,0.45262,0.46014,0.46126,0.29426,0.34619,OPEN,,0,14
37.9123,37.9123,1,0.46713,0.44954,0.45834,0.46023,0.29426,0.34619,OPEN,,0,14
37.9687,37.9687,1,0.46574,0.44789,0.45682,0.45904,0.29426,0.34619,OPEN,,0,14
38.0051,38.0051,1,0.46473,0.44635,0.45554,0.45782,0.29426,0.34619,OPEN,,0,14
38.0314,38.0314,1,0.46511,0.44921,0.45716,0.45759,0.29426,0.34619,OPEN,,0,14
38.0616,38.0616,1,0.47121,0.45934,0.46527,0.46028,0.29426,0.34619,OPEN,,0,14
38.0949,38.0949,1,0.46529,0.45317,0.45923,0.45991,0.29426,0.34619,OPEN,,0,14
38.1259,38.1259,1,0.46181,0.45103,0.45642,0.45869,0.29426,0.34619,OPEN,,0,14
38.16,38.16,1,0.18509,0.15592,0.1705,0.35782,0.29426,0.34619,OPEN,,0,14
38.1909,38.1909,1,0.1529,0.11412,0.13351,0.27931,0.29426,0.34619,CLOSING,,0,14
38.225,38.225,1,0.03872,0.0438,0.04126,,0.29426,0.34619,CLOSING,,0,14
38.2397,38.2397,1,0.0405,0.05101,0.04575,,0.29426,0.34619,CLOSING,,0,14
38.287,38.287,1,0.20687,0.16483,0.18585,0.2466,0.29426,0.34619,CLOSED,0.09619,0,14
38.315,38.315,1,0.18875,0.18184,0.18529,0.22514,0.29426,0.34619,CLOSED,0.12417,0,14
38.367,38.367,1,0.24591,0.26764,0.25678,0.23621,0.29426,0.34619,CLOSED,0.17612,0,14
38.407,38.407,1,0.28215,0.3111,0.29662,0.25736,0.29426,0.34619,CLOSED,0.21609,0,14
38.4328,38.4328,1,0.39502,0.40044,0.39773,0.30649,0.29426,0.34619,CLOSED,0.24193,0,14
38.456,38.456,1,0.41743,0.42328,0.42035,0.34634,0.29426,0.34619,OPENING,0.26519,0,14
38.4959,38.4959,1,0.43517,0.44153,0.43835,0.37855,0.29426,0.34619,OPEN,0.305,1,15
38.5231,38.5231,1,0.43985,0.44433,0.44209,0.40079,0.29426,0.34619,OPEN,,0,15
38.557,38.557,1,0.43065,0.43908,0.43486,0.41271,0.29426,0.34619,OPEN,,0,15
38.5896,38.5896,1,0.43094,0.42828,0.42961,0.41863,0.29426,0.34619,OPEN,,0,15
38.6224,38.6224,1,0.45205,0.43739,0.44472,0.42776,0.29426,0.34619,OPEN,,0,15
38.6513,38.6513,1,0.46335,0.44167,0.45251,0.43642,0.29426,0.34619,OPEN,,0,15
38.6852,38.6852,1,0.46567,0.43052,0.4481,0.44051,0.29426,0.34619,OPEN,,0,15
38.7035,38.7035,1,0.46804,0.44594,0.45699,0.44628,0.29426,0.34619,OPEN,,0,15
38.7679,38.7679,1,0.46521,0.44868,0.45694,0.45001,0.29426,0.34619,OPEN,,0,15
38.8065,38.8065,1,0.46473,0.44949,0.45711,0.4525,0.29426,0.34619,OPEN,,0,15
38.8306,38.8306,1,0.49334,0.4667,0.48002,0.46213,0.29426,0.34619,OPEN,,0,15
38.8559,38.8559,1,0.49655,0.46352,0.48003,0.4684,0.29426,0.34619,OPEN,,0,15
38.8946,38.8946,1,0.472,0.4587,0.46535,0.46733,0.29426,0.34619,OPEN,,0,15
38.921,38.921,1,0.46842,0.46359,0.466,0.46687,0.29426,0.34619,OPEN,,0,15
38.9632,38.9632,1,0.4843,0.43003,0.45716,0.46347,0.29426,0.34619,OPEN,,0,15
38.9807,38.9807,1,0.47116,0.4288,0.44998,0.45875,0.29426,0.34619,OPEN,,0,15
39.0235,39.0235,1,0.47726,0.46211,0.46969,0.46258,0.29426,0.34619,OPEN,,0,15
39.0599,39.0599,1,0.46672,0.46166,0.46419,0.46314,0.29426,0.34619,OPEN,,0,15
39.088,39.088,1,0.47196,0.42973,0.45085,0.45884,0.29426,0.34619,OPEN,,0,15
39.1063,39.1063,1,0.47864,0.4252,0.45192,0.45642,0.29426,0.34619,OPEN,,0,15
39.1728,39.1728,1,0.03416,0.06572,0.04994,,0.29426,0.34619,OPEN,,0,15
39.1892,39.1892,1,0.03809,0.06688,0.05248,,0.29426,0.34619,OPEN,,0,15
39.2312,39.2312,1,0.04547,0.05666,0.05106,,0.29426,0.34619,OPEN,,0,15
39.2531,39.2531,1,0.05329,0.05509,0.05419,,0.29426,0.34619,OPEN,,0,15
39.295,39.295,1,0.06858,0.04691,0.05774,,0.29426,0.34619,OPEN,,0,15
39.3214,39.3214,1,0.02041,0.08491,0.05266,,0.29426,0.34619,OPEN,,0,15
39.3578,39.3578,1,0.2584,0.32219,0.29029,0.39827,0.29426,0.34619,OPEN,,0,15
39.3868,39.3868,1,0.32783,0.37048,0.34915,0.38108,0.29426,0.34619,OPEN,,0,15
39.4199,39.4199,1,0.38012,0.37966,0.37989,0.38066,0.29426,0.34619,OPEN,,0,15
39.4357,39.4357,1,0.38509,0.38007,0.38258,0.38133,0.29426,0.34619,OPEN,,0,15
39.4907,39.4907,1,0.47083,0.44447,0.45765,0.40805,0.29426,0.34619,OPEN,,0,15
39.5181,39.5181,1,0.48911,0.46329,0.4762,0.4319,0.29426,0.34619,OPEN,,0,15
39.5669,39.5669,1,0.46906,0.46189,0.46548,0.44365,0.29426,0.34619,OPEN,,0,15
39.5907,39.5907,1,0.45728,0.45254,0.45491,0.44759,0.29426,0.34619,OPEN,,0,15
39.635,39.635,1,0.43405,0.4255,0.42978,0.44136,0.29426,0.34619,OPEN,,0,15
39.6596,39.6596,1,0.42779,0.42321,0.4255,0.43581,0.29426,0.34619,OPEN,,0,15
39.6942,39.6942,1,0.45473,0.45254,0.45363,0.44205,0.29426,0.34619,OPEN,,0,15
39.721,39.721,1,0.45769,0.45345,0.45557,0.44678,0.29426,0.34619,OPEN,,0,15
39.762,39.762,1,0.45712,0.45397,0.45554,0.44985,0.29426,0.34619,OPEN,,0,15
39.7887,39.7887,1,0.46001,0.45491,0.45746,0.45251,0.29426,0.34619,OPEN,,0,15
39.8255,39.8255,1,0.46203,0.45809,0.46006,0.45515,0.29426,0.34619,OPEN,,0,15
39.8518,39.8518,1,0.46503,0.46073,0.46288,0.45786,0.29426,0.34619,OPEN,,0,15
39.8894,39.8894,1,0.47139,0.46691,0.46915,0.46181,0.29426,0.34619,OPEN,,0,15
39.9042,39.9042,1,0.4789,0.47282,0.47586,0.46673,0.29426,0.34619,OPEN,,0,15
39.9659,39.9659,1,0.46687,0.44861,0.45774,0.46358,0.29426,0.34619,OPEN,,0,15
39.9906,39.9906,1,0.46349,0.44856,0.45603,0.46094,0.29426,0.34619,OPEN,,0,15
40.0306,40.0306,1,0.45738,0.44296,0.45017,0.45717,0.29426,0.34619,OPEN,,0,15
40.0587,40.0587,1,0.45562,0.44205,0.44883,0.45425,0.29426,0.34619,OPEN,,0,15
40.0934,40.0934,1,0.45846,0.44948,0.45397,0.45415,0.29426,0.34619,OPEN,,0,15
40.1192,40.1192,1,0.46101,0.45273,0.45687,0.4551,0.29426,0.34619,OPEN,,0,15
40.1635,40.1635,1,0.46085,0.44679,0.45382,0.45466,0.29426,0.34619,OPEN,,0,15
40.2023,40.2023,1,0.45987,0.44803,0.45395,0.45441,0.29426,0.34619,OPEN,,0,15
40.2377,40.2377,1,0.09116,0.0789,0.08503,,0.29426,0.34619,OPEN,,0,15
40.2608,40.2608,1,0.04907,0.05142,0.05024,,0.29426,0.34619,OPEN,,0,15
40.2895,40.2895,1,0.0527,0.0565,0.0546,,0.29426,0.34619,OPEN,,0,15
40.305,40.305,1,0.05083,0.05953,0.05518,,0.29426,0.34619,OPEN,,0,15
40.3662,40.3662,1,0.07095,0.0647,0.06782,,0.29426,0.34619,OPEN,,0,15
40.4015,40.4015,1,0.09029,0.08182,0.08605,,0.29426,0.34619,OPEN,,0,15
40.4276,40.4276,1,0.21101,0.24154,0.22628,0.37456,0.29426,0.34619,OPEN,,0,15
40.4539,40.4539,1,0.24504,0.28893,0.26699,0.33691,0.29426,0.34619,OPEN,,0,15
40.495,40.495,1,0.39811,0.4084,0.40325,0.36013,0.29426,0.34619,OPEN,,0,15
40.5208,40.5208,1,0.42459,0.42686,0.42572,0.38309,0.29426,0.34619,OPEN,,0,15
40.5578,40.5578,1,0.44685,0.44122,0.44403,0.40442,0.29426,0.34619,OPEN,,0,15
40.5864,40.5864,1,0.45095,0.44432,0.44764,0.41955,0.29426,0.34619,OPEN,,0,15
40.6263,40.6263,1,0.45591,0.44558,0.45074,0.43046,0.29426,0.34619,OPEN,,0,15
40.6495,40.6495,1,0.46087,0.44815,0.45451,0.43888,0.29426,0.34619,OPEN,,0,15
40.6872,40.6872,1,0.4639,0.45004,0.45697,0.44521,0.29426,0.34619,OPEN,,0,15
40.72,40.72,1,0.46402,0.45059,0.45731,0.44944,0.29426,0.34619,OPEN,,0,15
40.7667,40.7667,1,0.47575,0.46806,0.47191,0.45731,0.29426,0.34619,OPEN,,0,15
40.792,40.792,1,0.48595,0.47918,0.48256,0.46615,0.29426,0.34619,OPEN,,0,15
40.8331,40.8331,1,0.50397,0.48828,0.49613,0.47664,0.29426,0.34619,OPEN,,0,15
40.8533,40.8533,1,0.50859,0.49323,0.50091,0.48513,0.29426,0.34619,OPEN,,0,15
40.8949,40.8949,1,0.49717,0.48521,0.49119,0.48725,0.29426,0.34619,OPEN,,0,15
40.9197,40.9197,1,0.49235,0.48054,0.48645,0.48697,0.29426,0.34619,OPEN,,0,15
40.9595,40.9595,1,0.48749,0.47415,0.48082,0.48482,0.29426,0.34619,OPEN,,0,15
40.9872,40.9872,1,0.48586,0.47161,0.47873,0.48269,0.29426,0.34619,OPEN,,0,15
41.0232,41.0232,1,0.18391,0.13893,0.16142,0.37024,0.29426,0.34619,OPEN,,0,15
41.0432,41.0432,1,0.1238,0.0988,0.1113,0.27961,0.29426,0.34619,CLOSING,,0,15
41.0908,41.0908,1,0.02733,0.03364,0.03048,,0.29426,0.34619,CLOSING,,0,15
41.1212,41.1212,1,0.02446,0.04033,0.03239,,0.29426,0.34619,CLOSING,,0,15
41.1665,41.1665,1,0.04567,0.05137,0.04852,,0.29426,0.34619,CLOSING,,0,15
41.1892,41.1892,1,0.0501,0.05397,0.05204,,0.29426,0.34619,CLOSING,,0,15
41.2308,41.2308,1,0.09793,0.09168,0.09481,,0.29426,0.34619,CLOSING,,0,15
41.2534,41.2534,1,0.11493,0.10683,0.11088,0.22056,0.29426,0.34619,CLOSED,0.21021,0,15
41.2937,41.2937,1,0.31924,0.31915,0.31919,0.25508,0.29426,0.34619,CLOSED,0.25051,0,15
41.3198,41.3198,1,0.35447,0.34851,0.35149,0.28882,0.29426,0.34619,CLOSED,0.27662,0,15
41.362,41.362,1,0.41517,0.41568,0.41543,0.33313,0.29426,0.34619,CLOSED,0.3188,0,15
41.3897,41.3897,1,0.43232,0.43629,0.43431,0.36854,0.29426,0.34619,OPENING,0.34652,0,15
41.4236,41.4236,1,0.43923,0.4346,0.43692,0.39247,0.29426,0.34619,OPEN,0.38038,1,16
41.4508,41.4508,1,0.43486,0.43099,0.43292,0.40663,0.29426,0.34619,OPEN,,0,16
41.487,41.487,1,0.4375,0.43125,0.43437,0.41634,0.29426,0.34619,OPEN,,0,16
41.5201,41.5201,1,0.44222,0.43749,0.43986,0.42457,0.29426,0.34619,OPEN,,0,16
41.5698,41.5698,1,0.45143,0.43454,0.44298,0.43101,0.29426,0.34619,OPEN,,0,16
41.6025,41.6025,1,0.45544,0.43336,0.4444,0.4357,0.29426,0.34619,OPEN,,0,16
41.6282,41.6282,1,0.45895,0.4486,0.45378,0.44203,0.29426,0.34619,OPEN,,0,16
41.6484,41.6484,1,0.46148,0.45562,0.45855,0.44781,0.29426,0.34619,OPEN,,0,16
41.6924,41.6924,1,0.47103,0.46013,0.46558,0.45403,0.29426,0.34619,OPEN,,0,16
41.7187,41.7187,1,0.47387,0.46115,0.46751,0.45875,0.29426,0.34619,OPEN,,0,16
41.7594,41.7594,1,0.46912,0.45468,0.4619,0.45985,0.29426,0.34619,OPEN,,0,16
41.7863,41.7863,1,0.47034,0.45766,0.464,0.4613,0.29426,0.34619,OPEN,,0,16
41.8287,41.8287,1,0.47181,0.45791,0.46486,0.46255,0.29426,0.34619,OPEN,,0,16
41.8521,41.8521,1,0.47058,0.45437,0.46248,0.46252,0.29426,0.34619,OPEN,,0,16
41.8864,41.8864,1,0.47053,0.45475,0.46264,0.46256,0.29426,0.34619,OPEN,,0,16
41.9152,41.9152,1,0.46674,0.45261,0.45967,0.46155,0.29426,0.34619,OPEN,,0,16
41.9653,41.9653,1,0.46944,0.45826,0.46385,0.46236,0.29426,0.34619,OPEN,,0,16
41.9993,41.9993,1,0.47202,0.46287,0.46744,0.46414,0.29426,0.34619,OPEN,,0,16
42.0333,42.0333,1,0.47622,0.46535,0.47079,0.46646,0.29426,0.34619,OPEN,,0,16
42.0534,42.0534,1,0.47937,0.46774,0.47356,0.46895,0.29426,0.34619,OPEN,,0,16
42.0948,42.0948,1,0.49044,0.46514,0.47779,0.47204,0.29426,0.34619,OPEN,,0,16
42.1211,42.1211,1,0.49456,0.46866,0.48161,0.47539,0.29426,0.34619,OPEN,,0,16
42.1615,42.1615,1,0.49321,0.4744,0.4838,0.47833,0.29426,0.34619,OPEN,,0,16
42.1851,42.1851,1,0.49411,0.47286,0.48348,0.48014,0.29426,0.34619,OPEN,,0,16
42.2228,42.2228,1,0.49709,0.4823,0.4897,0.48348,0.29426,0.34619,OPEN,,0,16
42.2545,42.2545,1,0.50201,0.48915,0.49558,0.48772,0.29426,0.34619,OPEN,,0,16
42.2915,42.2915,1,0.50635,0.49511,0.50073,0.49227,0.29426,0.34619,OPEN,,0,16
42.316,42.316,1,0.50302,0.49271,0.49787,0.49423,0.29426,0.34619,OPEN,,0,16
42.3672,42.3672,1,0.49956,0.48551,0.49253,0.49364,0.29426,0.34619,OPEN,,0,16
42.391,42.391,1,0.50319,0.48818,0.49569,0.49435,0.29426,0.34619,OPEN,,0,16
42.4308,42.4308,1,0.49389,0.47264,0.48326,0.49047,0.29426,0.34619,OPEN,,0,16
42.4534,42.4534,1,0.49695,0.47183,0.48439,0.48834,0.29426,0.34619,OPEN,,0,16
42.4925,42.4925,1,0.49522,0.4712,0.48321,0.48655,0.29426,0.34619,OPEN,,0,16
42.5186,42.5186,1,0.49474,0.47132,0.48303,0.48532,0.29426,0.34619,OPEN,,0,16
42.5626,42.5626,1,0.49338,0.47098,0.48218,0.48422,0.29426,0.34619,OPEN,,0,16
42.6008,42.6008,1,0.4964,0.4741,0.48525,0.48458,0.29426,0.34619,OPEN,,0,16
42.6227,42.6227,1,0.49227,0.46105,0.47666,0.48181,0.29426,0.34619,OPEN,,0,16
42.6544,42.6544,1,0.49348,0.46883,0.48116,0.48158,0.29426,0.34619,OPEN,,0,16
42.687,42.687,1,0.48972,0.46956,0.47964,0.4809,0.29426,0.34619,OPEN,,0,16
42.7177,42.7177,1,0.4906,0.47088,0.48074,0.48084,0.29426,0.34619,OPEN,,0,16
42.7705,42.7705,1,0.49026,0.47226,0.48126,0.48099,0.29426,0.34619,OPEN,,0,16
42.8008,42.8008,1,0.48907,0.47433,0.4817,0.48124,0.29426,0.34619,OPEN,,0,16
42.8303,42.8303,1,0.4869,0.47036,0.47863,0.48032,0.29426,0.34619,OPEN,,0,16
42.8618,42.8618,1,0.49409,0.47394,0.48402,0.48162,0.29426,0.34619,OPEN,,0,16
42.8941,42.8941,1,0.48321,0.46841,0.47581,0.47958,0.29426,0.34619,OPEN,,0,16
42.9202,42.9202,1,0.48279,0.46847,0.47563,0.4782,0.29426,0.34619,OPEN,,0,16
42.9586,42.9586,1,0.47924,0.46489,0.47206,0.47605,0.29426,0.34619,OPEN,,0,16
42.9868,42.9868,1,0.47953,0.46357,0.47155,0.47448,0.29426,0.34619,OPEN,,0,16
43.0253,43.0253,1,0.47934,0.46375,0.47155,0.47345,0.29426,0.34619,OPEN,,0,16
43.052,43.052,1,0.47847,0.46231,0.47039,0.47238,0.29426,0.34619,OPEN,,0,16
43.0866,43.0866,1,0.47736,0.46221,0.46979,0.47147,0.29426,0.34619,OPEN,,0,16
43.1206,43.1206,1,0.47658,0.4618,0.46919,0.47067,0.29426,0.34619,OPEN,,0,16
43.1656,43.1656,1,0.46263,0.44699,0.45481,0.46512,0.29426,0.34619,OPEN,,0,16
43.2047,43.2047,1,0.46134,0.44932,0.45533,0.4617,0.29426,0.34619,OPEN,,0,16
43.2371,43.2371,1,0.46167,0.44843,0.45505,0.45937,0.29426,0.34619,OPEN,,0,16
43.2535,43.2535,1,0.46317,0.44896,0.45607,0.45821,0.29426,0.34619,OPEN,,0,16
43.2945,43.2945,1,0.46743,0.45052,0.45898,0.45848,0.29426,0.34619,OPEN,,0,16
43.3193,43.3193,1,0.47074,0.4505,0.46062,0.45923,0.29426,0.34619,OPEN,,0,16
43.3591,43.3591,1,0.47149,0.44894,0.46021,0.45957,0.29426,0.34619,OPEN,,0,16
43.3849,43.3849,1,0.47112,0.44736,0.45924,0.45946,0.29426,0.34619,OPEN,,0,16
43.424,43.424,1,0.18414,0.11822,0.15118,0.35156,0.29426,0.34619,OPEN,,0,16
43.4516,43.4516,1,0.12925,0.08197,0.10561,0.26548,0.29426,0.34619,CLOSING,,0,16
43.4917,43.4917,1,0.16617,0.10886,0.13752,0.22069,0.29426,0.34619,CLOSING,0.04003,0,16
43.5168,43.5168,1,0.14187,0.09739,0.11963,0.18532,0.29426,0.34619,CLOSED,0.06516,0,16
43.5664,43.5664,1,0.12775,0.10068,0.11422,0.16043,0.29426,0.34619,CLOSED,0.11479,0,16
43.5872,43.5872,1,0.12601,0.10214,0.11407,0.14421,0.29426,0.34619,CLOSED,0.13556,0,16
43.6315,43.6315,1,0.10346,0.08461,0.09403,,0.29426,0.34619,CLOSED,,0,16
43.6547,43.6547,1,0.10225,0.08453,0.09339,,0.29426,0.34619,CLOSED,,0,16
43.6946,43.6946,1,0.09066,0.06956,0.08011,,0.29426,0.34619,CLOSED,,0,16
43.7189,43.7189,1,0.09081,0.06633,0.07857,,0.29426,0.34619,CLOSED,,0,16
43.7645,43.7645,1,0.09136,0.06281,0.07708,,0.29426,0.34619,CLOSED,,0,16
43.7851,43.7851,1,0.08962,0.05891,0.07427,,0.29426,0.34619,CLOSED,,0,16
43.821,43.821,1,0.08818,0.05094,0.06956,,0.29426,0.34619,CLOSED,,0,16
43.8516,43.8516,1,0.08396,0.04828,0.06612,,0.29426,0.34619,CLOSED,,0,16
43.8844,43.8844,1,0.07279,0.03975,0.05627,,0.29426,0.34619,CLOSED,,0,16
43.8994,43.8994,1,0.07395,0.03842,0.05618,,0.29426,0.34619,CLOSED,,0,16
43.9708,43.9708,1,0.07651,0.03567,0.05609,,0.29426,0.34619,CLOSED,,0,16
43.9945,43.9945,1,0.07725,0.03628,0.05677,,0.29426,0.34619,CLOSED,,0,16
44.0287,44.0287,1,0.08357,0.03792,0.06074,,0.29426,0.34619,CLOSED,,0,16
44.0574,44.0574,1,0.0879,0.0401,0.064,,0.29426,0.34619,CLOSED,,0,16
44.0941,44.0941,1,0.1006,0.05229,0.07644,,0.29426,0.34619,CLOSED,,0,16
44.1172,44.1172,1,0.10904,0.06206,0.08555,,0.29426,0.34619,CLOSED,,0,16
44.1602,44.1602,1,0.10669,0.07948,0.09309,,0.29426,0.34619,CLOSED,,0,16
44.1862,44.1862,1,0.09861,0.07777,0.08819,,0.29426,0.34619,CLOSED,,0,16
44.2284,44.2284,1,0.10426,0.07743,0.09085,,0.29426,0.34619,CLOSED,,0,16
44.2676,44.2676,1,0.10264,0.07786,0.09025,,0.29426,0.34619,CLOSED,,0,16
44.3022,44.3022,1,0.10217,0.08912,0.09565,,0.29426,0.34619,CLOSED,,0,16
44.3323,44.3323,1,0.08817,0.07902,0.08359,,0.29426,0.34619,CLOSED,,0,16
44.3654,44.3654,1,0.08351,0.08394,0.08373,,0.29426,0.34619,CLOSED,,0,16
44.3898,44.3898,1,0.0812,0.0848,0.083,,0.29426,0.34619,CLOSED,,0,16
44.4323,44.4323,1,0.07908,0.07531,0.0772,,0.29426,0.34619,CLOSED,,0,16
44.4535,44.4535,1,0.07758,0.07321,0.07539,,0.29426,0.34619,CLOSED,,0,16
44.4952,44.4952,1,0.08982,0.09174,0.09078,,0.29426,0.34619,CLOSED,,0,16
44.5153,44.5153,1,0.09557,0.09966,0.09761,,0.29426,0.34619,CLOSED,,0,16
44.5594,44.5594,1,0.12621,0.12709,0.12665,0.13806,0.29426,0.34619,CLOSED,1.10782,0,16
44.5996,44.5996,1,0.1322,0.12887,0.13054,0.13543,0.29426,0.34619,CLOSED,1.14792,0,16
44.6217,44.6217,1,0.12263,0.1003,0.11147,0.12704,0.29426,0.34619,CLOSED,1.17009,0,16
44.6378,44.6378,1,0.12448,0.08836,0.10642,0.11982,0.29426,0.34619,CLOSED,1.18613,0,16
44.6901,44.6901,1,0.11836,0.0889,0.10363,0.11416,0.29426,0.34619,CLOSED,1.23845,0,16
44.7137,44.7137,1,0.11806,0.08963,0.10385,0.11055,0.29426,0.34619,CLOSED,1.26204,0,16
44.7673,44.7673,1,0.11801,0.09035,0.10418,0.10832,0.29426,0.34619,CLOSED,1.31562,0,16
44.8007,44.8007,1,0.11845,0.09052,0.10448,0.10698,0.29426,0.34619,CLOSED,1.34911,0,16
44.8293,44.8293,1,0.12171,0.08928,0.10549,0.10646,0.29426,0.34619,CLOSED,1.37769,0,16
44.856,44.856,1,0.12153,0.09092,0.10622,0.10638,0.29426,0.34619,CLOSED,1.40435,0,16
44.8947,44.8947,1,0.12134,0.08765,0.10449,0.10572,0.29426,0.34619,CLOSED,1.44307,0,16
44.9198,44.9198,1,0.12032,0.08635,0.10333,0.10488,0.29426,0.34619,CLOSED,1.46817,0,16
44.9622,44.9622,1,0.11365,0.07281,0.09323,,0.29426,0.34619,CLOSED,,0,16
44.985,44.985,1,0.1116,0.07797,0.09478,,0.29426,0.34619,CLOSED,,0,16
45.0237,45.0237,1,0.12091,0.08828,0.1046,0.10478,0.29426,0.34619,CLOSED,1.57206,0,16
45.0542,45.0542,1,0.12679,0.09798,0.11238,0.10744,0.29426,0.34619,CLOSED,1.60258,0,16
45.0875,45.0875,1,0.1338,0.09758,0.11569,0.11033,0.29426,0.34619,CLOSED,1.6359,0,16
45.1171,45.1171,1,0.13322,0.09428,0.11375,0.11153,0.29426,0.34619,CLOSED,1.66548,0,16
45.1716,45.1716,1,0.12595,0.07998,0.10296,0.10853,0.29426,0.34619,CLOSED,1.71997,0,16
45.1959,45.1959,1,0.12128,0.07663,0.09896,,0.29426,0.34619,CLOSED,,0,16
45.2307,45.2307,1,0.12714,0.08704,0.10709,0.10803,0.29426,0.34619,CLOSED,1.77902,0,16
45.2525,45.2525,1,0.11726,0.08331,0.10029,0.10532,0.29426,0.34619,CLOSED,1.80089,0,16
45.2954,45.2954,1,0.11147,0.07194,0.0917,,0.29426,0.34619,CLOSED,,0,16
45.32,45.32,1,0.09647,0.06719,0.08183,,0.29426,0.34619,CLOSED,,0,16
45.3588,45.3588,1,0.09802,0.05878,0.0784,,0.29426,0.34619,CLOSED,,0,16
45.3866,45.3866,1,0.09652,0.05405,0.07529,,0.29426,0.34619,CLOSED,,0,16
45.4254,45.4254,1,0.10036,0.05756,0.07896,,0.29426,0.34619,CLOSED,,0,16
45.4532,45.4532,1,0.11185,0.06289,0.08737,,0.29426,0.34619,CLOSED,,0,16
45.4859,45.4859,1,0.1213,0.07712,0.09921,,0.29426,0.34619,CLOSED,,0,16
45.5193,45.5193,1,0.12899,0.0893,0.10914,0.10666,0.29426,0.34619,CLOSED,2.06764,0,16
45.5658,45.5658,1,0.13875,0.07634,0.10755,0.10697,0.29426,0.34619,CLOSED,2.11418,0,16
45.6023,45.6023,1,0.14378,0.07069,0.10723,0.10706,0.29426,0.34619,CLOSED,2.15063,0,16
45.6349,45.6349,1,0.14104,0.06841,0.10473,0.10624,0.29426,0.34619,CLOSED,2.18326,0,16
45.6672,45.6672,1,0.13922,0.06344,0.10133,0.10452,0.29426,0.34619,CLOSED,2.21553,0,16
45.7021,45.7021,1,0.13274,0.07794,0.10534,0.10481,0.29426,0.34619,CLOSED,2.25047,0,16
45.7349,45.7349,1,0.14023,0.09065,0.11544,0.10853,0.29426,0.34619,CLOSED,2.28325,0,16
45.7695,45.7695,1,0.1373,0.09001,0.11366,0.11032,0.29426,0.34619,CLOSED,2.31789,0,16
45.8003,45.8003,1,0.13477,0.0883,0.11153,0.11075,0.29426,0.34619,CLOSED,2.3487,0,16
45.8365,45.8365,1,0.13519,0.09,0.11259,0.11139,0.29426,0.34619,CLOSED,2.38483,0,16
45.869,45.869,1,0.13182,0.08723,0.10953,0.11074,0.29426,0.34619,CLOSED,2.41739,0,16
45.9016,45.9016,1,0.13334,0.09088,0.11211,0.11122,0.29426,0.34619,CLOSED,2.45002,0,16
45.9346,45.9346,1,0.14248,0.09601,0.11924,0.11403,0.29426,0.34619,CLOSED,2.48302,0,16
45.9652,45.9652,1,0.13134,0.08982,0.11058,0.11282,0.29426,0.34619,CLOSED,2.51353,0,16
45.9852,45.9852,1,0.12255,0.08405,0.1033,0.10949,0.29426,0.34619,CLOSED,2.53354,0,16
46.0302,46.0302,1,0.13432,0.08857,0.11145,0.11018,0.29426,0.34619,CLOSED,2.57858,0,16
46.0556,46.0556,1,0.14315,0.09336,0.11825,0.113,0.29426,0.34619,CLOSED,2.60401,0,16
46.0951,46.0951,1,0.13921,0.08962,0.11442,0.1135,0.29426,0.34619,CLOSED,2.64343,0,16
46.1188,46.1188,1,0.14073,0.08909,0.11491,0.11399,0.29426,0.34619,CLOSED,2.66712,0,16
46.1571,46.1571,1,0.16923,0.11478,0.142,0.12379,0.29426,0.34619,CLOSED,2.70546,0,16
46.1832,46.1832,1,0.19019,0.11961,0.1549,0.13468,0.29426,0.34619,CLOSED,2.73154,0,16
46.2231,46.2231,1,0.25763,0.20491,0.23127,0.16849,0.29426,0.34619,CLOSED,2.77145,0,16
46.2514,46.2514,1,0.27905,0.23323,0.25614,0.19916,0.29426,0.34619,CLOSED,2.79977,0,16
46.2846,46.2846,1,0.35531,0.33668,0.346,0.25055,0.29426,0.34619,CLOSED,2.83292,0,16
46.3001,46.3001,1,0.37598,0.35734,0.36666,0.29119,0.29426,0.34619,CLOSED,2.84849,0,16
46.3657,46.3657,1,0.41626,0.42222,0.41924,0.33601,0.29426,0.34619,CLOSED,2.91412,0,16
46.385,46.385,1,0.42075,0.42816,0.42445,0.36696,0.29426,0.34619,OPENING,2.93335,0,16
46.4279,46.4279,1,0.4267,0.41619,0.42145,0.38603,0.29426,0.34619,OPEN,2.97624,0,16
46.451,46.451,1,0.42525,0.41237,0.41881,0.3975,0.29426,0.34619,OPEN,,0,16
46.4949,46.4949,1,0.42264,0.40709,0.41487,0.40358,0.29426,0.34619,OPEN,,0,16
46.5169,46.5169,1,0.42228,0.4058,0.41404,0.40724,0.29426,0.34619,OPEN,,0,16
46.5589,46.5589,1,0.43423,0.41209,0.42316,0.41281,0.29426,0.34619,OPEN,,0,16
46.5853,46.5853,1,0.43681,0.41403,0.42542,0.41723,0.29426,0.34619,OPEN,,0,16
46.6284,46.6284,1,0.44257,0.42313,0.43285,0.42269,0.29426,0.34619,OPEN,,0,16
46.6509,46.6509,1,0.44593,0.42707,0.4365,0.42753,0.29426,0.34619,OPEN,,0,16
46.6886,46.6886,1,0.43217,0.41945,0.42581,0.42692,0.29426,0.34619,OPEN,,0,16
46.7126,46.7126,1,0.42767,0.41623,0.42195,0.42518,0.29426,0.34619,OPEN,,0,16
46.7654,46.7654,1,0.43719,0.42501,0.4311,0.42725,0.29426,0.34619,OPEN,,0,16
46.8026,46.8026,1,0.43837,0.42651,0.43244,0.42907,0.29426,0.34619,OPEN,,0,16
46.8326,46.8326,1,0.43079,0.4195,0.42515,0.4277,0.29426,0.34619,OPEN,,0,16
46.8506,46.8506,1,0.42571,0.41496,0.42034,0.42512,0.29426,0.34619,OPEN,,0,16
46.8938,46.8938,1,0.42567,0.41197,0.41882,0.42291,0.29426,0.34619,OPEN,,0,16
46.9155,46.9155,1,0.42464,0.41065,0.41765,0.42107,0.29426,0.34619,OPEN,,0,16
46.9576,46.9576,1,0.42483,0.41034,0.41758,0.41985,0.29426,0.34619,OPEN,,0,16
46.9833,46.9833,1,0.42426,0.41116,0.41771,0.4191,0.29426,0.34619,OPEN,,0,16
47.0228,47.0228,1,0.42182,0.41153,0.41668,0.41825,0.29426,0.34619,OPEN,,0,16
47.05,47.05,1,0.42137,0.4109,0.41614,0.41751,0.29426,0.34619,OPEN,,0,16
47.0892,47.0892,1,0.42946,0.41943,0.42444,0.41994,0.29426,0.34619,OPEN,,0,16
47.1172,47.1172,1,0.43145,0.41933,0.42539,0.42185,0.29426,0.34619,OPEN,,0,16
47.1684,47.1684,1,0.42973,0.41811,0.42392,0.42257,0.29426,0.34619,OPEN,,0,16
47.203,47.203,1,0.4314,0.416,0.4237,0.42297,0.29426,0.34619,OPEN,,0,16
47.2338,47.2338,1,0.43383,0.41783,0.42583,0.42397,0.29426,0.34619,OPEN,,0,16
47.2583,47.2583,1,0.43061,0.41657,0.42359,0.42384,0.29426,0.34619,OPEN,,0,16
47.293,47.293,1,0.43187,0.42278,0.42732,0.42506,0.29426,0.34619,OPEN,,0,16
47.3178,47.3178,1,0.43332,0.42097,0.42714,0.42579,0.29426,0.34619,OPEN,,0,16
47.3585,47.3585,1,0.43097,0.41378,0.42238,0.42459,0.29426,0.34619,OPEN,,0,16
47.3837,47.3837,1,0.44132,0.41862,0.42997,0.42647,0.29426,0.34619,OPEN,,0,16
47.4229,47.4229,1,0.44681,0.43072,0.43877,0.43078,0.29426,0.34619,OPEN,,0,16
47.4516,47.4516,1,0.45102,0.43582,0.44342,0.4352,0.29426,0.34619,OPEN,,0,16
47.504,47.504,1,0.45415,0.4275,0.44082,0.43717,0.29426,0.34619,OPEN,,0,16
47.5345,47.5345,1,0.45092,0.42048,0.4357,0.43665,0.29426,0.34619,OPEN,,0,16
47.5684,47.5684,1,0.46684,0.44128,0.45406,0.44275,0.29426,0.34619,OPEN,,0,16
47.5854,47.5854,1,0.47185,0.44902,0.46043,0.44894,0.29426,0.34619,OPEN,,0,16
47.6296,47.6296,1,0.48441,0.45165,0.46803,0.45562,0.29426,0.34619,OPEN,,0,16
47.6465,47.6465,1,0.49052,0.45833,0.47443,0.4622,0.29426,0.34619,OPEN,,0,16
47.6935,47.6935,1,0.45458,0.41834,0.43646,0.45319,0.29426,0.34619,OPEN,,0,16
47.7162,47.7162,1,0.43903,0.40935,0.42419,0.44304,0.29426,0.34619,OPEN,,0,16
47.7575,47.7575,1,0.12639,0.12292,0.12465,0.33161,0.29426,0.34619,OPEN,,0,16
47.7906,47.7906,1,0.06559,0.06796,0.06677,,0.29426,0.34619,OPEN,,0,16
47.8259,47.8259,1,0.05571,0.03547,0.04559,,0.29426,0.34619,OPEN,,0,16
47.8516,47.8516,1,0.04017,0.03246,0.03632,,0.29426,0.34619,OPEN,,0,16
47.904,47.904,1,0.08447,0.09198,0.08822,,0.29426,0.34619,OPEN,,0,16
47.9271,47.9271,1,0.09801,0.1078,0.1029,0.25156,0.29426,0.34619,CLOSING,,0,16
47.9662,47.9662,1,0.30678,0.30386,0.30532,0.27038,0.29426,0.34619,CLOSING,0.03909,0,16
48.0019,48.0019,1,0.3471,0.34813,0.34762,0.29741,0.29426,0.34619,CLOSING,,0,16
48.0334,48.0334,1,0.39519,0.39404,0.39462,0.33143,0.29426,0.34619,CLOSING,,0,16
48.0663,48.0663,1,0.40971,0.40576,0.40773,0.35814,0.29426,0.34619,OPEN,,0,16
48.0997,48.0997,1,0.43173,0.42767,0.4297,0.38318,0.29426,0.34619,OPEN,,0,16
48.1324,48.1324,1,0.43863,0.4336,0.43612,0.40171,0.29426,0.34619,OPEN,,0,16
48.1674,48.1674,1,0.47868,0.4637,0.47119,0.42603,0.29426,0.34619,OPEN,,0,16
48.1955,48.1955,1,0.50075,0.48162,0.49119,0.44883,0.29426,0.34619,OPEN,,0,16
48.2199,48.2199,1,0.5125,0.50185,0.50717,0.46925,0.29426,0.34619,OPEN,,0,16
48.2502,48.2502,1,0.50656,0.50063,0.50359,0.48127,0.29426,0.34619,OPEN,,0,16
48.3056,48.3056,1,0.49283,0.48249,0.48766,0.48351,0.29426,0.34619,OPEN,,0,16
48.3346,48.3346,1,0.48872,0.47638,0.48255,0.48317,0.29426,0.34619,OPEN,,0,16
48.3665,48.3665,1,0.48876,0.48433,0.48654,0.48435,0.29426,0.34619,OPEN,,0,16
48.3809,48.3809,1,0.48702,0.48404,0.48553,0.48476,0.29426,0.34619,OPEN,,0,16
48.4288,48.4288,1,0.48807,0.47795,0.48301,0.48415,0.29426,0.34619,OPEN,,0,16
48.4508,48.4508,1,0.49007,0.47548,0.48278,0.48367,0.29426,0.34619,OPEN,,0,16
48.4912,48.4912,1,0.48862,0.47363,0.48113,0.48278,0.29426,0.34619,OPEN,,0,16
48.5138,48.5138,1,0.4875,0.47385,0.48068,0.48204,0.29426,0.34619,OPEN,,0,16
48.5593,48.5593,1,0.48436,0.47155,0.47796,0.48061,0.29426,0.34619,OPEN,,0,16
48.5781,48.5781,1,0.48416,0.47015,0.47715,0.4794,0.29426,0.34619,OPEN,,0,16
48.6232,48.6232,1,0.48415,0.46928,0.47671,0.47846,0.29426,0.34619,OPEN,,0,16
48.6491,48.6491,1,0.48361,0.46831,0.47596,0.47759,0.29426,0.34619,OPEN,,0,16
48.704,48.704,1,0.484,0.46796,0.47598,0.47702,0.29426,0.34619,OPEN,,0,16
48.7354,48.7354,1,0.48085,0.4664,0.47363,0.47583,0.29426,0.34619,OPEN,,0,16
48.7702,48.7702,1,0.4786,0.46609,0.47235,0.47461,0.29426,0.34619,OPEN,,0,16
48.8002,48.8002,1,0.479,0.46655,0.47277,0.47397,0.29426,0.34619,OPEN,,0,16
48.8332,48.8332,1,0.22822,0.19167,0.20995,0.38156,0.29426,0.34619,OPEN,,0,16
48.8577,48.8577,1,0.17641,0.15192,0.16417,0.30547,0.29426,0.34619,OPEN,,0,16
48.8944,48.8944,1,0.08842,0.07457,0.0815,,0.29426,0.34619,OPEN,,0,16
48.9141,48.9141,1,0.03355,0.04281,0.03818,,0.29426,0.34619,OPEN,,0,16
48.9573,48.9573,1,0.04987,0.04481,0.04734,,0.29426,0.34619,OPEN,,0,16
48.991,48.991,1,0.03012,0.02914,0.02963,,0.29426,0.34619,OPEN,,0,16
49.0299,49.0299,1,0.04153,0.04121,0.04137,,0.29426,0.34619,OPEN,,0,16
49.0494,49.0494,1,0.05942,0.05201,0.05571,,0.29426,0.34619,OPEN,,0,16
49.1038,49.1038,1,0.22258,0.20655,0.21457,0.27366,0.29426,0.34619,CLOSING,,0,16
49.1297,49.1297,1,0.23645,0.23251,0.23448,0.25994,0.29426,0.34619,CLOSING,0.02596,0,16
49.1655,49.1655,1,0.4077,0.41063,0.40917,0.31217,0.29426,0.34619,CLOSING,,0,16
49.1814,49.1814,1,0.43253,0.43811,0.43532,0.35527,0.29426,0.34619,OPEN,,0,16
49.2367,49.2367,1,0.45388,0.43725,0.44557,0.38688,0.29426,0.34619,OPEN,,0,16
49.2606,49.2606,1,0.45644,0.43737,0.4469,0.40789,0.29426,0.34619,OPEN,,0,16
49.3001,49.3001,1,0.44452,0.43191,0.43822,0.4185,0.29426,0.34619,OPEN,,0,16
49.3331,49.3331,1,0.44651,0.42977,0.43814,0.42538,0.29426,0.34619,OPEN,,0,16
49.3666,49.3666,1,0.45472,0.43596,0.44534,0.43236,0.29426,0.34619,OPEN,,0,16
49.3963,49.3963,1,0.46077,0.43813,0.44945,0.43834,0.29426,0.34619,OPEN,,0,16
49.4214,49.4214,1,0.47198,0.45553,0.46376,0.44724,0.29426,0.34619,OPEN,,0,16
49.4423,49.4423,1,0.47339,0.46217,0.46778,0.45443,0.29426,0.34619,OPEN,,0,16
49.5073,49.5073,1,0.46714,0.44874,0.45794,0.45566,0.29426,0.34619,OPEN,,0,16
49.532,49.532,1,0.46406,0.45249,0.45828,0.45657,0.29426,0.34619,OPEN,,0,16
49.5669,49.5669,1,0.4759,0.47033,0.47312,0.46236,0.29426,0.34619,OPEN,,0,16
49.5977,49.5977,1,0.48391,0.48368,0.48379,0.46986,0.29426,0.34619,OPEN,,0,16
49.6304,49.6304,1,0.48376,0.48058,0.48217,0.47417,0.29426,0.34619,OPEN,,0,16
49.6693,49.6693,1,0.48402,0.47745,0.48073,0.47647,0.29426,0.34619,OPEN,,0,16
49.702,49.702,1,0.48168,0.47358,0.47763,0.47687,0.29426,0.34619,OPEN,,0,16
49.736,49.736,1,0.48536,0.47023,0.4778,0.4772,0.29426,0.34619,OPEN,,0,16
49.7636,49.7636,1,0.48284,0.46919,0.47602,0.47678,0.29426,0.34619,OPEN,,0,16
49.7833,49.7833,1,0.482,0.46781,0.47491,0.47613,0.29426,0.34619,OPEN,,0,16
49.8224,49.8224,1,0.48336,0.46674,0.47505,0.47575,0.29426,0.34619,OPEN,,0,16
49.8509,49.8509,1,0.48434,0.47036,0.47735,0.47631,0.29426,0.34619,OPEN,,0,16
49.9048,49.9048,1,0.13673,0.12935,0.13304,0.35617,0.29426,0.34619,OPEN,,0,16
49.9278,49.9278,1,0.11108,0.10434,0.10771,0.26921,0.29426,0.34619,CLOSING,,0,16
49.9669,49.9669,1,0.03845,0.03922,0.03883,,0.29426,0.34619,CLOSING,,0,16
49.9862,49.9862,1,0.02778,0.0336,0.03069,,0.29426,0.34619,CLOSING,,0,16
50.028,50.028,1,0.01231,0.01959,0.01595,,0.29426,0.34619,CLOSING,,0,16
50.0583,50.0583,1,0.00813,0.02587,0.017,,0.29426,0.34619,CLOSING,,0,16
50.0923,50.0923,1,0.04994,0.06491,0.05743,,0.29426,0.34619,CLOSING,,0,16
50.1154,50.1154,1,0.05818,0.07976,0.06897,,0.29426,0.34619,CLOSING,,0,16
50.1569,50.1569,1,0.32317,0.34795,0.33556,0.29243,0.29426,0.34619,CLOSED,0.22914,0,16
50.1808,50.1808,1,0.3639,0.38982,0.37686,0.32198,0.29426,0.34619,CLOSED,0.25299,0,16
50.2229,50.2229,1,0.41732,0.42134,0.41933,0.35605,0.29426,0.34619,OPENING,0.29516,0,16
50.248,50.248,1,0.4282,0.42728,0.42774,0.38114,0.29426,0.34619,OPEN,0.32021,1,17
50.3003,50.3003,1,0.41294,0.41278,0.41286,0.39224,0.29426,0.34619,OPEN,,0,17
50.3165,50.3165,1,0.41019,0.41009,0.41014,0.39851,0.29426,0.34619,OPEN,,0,17
50.3644,50.3644,1,0.46422,0.46015,0.46218,0.42079,0.29426,0.34619,OPEN,,0,17
50.3808,50.3808,1,0.47635,0.47373,0.47504,0.43978,0.29426,0.34619,OPEN,,0,17
50.4298,50.4298,1,0.45495,0.44997,0.45246,0.44422,0.29426,0.34619,OPEN,,0,17
50.4493,50.4493,1,0.44775,0.44377,0.44576,0.44476,0.29426,0.34619,OPEN,,0,17
50.4925,50.4925,1,0.42712,0.41727,0.4222,0.43686,0.29426,0.34619,OPEN,,0,17
50.514,50.514,1,0.41817,0.41689,0.41753,0.43009,0.29426,0.34619,OPEN,,0,17
50.5565,50.5565,1,0.44858,0.43377,0.44117,0.43397,0.29426,0.34619,OPEN,,0,17
50.5815,50.5815,1,0.45365,0.44048,0.44706,0.43855,0.29426,0.34619,OPEN,,0,17
50.6213,50.6213,1,0.47453,0.45466,0.4646,0.44767,0.29426,0.34619,OPEN,,0,17
50.6498,50.6498,1,0.47399,0.46146,0.46773,0.45469,0.29426,0.34619,OPEN,,0,17
50.7032,50.7032,1,0.47062,0.45273,0.46167,0.45713,0.29426,0.34619,OPEN,,0,17
50.7325,50.7325,1,0.46747,0.44842,0.45794,0.45742,0.29426,0.34619,OPEN,,0,17
50.7651,50.7651,1,0.44705,0.43832,0.44268,0.45226,0.29426,0.34619,OPEN,,0,17
50.7946,50.7946,1,0.44439,0.436,0.44019,0.44804,0.29426,0.34619,OPEN,,0,17
50.8292,50.8292,1,0.4468,0.4391,0.44295,0.44626,0.29426,0.34619,OPEN,,0,17
50.8487,50.8487,1,0.44647,0.43893,0.4427,0.44501,0.29426,0.34619,OPEN,,0,17
50.8943,50.8943,1,0.45598,0.45089,0.45343,0.44796,0.29426,0.34619,OPEN,,0,17
50.9113,50.9113,1,0.45895,0.4571,0.45802,0.45148,0.29426,0.34619,OPEN,,0,17
50.9554,50.9554,1,0.08557,0.10657,0.09607,,0.29426,0.34619,OPEN,,0,17
50.9679,50.9679,1,0.06507,0.08724,0.07615,,0.29426,0.34619,OPEN,,0,17
51.0203,51.0203,1,0.01891,0.03522,0.02706,,0.29426,0.34619,OPEN,,0,17
51.0494,51.0494,1,0.04097,0.0465,0.04374,,0.29426,0.34619,OPEN,,0,17
51.1013,51.1013,1,0.05908,0.05816,0.05862,,0.29426,0.34619,OPEN,,0,17
51.1318,51.1318,1,0.05769,0.04611,0.0519,,0.29426,0.34619,OPEN,,0,17
51.1637,51.1637,1,0.1198,0.16461,0.14221,0.34324,0.29426,0.34619,OPEN,,0,17
51.1807,51.1807,1,0.17928,0.23034,0.20481,0.29479,0.29426,0.34619,OPEN,,0,17
51.2281,51.2281,1,0.36266,0.3813,0.37198,0.32181,0.29426,0.34619,OPEN,,0,17
51.2479,51.2479,1,0.38624,0.39993,0.39308,0.34675,0.29426,0.34619,OPEN,,0,17
51.2916,51.2916,1,0.41393,0.40744,0.41069,0.36913,0.29426,0.34619,OPEN,,0,17
51.3148,51.3148,1,0.42338,0.41101,0.41719,0.38595,0.29426,0.34619,OPEN,,0,17
51.3559,51.3559,1,0.42176,0.41778,0.41977,0.39779,0.29426,0.34619,OPEN,,0,17
51.381,51.381,1,0.42129,0.41923,0.42026,0.40565,0.29426,0.34619,OPEN,,0,17
51.4194,51.4194,1,0.44864,0.44432,0.44648,0.41994,0.29426,0.34619,OPEN,,0,17
51.4487,51.4487,1,0.45298,0.4534,0.45319,0.43158,0.29426,0.34619,OPEN,,0,17
51.5004,51.5004,1,0.45533,0.45761,0.45647,0.44029,0.29426,0.34619,OPEN,,0,17
51.5156,51.5156,1,0.45179,0.45147,0.45163,0.44426,0.29426,0.34619,OPEN,,0,17
51.5661,51.5661,1,0.4265,0.42746,0.42698,0.43821,0.29426,0.34619,OPEN,,0,17
51.5944,51.5944,1,0.41993,0.42014,0.42004,0.43185,0.29426,0.34619,OPEN,,0,17
51.6275,51.6275,1,0.44773,0.43939,0.44356,0.43595,0.29426,0.34619,OPEN,,0,17
51.6485,51.6485,1,0.45466,0.44525,0.44995,0.44085,0.29426,0.34619,OPEN,,0,17
51.6922,51.6922,1,0.456,0.44722,0.45161,0.44462,0.29426,0.34619,OPEN,,0,17
51.7148,51.7148,1,0.45689,0.44668,0.45179,0.44713,0.29426,0.34619,OPEN,,0,17
51.7554,51.7554,1,0.45705,0.43979,0.44842,0.44758,0.29426,0.34619,OPEN,,0,17
51.7825,51.7825,1,0.45654,0.43906,0.4478,0.44766,0.29426,0.34619,OPEN,,0,17
51.8228,51.8228,1,0.4583,0.44877,0.45354,0.44972,0.29426,0.34619,OPEN,,0,17
51.8406,51.8406,1,0.45959,0.45023,0.45491,0.45153,0.29426,0.34619,OPEN,,0,17
51.9021,51.9021,1,0.44912,0.43816,0.44364,0.44877,0.29426,0.34619,OPEN,,0,17
51.9314,51.9314,1,0.44764,0.4386,0.44312,0.44679,0.29426,0.34619,OPEN,,0,17
51.9681,51.9681,1,0.44626,0.41922,0.43274,0.44187,0.29426,0.34619,OPEN,,0,17
51.9869,51.9869,1,0.44427,0.41333,0.4288,0.4373,0.29426,0.34619,OPEN,,0,17
52.0301,52.0301,1,0.07348,0.04924,0.06136,,0.29426,0.34619,OPEN,,0,17
52.0614,52.0614,1,0.02795,0.01528,0.02162,,0.29426,0.34619,OPEN,,0,17
52.0957,52.0957,1,0.01705,0.01494,0.016,,0.29426,0.34619,OPEN,,0,17
52.132,52.132,1,0.03045,0.02012,0.02529,,0.29426,0.34619,OPEN,,0,17
52.1652,52.1652,1,0.07303,0.06613,0.06958,,0.29426,0.34619,OPEN,,0,17
52.1998,52.1998,1,0.0774,0.06796,0.07268,,0.29426,0.34619,OPEN,,0,17
52.2331,52.2331,1,0.2257,0.24175,0.23372,0.36605,0.29426,0.34619,OPEN,,0,17
52.2645,52.2645,1,0.26009,0.29874,0.27941,0.33572,0.29426,0.34619,OPEN,,0,17
52.3086,52.3086,1,0.38601,0.39083,0.38842,0.35417,0.29426,0.34619,OPEN,,0,17
52.334,52.334,1,0.40355,0.40739,0.40547,0.37212,0.29426,0.34619,OPEN,,0,17
52.3682,52.3682,1,0.45866,0.44634,0.4525,0.40025,0.29426,0.34619,OPEN,,0,17
52.3977,52.3977,1,0.45577,0.44951,0.45264,0.41859,0.29426,0.34619,OPEN,,0,17
52.4309,52.4309,1,0.46798,0.44969,0.45883,0.43267,0.29426,0.34619,OPEN,,0,17
52.4493,52.4493,1,0.45726,0.44077,0.44902,0.43839,0.29426,0.34619,OPEN,,0,17
52.4959,52.4959,1,0.42209,0.41276,0.41742,0.43105,0.29426,0.34619,OPEN,,0,17
52.5155,52.5155,1,0.41765,0.40507,0.41136,0.42416,0.29426,0.34619,OPEN,,0,17
52.5585,52.5585,1,0.4553,0.43635,0.44583,0.43175,0.29426,0.34619,OPEN,,0,17
52.5816,52.5816,1,0.4777,0.45355,0.46562,0.4436,0.29426,0.34619,OPEN,,0,17
52.6194,52.6194,1,0.47329,0.45093,0.46211,0.45008,0.29426,0.34619,OPEN,,0,17
52.6423,52.6423,1,0.47504,0.45049,0.46277,0.45452,0.29426,0.34619,OPEN,,0,17
52.7038,52.7038,1,0.4704,0.45722,0.46381,0.45777,0.29426,0.34619,OPEN,,0,17
52.7319,52.7319,1,0.46621,0.45747,0.46184,0.4592,0.29426,0.34619,OPEN,,0,17
52.7693,52.7693,1,0.46163,0.43786,0.44974,0.45589,0.29426,0.34619,OPEN,,0,17
52.7958,52.7958,1,0.46158,0.43642,0.449,0.45348,0.29426,0.34619,OPEN,,0,17
52.8298,52.8298,1,0.46861,0.44172,0.45517,0.45407,0.29426,0.34619,OPEN,,0,17
52.8488,52.8488,1,0.47142,0.4438,0.45761,0.45531,0.29426,0.34619,OPEN,,0,17
52.8934,52.8934,1,0.47277,0.46005,0.46641,0.45919,0.29426,0.34619,OPEN,,0,17
52.914,52.914,1,0.47594,0.46408,0.47001,0.46298,0.29426,0.34619,OPEN,,0,17
52.9578,52.9578,1,0.48421,0.47036,0.47729,0.46799,0.29426,0.34619,OPEN,,0,17
52.9822,52.9822,1,0.48721,0.47288,0.48004,0.47221,0.29426,0.34619,OPEN,,0,17
53.024,53.024,1,0.44077,0.39614,0.41845,0.45339,0.29426,0.34619,OPEN,,0,17
53.0404,53.0404,1,0.43457,0.39949,0.41703,0.44067,0.29426,0.34619,OPEN,,0,17
53.1038,53.1038,1,0.03762,0.04072,0.03917,,0.29426,0.34619,OPEN,,0,17
53.1354,53.1354,1,0.02191,0.01626,0.01908,,0.29426,0.34619,OPEN,,0,17
53.1704,53.1704,1,0.03159,0.02056,0.02608,,0.29426,0.34619,OPEN,,0,17
53.2015,53.2015,1,0.03516,0.02326,0.02921,,0.29426,0.34619,OPEN,,0,17
53.2317,53.2317,1,0.07452,0.06126,0.06789,,0.29426,0.34619,OPEN,,0,17
53.2655,53.2655,1,0.10219,0.07083,0.08651,,0.29426,0.34619,OPEN,,0,17
53.2993,53.2993,1,0.25837,0.24613,0.25225,0.37472,0.29426,0.34619,OPEN,,0,17
53.3142,53.3142,1,0.29536,0.28391,0.28964,0.34494,0.29426,0.34619,OPEN,,0,17
53.3573,53.3573,1,0.37003,0.3501,0.36007,0.35023,0.29426,0.34619,OPEN,,0,17
53.3776,53.3776,1,0.3799,0.361,0.37045,0.35731,0.29426,0.34619,OPEN,,0,17
53.423,53.423,1,0.42683,0.4126,0.41971,0.37915,0.29426,0.34619,OPEN,,0,17
53.4487,53.4487,1,0.4307,0.41751,0.42411,0.39489,0.29426,0.34619,OPEN,,0,17
53.5054,53.5054,1,0.45269,0.43953,0.44611,0.41281,0.29426,0.34619,OPEN,,0,17
53.5328,53.5328,1,0.45774,0.44598,0.45186,0.42648,0.29426,0.34619,OPEN,,0,17
53.5649,53.5649,1,0.44496,0.43872,0.44184,0.43186,0.29426,0.34619,OPEN,,0,17
53.5962,53.5962,1,0.43854,0.43583,0.43718,0.43372,0.29426,0.34619,OPEN,,0,17
53.6278,53.6278,1,0.45198,0.43676,0.44437,0.43745,0.29426,0.34619,OPEN,,0,17
53.6463,53.6463,1,0.45815,0.44016,0.44916,0.44155,0.29426,0.34619,OPEN,,0,17
53.6923,53.6923,1,0.47286,0.44404,0.45845,0.44746,0.29426,0.34619,OPEN,,0,17
53.7129,53.7129,1,0.47787,0.44625,0.46206,0.45257,0.29426,0.34619,OPEN,,0,17
53.7612,53.7612,1,0.47804,0.44725,0.46265,0.4561,0.29426,0.34619,OPEN,,0,17
53.7783,53.7783,1,0.47639,0.44439,0.46039,0.4576,0.29426,0.34619,OPEN,,0,17
53.8201,53.8201,1,0.47736,0.45276,0.46506,0.46021,0.29426,0.34619,OPEN,,0,17
53.8456,53.8456,1,0.47761,0.45723,0.46742,0.46273,0.29426,0.34619,OPEN,,0,17
53.9002,53.9002,1,0.48069,0.46424,0.47246,0.46614,0.29426,0.34619,OPEN,,0,17
53.9145,53.9145,1,0.48085,0.46449,0.47267,0.46843,0.29426,0.34619,OPEN,,0,17
53.9718,53.9718,1,0.45906,0.43731,0.44819,0.46134,0.29426,0.34619,OPEN,,0,17
53.998,53.998,1,0.44966,0.4263,0.43798,0.45316,0.29426,0.34619,OPEN,,0,17
54.0291,54.0291,1,0.07491,0.0667,0.0708,,0.29426,0.34619,OPEN,,0,17
54.048,54.048,1,0.03984,0.03523,0.03754,,0.29426,0.34619,OPEN,,0,17
54.094,54.094,1,0.04215,0.01518,0.02866,,0.29426,0.34619,OPEN,,0,17
54.1167,54.1167,1,0.06843,0.0376,0.05302,,0.29426,0.34619,OPEN,,0,17
54.1599,54.1599,1,0.13651,0.08732,0.11192,0.33373,0.29426,0.34619,OPEN,,0,17
54.1978,54.1978,1,0.15015,0.09666,0.1234,0.26011,0.29426,0.34619,CLOSING,,0,17
54.2258,54.2258,1,0.25172,0.23154,0.24163,0.25364,0.29426,0.34619,CLOSING,0.02796,0,17
54.2476,54.2476,1,0.28512,0.2915,0.28831,0.26578,0.29426,0.34619,CLOSING,0.04978,0,17
54.3001,54.3001,1,0.39763,0.39177,0.3947,0.3109,0.29426,0.34619,CLOSING,,0,17
54.3293,54.3293,1,0.40761,0.39674,0.40217,0.34285,0.29426,0.34619,CLOSING,,0,17
54.3658,54.3658,1,0.41982,0.4116,0.41571,0.36835,0.29426,0.34619,OPEN,,0,17
54.3966,54.3966,1,0.42193,0.41298,0.41746,0.38554,0.29426,0.34619,OPEN,,0,17
54.4309,54.4309,1,0.41994,0.4052,0.41257,0.395,0.29426,0.34619,OPEN,,0,17
54.4635,54.4635,1,0.41669,0.40104,0.40886,0.39985,0.29426,0.34619,OPEN,,0,17
54.4972,54.4972,1,0.42352,0.40065,0.41208,0.40413,0.29426,0.34619,OPEN,,0,17
54.5301,54.5301,1,0.42644,0.40029,0.41337,0.40737,0.29426,0.34619,OPEN,,0,17
54.5639,54.5639,1,0.42718,0.39746,0.41232,0.4091,0.29426,0.34619,OPEN,,0,17
54.5965,54.5965,1,0.42794,0.39746,0.4127,0.41036,0.29426,0.34619,OPEN,,0,17
54.63,54.63,1,0.43316,0.40286,0.41801,0.41304,0.29426,0.34619,OPEN,,0,17
54.6653,54.6653,1,0.4377,0.40728,0.42249,0.41634,0.29426,0.34619,OPEN,,0,17
54.7077,54.7077,1,0.44055,0.41471,0.42763,0.42029,0.29426,0.34619,OPEN,,0,17
54.7308,54.7308,1,0.44026,0.41624,0.42825,0.42308,0.29426,0.34619,OPEN,,0,17
54.7688,54.7688,1,0.44475,0.41849,0.43162,0.42607,0.29426,0.34619,OPEN,,0,17
54.7928,54.7928,1,0.44715,0.42203,0.43459,0.42905,0.29426,0.34619,OPEN,,0,17
54.8276,54.8276,1,0.44112,0.41717,0.42915,0.42908,0.29426,0.34619,OPEN,,0,17
54.8623,54.8623,1,0.43908,0.41717,0.42812,0.42875,0.29426,0.34619,OPEN,,0,17
54.8945,54.8945,1,0.44442,0.42816,0.43629,0.43139,0.29426,0.34619,OPEN,,0,17
54.9172,54.9172,1,0.45084,0.4364,0.44362,0.43567,0.29426,0.34619,OPEN,,0,17
54.9637,54.9637,1,0.46264,0.44613,0.45439,0.44222,0.29426,0.34619,OPEN,,0,17
54.9966,54.9966,1,0.47715,0.45845,0.4678,0.45117,0.29426,0.34619,OPEN,,0,17
55.0213,55.0213,1,0.47281,0.45211,0.46246,0.45512,0.29426,0.34619,OPEN,,0,17
55.0479,55.0479,1,0.46527,0.43973,0.4525,0.45421,0.29426,0.34619,OPEN,,0,17
55.1,55.1,1,0.12982,0.08782,0.10882,0.33332,0.29426,0.34619,OPEN,,0,17
55.1296,55.1296,1,0.07731,0.06207,0.06969,,0.29426,0.34619,OPEN,,0,17
55.1688,55.1688,1,0.0092,0.01846,0.01383,,0.29426,0.34619,OPEN,,0,17
55.1927,55.1927,1,0.01398,0.02057,0.01728,,0.29426,0.34619,OPEN,,0,17
55.2294,55.2294,1,0.02879,0.01615,0.02247,,0.29426,0.34619,OPEN,,0,17
55.2562,55.2562,1,0.04494,0.02514,0.03504,,0.29426,0.34619,OPEN,,0,17
55.2947,55.2947,1,0.07119,0.05591,0.06355,,0.29426,0.34619,OPEN,,0,17
55.3164,55.3164,1,0.06493,0.05375,0.05934,,0.29426,0.34619,OPEN,,0,17
55.3566,55.3566,1,0.19593,0.21239,0.20416,0.28811,0.29426,0.34619,CLOSING,,0,17
55.3805,55.3805,1,0.21468,0.25564,0.23516,0.26958,0.29426,0.34619,CLOSING,0.02384,0,17
55.4238,55.4238,1,0.39609,0.40885,0.40247,0.31609,0.29426,0.34619,CLOSING,,0,17
55.4477,55.4477,1,0.40677,0.41498,0.41087,0.34927,0.29426,0.34619,OPEN,,0,17
55.503,55.503,1,0.39815,0.39448,0.39631,0.36573,0.29426,0.34619,OPEN,,0,17
55.527,55.527,1,0.40336,0.39204,0.3977,0.37692,0.29426,0.34619,OPEN,,0,17
55.568,55.568,1,0.43159,0.42933,0.43046,0.39566,0.29426,0.34619,OPEN,,0,17
55.593,55.593,1,0.44439,0.43729,0.44084,0.41147,0.29426,0.34619,OPEN,,0,17
55.6317,55.6317,1,0.44346,0.43643,0.43994,0.42144,0.29426,0.34619,OPEN,,0,17
55.664,55.664,1,0.44321,0.43738,0.4403,0.42804,0.29426,0.34619,OPEN,,0,17
55.6972,55.6972,1,0.44989,0.43655,0.44322,0.43335,0.29426,0.34619,OPEN,,0,17
55.7296,55.7296,1,0.45328,0.44007,0.44668,0.43802,0.29426,0.34619,OPEN,,0,17
55.7568,55.7568,1,0.45473,0.44363,0.44918,0.44192,0.29426,0.34619,OPEN,,0,17
55.7773,55.7773,1,0.45402,0.44317,0.4486,0.44426,0.29426,0.34619,OPEN,,0,17
55.8227,55.8227,1,0.45322,0.44384,0.44853,0.44575,0.29426,0.34619,OPEN,,0,17
55.8475,55.8475,1,0.45364,0.44387,0.44875,0.4468,0.29426,0.34619,OPEN,,0,17
55.9081,55.9081,1,0.45266,0.44564,0.44915,0.44763,0.29426,0.34619,OPEN,,0,17
55.9327,55.9327,1,0.45341,0.4445,0.44896,0.44809,0.29426,0.34619,OPEN,,0,17
55.9677,55.9677,1,0.46507,0.45183,0.45845,0.45172,0.29426,0.34619,OPEN,,0,17
55.9956,55.9956,1,0.47222,0.45894,0.46558,0.45657,0.29426,0.34619,OPEN,,0,17
56.0306,56.0306,1,0.47974,0.46379,0.47177,0.46189,0.29426,0.34619,OPEN,,0,17
56.0533,56.0533,1,0.48435,0.46857,0.47646,0.46699,0.29426,0.34619,OPEN,,0,17
56.0941,56.0941,1,0.48944,0.47666,0.48305,0.47261,0.29426,0.34619,OPEN,,0,17
56.1311,56.1311,1,0.49501,0.47943,0.48722,0.47772,0.29426,0.34619,OPEN,,0,17
56.1638,56.1638,1,0.49464,0.48129,0.48797,0.48131,0.29426,0.34619,OPEN,,0,17
56.18,56.18,1,0.49232,0.47832,0.48532,0.48271,0.29426,0.34619,OPEN,,0,17
56.2228,56.2228,1,0.30977,0.21083,0.2603,0.40487,0.29426,0.34619,OPEN,,0,17
56.2471,56.2471,1,0.25565,0.18031,0.21798,0.33946,0.29426,0.34619,OPEN,,0,17
56.3029,56.3029,1,0.04761,0.03442,0.04102,,0.29426,0.34619,OPEN,,0,17
56.3291,56.3291,1,0.02019,0.02617,0.02318,,0.29426,0.34619,OPEN,,0,17
56.369,56.369,1,0.03176,0.03066,0.03121,,0.29426,0.34619,OPEN,,0,17
56.392,56.392,1,0.0397,0.03451,0.03711,,0.29426,0.34619,OPEN,,0,17
56.4276,56.4276,1,0.05544,0.04153,0.04849,,0.29426,0.34619,OPEN,,0,17
56.4429,56.4429,1,0.06104,0.04571,0.05337,,0.29426,0.34619,OPEN,,0,17
56.492,56.492,1,0.25586,0.27,0.26293,0.31267,0.29426,0.34619,OPEN,,0,17
56.5125,56.5125,1,0.29104,0.30712,0.29908,0.30791,0.29426,0.34619,OPEN,,0,17
56.5595,56.5595,1,0.37631,0.38355,0.37993,0.33312,0.29426,0.34619,OPEN,,0,17
56.5978,56.5978,1,0.39456,0.40389,0.39922,0.35626,0.29426,0.34619,OPEN,,0,17
56.6235,56.6235,1,0.42925,0.43227,0.43076,0.38233,0.29426,0.34619,OPEN,,0,17
56.6469,56.6469,1,0.44612,0.44696,0.44654,0.4048,0.29426,0.34619,OPEN,,0,17
56.7027,56.7027,1,0.46762,0.46431,0.46596,0.42621,0.29426,0.34619,OPEN,,0,17
56.7258,56.7258,1,0.47406,0.4684,0.47123,0.44197,0.29426,0.34619,OPEN,,0,17
56.7678,56.7678,1,0.47689,0.48112,0.47901,0.45493,0.29426,0.34619,OPEN,,0,17
56.7954,56.7954,1,0.4803,0.47574,0.47802,0.46301,0.29426,0.34619,OPEN,,0,17
56.8319,56.8319,1,0.47842,0.46929,0.47386,0.46681,0.29426,0.34619,OPEN,,0,17
56.8506,56.8506,1,0.47296,0.46191,0.46743,0.46703,0.29426,0.34619,OPEN,,0,17
56.8996,56.8996,1,0.46213,0.4611,0.46162,0.46513,0.29426,0.34619,OPEN,,0,17
56.9257,56.9257,1,0.45862,0.45586,0.45724,0.46237,0.29426,0.34619,OPEN,,0,17
56.9636,56.9636,1,0.45675,0.45094,0.45385,0.45939,0.29426,0.34619,OPEN,,0,17
56.9949,56.9949,1,0.45502,0.44822,0.45162,0.45667,0.29426,0.34619,OPEN,,0,17
57.02,57.02,1,0.45999,0.45199,0.45599,0.45643,0.29426,0.34619,OPEN,,0,17
57.0451,57.0451,1,0.45949,0.44865,0.45407,0.4556,0.29426,0.34619,OPEN,,0,17
57.1049,57.1049,1,0.46031,0.44433,0.45232,0.45445,0.29426,0.34619,OPEN,,0,17
57.1306,57.1306,1,0.46149,0.44549,0.45349,0.45412,0.29426,0.34619,OPEN,,0,17
57.1683,57.1683,1,0.47003,0.44926,0.45964,0.45605,0.29426,0.34619,OPEN,,0,17
57.1984,57.1984,1,0.47527,0.45208,0.46367,0.45872,0.29426,0.34619,OPEN,,0,17
57.2327,57.2327,1,0.47582,0.45809,0.46696,0.4616,0.29426,0.34619,OPEN,,0,17
57.2474,57.2474,1,0.47381,0.45507,0.46444,0.4626,0.29426,0.34619,OPEN,,0,17
57.2954,57.2954,1,0.44738,0.41786,0.43262,0.4521,0.29426,0.34619,OPEN,,0,17
57.3195,57.3195,1,0.44222,0.41038,0.4263,0.44307,0.29426,0.34619,OPEN,,0,17
57.3591,57.3591,1,0.04932,0.04011,0.04472,,0.29426,0.34619,OPEN,,0,17
57.3771,57.3771,1,0.00786,0.0267,0.01728,,0.29426,0.34619,OPEN,,0,17
57.4224,57.4224,1,0.01312,0.01874,0.01593,,0.29426,0.34619,OPEN,,0,17
57.446,57.446,1,0.00819,0.01139,0.00979,,0.29426,0.34619,OPEN,,0,17
57.5023,57.5023,1,0.0798,0.07031,0.07505,,0.29426,0.34619,OPEN,,0,17
57.5299,57.5299,1,0.08586,0.06676,0.07631,,0.29426,0.34619,OPEN,,0,17
57.5714,57.5714,1,0.17684,0.14201,0.15943,0.3438,0.29426,0.34619,OPEN,,0,17
57.5958,57.5958,1,0.19575,0.17381,0.18478,0.28814,0.29426,0.34619,CLOSING,,0,17
57.6305,57.6305,1,0.33109,0.32268,0.32689,0.3017,0.29426,0.34619,CLOSING,,0,17
57.6633,57.6633,1,0.36595,0.37151,0.36873,0.32516,0.29426,0.34619,CLOSING,,0,17
57.6953,57.6953,1,0.40591,0.41202,0.40897,0.35449,0.29426,0.34619,OPEN,,0,17
57.7264,57.7264,1,0.41948,0.42149,0.42048,0.37759,0.29426,0.34619,OPEN,,0,17
57.7619,57.7619,1,0.45042,0.4635,0.45696,0.40537,0.29426,0.34619,OPEN,,0,17
57.7968,57.7968,1,0.45501,0.46253,0.45877,0.42406,0.29426,0.34619,OPEN,,0,17
57.8277,57.8277,1,0.46637,0.46044,0.46341,0.43783,0.29426,0.34619,OPEN,,0,17
57.8461,57.8461,1,0.46451,0.45468,0.4596,0.44545,0.29426,0.34619,OPEN,,0,17
57.903,57.903,1,0.45373,0.45058,0.45215,0.4478,0.29426,0.34619,OPEN,,0,17
57.9299,57.9299,1,0.45506,0.44978,0.45242,0.44942,0.29426,0.34619,OPEN,,0,17
57.9666,57.9666,1,0.45321,0.44701,0.45011,0.44966,0.29426,0.34619,OPEN,,0,17
57.9951,57.9951,1,0.45075,0.44535,0.44805,0.4491,0.29426,0.34619,OPEN,,0,17
58.0323,58.0323,1,0.45806,0.44469,0.45138,0.44989,0.29426,0.34619,OPEN,,0,17
58.0596,58.0596,1,0.4605,0.44427,0.45239,0.45077,0.29426,0.34619,OPEN,,0,17
58.0955,58.0955,1,0.46526,0.44886,0.45706,0.45297,0.29426,0.34619,OPEN,,0,17
58.1153,58.1153,1,0.46716,0.45074,0.45895,0.45506,0.29426,0.34619,OPEN,,0,17
58.1598,58.1598,1,0.46662,0.45084,0.45873,0.45635,0.29426,0.34619,OPEN,,0,17
58.1978,58.1978,1,0.46599,0.44915,0.45757,0.45677,0.29426,0.34619,OPEN,,0,17
58.2309,58.2309,1,0.46903,0.45472,0.46188,0.45856,0.29426,0.34619,OPEN,,0,17
58.2611,58.2611,1,0.46972,0.45578,0.46275,0.46003,0.29426,0.34619,OPEN,,0,17
58.3048,58.3048,1,0.46433,0.45184,0.45808,0.45935,0.29426,0.34619,OPEN,,0,17
58.3449,58.3449,1,0.45788,0.44177,0.44982,0.45601,0.29426,0.34619,OPEN,,0,17
58.3694,58.3694,1,0.45627,0.4401,0.44819,0.45327,0.29426,0.34619,OPEN,,0,17
58.3926,58.3926,1,0.45819,0.43983,0.44901,0.45178,0.29426,0.34619,OPEN,,0,17
58.431,58.431,1,0.07496,0.05798,0.06647,,0.29426,0.34619,OPEN,,0,17
58.4632,58.4632,1,0.0129,0.01681,0.01485,,0.29426,0.34619,OPEN,,0,17
58.4935,58.4935,1,0.01592,0.01965,0.01779,,0.29426,0.34619,OPEN,,0,17
58.5262,58.5262,1,0.01315,0.02443,0.01879,,0.29426,0.34619,OPEN,,0,17
58.562,58.562,1,0.04439,0.03103,0.03771,,0.29426,0.34619,OPEN,,0,17
58.5795,58.5795,1,0.05599,0.03627,0.04613,,0.29426,0.34619,OPEN,,0,17
58.6204,58.6204,1,0.07555,0.08833,0.08194,,0.29426,0.34619,OPEN,,0,17
58.6392,58.6392,1,0.08018,0.08755,0.08387,,0.29426,0.34619,OPEN,,0,17
58.7025,58.7025,1,0.34947,0.34533,0.3474,0.41525,0.29426,0.34619,OPEN,,0,17
58.7296,58.7296,1,0.38139,0.37632,0.37886,0.40251,0.29426,0.34619,OPEN,,0,17
58.772,58.772,1,0.42756,0.40552,0.41654,0.40742,0.29426,0.34619,OPEN,,0,17
58.794,58.794,1,0.4364,0.41348,0.42494,0.41355,0.29426,0.34619,OPEN,,0,17
58.8306,58.8306,1,0.44275,0.42152,0.43213,0.42006,0.29426,0.34619,OPEN,,0,17
58.86,58.86,1,0.44489,0.42429,0.43459,0.42514,0.29426,0.34619,OPEN,,0,17
58.8954,58.8954,1,0.45411,0.43446,0.44429,0.43184,0.29426,0.34619,OPEN,,0,17
58.931,58.931,1,0.45606,0.43766,0.44686,0.4371,0.29426,0.34619,OPEN,,0,17
58.9635,58.9635,1,0.45068,0.42874,0.43971,0.43801,0.29426,0.34619,OPEN,,0,17
58.9948,58.9948,1,0.45485,0.42709,0.44097,0.43905,0.29426,0.34619,OPEN,,0,17
59.0229,59.0229,1,0.45193,0.44325,0.44759,0.44204,0.29426,0.34619,OPEN,,0,17
59.0421,59.0421,1,0.45439,0.44795,0.45117,0.44524,0.29426,0.34619,OPEN,,0,17
59.1029,59.1029,1,0.46164,0.44875,0.45519,0.44872,0.29426,0.34619,OPEN,,0,17
59.1301,59.1301,1,0.46325,0.44701,0.45513,0.45097,0.29426,0.34619,OPEN,,0,17
59.1679,59.1679,1,0.45814,0.4452,0.45167,0.45121,0.29426,0.34619,OPEN,,0,17
59.194,59.194,1,0.45665,0.44307,0.44986,0.45074,0.29426,0.34619,OPEN,,0,17
59.2315,59.2315,1,0.45201,0.43922,0.44561,0.44894,0.29426,0.34619,OPEN,,0,17
59.263,59.263,1,0.45009,0.43776,0.44392,0.44719,0.29426,0.34619,OPEN,,0,17
59.2961,59.2961,1,0.10396,0.07778,0.09087,,0.29426,0.34619,OPEN,,0,17
59.3186,59.3186,1,0.0535,0.04775,0.05062,,0.29426,0.34619,OPEN,,0,17
59.3599,59.3599,1,0.0115,0.019,0.01525,,0.29426,0.34619,OPEN,,0,17
59.3886,59.3886,1,0.00613,0.01193,0.00903,,0.29426,0.34619,OPEN,,0,17
59.4216,59.4216,1,0.03993,0.01476,0.02734,,0.29426,0.34619,OPEN,,0,17
59.4441,59.4441,1,0.04885,0.02021,0.03453,,0.29426,0.34619,OPEN,,0,17
59.5041,59.5041,1,0.10489,0.04928,0.07709,,0.29426,0.34619,OPEN,,0,17
59.5262,59.5262,1,0.10795,0.04971,0.07883,,0.29426,0.34619,OPEN,,0,17
59.5639,59.5639,1,0.29766,0.29258,0.29512,0.39396,0.29426,0.34619,OPEN,,0,17
59.5917,59.5917,1,0.33291,0.34016,0.33653,0.37386,0.29426,0.34619,OPEN,,0,17
59.6293,59.6293,1,0.40104,0.40002,0.40053,0.3832,0.29426,0.34619,OPEN,,0,17
59.6631,59.6631,1,0.41408,0.40406,0.40907,0.39225,0.29426,0.34619,OPEN,,0,17
59.6951,59.6951,1,0.41912,0.41601,0.41757,0.40111,0.29426,0.34619,OPEN,,0,17
59.7291,59.7291,1,0.41711,0.41624,0.41668,0.40656,0.29426,0.34619,OPEN,,0,17
59.7618,59.7618,1,0.41524,0.40252,0.40888,0.40737,0.29426,0.34619,OPEN,,0,17
59.7797,59.7797,1,0.41523,0.39987,0.40755,0.40743,0.29426,0.34619,OPEN,,0,17
59.8224,59.8224,1,0.42551,0.4122,0.41885,0.41143,0.29426,0.34619,OPEN,,0,17
59.8607,59.8607,1,0.4324,0.42023,0.42632,0.41664,0.29426,0.34619,OPEN,,0,17
59.9024,59.9024,1,0.4362,0.42024,0.42822,0.42069,0.29426,0.34619,OPEN,,0,17
59.9287,59.9287,1,0.43716,0.4198,0.42848,0.42342,0.29426,0.34619,OPEN,,0,17
59.9698,59.9698,1,0.43744,0.42377,0.43061,0.42594,0.29426,0.34619,OPEN,,0,17
59.9953,59.9953,1,0.43535,0.42236,0.42886,0.42696,0.29426,0.34619,OPEN,,0,17
60.0318,60.0318,1,0.44294,0.42907,0.436,0.43012,0.29426,0.34619,OPEN,,0,17
60.0597,60.0597,1,0.44791,0.43523,0.44157,0.43413,0.29426,0.34619,OPEN,,0,17
60.0942,60.0942,1,0.45034,0.43544,0.44289,0.4372,0.29426,0.34619,OPEN,,0,17
60.1182,60.1182,1,0.45679,0.44445,0.45062,0.44189,0.29426,0.34619,OPEN,,0,17
60.1561,60.1561,1,0.45784,0.44262,0.45023,0.44481,0.29426,0.34619,OPEN,,0,17
60.1798,60.1798,1,0.46439,0.44627,0.45533,0.44849,0.29426,0.34619,OPEN,,0,17
60.2249,60.2249,1,0.36408,0.29977,0.33192,0.40769,0.29426,0.34619,OPEN,,0,17
60.2478,60.2478,1,0.34387,0.27737,0.31062,0.37372,0.29426,0.34619,OPEN,,0,17
60.3,60.3,1,0.13918,0.117,0.12809,0.28775,0.29426,0.34619,CLOSING,,0,17
60.3282,60.3282,1,0.11294,0.0895,0.10122,0.22246,0.29426,0.34619,CLOSING,0.02818,0,17
60.3643,60.3643,1,0.0377,0.02556,0.03163,,0.29426,0.34619,CLOSING,,0,17
60.3795,60.3795,1,0.01119,0.01762,0.01441,,0.29426,0.34619,CLOSING,,0,17
60.431,60.431,1,0.07338,0.05541,0.0644,,0.29426,0.34619,CLOSING,,0,17
60.4601,60.4601,1,0.09268,0.07629,0.08448,,0.29426,0.34619,CLOSING,,0,17
60.4988,60.4988,1,0.27334,0.2656,0.26947,0.23891,0.29426,0.34619,CLOSED,0.19878,0,17
60.5281,60.5281,1,0.32255,0.30411,0.31333,0.26496,0.29426,0.34619,CLOSED,0.22809,0,17
60.5577,60.5577,1,0.40446,0.38156,0.39301,0.30978,0.29426,0.34619,CLOSED,0.25765,0,17
60.5791,60.5791,1,0.41769,0.39128,0.40448,0.34293,0.29426,0.34619,CLOSED,0.27909,0,17
60.623,60.623,1,0.4205,0.39527,0.40788,0.36566,0.29426,0.34619,OPENING,0.32297,0,17
60.6597,60.6597,1,0.42277,0.39866,0.41071,0.38143,0.29426,0.34619,OPEN,0.35968,1,18
60.7077,60.7077,1,0.41567,0.40169,0.40868,0.39097,0.29426,0.34619,OPEN,,0,18
60.7318,60.7318,1,0.41325,0.39967,0.40646,0.39639,0.29426,0.34619,OPEN,,0,18
60.7674,60.7674,1,0.42986,0.42146,0.42566,0.40663,0.29426,0.34619,OPEN,,0,18
60.7953,60.7953,1,0.43979,0.42985,0.43482,0.4165,0.29426,0.34619,OPEN,,0,18
60.8328,60.8328,1,0.44144,0.41255,0.42699,0.42017,0.29426,0.34619,OPEN,,0,18
60.8622,60.8622,1,0.43867,0.41052,0.4246,0.42172,0.29426,0.34619,OPEN,,0,18
60.8939,60.8939,1,0.43542,0.41701,0.42621,0.42329,0.29426,0.34619,OPEN,,0,18
60.9288,60.9288,1,0.42827,0.41427,0.42127,0.42258,0.29426,0.34619,OPEN,,0,18
60.9628,60.9628,1,0.45954,0.44272,0.45113,0.43258,0.29426,0.34619,OPEN,,0,18
60.9857,60.9857,1,0.4777,0.45145,0.46458,0.44378,0.29426,0.34619,OPEN,,0,18
61.0224,61.0224,1,0.47266,0.46182,0.46724,0.45199,0.29426,0.34619,OPEN,,0,18
61.059,61.059,1,0.474,0.4606,0.4673,0.45735,0.29426,0.34619,OPEN,,0,18
61.101,61.101,1,0.46376,0.45338,0.45857,0.45777,0.29426,0.34619,OPEN,,0,18
61.127,61.127,1,0.4575,0.44893,0.45322,0.45618,0.29426,0.34619,OPEN,,0,18
61.1692,61.1692,1,0.45507,0.4504,0.45274,0.45498,0.29426,0.34619,OPEN,,0,18
61.1912,61.1912,1,0.45443,0.4528,0.45362,0.4545,0.29426,0.34619,OPEN,,0,18
61.2306,61.2306,1,0.21091,0.1523,0.18161,0.35899,0.29426,0.34619,OPEN,,0,18
61.2538,61.2538,1,0.16396,0.11598,0.13997,0.28233,0.29426,0.34619,CLOSING,,0,18
61.2936,61.2936,1,0.06711,0.03772,0.05241,,0.29426,0.34619,CLOSING,,0,18
61.3141,61.3141,1,0.0639,0.03504,0.04947,,0.29426,0.34619,CLOSING,,0,18
61.3584,61.3584,1,0.05719,0.03934,0.04826,,0.29426,0.34619,CLOSING,,0,18
61.3885,61.3885,1,0.04805,0.03992,0.04398,,0.29426,0.34619,CLOSING,,0,18
61.4229,61.4229,1,0.08983,0.06594,0.07789,,0.29426,0.34619,CLOSING,,0,18
61.4439,61.4439,1,0.10845,0.08485,0.09665,,0.29426,0.34619,CLOSING,,0,18
61.5032,61.5032,1,0.28667,0.31096,0.29881,0.2881,0.29426,0.34619,CLOSED,0.24931,0,18
61.5272,61.5272,1,0.31677,0.33966,0.32822,0.30214,0.29426,0.34619,CLOSED,0.2734,0,18
61.567,61.567,1,0.3849,0.4035,0.3942,0.33436,0.29426,0.34619,CLOSED,0.31312,0,18
61.5944,61.5944,1,0.39941,0.40854,0.40398,0.35873,0.29426,0.34619,OPENING,0.3406,0,18
61.6298,61.6298,1,0.43413,0.43365,0.43389,0.38503,0.29426,0.34619,OPEN,0.37599,1,19
61.661,61.661,1,0.43349,0.43195,0.43272,0.40172,0.29426,0.34619,OPEN,,0,19
61.704,61.704,1,0.43421,0.42818,0.4312,0.41204,0.29426,0.34619,OPEN,,0,19
61.7255,61.7255,1,0.43904,0.42919,0.43411,0.41977,0.29426,0.34619,OPEN,,0,19
61.7559,61.7559,1,0.43539,0.42485,0.43012,0.42339,0.29426,0.34619,OPEN,,0,19
61.7766,61.7766,1,0.43254,0.42355,0.42804,0.42502,0.29426,0.34619,OPEN,,0,19
61.8204,61.8204,1,0.43009,0.42091,0.4255,0.42519,0.29426,0.34619,OPEN,,0,19
61.844,61.844,1,0.42973,0.4199,0.42482,0.42506,0.29426,0.34619,OPEN,,0,19
61.9082,61.9082,1,0.42787,0.4138,0.42083,0.42358,0.29426,0.34619,OPEN,,0,19
61.9306,61.9306,1,0.42733,0.41131,0.41932,0.42209,0.29426,0.34619,OPEN,,0,19
61.966,61.966,1,0.43014,0.41174,0.42094,0.42169,0.29426,0.34619,OPEN,,0,19
61.9906,61.9906,1,0.43232,0.4119,0.42211,0.42183,0.29426,0.34619,OPEN,,0,19
62.0328,62.0328,1,0.4288,0.41007,0.41944,0.42099,0.29426,0.34619,OPEN,,0,19
62.0612,62.0612,1,0.42929,0.41106,0.42018,0.42071,0.29426,0.34619,OPEN,,0,19
62.0952,62.0952,1,0.44104,0.42815,0.43459,0.42557,0.29426,0.34619,OPEN,,0,19
62.1279,62.1279,1,0.44693,0.43143,0.43918,0.43033,0.29426,0.34619,OPEN,,0,19
62.1621,62.1621,1,0.45049,0.43977,0.44513,0.43551,0.29426,0.34619,OPEN,,0,19
62.193,62.193,1,0.44879,0.43937,0.44408,0.43851,0.29426,0.34619,OPEN,,0,19
62.2272,62.2272,1,0.46394,0.45731,0.46062,0.44625,0.29426,0.34619,OPEN,,0,19
62.2596,62.2596,1,0.4617,0.45338,0.45754,0.4502,0.29426,0.34619,OPEN,,0,19
62.3019,62.3019,1,0.45876,0.44656,0.45266,0.45106,0.29426,0.34619,OPEN,,0,19
62.3277,62.3277,1,0.45905,0.44418,0.45162,0.45126,0.29426,0.34619,OPEN,,0,19
62.3677,62.3677,1,0.41562,0.38501,0.40031,0.43343,0.29426,0.34619,OPEN,,0,19
62.3915,62.3915,1,0.41419,0.38353,0.39886,0.42133,0.29426,0.34619,OPEN,,0,19
62.4314,62.4314,1,0.0879,0.0823,0.0851,,0.29426,0.34619,OPEN,,0,19
62.4467,62.4467,1,0.0397,0.04634,0.04302,,0.29426,0.34619,OPEN,,0,19
62.4959,62.4959,1,0.05819,0.03974,0.04897,,0.29426,0.34619,OPEN,,0,19
62.5267,62.5267,1,0.06974,0.04265,0.05619,,0.29426,0.34619,OPEN,,0,19
62.5601,62.5601,1,0.09453,0.04707,0.0708,,0.29426,0.34619,OPEN,,0,19
62.593,62.593,1,0.10987,0.06983,0.08985,,0.29426,0.34619,OPEN,,0,19
62.626,62.626,1,0.26896,0.26784,0.2684,0.3678,0.29426,0.34619,OPEN,,0,19
62.6448,62.6448,1,0.30621,0.32353,0.31487,0.34928,0.29426,0.34619,OPEN,,0,19
62.7027,62.7027,1,0.38858,0.38463,0.38661,0.36234,0.29426,0.34619,OPEN,,0,19
62.7272,62.7272,1,0.40357,0.39651,0.40004,0.37554,0.29426,0.34619,OPEN,,0,19
62.7674,62.7674,1,0.41792,0.40236,0.41014,0.38765,0.29426,0.34619,OPEN,,0,19
62.7926,62.7926,1,0.42093,0.40344,0.41218,0.39623,0.29426,0.34619,OPEN,,0,19
62.8324,62.8324,1,0.41931,0.39992,0.40961,0.40092,0.29426,0.34619,OPEN,,0,19
62.8576,62.8576,1,0.41826,0.39921,0.40874,0.40365,0.29426,0.34619,OPEN,,0,19
62.9014,62.9014,1,0.41922,0.41289,0.41606,0.40799,0.29426,0.34619,OPEN,,0,19
62.9272,62.9272,1,0.42088,0.41953,0.4202,0.41227,0.29426,0.34619,OPEN,,0,19
62.9589,62.9589,1,0.42,0.41645,0.41822,0.41435,0.29426,0.34619,OPEN,,0,19
62.9755,62.9755,1,0.41912,0.41464,0.41688,0.41524,0.29426,0.34619,OPEN,,0,19
63.0224,63.0224,1,0.42786,0.41768,0.42277,0.41787,0.29426,0.34619,OPEN,,0,19
63.0435,63.0435,1,0.43315,0.41812,0.42564,0.42059,0.29426,0.34619,OPEN,,0,19
63.1073,63.1073,1,0.44137,0.41907,0.43022,0.42396,0.29426,0.34619,OPEN,,0,19
63.1337,63.1337,1,0.44256,0.41858,0.43057,0.42627,0.29426,0.34619,OPEN,,0,19
63.1659,63.1659,1,0.43663,0.41881,0.42772,0.42678,0.29426,0.34619,OPEN,,0,19
63.1921,63.1921,1,0.43413,0.42025,0.42719,0.42692,0.29426,0.34619,OPEN,,0,19
63.2327,63.2327,1,0.41992,0.38759,0.40376,0.41882,0.29426,0.34619,OPEN,,0,19
63.2619,63.2619,1,0.41168,0.37814,0.39491,0.41045,0.29426,0.34619,OPEN,,0,19
63.2944,63.2944,1,0.04926,0.03993,0.04459,,0.29426,0.34619,OPEN,,0,19
63.3267,63.3267,1,0.01903,0.01947,0.01925,,0.29426,0.34619,OPEN,,0,19
63.3638,63.3638,1,0.02356,0.02454,0.02405,,0.29426,0.34619,OPEN,,0,19
63.4037,63.4037,1,0.0292,0.02846,0.02883,,0.29426,0.34619,OPEN,,0,19
63.4266,63.4266,1,0.04173,0.04147,0.0416,,0.29426,0.34619,OPEN,,0,19
63.4454,63.4454,1,0.04827,0.06096,0.05462,,0.29426,0.34619,OPEN,,0,19
63.5031,63.5031,1,0.29127,0.28783,0.28955,0.36813,0.29426,0.34619,OPEN,,0,19
63.527,63.527,1,0.32818,0.32706,0.32762,0.35395,0.29426,0.34619,OPEN,,0,19
63.5685,63.5685,1,0.38169,0.37993,0.38081,0.36335,0.29426,0.34619,OPEN,,0,19
63.591,63.591,1,0.3915,0.38225,0.38687,0.37158,0.29426,0.34619,OPEN,,0,19
63.631,63.631,1,0.39997,0.39348,0.39672,0.38038,0.29426,0.34619,OPEN,,0,19
63.6581,63.6581,1,0.40036,0.3953,0.39783,0.38649,0.29426,0.34619,OPEN,,0,19
63.6948,63.6948,1,0.40559,0.3964,0.40099,0.39157,0.29426,0.34619,OPEN,,0,19
63.7252,63.7252,1,0.40358,0.39357,0.39858,0.39402,0.29426,0.34619,OPEN,,0,19
63.76,63.76,1,0.42983,0.41258,0.42121,0.40354,0.29426,0.34619,OPEN,,0,19
63.7748,63.7748,1,0.43799,0.41465,0.42632,0.41151,0.29426,0.34619,OPEN,,0,19
63.8244,63.8244,1,0.44393,0.43121,0.43757,0.42063,0.29426,0.34619,OPEN,,0,19
63.8481,63.8481,1,0.44431,0.43092,0.43762,0.42658,0.29426,0.34619,OPEN,,0,19
63.9026,63.9026,1,0.43717,0.44607,0.44162,0.43184,0.29426,0.34619,OPEN,,0,19
63.9285,63.9285,1,0.4459,0.44585,0.44588,0.43675,0.29426,0.34619,OPEN,,0,19
63.9649,63.9649,1,0.46933,0.4569,0.46311,0.44598,0.29426,0.34619,OPEN,,0,19
63.9922,63.9922,1,0.47465,0.45896,0.4668,0.45327,0.29426,0.34619,OPEN,,0,19
64.0295,64.0295,1,0.47158,0.45427,0.46293,0.45665,0.29426,0.34619,OPEN,,0,19
64.0558,64.0558,1,0.46894,0.45155,0.46024,0.45791,0.29426,0.34619,OPEN,,0,19
64.0963,64.0963,1,0.47064,0.45495,0.4628,0.45962,0.29426,0.34619,OPEN,,0,19
64.1266,64.1266,1,0.47012,0.45569,0.46291,0.46077,0.29426,0.34619,OPEN,,0,19
64.1578,64.1578,1,0.46586,0.45142,0.45864,0.46002,0.29426,0.34619,OPEN,,0,19
64.1773,64.1773,1,0.46299,0.4483,0.45564,0.45849,0.29426,0.34619,OPEN,,0,19
64.2224,64.2224,1,0.45524,0.43955,0.4474,0.45461,0.29426,0.34619,OPEN,,0,19
64.2581,64.2581,1,0.45242,0.42479,0.4386,0.44901,0.29426,0.34619,OPEN,,0,19
64.3073,64.3073,1,0.1875,0.12563,0.15657,0.34665,0.29426,0.34619,OPEN,,0,19
64.3308,64.3308,1,0.1496,0.08224,0.11592,0.26589,0.29426,0.34619,CLOSING,,0,19
64.3653,64.3653,1,0.03318,0.02172,0.02745,,0.29426,0.34619,CLOSING,,0,19
64.3905,64.3905,1,0.02466,0.02368,0.02417,,0.29426,0.34619,CLOSING,,0,19
64.432,64.432,1,0.10884,0.08682,0.09783,,0.29426,0.34619,CLOSING,,0,19
64.4597,64.4597,1,0.11326,0.09653,0.10489,0.20954,0.29426,0.34619,CLOSED,0.12883,0,19
64.4959,64.4959,1,0.30906,0.29206,0.30056,0.2414,0.29426,0.34619,CLOSED,0.16504,0,19
64.5247,64.5247,1,0.354,0.34883,0.35142,0.27991,0.29426,0.34619,CLOSED,0.19386,0,19
64.5618,64.5618,1,0.44015,0.44269,0.44142,0.33644,0.29426,0.34619,CLOSED,0.23096,0,19
64.5916,64.5916,1,0.44369,0.44317,0.44343,0.37388,0.29426,0.34619,OPENING,0.2608,0,19
64.6201,64.6201,1,0.45105,0.45075,0.4509,0.40084,0.29426,0.34619,OPEN,0.28929,1,20
64.638,64.638,1,0.44616,0.44334,0.44475,0.41621,0.29426,0.34619,OPEN,,0,20
64.7027,64.7027,1,0.43208,0.42536,0.42872,0.42059,0.29426,0.34619,OPEN,,0,20
64.7261,64.7261,1,0.42825,0.42075,0.4245,0.42196,0.29426,0.34619,OPEN,,0,20
64.7686,64.7686,1,0.42669,0.41382,0.42026,0.42136,0.29426,0.34619,OPEN,,0,20
64.7919,64.7919,1,0.42505,0.41153,0.41829,0.42029,0.29426,0.34619,OPEN,,0,20
64.8322,64.8322,1,0.42492,0.41828,0.4216,0.42075,0.29426,0.34619,OPEN,,0,20
64.8604,64.8604,1,0.42383,0.41888,0.42136,0.42096,0.29426,0.34619,OPEN,,0,20
64.8952,64.8952,1,0.43215,0.42788,0.43002,0.42413,0.29426,0.34619,OPEN,,0,20
64.9266,64.9266,1,0.4331,0.42744,0.43027,0.42628,0.29426,0.34619,OPEN,,0,20
64.9585,64.9585,1,0.43228,0.42555,0.42892,0.4272,0.29426,0.34619,OPEN,,0,20
64.9902,64.9902,1,0.42799,0.4232,0.4256,0.42664,0.29426,0.34619,OPEN,,0,20
65.0267,65.0267,1,0.43855,0.43356,0.43605,0.42994,0.29426,0.34619,OPEN,,0,20
65.0554,65.0554,1,0.44087,0.43457,0.43772,0.43266,0.29426,0.34619,OPEN,,0,20
65.1025,65.1025,1,0.44359,0.43442,0.439,0.43488,0.29426,0.34619,OPEN,,0,20
65.1269,65.1269,1,0.44481,0.43397,0.43939,0.43646,0.29426,0.34619,OPEN,,0,20
65.1649,65.1649,1,0.439,0.42628,0.43264,0.43512,0.29426,0.34619,OPEN,,0,20
65.1907,65.1907,1,0.43852,0.42482,0.43167,0.43391,0.29426,0.34619,OPEN,,0,20
65.2329,65.2329,1,0.44003,0.4231,0.43156,0.43309,0.29426,0.34619,OPEN,,0,20
65.2585,65.2585,1,0.43947,0.42113,0.4303,0.43211,0.29426,0.34619,OPEN,,0,20
65.3005,65.3005,1,0.18915,0.14915,0.16915,0.34008,0.29426,0.34619,OPEN,,0,20
65.332,65.332,1,0.14074,0.09059,0.11566,0.26153,0.29426,0.34619,CLOSING,,0,20
65.3733,65.3733,1,0.01745,0.01432,0.01588,,0.29426,0.34619,CLOSING,,0,20
65.4066,65.4066,1,0.01505,0.02159,0.01832,,0.29426,0.34619,CLOSING,,0,20
65.4421,65.4421,1,0.07543,0.04048,0.05795,,0.29426,0.34619,CLOSING,,0,20
65.4583,65.4583,1,0.0655,0.04145,0.05348,,0.29426,0.34619,CLOSING,,0,20
65.5087,65.5087,1,0.1122,0.13952,0.12586,0.21405,0.29426,0.34619,CLOSED,0.1767,0,20
65.5329,65.5329,1,0.11298,0.16789,0.14043,0.18828,0.29426,0.34619,CLOSED,0.20087,0,20
65.566,65.566,1,0.28828,0.34326,0.31577,0.2329,0.29426,0.34619,CLOSED,0.23395,0,20
65.5925,65.5925,1,0.34204,0.37998,0.36101,0.27774,0.29426,0.34619,CLOSED,0.26044,0,20
65.6322,65.6322,1,0.37041,0.37981,0.37511,0.31182,0.29426,0.34619,CLOSED,0.30018,0,20
65.658,65.658,1,0.37656,0.3792,0.37788,0.33494,0.29426,0.34619,CLOSED,0.32597,0,20
65.6956,65.6956,1,0.41974,0.40454,0.41214,0.36196,0.29426,0.34619,OPENING,0.36357,0,20
65.7264,65.7264,1,0.43405,0.41759,0.42582,0.38431,0.29426,0.34619,OPEN,0.39437,1,21
65.7651,65.7651,1,0.43314,0.41857,0.42586,0.39885,0.29426,0.34619,OPEN,,0,21
65.7931,65.7931,1,0.42932,0.41449,0.42191,0.40692,0.29426,0.34619,OPEN,,0,21
65.8217,65.8217,1,0.42751,0.40926,0.41838,0.41093,0.29426,0.34619,OPEN,,0,21
65.8425,65.8425,1,0.42446,0.40724,0.41585,0.41265,0.29426,0.34619,OPEN,,0,21
65.9037,65.9037,1,0.44913,0.41792,0.43353,0.41996,0.29426,0.34619,OPEN,,0,21
65.9309,65.9309,1,0.4476,0.425,0.4363,0.42568,0.29426,0.34619,OPEN,,0,21
65.9683,65.9683,1,0.41917,0.40491,0.41204,0.42091,0.29426,0.34619,OPEN,,0,21
65.9902,65.9902,1,0.42375,0.41262,0.41819,0.41995,0.29426,0.34619,OPEN,,0,21
66.0312,66.0312,1,0.42361,0.40862,0.41611,0.41861,0.29426,0.34619,OPEN,,0,21
66.0623,66.0623,1,0.42502,0.40958,0.4173,0.41815,0.29426,0.34619,OPEN,,0,21
66.0969,66.0969,1,0.41898,0.42412,0.42155,0.41934,0.29426,0.34619,OPEN,,0,21
66.1237,66.1237,1,0.41557,0.42984,0.42271,0.42052,0.29426,0.34619,OPEN,,0,21
66.1596,66.1596,1,0.43684,0.44666,0.44175,0.42795,0.29426,0.34619,OPEN,,0,21
66.1923,66.1923,1,0.43526,0.43462,0.43494,0.4304,0.29426,0.34619,OPEN,,0,21
66.2234,66.2234,1,0.44112,0.41856,0.42984,0.4302,0.29426,0.34619,OPEN,,0,21
66.2416,66.2416,1,0.44123,0.41349,0.42736,0.42921,0.29426,0.34619,OPEN,,0,21
66.3019,66.3019,1,0.06203,0.04257,0.0523,,0.29426,0.34619,OPEN,,0,21
66.3391,66.3391,1,0.04966,0.03046,0.04006,,0.29426,0.34619,OPEN,,0,21
66.3704,66.3704,1,0.0691,0.0516,0.06035,,0.29426,0.34619,OPEN,,0,21
66.392,66.392,1,0.06683,0.04973,0.05828,,0.29426,0.34619,OPEN,,0,21
66.43,66.43,1,0.12106,0.08555,0.1033,0.31514,0.29426,0.34619,OPEN,,0,21
66.4592,66.4592,1,0.14568,0.10332,0.1245,0.24842,0.29426,0.34619,CLOSING,,0,21
66.4976,66.4976,1,0.31428,0.30961,0.31194,0.27065,0.29426,0.34619,CLOSING,0.03843,0,21
66.5231,66.5231,1,0.34965,0.34961,0.34963,0.29829,0.29426,0.34619,CLOSING,,0,21
66.5569,66.5569,1,0.37853,0.35492,0.36673,0.32225,0.29426,0.34619,CLOSING,,0,21
66.5934,66.5934,1,0.3888,0.36528,0.37704,0.34143,0.29426,0.34619,CLOSING,,0,21
66.6244,66.6244,1,0.41403,0.39412,0.40408,0.36335,0.29426,0.34619,OPEN,,0,21
66.6439,66.6439,1,0.41624,0.39953,0.40789,0.37894,0.29426,0.34619,OPEN,,0,21
66.7085,66.7085,1,0.43875,0.41221,0.42548,0.39523,0.29426,0.34619,OPEN,,0,21
66.732,66.732,1,0.4336,0.40764,0.42062,0.40412,0.29426,0.34619,OPEN,,0,21
66.7643,66.7643,1,0.43354,0.40878,0.42116,0.41008,0.29426,0.34619,OPEN,,0,21
66.7785,66.7785,1,0.43214,0.40656,0.41935,0.41333,0.29426,0.34619,OPEN,,0,21
66.8283,66.8283,1,0.45143,0.437,0.44421,0.42414,0.29426,0.34619,OPEN,,0,21
66.8564,66.8564,1,0.46319,0.44535,0.45427,0.43468,0.29426,0.34619,OPEN,,0,21
66.8948,66.8948,1,0.45655,0.43446,0.44551,0.43847,0.29426,0.34619,OPEN,,0,21
66.9248,66.9248,1,0.45342,0.43472,0.44407,0.44043,0.29426,0.34619,OPEN,,0,21
66.9613,66.9613,1,0.44944,0.42715,0.43829,0.43968,0.29426,0.34619,OPEN,,0,21
66.9907,66.9907,1,0.45178,0.43408,0.44293,0.44082,0.29426,0.34619,OPEN,,0,21
67.0242,67.0242,1,0.45308,0.4365,0.44479,0.44221,0.29426,0.34619,OPEN,,0,21
67.057,67.057,1,0.45152,0.43424,0.44288,0.44245,0.29426,0.34619,OPEN,,0,21
67.1029,67.1029,1,0.43671,0.39934,0.41802,0.4339,0.29426,0.34619,OPEN,,0,21
67.1423,67.1423,1,0.44011,0.40607,0.42309,0.43011,0.29426,0.34619,OPEN,,0,21
67.1716,67.1716,1,0.1189,0.08955,0.10422,0.31605,0.29426,0.34619,OPEN,,0,21
67.1936,67.1936,1,0.05715,0.04382,0.05048,,0.29426,0.34619,OPEN,,0,21
67.2311,67.2311,1,0.06597,0.04426,0.05512,,0.29426,0.34619,OPEN,,0,21
67.2556,67.2556,1,0.07413,0.05038,0.06225,,0.29426,0.34619,OPEN,,0,21
67.295,67.295,1,0.00668,0.01425,0.01046,,0.29426,0.34619,OPEN,,0,21
67.3179,67.3179,1,0.01019,0.0141,0.01215,,0.29426,0.34619,OPEN,,0,21
67.3602,67.3602,1,0.02022,0.02314,0.02168,,0.29426,0.34619,OPEN,,0,21
67.3898,67.3898,1,0.05209,0.04775,0.04992,,0.29426,0.34619,OPEN,,0,21
67.4291,67.4291,1,0.15657,0.20588,0.18123,0.26886,0.29426,0.34619,CLOSING,,0,21
67.4584,67.4584,1,0.20119,0.26335,0.23227,0.25606,0.29426,0.34619,CLOSING,0.02932,0,21
67.5029,67.5029,1,0.40431,0.40641,0.40536,0.30831,0.29426,0.34619,CLOSING,,0,21
67.5263,67.5263,1,0.41394,0.40927,0.4116,0.34446,0.29426,0.34619,CLOSING,,0,21
67.5668,67.5668,1,0.42731,0.40496,0.41614,0.36955,0.29426,0.34619,OPEN,,0,21
67.5963,67.5963,1,0.4286,0.40289,0.41574,0.38572,0.29426,0.34619,OPEN,,0,21
67.63,67.63,1,0.43994,0.42602,0.43298,0.40226,0.29426,0.34619,OPEN,,0,21
67.658,67.658,1,0.451,0.4348,0.4429,0.41648,0.29426,0.34619,OPEN,,0,21
67.6976,67.6976,1,0.44867,0.44096,0.44481,0.4264,0.29426,0.34619,OPEN,,0,21
67.7238,67.7238,1,0.45025,0.44267,0.44646,0.43342,0.29426,0.34619,OPEN,,0,21
67.7575,67.7575,1,0.4539,0.42871,0.44131,0.43618,0.29426,0.34619,OPEN,,0,21
67.7912,67.7912,1,0.44835,0.42783,0.43809,0.43685,0.29426,0.34619,OPEN,,0,21
67.8231,67.8231,1,0.44315,0.41892,0.43104,0.43481,0.29426,0.34619,OPEN,,0,21
67.8437,67.8437,1,0.44201,0.4161,0.42906,0.4328,0.29426,0.34619,OPEN,,0,21
67.907,67.907,1,0.43988,0.4152,0.42754,0.43096,0.29426,0.34619,OPEN,,0,21
67.9328,67.9328,1,0.43968,0.41568,0.42768,0.42981,0.29426,0.34619,OPEN,,0,21
67.9643,67.9643,1,0.44596,0.42333,0.43465,0.4315,0.29426,0.34619,OPEN,,0,21
67.9913,67.9913,1,0.44835,0.42667,0.43751,0.43361,0.29426,0.34619,OPEN,,0,21
68.0298,68.0298,1,0.11542,0.06592,0.09067,,0.29426,0.34619,OPEN,,0,21
68.0546,68.0546,1,0.06462,0.03774,0.05118,,0.29426,0.34619,OPEN,,0,21
68.0957,68.0957,1,0.01334,0.0187,0.01602,,0.29426,0.34619,OPEN,,0,21
68.1246,68.1246,1,0.00724,0.01045,0.00885,,0.29426,0.34619,OPEN,,0,21
68.1619,68.1619,1,0.03994,0.03249,0.03622,,0.29426,0.34619,OPEN,,0,21
68.1885,68.1885,1,0.05292,0.05065,0.05178,,0.29426,0.34619,OPEN,,0,21
68.2218,68.2218,1,0.09128,0.11058,0.10093,0.31717,0.29426,0.34619,OPEN,,0,21
68.2576,68.2576,1,0.09484,0.13188,0.11336,0.24584,0.29426,0.34619,CLOSING,,0,21
68.3028,68.3028,1,0.35986,0.36118,0.36052,0.28598,0.29426,0.34619,CLOSING,0.04518,0,21
68.3392,68.3392,1,0.39078,0.37172,0.38125,0.31932,0.29426,0.34619,CLOSING,,0,21
68.3673,68.3673,1,0.41398,0.39267,0.40332,0.34872,0.29426,0.34619,OPEN,,0,21
68.3914,68.3914,1,0.4188,0.39842,0.40861,0.36968,0.29426,0.34619,OPEN,,0,21
68.4304,68.4304,1,0.42277,0.41575,0.41926,0.38704,0.29426,0.34619,OPEN,,0,21
68.4526,68.4526,1,0.41979,0.41253,0.41616,0.39723,0.29426,0.34619,OPEN,,0,21
68.4927,68.4927,1,0.4303,0.43379,0.43204,0.40942,0.29426,0.34619,OPEN,,0,21
68.5201,68.5201,1,0.4299,0.42744,0.42867,0.41615,0.29426,0.34619,OPEN,,0,21
68.5565,68.5565,1,0.43716,0.42694,0.43205,0.42172,0.29426,0.34619,OPEN,,0,21
68.5854,68.5854,1,0.43839,0.42544,0.43192,0.42529,0.29426,0.34619,OPEN,,0,21
68.6238,68.6238,1,0.44016,0.43301,0.43659,0.42924,0.29426,0.34619,OPEN,,0,21
68.658,68.658,1,0.44138,0.42914,0.43526,0.43135,0.29426,0.34619,OPEN,,0,21
68.703,68.703,1,0.4573,0.43281,0.44506,0.43615,0.29426,0.34619,OPEN,,0,21
68.726,68.726,1,0.46605,0.43463,0.45034,0.44111,0.29426,0.34619,OPEN,,0,21
68.7672,68.7672,1,0.4626,0.43308,0.44784,0.44347,0.29426,0.34619,OPEN,,0,21
68.8086,68.8086,1,0.46069,0.43363,0.44716,0.44476,0.29426,0.34619,OPEN,,0,21
68.8397,68.8397,1,0.45656,0.43435,0.44545,0.445,0.29426,0.34619,OPEN,,0,21
68.8741,68.8741,1,0.45504,0.43568,0.44536,0.44513,0.29426,0.34619,OPEN,,0,21
68.8946,68.8946,1,0.45454,0.43755,0.44605,0.44545,0.29426,0.34619,OPEN,,0,21
68.9244,68.9244,1,0.45609,0.43742,0.44676,0.44591,0.29426,0.34619,OPEN,,0,21
68.9602,68.9602,1,0.2202,0.18537,0.20278,0.36081,0.29426,0.34619,OPEN,,0,21
68.9905,68.9905,1,0.15361,0.13026,0.14193,0.28421,0.29426,0.34619,CLOSING,,0,21
69.0232,69.0232,1,0.03628,0.03868,0.03748,,0.29426,0.34619,CLOSING,,0,21
69.0406,69.0406,1,0.02252,0.03683,0.02967,,0.29426,0.34619,CLOSING,,0,21
69.1114,69.1114,1,0.01638,0.02983,0.02311,,0.29426,0.34619,CLOSING,,0,21
69.1339,69.1339,1,0.02297,0.03342,0.02819,,0.29426,0.34619,CLOSING,,0,21
69.1665,69.1665,1,0.08321,0.07773,0.08047,,0.29426,0.34619,CLOSING,,0,21
69.1954,69.1954,1,0.16027,0.13947,0.14987,0.23719,0.29426,0.34619,CLOSED,0.20492,0,21
69.2308,69.2308,1,0.3287,0.32166,0.32518,0.26799,0.29426,0.34619,CLOSED,0.24035,0,21
69.2576,69.2576,1,0.36306,0.35711,0.36008,0.30022,0.29426,0.34619,CLOSED,0.26711,0,21
69.2957,69.2957,1,0.38407,0.37608,0.38007,0.32817,0.29426,0.34619,CLOSED,0.3052,0,21
69.324,69.324,1,0.38844,0.38036,0.3844,0.34785,0.29426,0.34619,OPENING,0.33353,0,21
69.3631,69.3631,1,0.39943,0.39991,0.39967,0.36599,0.29426,0.34619,OPEN,0.37268,1,22
69.3873,69.3873,1,0.40398,0.40517,0.40457,0.37949,0.29426,0.34619,OPEN,,0,22
69.4232,69.4232,1,0.42513,0.41453,0.41983,0.39361,0.29426,0.34619,OPEN,,0,22
69.4563,69.4563,1,0.4335,0.42075,0.42712,0.40534,0.29426,0.34619,OPEN,,0,22
69.5017,69.5017,1,0.42735,0.40707,0.41721,0.40949,0.29426,0.34619,OPEN,,0,22
69.5389,69.5389,1,0.42799,0.40386,0.41593,0.41174,0.29426,0.34619,OPEN,,0,22
69.5719,69.5719,1,0.43524,0.41265,0.42395,0.41602,0.29426,0.34619,OPEN,,0,22
69.5916,69.5916,1,0.43434,0.41501,0.42468,0.41905,0.29426,0.34619,OPEN,,0,22
69.6313,69.6313,1,0.43873,0.42015,0.42944,0.42268,0.29426,0.34619,OPEN,,0,22
69.6577,69.6577,1,0.44107,0.42054,0.43081,0.42553,0.29426,0.34619,OPEN,,0,22
69.6958,69.6958,1,0.44095,0.43133,0.43614,0.42924,0.29426,0.34619,OPEN,,0,22
69.7231,69.7231,1,0.43603,0.42072,0.42838,0.42894,0.29426,0.34619,OPEN,,0,22
69.7601,69.7601,1,0.43539,0.4197,0.42755,0.42845,0.29426,0.34619,OPEN,,0,22
69.7871,69.7871,1,0.43144,0.41975,0.4256,0.42745,0.29426,0.34619,OPEN,,0,22
69.8259,69.8259,1,0.42615,0.42355,0.42485,0.42654,0.29426,0.34619,OPEN,,0,22
69.8613,69.8613,1,0.42537,0.42232,0.42384,0.4256,0.29426,0.34619,OPEN,,0,22
69.9038,69.9038,1,0.41946,0.40973,0.4146,0.42175,0.29426,0.34619,OPEN,,0,22
69.9379,69.9379,1,0.41885,0.40335,0.4111,0.41802,0.29426,0.34619,OPEN,,0,22
69.9665,69.9665,1,0.41862,0.40247,0.41055,0.4154,0.29426,0.34619,OPEN,,0,22
69.9916,69.9916,1,0.41847,0.40517,0.41182,0.41415,0.29426,0.34619,OPEN,,0,22
70.0297,70.0297,1,0.43235,0.41303,0.42269,0.41714,0.29426,0.34619,OPEN,,0,22
70.0608,70.0608,1,0.43286,0.41914,0.426,0.42024,0.29426,0.34619,OPEN,,0,22
70.1,70.1,1,0.41886,0.39462,0.40674,0.41551,0.29426,0.34619,OPEN,,0,22
70.1233,70.1233,1,0.40782,0.3872,0.39751,0.40921,0.29426,0.34619,OPEN,,0,22
70.1597,70.1597,1,0.40727,0.38841,0.39784,0.40523,0.29426,0.34619,OPEN,,0,22
70.1906,70.1906,1,0.40481,0.38624,0.39552,0.40183,0.29426,0.34619,OPEN,,0,22
70.2219,70.2219,1,0.41458,0.40162,0.4081,0.40403,0.29426,0.34619,OPEN,,0,22
70.2575,70.2575,1,0.41694,0.40897,0.41295,0.40715,0.29426,0.34619,OPEN,,0,22
70.3068,70.3068,1,0.4047,0.38625,0.39548,0.40307,0.29426,0.34619,OPEN,,0,22
70.3301,70.3301,1,0.40956,0.39294,0.40125,0.40243,0.29426,0.34619,OPEN,,0,22
70.3665,70.3665,1,0.40975,0.39151,0.40063,0.4018,0.29426,0.34619,OPEN,,0,22
70.3888,70.3888,1,0.41152,0.39153,0.40153,0.4017,0.29426,0.34619,OPEN,,0,22
70.4302,70.4302,1,0.41732,0.39353,0.40542,0.403,0.29426,0.34619,OPEN,,0,22
70.4547,70.4547,1,0.4193,0.39633,0.40781,0.40469,0.29426,0.34619,OPEN,,0,22
70.4955,70.4955,1,0.41194,0.39164,0.40179,0.40367,0.29426,0.34619,OPEN,,0,22
70.5218,70.5218,1,0.4092,0.39121,0.4002,0.40246,0.29426,0.34619,OPEN,,0,22
70.561,70.561,1,0.40479,0.39458,0.39968,0.40149,0.29426,0.34619,OPEN,,0,22
70.5885,70.5885,1,0.39978,0.39094,0.39536,0.39934,0.29426,0.34619,OPEN,,0,22
70.6209,70.6209,1,0.41782,0.39992,0.40887,0.40268,0.29426,0.34619,OPEN,,0,22
70.6402,70.6402,1,0.4177,0.39921,0.40845,0.4047,0.29426,0.34619,OPEN,,0,22
70.703,70.703,1,0.42353,0.41149,0.41751,0.40918,0.29426,0.34619,OPEN,,0,22
70.7393,70.7393,1,0.43519,0.41923,0.42721,0.41549,0.29426,0.34619,OPEN,,0,22
70.7659,70.7659,1,0.43561,0.40779,0.4217,0.41766,0.29426,0.34619,OPEN,,0,22
70.7837,70.7837,1,0.42678,0.38823,0.40751,0.41411,0.29426,0.34619,OPEN,,0,22
70.8292,70.8292,1,0.44263,0.40661,0.42462,0.41779,0.29426,0.34619,OPEN,,0,22
70.8566,70.8566,1,0.45367,0.40808,0.43088,0.42237,0.29426,0.34619,OPEN,,0,22
70.8945,70.8945,1,0.46562,0.42127,0.44345,0.42975,0.29426,0.34619,OPEN,,0,22
70.923,70.923,1,0.48371,0.42309,0.4534,0.43803,0.29426,0.34619,OPEN,,0,22
70.9595,70.9595,1,0.45231,0.40266,0.42749,0.43434,0.29426,0.34619,OPEN,,0,22
70.9892,70.9892,1,0.46509,0.40095,0.43302,0.43388,0.29426,0.34619,OPEN,,0,22
71.044,71.044,1,0.44931,0.38667,0.41799,0.42832,0.29426,0.34619,OPEN,,0,22
71.072,71.072,1,0.46593,0.38765,0.42679,0.42778,0.29426,0.34619,OPEN,,0,22
71.1022,71.1022,1,0.47431,0.39787,0.43609,0.43069,0.29426,0.34619,OPEN,,0,22
71.1209,71.1209,1,0.50119,0.41386,0.45753,0.44008,0.29426,0.34619,OPEN,,0,22
71.1674,71.1674,1,0.51566,0.42763,0.47164,0.45113,0.29426,0.34619,OPEN,,0,22
71.2019,71.2019,1,0.51065,0.42747,0.46906,0.4574,0.29426,0.34619,OPEN,,0,22
71.2298,71.2298,1,0.49256,0.44403,0.46829,0.46121,0.29426,0.34619,OPEN,,0,22
71.2557,71.2557,1,0.49984,0.45271,0.47628,0.46649,0.29426,0.34619,OPEN,,0,22
71.2945,71.2945,1,0.49286,0.44241,0.46763,0.46689,0.29426,0.34619,OPEN,,0,22
71.3172,71.3172,1,0.46779,0.43284,0.45032,0.46109,0.29426,0.34619,OPEN,,0,22
71.3598,71.3598,1,0.39754,0.42419,0.41086,0.44351,0.29426,0.34619,OPEN,,0,22
71.3818,71.3818,1,0.39459,0.42759,0.41109,0.43216,0.29426,0.34619,OPEN,,0,22
71.4399,71.4399,1,0.40645,0.41282,0.40964,0.42428,0.29426,0.34619,OPEN,,0,22
71.4738,71.4738,1,0.39478,0.40343,0.3991,0.41547,0.29426,0.34619,OPEN,,0,22
71.5046,71.5046,1,0.37397,0.40071,0.38734,0.40562,0.29426,0.34619,OPEN,,0,22
71.5206,71.5206,1,0.37472,0.40026,0.38749,0.39928,0.29426,0.34619,OPEN,,0,22
71.5659,71.5659,1,0.34835,0.38907,0.36871,0.38858,0.29426,0.34619,OPEN,,0,22
71.6051,71.6051,1,0.35251,0.3963,0.3744,0.38362,0.29426,0.34619,OPEN,,0,22
71.6397,71.6397,1,0.39,0.41105,0.40053,0.38953,0.29426,0.34619,OPEN,,0,22
71.657,71.657,1,0.39917,0.41813,0.40865,0.39623,0.29426,0.34619,OPEN,,0,22
71.6956,71.6956,1,0.37318,0.39515,0.38417,0.392,0.29426,0.34619,OPEN,,0,22
71.7205,71.7205,1,0.35882,0.39368,0.37625,0.38649,0.29426,0.34619,OPEN,,0,22
71.7618,71.7618,1,0.33325,0.38471,0.35898,0.37686,0.29426,0.34619,OPEN,,0,22
71.7897,71.7897,1,0.34281,0.38694,0.36487,0.37267,0.29426,0.34619,OPEN,,0,22
71.8376,71.8376,1,0.35348,0.40247,0.37797,0.37452,0.29426,0.34619,OPEN,,0,22
71.8557,71.8557,1,0.3597,0.40383,0.38177,0.37706,0.29426,0.34619,OPEN,,0,22
71.9029,71.9029,1,0.43711,0.47102,0.45406,0.40401,0.29426,0.34619,OPEN,,0,22
71.9388,71.9388,1,0.42972,0.47011,0.44992,0.42008,0.29426,0.34619,OPEN,,0,22
71.9719,71.9719,1,0.40061,0.43865,0.41963,0.41992,0.29426,0.34619,OPEN,,0,22
72.0022,72.0022,1,0.42042,0.43923,0.42983,0.42339,0.29426,0.34619,OPEN,,0,22
72.0297,72.0297,1,0.38843,0.42506,0.40674,0.41756,0.29426,0.34619,OPEN,,0,22
72.054,72.054,1,0.36522,0.41502,0.39012,0.40796,0.29426,0.34619,OPEN,,0,22
72.0949,72.0949,1,0.25416,0.37422,0.31419,0.37514,0.29426,0.34619,OPEN,,0,22
72.12,72.12,1,0.26045,0.3887,0.32457,0.35744,0.29426,0.34619,OPEN,,0,22
72.1587,72.1587,1,0.29063,0.35851,0.32457,0.34594,0.29426,0.34619,OPEN,,0,22
72.189,72.189,1,0.28608,0.34532,0.3157,0.33535,0.29426,0.34619,OPEN,,0,22
72.2464,72.2464,1,0.25539,0.367,0.3112,0.3269,0.29426,0.34619,OPEN,,0,22
72.271,72.271,1,0.27166,0.37612,0.32389,0.32584,0.29426,0.34619,OPEN,,0,22
72.3041,72.3041,1,0.40764,0.36926,0.38845,0.34776,0.29426,0.34619,OPEN,,0,22
72.3389,72.3389,1,0.41326,0.37377,0.39351,0.36377,0.29426,0.34619,OPEN,,0,22
72.373,72.373,1,0.41294,0.38256,0.39775,0.37566,0.29426,0.34619,OPEN,,0,22
72.4149,72.4149,1,0.42211,0.39031,0.40621,0.38635,0.29426,0.34619,OPEN,,0,22
72.4382,72.4382,1,0.45666,0.40181,0.42924,0.40136,0.29426,0.34619,OPEN,,0,22
72.4554,72.4554,1,0.46724,0.40008,0.43366,0.41267,0.29426,0.34619,OPEN,,0,22
72.4945,72.4945,1,0.48198,0.41087,0.44642,0.42448,0.29426,0.34619,OPEN,,0,22
72.5218,72.5218,1,0.49483,0.40669,0.45076,0.43368,0.29426,0.34619,OPEN,,0,22
72.56,72.56,1,0.5068,0.40213,0.45446,0.44095,0.29426,0.34619,OPEN,,0,22
72.5862,72.5862,1,0.51865,0.40634,0.46249,0.44849,0.29426,0.34619,OPEN,,0,22
72.6396,72.6396,1,0.50059,0.41637,0.45848,0.45199,0.29426,0.34619,OPEN,,0,22
72.6702,72.6702,1,0.49195,0.40908,0.45051,0.45147,0.29426,0.34619,OPEN,,0,22
72.7035,72.7035,1,0.49863,0.41478,0.4567,0.4533,0.29426,0.34619,OPEN,,0,22
72.7277,72.7277,1,0.49916,0.41438,0.45677,0.45452,0.29426,0.34619,OPEN,,0,22
72.7664,72.7664,1,0.47926,0.39535,0.43731,0.44849,0.29426,0.34619,OPEN,,0,22
72.8051,72.8051,1,0.4724,0.37834,0.42537,0.4404,0.29426,0.34619,OPEN,,0,22
72.8381,72.8381,1,0.45094,0.38009,0.41551,0.43169,0.29426,0.34619,OPEN,,0,22
72.8555,72.8555,1,0.45952,0.37883,0.41917,0.42731,0.29426,0.34619,OPEN,,0,22
72.8943,72.8943,1,0.45476,0.36884,0.4118,0.42188,0.29426,0.34619,OPEN,,0,22
72.9209,72.9209,1,0.45463,0.36921,0.41192,0.41839,0.29426,0.34619,OPEN,,0,22
72.96,72.96,1,0.46031,0.37165,0.41598,0.41755,0.29426,0.34619,OPEN,,0,22
72.9871,72.9871,1,0.45614,0.36863,0.41238,0.41574,0.29426,0.34619,OPEN,,0,22
73.0362,73.0362,1,0.45107,0.37034,0.4107,0.41398,0.29426,0.34619,OPEN,,0,22
73.0549,73.0549,1,0.44937,0.37285,0.41111,0.41297,0.29426,0.34619,OPEN,,0,22
73.1037,73.1037,1,0.44839,0.37254,0.41047,0.4121,0.29426,0.34619,OPEN,,0,22
73.1399,73.1399,1,0.44817,0.37366,0.41091,0.41168,0.29426,0.34619,OPEN,,0,22
73.1696,73.1696,1,0.4432,0.36866,0.40593,0.40967,0.29426,0.34619,OPEN,,0,22
73.1876,73.1876,1,0.44174,0.36622,0.40398,0.40768,0.29426,0.34619,OPEN,,0,22
73.2299,73.2299,1,0.4381,0.35034,0.39422,0.40297,0.29426,0.34619,OPEN,,0,22
73.2499,73.2499,1,0.4371,0.35118,0.39414,0.39988,0.29426,0.34619,OPEN,,0,22
73.2934,73.2934,1,0.43533,0.35576,0.39555,0.39836,0.29426,0.34619,OPEN,,0,22
73.3147,73.3147,1,0.4338,0.35529,0.39455,0.39703,0.29426,0.34619,OPEN,,0,22
73.3621,73.3621,1,0.43539,0.35803,0.39671,0.39692,0.29426,0.34619,OPEN,,0,22
73.3963,73.3963,1,0.43497,0.34942,0.39219,0.39526,0.29426,0.34619,OPEN,,0,22
73.4362,73.4362,1,0.4438,0.36339,0.4036,0.39818,0.29426,0.34619,OPEN,,0,22
73.4534,73.4534,1,0.44153,0.36107,0.4013,0.39927,0.29426,0.34619,OPEN,,0,22
73.5022,73.5022,1,0.43457,0.34617,0.39037,0.39616,0.29426,0.34619,OPEN,,0,22
73.5227,73.5227,1,0.42084,0.32371,0.37227,0.3878,0.29426,0.34619,OPEN,,0,22
73.5666,73.5666,1,0.44321,0.38583,0.41452,0.39715,0.29426,0.34619,OPEN,,0,22
73.5997,73.5997,1,0.44239,0.37453,0.40846,0.40111,0.29426,0.34619,OPEN,,0,22
73.6338,73.6338,1,0.44562,0.38036,0.41299,0.40527,0.29426,0.34619,OPEN,,0,22
73.6538,73.6538,1,0.44489,0.3807,0.4128,0.4079,0.29426,0.34619,OPEN,,0,22
73.6935,73.6935,1,0.44734,0.39089,0.41911,0.41183,0.29426,0.34619,OPEN,,0,22
73.7143,73.7143,1,0.44683,0.39261,0.41972,0.41459,0.29426,0.34619,OPEN,,0,22
73.7597,73.7597,1,0.41718,0.3756,0.39639,0.40822,0.29426,0.34619,OPEN,,0,22
73.7882,73.7882,1,0.40021,0.36873,0.38447,0.39991,0.29426,0.34619,OPEN,,0,22
73.8465,73.8465,1,0.42498,0.38969,0.40734,0.40251,0.29426,0.34619,OPEN,,0,22
73.8693,73.8693,1,0.43208,0.39382,0.41295,0.40616,0.29426,0.34619,OPEN,,0,22
73.9032,73.9032,1,0.43228,0.39486,0.41357,0.40875,0.29426,0.34619,OPEN,,0,22
73.9387,73.9387,1,0.43356,0.39153,0.41255,0.41008,0.29426,0.34619,OPEN,,0,22
73.9707,73.9707,1,0.42596,0.38482,0.40539,0.40844,0.29426,0.34619,OPEN,,0,22
74.0028,74.0028,1,0.42862,0.38197,0.4053,0.40734,0.29426,0.34619,OPEN,,0,22
74.0452,74.0452,1,0.42844,0.38069,0.40456,0.40637,0.29426,0.34619,OPEN,,0,22
74.0714,74.0714,1,0.42708,0.3806,0.40384,0.40548,0.29426,0.34619,OPEN,,0,22
74.0944,74.0944,1,0.43281,0.38592,0.40936,0.40684,0.29426,0.34619,OPEN,,0,22
74.1202,74.1202,1,0.43678,0.38875,0.41277,0.40891,0.29426,0.34619,OPEN,,0,22
74.1756,74.1756,1,0.43614,0.37805,0.4071,0.40828,0.29426,0.34619,OPEN,,0,22
74.2124,74.2124,1,0.43416,0.37491,0.40453,0.40697,0.29426,0.34619,OPEN,,0,22
74.238,74.238,1,0.43421,0.37812,0.40616,0.40669,0.29426,0.34619,OPEN,,0,22
74.2711,74.2711,1,0.43497,0.38416,0.40957,0.40769,0.29426,0.34619,OPEN,,0,22
74.3039,74.3039,1,0.43259,0.38132,0.40696,0.40744,0.29426,0.34619,OPEN,,0,22
74.338,74.338,1,0.4308,0.37549,0.40314,0.40593,0.29426,0.34619,OPEN,,0,22
74.3693,74.3693,1,0.4256,0.38438,0.40499,0.4056,0.29426,0.34619,OPEN,,0,22
74.4057,74.4057,1,0.43183,0.37894,0.40538,0.40553,0.29426,0.34619,OPEN,,0,22
74.4285,74.4285,1,0.42805,0.37241,0.40023,0.40367,0.29426,0.34619,OPEN,,0,22
74.4543,74.4543,1,0.42058,0.34616,0.38337,0.39657,0.29426,0.34619,OPEN,,0,22
74.4944,74.4944,1,0.43303,0.38095,0.40699,0.40021,0.29426,0.34619,OPEN,,0,22
74.5199,74.5199,1,0.44088,0.38913,0.415,0.40539,0.29426,0.34619,OPEN,,0,22
74.5787,74.5787,1,0.43912,0.38538,0.41225,0.40779,0.29426,0.34619,OPEN,,0,22
74.6052,74.6052,1,0.43454,0.37653,0.40554,0.407,0.29426,0.34619,OPEN,,0,22
74.6356,74.6356,1,0.43568,0.37814,0.40691,0.40697,0.29426,0.34619,OPEN,,0,22
74.6518,74.6518,1,0.43433,0.37659,0.40546,0.40644,0.29426,0.34619,OPEN,,0,22
74.7033,74.7033,1,0.26353,0.20217,0.23285,0.34568,0.29426,0.34619,OPEN,,0,22
74.7378,74.7378,1,0.22109,0.19013,0.20561,0.29666,0.29426,0.34619,OPEN,,0,22
74.77,74.77,1,0.19982,0.18023,0.19002,0.25934,0.29426,0.34619,CLOSING,,0,22
74.8032,74.8032,1,0.19245,0.17394,0.18319,0.23269,0.29426,0.34619,CLOSING,0.03324,0,22
74.8385,74.8385,1,0.20757,0.19622,0.20189,0.22191,0.29426,0.34619,CLOSED,0.06851,0,22
74.8711,74.8711,1,0.21795,0.21459,0.21627,0.21993,0.29426,0.34619,CLOSED,0.1011,0,22
74.9043,74.9043,1,0.28904,0.25435,0.27169,0.23805,0.29426,0.34619,CLOSED,0.13427,0,22
74.9374,74.9374,1,0.31419,0.26275,0.28847,0.2557,0.29426,0.34619,CLOSED,0.16742,0,22
74.9747,74.9747,1,0.34753,0.28776,0.31764,0.27738,0.29426,0.34619,CLOSED,0.20469,0,22
75.0029,75.0029,1,0.36007,0.29837,0.32922,0.29552,0.29426,0.34619,CLOSED,0.23293,0,22
75.0436,75.0436,1,0.36969,0.30567,0.33768,0.31028,0.29426,0.34619,CLOSED,0.27364,0,22
75.0615,75.0615,1,0.37103,0.30234,0.33669,0.31952,0.29426,0.34619,CLOSED,0.29147,0,22
75.1026,75.1026,1,0.38593,0.3427,0.36431,0.3352,0.29426,0.34619,CLOSED,0.33265,0,22
75.1372,75.1372,1,0.38639,0.33875,0.36257,0.34478,0.29426,0.34619,CLOSED,0.36719,0,22
75.1664,75.1664,1,0.38551,0.33218,0.35884,0.3497,0.29426,0.34619,OPENING,0.39644,0,22
75.1869,75.1869,1,0.38309,0.32956,0.35632,0.35202,0.29426,0.34619,OPEN,0.41689,1,23
75.2289,75.2289,1,0.40732,0.33004,0.36868,0.35785,0.29426,0.34619,OPEN,,0,23
75.2506,75.2506,1,0.41271,0.33173,0.37222,0.36288,0.29426,0.34619,OPEN,,0,23
75.3094,75.3094,1,0.40994,0.33386,0.3719,0.36604,0.29426,0.34619,OPEN,,0,23
75.3331,75.3331,1,0.40781,0.33061,0.36921,0.36715,0.29426,0.34619,OPEN,,0,23
75.3729,75.3729,1,0.39804,0.31855,0.3583,0.36405,0.29426,0.34619,OPEN,,0,23
75.3881,75.3881,1,0.3916,0.31453,0.35307,0.36021,0.29426,0.34619,OPEN,,0,23
75.44,75.44,1,0.3936,0.32071,0.35716,0.35914,0.29426,0.34619,OPEN,,0,23
75.4714,75.4714,1,0.39012,0.31386,0.35199,0.35664,0.29426,0.34619,OPEN,,0,23
75.5079,75.5079,1,0.39033,0.33462,0.36248,0.35868,0.29426,0.34619,OPEN,,0,23
75.5276,75.5276,1,0.38754,0.33641,0.36198,0.35983,0.29426,0.34619,OPEN,,0,23
75.5672,75.5672,1,0.37417,0.3217,0.34794,0.35567,0.29426,0.34619,OPEN,,0,23
75.6028,75.6028,1,0.36457,0.31163,0.3381,0.34952,0.29426,0.34619,OPEN,,0,23
75.6344,75.6344,1,0.35764,0.28886,0.32325,0.34033,0.29426,0.34619,OPEN,,0,23
75.6542,75.6542,1,0.3571,0.27851,0.31781,0.33244,0.29426,0.34619,OPEN,,0,23
75.7131,75.7131,1,0.37869,0.27546,0.32708,0.33057,0.29426,0.34619,OPEN,,0,23
75.7377,75.7377,1,0.3778,0.27552,0.32666,0.3292,0.29426,0.34619,OPEN,,0,23
75.775,75.775,1,0.3667,0.27388,0.32029,0.32608,0.29426,0.34619,OPEN,,0,23
75.8044,75.8044,1,0.36148,0.27279,0.31714,0.32295,0.29426,0.34619,OPEN,,0,23
75.8401,75.8401,1,0.36545,0.30424,0.33484,0.32711,0.29426,0.34619,OPEN,,0,23
75.8684,75.8684,1,0.36751,0.32243,0.34497,0.33336,0.29426,0.34619,OPEN,,0,23
75.9033,75.9033,1,0.37458,0.32468,0.34963,0.33906,0.29426,0.34619,OPEN,,0,23
75.936,75.936,1,0.37236,0.3256,0.34898,0.34253,0.29426,0.34619,OPEN,,0,23
75.9716,75.9716,1,0.33062,0.21356,0.27209,0.31788,0.29426,0.34619,OPEN,,0,23
75.9974,75.9974,1,0.3265,0.20636,0.26643,0.29987,0.29426,0.34619,OPEN,,0,23
76.0471,76.0471,1,0.30727,0.22396,0.26562,0.28788,0.29426,0.34619,CLOSING,,0,23
76.0869,76.0869,1,0.30694,0.2272,0.26707,0.2806,0.29426,0.34619,CLOSING,0.03984,0,23
76.1205,76.1205,1,0.30585,0.23274,0.26929,0.27664,0.29426,0.34619,CLOSED,0.07345,0,23
76.1546,76.1546,1,0.30497,0.23524,0.27011,0.27435,0.29426,0.34619,CLOSED,0.10755,0,23
76.1859,76.1859,1,0.30731,0.24902,0.27816,0.27569,0.29426,0.34619,CLOSED,0.13885,0,23
76.2203,76.2203,1,0.30806,0.24896,0.27851,0.27667,0.29426,0.34619,CLOSED,0.17321,0,23
76.2528,76.2528,1,0.30738,0.24964,0.27851,0.27732,0.29426,0.34619,CLOSED,0.20576,0,23
76.2899,76.2899,1,0.30706,0.25141,0.27924,0.27799,0.29426,0.34619,CLOSED,0.2428,0,23
76.3202,76.3202,1,0.30842,0.25042,0.27942,0.27849,0.29426,0.34619,CLOSED,0.27318,0,23
76.3385,76.3385,1,0.30894,0.25316,0.28105,0.27939,0.29426,0.34619,CLOSED,0.29147,0,23
76.3696,76.3696,1,0.31384,0.24878,0.28131,0.28006,0.29426,0.34619,CLOSED,0.32254,0,23
76.387,76.387,1,0.31503,0.24726,0.28114,0.28044,0.29426,0.34619,CLOSED,0.33993,0,23
76.4468,76.4468,1,0.31382,0.24483,0.27933,0.28005,0.29426,0.34619,CLOSED,0.39969,0,23
76.4713,76.4713,1,0.30689,0.25008,0.27848,0.2795,0.29426,0.34619,CLOSED,0.42422,0,23
76.5109,76.5109,1,0.31202,0.24599,0.279,0.27933,0.29426,0.34619,CLOSED,0.46386,0,23
76.537,76.537,1,0.31569,0.24619,0.28094,0.27989,0.29426,0.34619,CLOSED,0.48993,0,23
76.5754,76.5754,1,0.32874,0.25171,0.29023,0.28351,0.29426,0.34619,CLOSED,0.5283,0,23
76.6027,76.6027,1,0.33074,0.25595,0.29334,0.28695,0.29426,0.34619,CLOSED,0.5556,0,23
76.6435,76.6435,1,0.31001,0.26511,0.28756,0.28717,0.29426,0.34619,CLOSED,0.59645,0,23
76.6651,76.6651,1,0.30567,0.26628,0.28597,0.28675,0.29426,0.34619,CLOSED,0.61805,0,23
76.7025,76.7025,1,0.32168,0.29604,0.30886,0.29449,0.29426,0.34619,CLOSED,0.65541,0,23
76.737,76.737,1,0.32894,0.30293,0.31593,0.30199,0.29426,0.34619,CLOSED,0.68992,0,23
76.7685,76.7685,1,0.32652,0.31012,0.31832,0.30771,0.29426,0.34619,CLOSED,0.72142,0,23
76.7863,76.7863,1,0.32495,0.31036,0.31766,0.31119,0.29426,0.34619,CLOSED,0.73926,0,23
76.8491,76.8491,1,0.33862,0.30851,0.32357,0.31552,0.29426,0.34619,CLOSED,0.80199,0,23
76.8697,76.8697,1,0.34153,0.30397,0.32275,0.31805,0.29426,0.34619,CLOSED,0.82261,0,23
76.9097,76.9097,1,0.34093,0.29968,0.32031,0.31884,0.29426,0.34619,CLOSED,0.86267,0,23
76.9345,76.9345,1,0.34312,0.30232,0.32272,0.3202,0.29426,0.34619,CLOSED,0.88743,0,23
76.9758,76.9758,1,0.3428,0.3141,0.32845,0.32308,0.29426,0.34619,CLOSED,0.92878,0,23
77.0012,77.0012,1,0.34205,0.31602,0.32904,0.32517,0.29426,0.34619,CLOSED,0.95412,0,23
77.0413,77.0413,1,0.32482,0.29813,0.31148,0.32038,0.29426,0.34619,CLOSED,0.99425,0,23
77.0694,77.0694,1,0.32611,0.29087,0.30849,0.31622,0.29426,0.34619,CLOSED,1.02237,0,23
77.107,77.107,1,0.31666,0.27921,0.29793,0.30982,0.29426,0.34619,CLOSED,1.05998,0,23
77.1352,77.1352,1,0.31684,0.27738,0.29711,0.30537,0.29426,0.34619,CLOSED,1.08817,0,23
77.1819,77.1819,1,0.32213,0.28283,0.30248,0.30436,0.29426,0.34619,CLOSED,1.13483,0,23
77.2052,77.2052,1,0.32278,0.28329,0.30303,0.30389,0.29426,0.34619,CLOSED,1.15812,0,23
77.2469,77.2469,1,0.28287,0.27499,0.27893,0.29516,0.29426,0.34619,CLOSED,1.19982,0,23
77.2704,77.2704,1,0.28829,0.27995,0.28412,0.29129,0.29426,0.34619,CLOSED,1.22331,0,23
77.3152,77.3152,1,0.29956,0.26335,0.28145,0.28785,0.29426,0.34619,CLOSED,1.26817,0,23
77.3364,77.3364,1,0.29974,0.25887,0.2793,0.28486,0.29426,0.34619,CLOSED,1.28937,0,23
77.3749,77.3749,1,0.28267,0.25004,0.26635,0.27838,0.29426,0.34619,CLOSED,1.32785,0,23
77.4016,77.4016,1,0.28434,0.25324,0.26879,0.27502,0.29426,0.34619,CLOSED,1.35455,0,23
77.4373,77.4373,1,0.27867,0.21726,0.24797,0.26555,0.29426,0.34619,CLOSED,1.39024,0,23
77.4546,77.4546,1,0.28091,0.21817,0.24954,0.25995,0.29426,0.34619,CLOSED,1.40755,0,23
77.5067,77.5067,1,0.32321,0.25864,0.29093,0.27079,0.29426,0.34619,CLOSED,1.45962,0,23
77.5354,77.5354,1,0.33315,0.27125,0.3022,0.28179,0.29426,0.34619,CLOSED,1.48831,0,23
77.5825,77.5825,1,0.33135,0.27358,0.30247,0.28902,0.29426,0.34619,CLOSED,1.53549,0,23
77.6189,77.6189,1,0.32779,0.26846,0.29812,0.29221,0.29426,0.34619,CLOSED,1.57179,0,23
77.6481,77.6481,1,0.36031,0.29496,0.32764,0.30461,0.29426,0.34619,CLOSED,1.60106,0,23
77.6809,77.6809,1,0.36539,0.30239,0.33389,0.31486,0.29426,0.34619,CLOSED,1.63384,0,23
77.7106,77.7106,1,0.366,0.29851,0.33226,0.32095,0.29426,0.34619,CLOSED,1.66351,0,23
77.741,77.741,1,0.37735,0.3065,0.34193,0.32829,0.29426,0.34619,CLOSED,1.69392,0,23
77.7799,77.7799,1,0.35349,0.27684,0.31517,0.3237,0.29426,0.34619,CLOSED,1.73285,0,23
77.819,77.819,1,0.34869,0.28042,0.31455,0.3205,0.29426,0.34619,CLOSED,1.77197,0,23
77.8531,77.8531,1,0.3068,0.23819,0.27249,0.3037,0.29426,0.34619,CLOSED,1.80608,0,23
77.8823,77.8823,1,0.29461,0.21194,0.25327,0.28605,0.29426,0.34619,CLOSED,1.83528,0,23
77.9162,77.9162,1,0.33974,0.28529,0.31251,0.29531,0.29426,0.34619,CLOSED,1.86915,0,23
77.9421,77.9421,1,0.34808,0.29632,0.3222,0.30472,0.29426,0.34619,CLOSED,1.895,0,23
77.9892,77.9892,1,0.34268,0.27314,0.30791,0.30584,0.29426,0.34619,CLOSED,1.94216,0,23
78.0258,78.0258,1,0.34054,0.27092,0.30573,0.3058,0.29426,0.34619,CLOSED,1.97877,0,23
78.052,78.052,1,0.35987,0.29712,0.32849,0.31374,0.29426,0.34619,CLOSED,2.00496,0,23
78.0854,78.0854,1,0.3741,0.31192,0.34301,0.32399,0.29426,0.34619,CLOSED,2.03837,0,23
78.1183,78.1183,1,0.36995,0.32044,0.34519,0.33141,0.29426,0.34619,CLOSED,2.07124,0,23
78.1479,78.1479,1,0.37136,0.32227,0.34682,0.3368,0.29426,0.34619,CLOSED,2.10081,0,23
78.1735,78.1735,1,0.39242,0.35043,0.37142,0.34892,0.29426,0.34619,OPENING,2.12648,0,23
78.2198,78.2198,1,0.38894,0.35282,0.37088,0.35661,0.29426,0.34619,OPEN,2.17276,0,23
78.252,78.252,1,0.37593,0.30741,0.34167,0.35138,0.29426,0.34619,OPEN,,0,23
78.2808,78.2808,1,0.36598,0.29745,0.33171,0.3445,0.29426,0.34619,OPEN,,0,23
78.3018,78.3018,1,0.36203,0.29426,0.32814,0.33877,0.29426,0.34619,OPEN,,0,23
78.3234,78.3234,1,0.26674,0.19765,0.23219,0.30147,0.29426,0.34619,OPEN,,0,23
78.3845,78.3845,1,0.19169,0.10246,0.14707,0.24743,0.29426,0.34619,CLOSING,,0,23
78.4185,78.4185,1,0.19427,0.1027,0.14849,0.2128,0.29426,0.34619,CLOSING,0.03396,0,23
78.4517,78.4517,1,0.20307,0.10713,0.1551,0.1926,0.29426,0.34619,CLOSED,0.06718,0,23
78.4754,78.4754,1,0.20795,0.11259,0.16027,0.18129,0.29426,0.34619,CLOSED,0.09087,0,23
78.5163,78.5163,1,0.27257,0.18743,0.23,0.19834,0.29426,0.34619,CLOSED,0.13183,0,23
78.5347,78.5347,1,0.28963,0.20604,0.24784,0.21566,0.29426,0.34619,CLOSED,0.15016,0,23
78.5715,78.5715,1,0.33404,0.27186,0.30295,0.24621,0.29426,0.34619,CLOSED,0.18694,0,23
78.6197,78.6197,1,0.35395,0.30273,0.32834,0.27496,0.29426,0.34619,CLOSED,0.23519,0,23
78.6369,78.6369,1,0.3576,0.29607,0.32683,0.29311,0.29426,0.34619,CLOSED,0.25235,0,23
78.6526,78.6526,1,0.35847,0.29322,0.32584,0.30457,0.29426,0.34619,CLOSED,0.26808,0,23
78.6681,78.6681,1,0.35863,0.29035,0.32449,0.31154,0.29426,0.34619,CLOSED,0.28357,0,23
78.7239,78.7239,1,0.35693,0.29945,0.32819,0.31737,0.29426,0.34619,CLOSED,0.33942,0,23
78.7828,78.7828,1,0.35644,0.30126,0.32885,0.32139,0.29426,0.34619,CLOSED,0.39828,0,23
78.8178,78.8178,1,0.35695,0.30366,0.33031,0.32451,0.29426,0.34619,CLOSED,0.43328,0,23
78.8533,78.8533,1,0.35512,0.30447,0.32979,0.32636,0.29426,0.34619,CLOSED,0.4688,0,23
78.8859,78.8859,1,0.35497,0.30701,0.33099,0.32798,0.29426,0.34619,CLOSED,0.50141,0,23
78.9176,78.9176,1,0.35707,0.29701,0.32704,0.32765,0.29426,0.34619,CLOSED,0.53306,0,23
78.9372,78.9372,1,0.35706,0.28647,0.32176,0.32559,0.29426,0.34619,CLOSED,0.55263,0,23
78.9772,78.9772,1,0.35579,0.28339,0.31959,0.32349,0.29426,0.34619,CLOSED,0.59268,0,23
79.0028,79.0028,1,0.35619,0.281,0.3186,0.32178,0.29426,0.34619,CLOSED,0.61829,0,23
79.0385,79.0385,1,0.35531,0.27405,0.31468,0.31929,0.29426,0.34619,CLOSED,0.65398,0,23
79.0678,79.0678,1,0.35453,0.26934,0.31193,0.31672,0.29426,0.34619,CLOSED,0.6833,0,23
79.0879,79.0879,1,0.35393,0.26889,0.31141,0.31486,0.29426,0.34619,CLOSED,0.70335,0,23
79.1175,79.1175,1,0.36123,0.27712,0.31917,0.31637,0.29426,0.34619,CLOSED,0.73296,0,23
79.1849,79.1849,1,0.36777,0.30285,0.33531,0.323,0.29426,0.34619,CLOSED,0.80039,0,23
79.2175,79.2175,1,0.36729,0.30584,0.33657,0.32775,0.29426,0.34619,CLOSED,0.83302,0,23
79.247,79.247,1,0.34744,0.2492,0.29832,0.31745,0.29426,0.34619,CLOSED,0.86245,0,23
79.2733,79.2733,1,0.34381,0.23902,0.29141,0.30834,0.29426,0.34619,CLOSED,0.88881,0,23
79.31,79.31,1,0.31834,0.22846,0.2734,0.29611,0.29426,0.34619,CLOSED,0.92546,0,23
79.3337,79.3337,1,0.29768,0.23067,0.26417,0.28493,0.29426,0.34619,CLOSED,0.94914,0,23
79.3775,79.3775,1,0.29223,0.22581,0.25902,0.27586,0.29426,0.34619,CLOSED,0.99293,0,23
79.4023,79.4023,1,0.29188,0.22353,0.25771,0.26951,0.29426,0.34619,CLOSED,1.01779,0,23
79.4203,79.4203,1,0.29144,0.22235,0.2569,0.26509,0.29426,0.34619,CLOSED,1.03576,0,23
79.4543,79.4543,1,0.2763,0.20713,0.24172,0.25691,0.29426,0.34619,CLOSED,1.06973,0,23
79.4857,79.4857,1,0.2722,0.19827,0.23523,0.24932,0.29426,0.34619,CLOSED,1.10116,0,23
79.5182,79.5182,1,0.27539,0.21316,0.24428,0.24756,0.29426,0.34619,CLOSED,1.13366,0,23
79.5833,79.5833,1,0.22253,0.14058,0.18156,0.22446,0.29426,0.34619,CLOSED,1.19879,0,23
79.6142,79.6142,1,0.2,0.13672,0.16836,0.20482,0.29426,0.34619,CLOSED,1.22972,0,23
79.6456,79.6456,1,0.20604,0.14222,0.17413,0.19408,0.29426,0.34619,CLOSED,1.26108,0,23
79.6652,79.6652,1,0.20836,0.14506,0.17671,0.188,0.29426,0.34619,CLOSED,1.28072,0,23
79.7096,79.7096,1,0.20127,0.16772,0.18449,0.18677,0.29426,0.34619,CLOSED,1.32504,0,23
79.7322,79.7322,1,0.217,0.1855,0.20125,0.19184,0.29426,0.34619,CLOSED,1.34769,0,23
79.7762,79.7762,1,0.2278,0.19533,0.21156,0.19874,0.29426,0.34619,CLOSED,1.39164,0,23
79.8007,79.8007,1,0.23235,0.19556,0.21396,0.20407,0.29426,0.34619,CLOSED,1.41617,0,23
79.8166,79.8166,1,0.23425,0.19517,0.21471,0.20779,0.29426,0.34619,CLOSED,1.43204,0,23
79.8584,79.8584,1,0.24277,0.16924,0.20601,0.20717,0.29426,0.34619,CLOSED,1.47391,0,23
79.8839,79.8839,1,0.24834,0.16469,0.20652,0.20694,0.29426,0.34619,CLOSED,1.49938,0,23
79.9183,79.9183,1,0.26006,0.16261,0.21134,0.20848,0.29426,0.34619,CLOSED,1.53379,0,23
79.9832,79.9832,1,0.29012,0.19221,0.24116,0.21992,0.29426,0.34619,CLOSED,1.59871,0,23
80.0086,80.0086,1,0.29152,0.19392,0.24272,0.2279,0.29426,0.34619,CLOSED,1.62404,0,23
80.0552,80.0552,1,0.33664,0.2935,0.31507,0.25841,0.29426,0.34619,CLOSED,1.67066,0,23
80.0828,80.0828,1,0.36118,0.3249,0.34304,0.28803,0.29426,0.34619,CLOSED,1.69827,0,23
80.1096,80.1096,1,0.37967,0.34491,0.36229,0.31402,0.29426,0.34619,CLOSED,1.72512,0,23
80.1353,80.1353,1,0.3876,0.35598,0.37179,0.33424,0.29426,0.34619,CLOSED,1.75082,0,23
80.1925,80.1925,1,0.3745,0.34039,0.35745,0.34236,0.29426,0.34619,CLOSED,1.80798,0,23
80.2173,80.2173,1,0.37507,0.33969,0.35738,0.34762,0.29426,0.34619,OPENING,1.83274,0,23
80.235,80.235,1,0.37591,0.34016,0.35804,0.35126,0.29426,0.34619,OPEN,1.85052,0,23
80.2545,80.2545,1,0.37942,0.34599,0.36271,0.35527,0.29426,0.34619,OPEN,,0,23
80.2705,80.2705,1,0.38328,0.35079,0.36703,0.35939,0.29426,0.34619,OPEN,,0,23
80.3268,80.3268,1,0.41177,0.36698,0.38938,0.36988,0.29426,0.34619,OPEN,,0,23
80.3817,80.3817,1,0.41162,0.36862,0.39012,0.37697,0.29426,0.34619,OPEN,,0,23
80.4139,80.4139,1,0.41234,0.37188,0.39211,0.38227,0.29426,0.34619,OPEN,,0,23
80.4448,80.4448,1,0.4298,0.38219,0.406,0.39057,0.29426,0.34619,OPEN,,0,23
80.4707,80.4707,1,0.42364,0.37423,0.39894,0.3935,0.29426,0.34619,OPEN,,0,23
80.5105,80.5105,1,0.42306,0.3755,0.39928,0.39552,0.29426,0.34619,OPEN,,0,23
80.5263,80.5263,1,0.42147,0.37435,0.39791,0.39636,0.29426,0.34619,OPEN,,0,23
80.5538,80.5538,1,0.42019,0.37336,0.39678,0.3965,0.29426,0.34619,OPEN,,0,23
80.5905,80.5905,1,0.41777,0.36117,0.38947,0.39404,0.29426,0.34619,OPEN,,0,23
80.6187,80.6187,1,0.41201,0.35984,0.38593,0.3912,0.29426,0.34619,OPEN,,0,23
80.6557,80.6557,1,0.4185,0.36564,0.39207,0.39151,0.29426,0.34619,OPEN,,0,23
80.6857,80.6857,1,0.412,0.36322,0.38761,0.39014,0.29426,0.34619,OPEN,,0,23
80.7178,80.7178,1,0.41024,0.36775,0.389,0.38974,0.29426,0.34619,OPEN,,0,23
80.7828,80.7828,1,0.40725,0.34683,0.37704,0.38529,0.29426,0.34619,OPEN,,0,23
80.8028,80.8028,1,0.40699,0.34409,0.37554,0.38188,0.29426,0.34619,OPEN,,0,23
80.8464,80.8464,1,0.41565,0.34562,0.38063,0.38145,0.29426,0.34619,OPEN,,0,23
80.8679,80.8679,1,0.41917,0.35732,0.38824,0.38382,0.29426,0.34619,OPEN,,0,23
80.9106,80.9106,1,0.41901,0.36582,0.39242,0.38683,0.29426,0.34619,OPEN,,0,23
80.9351,80.9351,1,0.42159,0.37536,0.39848,0.39091,0.29426,0.34619,OPEN,,0,23
80.9719,80.9719,1,0.42596,0.3821,0.40403,0.3955,0.29426,0.34619,OPEN,,0,23
81.0011,81.0011,1,0.42378,0.37779,0.40079,0.39735,0.29426,0.34619,OPEN,,0,23
81.0351,81.0351,1,0.42293,0.37442,0.39867,0.39781,0.29426,0.34619,OPEN,,0,23
81.061,81.061,1,0.43706,0.39336,0.41521,0.4039,0.29426,0.34619,OPEN,,0,23
81.0867,81.0867,1,0.43291,0.39166,0.41229,0.40684,0.29426,0.34619,OPEN,,0,23
81.1169,81.1169,1,0.42331,0.37181,0.39756,0.40359,0.29426,0.34619,OPEN,,0,23
81.1828,81.1828,1,0.41637,0.35678,0.38657,0.39763,0.29426,0.34619,OPEN,,0,23
81.2099,81.2099,1,0.41604,0.35494,0.38549,0.39338,0.29426,0.34619,OPEN,,0,23
81.2492,81.2492,1,0.4149,0.36257,0.38873,0.39176,0.29426,0.34619,OPEN,,0,23
81.2837,81.2837,1,0.4064,0.36236,0.38438,0.38918,0.29426,0.34619,OPEN,,0,23
81.327,81.327,1,0.36325,0.34796,0.3556,0.37742,0.29426,0.34619,OPEN,,0,23
81.3669,81.3669,1,0.35792,0.34761,0.35277,0.36879,0.29426,0.34619,OPEN,,0,23
81.3924,81.3924,1,0.35973,0.34905,0.35439,0.36375,0.29426,0.34619,OPEN,,0,23
81.4158,81.4158,1,0.36443,0.36189,0.36316,0.36355,0.29426,0.34619,OPEN,,0,23
81.4508,81.4508,1,0.36135,0.34767,0.35451,0.36038,0.29426,0.34619,OPEN,,0,23
81.4847,81.4847,1,0.35041,0.26991,0.31016,0.3428,0.29426,0.34619,OPEN,,0,23
81.5183,81.5183,1,0.32227,0.26843,0.29535,0.3262,0.29426,0.34619,OPEN,,0,23
81.5507,81.5507,1,0.32816,0.30289,0.31553,0.32246,0.29426,0.34619,OPEN,,0,23
81.5845,81.5845,1,0.32201,0.27518,0.2986,0.31411,0.29426,0.34619,OPEN,,0,23
81.6177,81.6177,1,0.29579,0.25051,0.27315,0.29977,0.29426,0.34619,OPEN,,0,23
81.6444,81.6444,1,0.32508,0.2806,0.30284,0.30085,0.29426,0.34619,OPEN,,0,23
81.6672,81.6672,1,0.32353,0.28496,0.30424,0.30204,0.29426,0.34619,OPEN,,0,23
81.6844,81.6844,1,0.32355,0.2852,0.30437,0.30285,0.29426,0.34619,OPEN,,0,23
81.7261,81.7261,1,0.32648,0.30956,0.31802,0.30816,0.29426,0.34619,OPEN,,0,23
81.7526,81.7526,1,0.33129,0.3045,0.3179,0.31157,0.29426,0.34619,OPEN,,0,23
81.7898,81.7898,1,0.33856,0.30835,0.32345,0.31573,0.29426,0.34619,OPEN,,0,23
81.8163,81.8163,1,0.33868,0.31495,0.32682,0.31961,0.29426,0.34619,OPEN,,0,23
81.8553,81.8553,1,0.36033,0.33201,0.34617,0.3289,0.29426,0.34619,OPEN,,0,23
81.8754,81.8754,1,0.3716,0.33859,0.3551,0.33807,0.29426,0.34619,OPEN,,0,23
81.9176,81.9176,1,0.40239,0.38488,0.39363,0.35752,0.29426,0.34619,OPEN,,0,23
81.9827,81.9827,1,0.41677,0.39841,0.40759,0.37504,0.29426,0.34619,OPEN,,0,23
82.0167,82.0167,1,0.41972,0.39737,0.40854,0.38677,0.29426,0.34619,OPEN,,0,23
82.0473,82.0473,1,0.43115,0.40424,0.41769,0.39759,0.29426,0.34619,OPEN,,0,23
82.0673,82.0673,1,0.43608,0.40531,0.42069,0.40568,0.29426,0.34619,OPEN,,0,23
82.1003,82.1003,1,0.4379,0.40531,0.42161,0.41125,0.29426,0.34619,OPEN,,0,23
82.1303,82.1303,1,0.4434,0.41519,0.42929,0.41757,0.29426,0.34619,OPEN,,0,23
82.1688,82.1688,1,0.43695,0.40456,0.42075,0.41868,0.29426,0.34619,OPEN,,0,23
82.1998,82.1998,1,0.38608,0.37374,0.37991,0.40511,0.29426,0.34619,OPEN,,0,23
82.233,82.233,1,0.35694,0.33291,0.34493,0.38405,0.29426,0.34619,OPEN,,0,23
82.2649,82.2649,1,0.36612,0.36578,0.36595,0.37771,0.29426,0.34619,OPEN,,0,23
82.2928,82.2928,1,0.33903,0.32263,0.33083,0.3613,0.29426,0.34619,OPEN,,0,23
82.3176,82.3176,1,0.40651,0.32795,0.36723,0.36338,0.29426,0.34619,OPEN,,0,23
82.3885,82.3885,1,0.42904,0.38572,0.40738,0.37878,0.29426,0.34619,OPEN,,0,23
82.4154,82.4154,1,0.42401,0.3841,0.40406,0.38763,0.29426,0.34619,OPEN,,0,23
82.4342,82.4342,1,0.42376,0.38352,0.40364,0.39323,0.29426,0.34619,OPEN,,0,23
82.4603,82.4603,1,0.41954,0.38109,0.40031,0.39571,0.29426,0.34619,OPEN,,0,23
82.4831,82.4831,1,0.35821,0.31275,0.33548,0.37463,0.29426,0.34619,OPEN,,0,23
82.5256,82.5256,1,0.42162,0.29843,0.36003,0.36952,0.29426,0.34619,OPEN,,0,23
82.5496,82.5496,1,0.42174,0.30108,0.36141,0.36668,0.29426,0.34619,OPEN,,0,23
82.5897,82.5897,1,0.4251,0.37228,0.39869,0.37788,0.29426,0.34619,OPEN,,0,23
82.6163,82.6163,1,0.42979,0.37752,0.40365,0.3869,0.29426,0.34619,OPEN,,0,23
82.6582,82.6582,1,0.41303,0.35996,0.3865,0.38676,0.29426,0.34619,OPEN,,0,23
82.6926,82.6926,1,0.40593,0.34849,0.37721,0.38342,0.29426,0.34619,OPEN,,0,23
82.7161,82.7161,1,0.41723,0.37239,0.39481,0.38741,0.29426,0.34619,OPEN,,0,23
82.7842,82.7842,1,0.41166,0.36906,0.39036,0.38844,0.29426,0.34619,OPEN,,0,23
82.8172,82.8172,1,0.43051,0.37568,0.4031,0.39357,0.29426,0.34619,OPEN,,0,23
82.842,82.842,1,0.4336,0.37431,0.40395,0.3972,0.29426,0.34619,OPEN,,0,23
82.8687,82.8687,1,0.43837,0.34145,0.38991,0.39465,0.29426,0.34619,OPEN,,0,23
82.8911,82.8911,1,0.4535,0.36627,0.40988,0.39998,0.29426,0.34619,OPEN,,0,23
82.9262,82.9262,1,0.46355,0.404,0.43378,0.41181,0.29426,0.34619,OPEN,,0,23
82.9494,82.9494,1,0.44341,0.39256,0.41799,0.41397,0.29426,0.34619,OPEN,,0,23
82.9901,82.9901,1,0.43077,0.38567,0.40822,0.41196,0.29426,0.34619,OPEN,,0,23
83.0183,83.0183,1,0.42571,0.37997,0.40284,0.40877,0.29426,0.34619,OPEN,,0,23
83.0554,83.0554,1,0.44491,0.4004,0.42265,0.41363,0.29426,0.34619,OPEN,,0,23
83.0839,83.0839,1,0.44017,0.38719,0.41368,0.41365,0.29426,0.34619,OPEN,,0,23
83.1239,83.1239,1,0.44641,0.3943,0.42035,0.41599,0.29426,0.34619,OPEN,,0,23
83.1839,83.1839,1,0.42161,0.38653,0.40407,0.41182,0.29426,0.34619,OPEN,,0,23
83.2176,83.2176,1,0.41928,0.37993,0.3996,0.40754,0.29426,0.34619,OPEN,,0,23
83.2406,83.2406,1,0.42023,0.37919,0.39971,0.4048,0.29426,0.34619,OPEN,,0,23
83.2682,83.2682,1,0.4209,0.37186,0.39638,0.40185,0.29426,0.34619,OPEN,,0,23
83.2997,83.2997,1,0.41654,0.36917,0.39285,0.3987,0.29426,0.34619,OPEN,,0,23
83.3309,83.3309,1,0.42785,0.38565,0.40675,0.40152,0.29426,0.34619,OPEN,,0,23
83.3494,83.3494,1,0.41707,0.36894,0.39301,0.39854,0.29426,0.34619,OPEN,,0,23
83.391,83.391,1,0.43156,0.38758,0.40957,0.4024,0.29426,0.34619,OPEN,,0,23
83.4152,83.4152,1,0.43131,0.39144,0.41138,0.40554,0.29426,0.34619,OPEN,,0,23
83.4563,83.4563,1,0.41242,0.38361,0.39801,0.40291,0.29426,0.34619,OPEN,,0,23
83.4843,83.4843,1,0.41391,0.38619,0.40005,0.40191,0.29426,0.34619,OPEN,,0,23
83.522,83.522,1,0.42053,0.39122,0.40587,0.4033,0.29426,0.34619,OPEN,,0,23
83.5494,83.5494,1,0.42192,0.3904,0.40616,0.4043,0.29426,0.34619,OPEN,,0,23
83.5995,83.5995,1,0.42715,0.39498,0.41107,0.40667,0.29426,0.34619,OPEN,,0,23
83.6251,83.6251,1,0.42835,0.39543,0.41189,0.4085,0.29426,0.34619,OPEN,,0,23
83.6666,83.6666,1,0.44071,0.37788,0.40929,0.40878,0.29426,0.34619,OPEN,,0,23
83.6971,83.6971,1,0.44703,0.38235,0.41469,0.41084,0.29426,0.34619,OPEN,,0,23
83.7332,83.7332,1,0.4261,0.38723,0.40667,0.40938,0.29426,0.34619,OPEN,,0,23
83.7655,83.7655,1,0.42636,0.38515,0.40576,0.40811,0.29426,0.34619,OPEN,,0,23
83.7986,83.7986,1,0.43611,0.38785,0.41198,0.40947,0.29426,0.34619,OPEN,,0,23
83.8329,83.8329,1,0.44179,0.39778,0.41978,0.41308,0.29426,0.34619,OPEN,,0,23
83.8674,83.8674,1,0.43315,0.39849,0.41582,0.41404,0.29426,0.34619,OPEN,,0,23
83.9002,83.9002,1,0.43588,0.40202,0.41895,0.41576,0.29426,0.34619,OPEN,,0,23
83.9313,83.9313,1,0.4161,0.36802,0.39206,0.40747,0.29426,0.34619,OPEN,,0,23
83.9666,83.9666,1,0.42454,0.37003,0.39728,0.4039,0.29426,0.34619,OPEN,,0,23
84.0038,84.0038,1,0.43111,0.4021,0.41661,0.40835,0.29426,0.34619,OPEN,,0,23
84.0326,84.0326,1,0.44982,0.42557,0.4377,0.41862,0.29426,0.34619,OPEN,,0,23
84.0674,84.0674,1,0.42945,0.39708,0.41326,0.41674,0.29426,0.34619,OPEN,,0,23
84.088,84.088,1,0.42109,0.37708,0.39909,0.41056,0.29426,0.34619,OPEN,,0,23
84.1235,84.1235,1,0.44057,0.34567,0.39312,0.40446,0.29426,0.34619,OPEN,,0,23
84.1475,84.1475,1,0.45473,0.3267,0.39071,0.39965,0.29426,0.34619,OPEN,,0,23
84.1877,84.1877,1,0.4054,0.34576,0.37558,0.39122,0.29426,0.34619,OPEN,,0,23
84.1995,84.1995,1,0.40524,0.34871,0.37697,0.38624,0.29426,0.34619,OPEN,,0,23
84.2527,84.2527,1,0.41094,0.35767,0.3843,0.38556,0.29426,0.34619,OPEN,,0,23
84.2665,84.2665,1,0.40957,0.35334,0.38146,0.38412,0.29426,0.34619,OPEN,,0,23
84.3329,84.3329,1,0.43871,0.34827,0.39349,0.3874,0.29426,0.34619,OPEN,,0,23
84.3496,84.3496,1,0.437,0.35372,0.39536,0.39019,0.29426,0.34619,OPEN,,0,23
84.3951,84.3951,1,0.41471,0.31981,0.36726,0.38216,0.29426,0.34619,OPEN,,0,23
84.4142,84.4142,1,0.41122,0.31981,0.36552,0.37634,0.29426,0.34619,OPEN,,0,23
84.4615,84.4615,1,0.39275,0.33318,0.36297,0.37166,0.29426,0.34619,OPEN,,0,23
84.4811,84.4811,1,0.40196,0.34626,0.37411,0.37251,0.29426,0.34619,OPEN,,0,23
84.5236,84.5236,1,0.37082,0.32964,0.35023,0.36471,0.29426,0.34619,OPEN,,0,23
84.5475,84.5475,1,0.3681,0.32148,0.34479,0.35774,0.29426,0.34619,OPEN,,0,23
84.5875,84.5875,1,0.39545,0.36018,0.37782,0.36477,0.29426,0.34619,OPEN,,0,23
84.6149,84.6149,1,0.40795,0.37171,0.38983,0.37354,0.29426,0.34619,OPEN,,0,23
84.6522,84.6522,1,0.39327,0.36421,0.37874,0.37536,0.29426,0.34619,OPEN,,0,23
84.6784,84.6784,1,0.39115,0.35981,0.37548,0.3754,0.29426,0.34619,OPEN,,0,23
84.7329,84.7329,1,0.43487,0.40559,0.42023,0.39109,0.29426,0.34619,OPEN,,0,23
84.7492,84.7492,1,0.44429,0.4123,0.4283,0.40411,0.29426,0.34619,OPEN,,0,23
84.7963,84.7963,1,0.44185,0.41222,0.42704,0.41214,0.29426,0.34619,OPEN,,0,23
84.8147,84.8147,1,0.44756,0.41192,0.42974,0.4183,0.29426,0.34619,OPEN,,0,23
84.8603,84.8603,1,0.43291,0.41437,0.42364,0.42017,0.29426,0.34619,OPEN,,0,23
84.8817,84.8817,1,0.43348,0.41441,0.42394,0.42149,0.29426,0.34619,OPEN,,0,23
84.9261,84.9261,1,0.44076,0.41464,0.4277,0.42366,0.29426,0.34619,OPEN,,0,23
84.9492,84.9492,1,0.44572,0.415,0.43036,0.42601,0.29426,0.34619,OPEN,,0,23
84.9877,84.9877,1,0.45814,0.42695,0.44255,0.4318,0.29426,0.34619,OPEN,,0,23
85.0146,85.0146,1,0.45817,0.42643,0.4423,0.43547,0.29426,0.34619,OPEN,,0,23
85.0525,85.0525,1,0.45167,0.43314,0.4424,0.4379,0.29426,0.34619,OPEN,,0,23
85.066,85.066,1,0.45185,0.43149,0.44167,0.43922,0.29426,0.34619,OPEN,,0,23
85.1338,85.1338,1,0.21823,0.26048,0.23935,0.36926,0.29426,0.34619,OPEN,,0,23
85.1495,85.1495,1,0.19428,0.24816,0.22122,0.31745,0.29426,0.34619,OPEN,,0,23
85.1967,85.1967,1,0.08634,0.10842,0.09738,,0.29426,0.34619,OPEN,,0,23
85.2143,85.2143,1,0.07426,0.09347,0.08387,,0.29426,0.34619,OPEN,,0,23
85.2604,85.2604,1,0.1685,0.15675,0.16263,0.26326,0.29426,0.34619,CLOSING,,0,23
85.2821,85.2821,1,0.19479,0.1757,0.18524,0.23595,0.29426,0.34619,CLOSING,0.02168,0,23
85.3233,85.3233,1,0.29918,0.23875,0.26896,0.24751,0.29426,0.34619,CLOSED,0.06288,0,23
85.3494,85.3494,1,0.32736,0.25284,0.2901,0.26242,0.29426,0.34619,CLOSED,0.089,0,23
85.3893,85.3893,1,0.38937,0.31526,0.35232,0.29388,0.29426,0.34619,CLOSED,0.12892,0,23
85.4134,85.4134,1,0.39472,0.33449,0.3646,0.31863,0.29426,0.34619,CLOSED,0.15298,0,23
85.4675,85.4675,1,0.43144,0.3717,0.40157,0.34766,0.29426,0.34619,OPENING,0.20713,0,23
85.4829,85.4829,1,0.43564,0.37661,0.40613,0.36812,0.29426,0.34619,OPEN,0.22252,1,24
85.533,85.533,1,0.43043,0.37417,0.4023,0.38009,0.29426,0.34619,OPEN,,0,24
85.5494,85.5494,1,0.43259,0.37602,0.4043,0.38856,0.29426,0.34619,OPEN,,0,24
85.5974,85.5974,1,0.4289,0.37252,0.40071,0.39281,0.29426,0.34619,OPEN,,0,24
85.6147,85.6147,1,0.42884,0.37206,0.40045,0.39549,0.29426,0.34619,OPEN,,0,24
85.6603,85.6603,1,0.43505,0.39507,0.41506,0.40234,0.29426,0.34619,OPEN,,0,24
85.6814,85.6814,1,0.43629,0.39117,0.41373,0.40632,0.29426,0.34619,OPEN,,0,24
85.723,85.723,1,0.43202,0.38715,0.40958,0.40747,0.29426,0.34619,OPEN,,0,24
85.7471,85.7471,1,0.42512,0.37609,0.40061,0.40506,0.29426,0.34619,OPEN,,0,24
85.787,85.787,1,0.4215,0.37789,0.39969,0.40318,0.29426,0.34619,OPEN,,0,24
85.8168,85.8168,1,0.41543,0.36946,0.39244,0.39943,0.29426,0.34619,OPEN,,0,24
85.8681,85.8681,1,0.42727,0.38417,0.40572,0.40163,0.29426,0.34619,OPEN,,0,24
85.8819,85.8819,1,0.42653,0.38393,0.40523,0.40289,0.29426,0.34619,OPEN,,0,24
85.9334,85.9334,1,0.42072,0.37819,0.39945,0.40169,0.29426,0.34619,OPEN,,0,24
85.962,85.962,1,0.42158,0.37681,0.39919,0.40081,0.29426,0.34619,OPEN,,0,24
85.9958,85.9958,1,0.41925,0.37175,0.3955,0.39895,0.29426,0.34619,OPEN,,0,24
86.0193,86.0193,1,0.42141,0.37478,0.39809,0.39865,0.29426,0.34619,OPEN,,0,24
86.0614,86.0614,1,0.41582,0.36617,0.39099,0.39597,0.29426,0.34619,OPEN,,0,24
86.0806,86.0806,1,0.41651,0.36616,0.39133,0.39435,0.29426,0.34619,OPEN,,0,24
86.1243,86.1243,1,0.38392,0.32434,0.35413,0.38027,0.29426,0.34619,OPEN,,0,24
86.1513,86.1513,1,0.38814,0.32435,0.35625,0.37186,0.29426,0.34619,OPEN,,0,24
86.1895,86.1895,1,0.40557,0.34644,0.376,0.37331,0.29426,0.34619,OPEN,,0,24
86.2166,86.2166,1,0.4033,0.34823,0.37577,0.37417,0.29426,0.34619,OPEN,,0,24
86.2716,86.2716,1,0.46651,0.40821,0.43736,0.39629,0.29426,0.34619,OPEN,,0,24
86.2999,86.2999,1,0.44742,0.38734,0.41738,0.40367,0.29426,0.34619,OPEN,,0,24
86.3313,86.3313,1,0.43464,0.38356,0.4091,0.40557,0.29426,0.34619,OPEN,,0,24
86.3486,86.3486,1,0.43785,0.38777,0.41281,0.4081,0.29426,0.34619,OPEN,,0,24
86.3968,86.3968,1,0.38911,0.32298,0.35605,0.38988,0.29426,0.34619,OPEN,,0,24
86.4143,86.4143,1,0.39453,0.33866,0.36659,0.38173,0.29426,0.34619,OPEN,,0,24
86.4605,86.4605,1,0.40591,0.36682,0.38637,0.38335,0.29426,0.34619,OPEN,,0,24
86.481,86.481,1,0.42003,0.38533,0.40268,0.39012,0.29426,0.34619,OPEN,,0,24
86.5275,86.5275,1,0.41563,0.38156,0.39859,0.39308,0.29426,0.34619,OPEN,,0,24
86.5474,86.5474,1,0.41919,0.38457,0.40188,0.39616,0.29426,0.34619,OPEN,,0,24
86.6044,86.6044,1,0.41306,0.37855,0.3958,0.39604,0.29426,0.34619,OPEN,,0,24
86.6302,86.6302,1,0.41729,0.38111,0.3992,0.39715,0.29426,0.34619,OPEN,,0,24
86.6686,86.6686,1,0.43336,0.39629,0.41482,0.40333,0.29426,0.34619,OPEN,,0,24
86.682,86.682,1,0.43988,0.40026,0.42007,0.40919,0.29426,0.34619,OPEN,,0,24
86.7352,86.7352,1,0.43066,0.39922,0.41494,0.4112,0.29426,0.34619,OPEN,,0,24
86.7491,86.7491,1,0.43372,0.39801,0.41587,0.41283,0.29426,0.34619,OPEN,,0,24
86.7976,86.7976,1,0.42467,0.37597,0.40032,0.40845,0.29426,0.34619,OPEN,,0,24
86.8159,86.8159,1,0.42306,0.3704,0.39673,0.40435,0.29426,0.34619,OPEN,,0,24
86.8603,86.8603,1,0.41286,0.37223,0.39255,0.40022,0.29426,0.34619,OPEN,,0,24
86.881,86.881,1,0.41698,0.37618,0.39658,0.39895,0.29426,0.34619,OPEN,,0,24
86.9242,86.9242,1,0.41611,0.38112,0.39861,0.39883,0.29426,0.34619,OPEN,,0,24
86.9467,86.9467,1,0.41508,0.38124,0.39816,0.39859,0.29426,0.34619,OPEN,,0,24
87.0082,87.0082,1,0.42659,0.39191,0.40925,0.40232,0.29426,0.34619,OPEN,,0,24
87.0309,87.0309,1,0.42715,0.3889,0.40802,0.40432,0.29426,0.34619,OPEN,,0,24
87.0679,87.0679,1,0.41192,0.3885,0.40021,0.40288,0.29426,0.34619,OPEN,,0,24
87.0977,87.0977,1,0.41148,0.38529,0.39838,0.40131,0.29426,0.34619,OPEN,,0,24
87.133,87.133,1,0.40966,0.38673,0.3982,0.40022,0.29426,0.34619,OPEN,,0,24
87.1479,87.1479,1,0.41722,0.38941,0.40332,0.4013,0.29426,0.34619,OPEN,,0,24
87.1965,87.1965,1,0.42263,0.40077,0.4117,0.40494,0.29426,0.34619,OPEN,,0,24
87.2127,87.2127,1,0.42547,0.4052,0.41533,0.40858,0.29426,0.34619,OPEN,,0,24
87.2616,87.2616,1,0.4212,0.39551,0.40836,0.4085,0.29426,0.34619,OPEN,,0,24
87.2794,87.2794,1,0.41921,0.39199,0.4056,0.40749,0.29426,0.34619,OPEN,,0,24
87.3251,87.3251,1,0.41618,0.3885,0.40234,0.40569,0.29426,0.34619,OPEN,,0,24
87.3461,87.3461,1,0.41954,0.38804,0.40379,0.40502,0.29426,0.34619,OPEN,,0,24
87.4105,87.4105,1,0.4224,0.3887,0.40555,0.40521,0.29426,0.34619,OPEN,,0,24
87.4458,87.4458,1,0.43032,0.39056,0.41044,0.40704,0.29426,0.34619,OPEN,,0,24
87.479,87.479,1,0.42673,0.38915,0.40794,0.40735,0.29426,0.34619,OPEN,,0,24
87.5152,87.5152,1,0.42842,0.39067,0.40955,0.40812,0.29426,0.34619,OPEN,,0,24
87.5485,87.5485,1,0.42568,0.39168,0.40868,0.40832,0.29426,0.34619,OPEN,,0,24
87.5833,87.5833,1,0.42894,0.39319,0.41107,0.40928,0.29426,0.34619,OPEN,,0,24
87.6187,87.6187,1,0.43051,0.39132,0.41092,0.40985,0.29426,0.34619,OPEN,,0,24
87.6522,87.6522,1,0.43295,0.39205,0.4125,0.41078,0.29426,0.34619,OPEN,,0,24
87.6914,87.6914,1,0.43531,0.39053,0.41292,0.41153,0.29426,0.34619,OPEN,,0,24
87.7332,87.7332,1,0.43777,0.39045,0.41411,0.41243,0.29426,0.34619,OPEN,,0,24
87.7647,87.7647,1,0.43525,0.39225,0.41375,0.41289,0.29426,0.34619,OPEN,,0,24
87.7917,87.7917,1,0.43505,0.39174,0.4134,0.41307,0.29426,0.34619,OPEN,,0,24
87.8257,87.8257,1,0.4353,0.3919,0.4136,0.41325,0.29426,0.34619,OPEN,,0,24
87.85,87.85,1,0.43544,0.39254,0.41399,0.41351,0.29426,0.34619,OPEN,,0,24
87.8748,87.8748,1,0.4326,0.39399,0.4133,0.41344,0.29426,0.34619,OPEN,,0,24
87.9133,87.9133,1,0.43472,0.39841,0.41656,0.41453,0.29426,0.34619,OPEN,,0,24
87.9452,87.9452,1,0.43349,0.39274,0.41311,0.41404,0.29426,0.34619,OPEN,,0,24
87.9803,87.9803,1,0.42909,0.38434,0.40672,0.41147,0.29426,0.34619,OPEN,,0,24
88.0176,88.0176,1,0.42735,0.38437,0.40586,0.40951,0.29426,0.34619,OPEN,,0,24
88.056,88.056,1,0.42563,0.38357,0.4046,0.40779,0.29426,0.34619,OPEN,,0,24
88.093,88.093,1,0.42709,0.38589,0.40649,0.40734,0.29426,0.34619,OPEN,,0,24
88.1277,88.1277,1,0.42769,0.38727,0.40748,0.40739,0.29426,0.34619,OPEN,,0,24
88.1612,88.1612,1,0.42907,0.38878,0.40892,0.40793,0.29426,0.34619,OPEN,,0,24
88.1921,88.1921,1,0.43151,0.39342,0.41246,0.40951,0.29426,0.34619,OPEN,,0,24
88.229,88.229,1,0.42984,0.3943,0.41207,0.41041,0.29426,0.34619,OPEN,,0,24
88.2614,88.2614,1,0.42892,0.39465,0.41178,0.41089,0.29426,0.34619,OPEN,,0,24
88.2941,88.2941,1,0.4291,0.39534,0.41222,0.41136,0.29426,0.34619,OPEN,,0,24
88.3219,88.3219,1,0.42909,0.39811,0.4136,0.41214,0.29426,0.34619,OPEN,,0,24
88.3644,88.3644,1,0.44207,0.40567,0.42387,0.41625,0.29426,0.34619,OPEN,,0,24
88.4092,88.4092,1,0.44777,0.40422,0.426,0.41966,0.29426,0.34619,OPEN,,0,24
88.4512,88.4512,1,0.44485,0.40182,0.42333,0.42094,0.29426,0.34619,OPEN,,0,24
88.482,88.482,1,0.43947,0.39958,0.41952,0.42045,0.29426,0.34619,OPEN,,0,24
88.5128,88.5128,1,0.43682,0.39955,0.41818,0.41966,0.29426,0.34619,OPEN,,0,24
88.5463,88.5463,1,0.43299,0.39917,0.41608,0.4184,0.29426,0.34619,OPEN,,0,24
88.58,88.58,1,0.43286,0.395,0.41393,0.41684,0.29426,0.34619,OPEN,,0,24
88.6112,88.6112,1,0.4308,0.38933,0.41007,0.41447,0.29426,0.34619,OPEN,,0,24
88.6489,88.6489,1,0.42826,0.38778,0.40802,0.41221,0.29426,0.34619,OPEN,,0,24
88.6786,88.6786,1,0.42667,0.38549,0.40608,0.41007,0.29426,0.34619,OPEN,,0,24
88.7145,88.7145,1,0.42891,0.38557,0.40724,0.40908,0.29426,0.34619,OPEN,,0,24
88.7498,88.7498,1,0.42508,0.37907,0.40208,0.40663,0.29426,0.34619,OPEN,,0,24
88.7828,88.7828,1,0.4205,0.37993,0.40022,0.40438,0.29426,0.34619,OPEN,,0,24
88.8187,88.8187,1,0.41625,0.38009,0.39817,0.40221,0.29426,0.34619,OPEN,,0,24
88.8477,88.8477,1,0.4147,0.37707,0.39588,0.39999,0.29426,0.34619,OPEN,,0,24
88.8812,88.8812,1,0.41311,0.37542,0.39426,0.39799,0.29426,0.34619,OPEN,,0,24
88.9106,88.9106,1,0.42037,0.37544,0.39791,0.39796,0.29426,0.34619,OPEN,,0,24
88.9469,88.9469,1,0.42108,0.37541,0.39825,0.39806,0.29426,0.34619,OPEN,,0,24
88.9839,88.9839,1,0.42688,0.37264,0.39976,0.39865,0.29426,0.34619,OPEN,,0,24
89.0146,89.0146,1,0.4202,0.3675,0.39385,0.39697,0.29426,0.34619,OPEN,,0,24
89.0465,89.0465,1,0.42195,0.37162,0.39679,0.39691,0.29426,0.34619,OPEN,,0,24
89.089,89.089,1,0.42381,0.37408,0.39894,0.39762,0.29426,0.34619,OPEN,,0,24
89.1241,89.1241,1,0.42137,0.37191,0.39664,0.39728,0.29426,0.34619,OPEN,,0,24
89.1542,89.1542,1,0.42848,0.3771,0.40279,0.39921,0.29426,0.34619,OPEN,,0,24
89.192,89.192,1,0.42524,0.37693,0.40109,0.39987,0.29426,0.34619,OPEN,,0,24
89.2238,89.2238,1,0.42487,0.37671,0.40079,0.40019,0.29426,0.34619,OPEN,,0,24
89.2674,89.2674,1,0.43198,0.3854,0.40869,0.40317,0.29426,0.34619,OPEN,,0,24
89.2979,89.2979,1,0.43285,0.38695,0.4099,0.40552,0.29426,0.34619,OPEN,,0,24
89.329,89.329,1,0.43941,0.38989,0.41465,0.40872,0.29426,0.34619,OPEN,,0,24
89.362,89.362,1,0.44678,0.39249,0.41964,0.41254,0.29426,0.34619,OPEN,,0,24
89.3967,89.3967,1,0.45731,0.41275,0.43503,0.42041,0.29426,0.34619,OPEN,,0,24
89.4378,89.4378,1,0.44531,0.40377,0.42454,0.42186,0.29426,0.34619,OPEN,,0,24
89.481,89.481,1,0.4487,0.39293,0.42082,0.42149,0.29426,0.34619,OPEN,,0,24
89.5441,89.5441,1,0.42341,0.39096,0.40719,0.41649,0.29426,0.34619,OPEN,,0,24
89.564,89.564,1,0.43373,0.39926,0.4165,0.41649,0.29426,0.34619,OPEN,,0,24
89.6009,89.6009,1,0.44393,0.39687,0.4204,0.41786,0.29426,0.34619,OPEN,,0,24
89.6196,89.6196,1,0.43831,0.3927,0.4155,0.41703,0.29426,0.34619,OPEN,,0,24
89.6785,89.6785,1,0.44247,0.39571,0.41909,0.41776,0.29426,0.34619,OPEN,,0,24
89.7008,89.7008,1,0.44221,0.39568,0.41894,0.41817,0.29426,0.34619,OPEN,,0,24
89.7462,89.7462,1,0.46231,0.39551,0.42891,0.42193,0.29426,0.34619,OPEN,,0,24
89.7649,89.7649,1,0.45708,0.39284,0.42496,0.42299,0.29426,0.34619,OPEN,,0,24
89.8045,89.8045,1,0.45123,0.38814,0.41969,0.42183,0.29426,0.34619,OPEN,,0,24
89.8322,89.8322,1,0.44841,0.38834,0.41838,0.42062,0.29426,0.34619,OPEN,,0,24
89.8696,89.8696,1,0.45024,0.38827,0.41925,0.42014,0.29426,0.34619,OPEN,,0,24
89.8969,89.8969,1,0.44731,0.38789,0.4176,0.41925,0.29426,0.34619,OPEN,,0,24
89.9371,89.9371,1,0.43791,0.38465,0.41128,0.41646,0.29426,0.34619,OPEN,,0,24
89.9644,89.9644,1,0.43244,0.38138,0.40691,0.41312,0.29426,0.34619,OPEN,,0,24
90.0067,90.0067,1,0.46662,0.41339,0.44001,0.42253,0.29426,0.34619,OPEN,,0,24
90.0352,90.0352,1,0.46207,0.40163,0.43185,0.42579,0.29426,0.34619,OPEN,,0,24
90.0781,90.0781,1,0.44737,0.38811,0.41774,0.42297,0.29426,0.34619,OPEN,,0,24
90.1205,90.1205,1,0.45333,0.39283,0.42308,0.42301,0.29426,0.34619,OPEN,,0,24
90.1661,90.1661,1,0.45523,0.38141,0.41832,0.42137,0.29426,0.34619,OPEN,,0,24
90.207,90.207,1,0.44145,0.38366,0.41255,0.41828,0.29426,0.34619,OPEN,,0,24
90.2463,90.2463,1,0.43958,0.3813,0.41044,0.41554,0.29426,0.34619,OPEN,,0,24
90.2968,90.2968,1,0.43764,0.38304,0.41034,0.41372,0.29426,0.34619,OPEN,,0,24
90.3276,90.3276,1,0.43011,0.36963,0.39987,0.40887,0.29426,0.34619,OPEN,,0,24
90.3659,90.3659,1,0.4252,0.37052,0.39786,0.40502,0.29426,0.34619,OPEN,,0,24
90.3993,90.3993,1,0.43411,0.3747,0.4044,0.4048,0.29426,0.34619,OPEN,,0,24
90.4426,90.4426,1,0.43693,0.36993,0.40343,0.40432,0.29426,0.34619,OPEN,,0,24
90.4917,90.4917,1,0.43616,0.37684,0.4065,0.40508,0.29426,0.34619,OPEN,,0,24
90.5448,90.5448,1,0.43168,0.37616,0.40392,0.40468,0.29426,0.34619,OPEN,,0,24
90.5948,90.5948,1,0.43331,0.38257,0.40794,0.40582,0.29426,0.34619,OPEN,,0,24
90.6295,90.6295,1,0.45305,0.38757,0.42031,0.41089,0.29426,0.34619,OPEN,,0,24
90.6642,90.6642,1,0.45033,0.38093,0.41563,0.41255,0.29426,0.34619,OPEN,,0,24
90.6959,90.6959,1,0.45613,0.39266,0.42439,0.41669,0.29426,0.34619,OPEN,,0,24
90.7134,90.7134,1,0.44873,0.38693,0.41783,0.41709,0.29426,0.34619,OPEN,,0,24
90.7661,90.7661,1,0.44483,0.38457,0.4147,0.41626,0.29426,0.34619,OPEN,,0,24
90.7943,90.7943,1,0.44585,0.38451,0.41518,0.41588,0.29426,0.34619,OPEN,,0,24
90.8138,90.8138,1,0.43851,0.37496,0.40673,0.41268,0.29426,0.34619,OPEN,,0,24
90.8472,90.8472,1,0.4341,0.37195,0.40302,0.4093,0.29426,0.34619,OPEN,,0,24
90.8776,90.8776,1,0.42975,0.37072,0.40024,0.40613,0.29426,0.34619,OPEN,,0,24
90.9115,90.9115,1,0.42947,0.37244,0.40096,0.40432,0.29426,0.34619,OPEN,,0,24
90.9403,90.9403,1,0.43087,0.37257,0.40172,0.40341,0.29426,0.34619,OPEN,,0,24
90.9617,90.9617,1,0.4308,0.37259,0.40169,0.40281,0.29426,0.34619,OPEN,,0,24
91.0072,91.0072,1,0.43241,0.37162,0.40201,0.40253,0.29426,0.34619,OPEN,,0,24
91.0337,91.0337,1,0.43282,0.37103,0.40193,0.40232,0.29426,0.34619,OPEN,,0,24
91.0693,91.0693,1,0.43198,0.37034,0.40116,0.40191,0.29426,0.34619,OPEN,,0,24
91.0964,91.0964,1,0.42745,0.36896,0.39821,0.40062,0.29426,0.34619,OPEN,,0,24
91.1357,91.1357,1,0.41885,0.36592,0.39238,0.39773,0.29426,0.34619,OPEN,,0,24
91.172,91.172,1,0.41047,0.36098,0.38573,0.39353,0.29426,0.34619,OPEN,,0,24
91.2235,91.2235,1,0.41526,0.36377,0.38952,0.39213,0.29426,0.34619,OPEN,,0,24
91.2622,91.2622,1,0.41841,0.36429,0.39135,0.39185,0.29426,0.34619,OPEN,,0,24
91.2987,91.2987,1,0.43099,0.37386,0.40242,0.39555,0.29426,0.34619,OPEN,,0,24
91.328,91.328,1,0.43124,0.37587,0.40356,0.39835,0.29426,0.34619,OPEN,,0,24
91.3625,91.3625,1,0.41184,0.36719,0.38951,0.39526,0.29426,0.34619,OPEN,,0,24
91.397,91.397,1,0.41105,0.36633,0.38869,0.39296,0.29426,0.34619,OPEN,,0,24
91.4303,91.4303,1,0.43405,0.37969,0.40687,0.39783,0.29426,0.34619,OPEN,,0,24
91.4628,91.4628,1,0.43487,0.36989,0.40238,0.39942,0.29426,0.34619,OPEN,,0,24
91.4961,91.4961,1,0.42665,0.37338,0.40001,0.39963,0.29426,0.34619,OPEN,,0,24
91.529,91.529,1,0.42586,0.37682,0.40134,0.40023,0.29426,0.34619,OPEN,,0,24
91.5621,91.5621,1,0.42389,0.37669,0.40029,0.40025,0.29426,0.34619,OPEN,,0,24
91.5952,91.5952,1,0.43552,0.3755,0.40551,0.40209,0.29426,0.34619,OPEN,,0,24
91.6301,91.6301,1,0.42991,0.37812,0.40402,0.40276,0.29426,0.34619,OPEN,,0,24
91.6623,91.6623,1,0.4261,0.37281,0.39945,0.40161,0.29426,0.34619,OPEN,,0,24
91.6814,91.6814,1,0.43032,0.36812,0.39922,0.40077,0.29426,0.34619,OPEN,,0,24
91.696,91.696,1,0.43362,0.36746,0.40054,0.40069,0.29426,0.34619,OPEN,,0,24
91.7484,91.7484,1,0.42493,0.36806,0.3965,0.39922,0.29426,0.34619,OPEN,,0,24
91.7788,91.7788,1,0.42227,0.36852,0.39539,0.39788,0.29426,0.34619,OPEN,,0,24
91.813,91.813,1,0.42175,0.36715,0.39445,0.39668,0.29426,0.34619,OPEN,,0,24
91.8454,91.8454,1,0.42293,0.36919,0.39606,0.39646,0.29426,0.34619,OPEN,,0,24
91.8784,91.8784,1,0.40912,0.36567,0.38739,0.39329,0.29426,0.34619,OPEN,,0,24
91.9135,91.9135,1,0.40408,0.36654,0.38531,0.3905,0.29426,0.34619,OPEN,,0,24
91.9453,91.9453,1,0.40022,0.3668,0.38351,0.38805,0.29426,0.34619,OPEN,,0,24
91.9776,91.9776,1,0.40992,0.36705,0.38848,0.3882,0.29426,0.34619,OPEN,,0,24
92.0138,92.0138,1,0.41633,0.36679,0.39156,0.38938,0.29426,0.34619,OPEN,,0,24
92.0463,92.0463,1,0.41551,0.36382,0.38966,0.38948,0.29426,0.34619,OPEN,,0,24
92.079,92.079,1,0.42883,0.37989,0.40436,0.39469,0.29426,0.34619,OPEN,,0,24
92.1125,92.1125,1,0.42691,0.38494,0.40593,0.39862,0.29426,0.34619,OPEN,,0,24
92.1449,92.1449,1,0.43156,0.38306,0.40731,0.40166,0.29426,0.34619,OPEN,,0,24
92.1805,92.1805,1,0.43138,0.38027,0.40582,0.40312,0.29426,0.34619,OPEN,,0,24
92.2121,92.2121,1,0.435,0.3847,0.40985,0.40547,0.29426,0.34619,OPEN,,0,24
92.2296,92.2296,1,0.42191,0.37318,0.39754,0.4027,0.29426,0.34619,OPEN,,0,24
92.2711,92.2711,1,0.42039,0.3685,0.39444,0.39981,0.29426,0.34619,OPEN,,0,24
92.2995,92.2995,1,0.41953,0.36656,0.39304,0.39744,0.29426,0.34619,OPEN,,0,24
92.332,92.332,1,0.41893,0.36457,0.39175,0.39545,0.29426,0.34619,OPEN,,0,24
92.3633,92.3633,1,0.42558,0.36747,0.39652,0.39582,0.29426,0.34619,OPEN,,0,24
92.4203,92.4203,1,0.42295,0.36509,0.39402,0.39519,0.29426,0.34619,OPEN,,0,24
92.4499,92.4499,1,0.42173,0.36417,0.39295,0.39441,0.29426,0.34619,OPEN,,0,24
92.4784,92.4784,1,0.42379,0.37154,0.39767,0.39555,0.29426,0.34619,OPEN,,0,24
92.4958,92.4958,1,0.42392,0.37154,0.39773,0.39631,0.29426,0.34619,OPEN,,0,24
92.5428,92.5428,1,0.42071,0.35899,0.38985,0.39405,0.29426,0.34619,OPEN,,0,24
92.5779,92.5779,1,0.41452,0.35236,0.38344,0.39034,0.29426,0.34619,OPEN,,0,24
92.6112,92.6112,1,0.4272,0.37783,0.40251,0.3946,0.29426,0.34619,OPEN,,0,24
92.6296,92.6296,1,0.42221,0.36849,0.39535,0.39486,0.29426,0.34619,OPEN,,0,24
92.6442,92.6442,1,0.42042,0.36508,0.39275,0.39412,0.29426,0.34619,OPEN,,0,24
92.6856,92.6856,1,0.42876,0.36812,0.39844,0.39563,0.29426,0.34619,OPEN,,0,24
92.7259,92.7259,1,0.42936,0.36749,0.39843,0.39661,0.29426,0.34619,OPEN,,0,24
92.7485,92.7485,1,0.42885,0.37342,0.40114,0.3982,0.29426,0.34619,OPEN,,0,24
92.816,92.816,1,0.42336,0.36904,0.3962,0.3975,0.29426,0.34619,OPEN,,0,24
92.8411,92.8411,1,0.42423,0.36762,0.39593,0.39695,0.29426,0.34619,OPEN,,0,24
92.8814,92.8814,1,0.45639,0.40679,0.43159,0.40907,0.29426,0.34619,OPEN,,0,24
92.9117,92.9117,1,0.44457,0.39817,0.42137,0.41338,0.29426,0.34619,OPEN,,0,24
92.9441,92.9441,1,0.43718,0.39182,0.4145,0.41377,0.29426,0.34619,OPEN,,0,24
92.9619,92.9619,1,0.43495,0.38767,0.41131,0.41291,0.29426,0.34619,OPEN,,0,24
93.0036,93.0036,1,0.42977,0.37853,0.40415,0.40984,0.29426,0.34619,OPEN,,0,24
93.0231,93.0231,1,0.42583,0.37329,0.39956,0.40624,0.29426,0.34619,OPEN,,0,24
93.0447,93.0447,1,0.42121,0.36793,0.39457,0.40216,0.29426,0.34619,OPEN,,0,24
93.0922,93.0922,1,0.41709,0.35727,0.38718,0.39691,0.29426,0.34619,OPEN,,0,24
93.1256,93.1256,1,0.41655,0.35669,0.38662,0.39331,0.29426,0.34619,OPEN,,0,24
93.162,93.162,1,0.41643,0.35757,0.387,0.3911,0.29426,0.34619,OPEN,,0,24
93.2156,93.2156,1,0.41791,0.36661,0.39226,0.39151,0.29426,0.34619,OPEN,,0,24
93.2469,93.2469,1,0.41724,0.3664,0.39182,0.39162,0.29426,0.34619,OPEN,,0,24
93.2802,93.2802,1,0.41411,0.36532,0.38971,0.39095,0.29426,0.34619,OPEN,,0,24
93.3145,93.3145,1,0.41234,0.36458,0.38846,0.39008,0.29426,0.34619,OPEN,,0,24
93.3482,93.3482,1,0.41823,0.36864,0.39344,0.39125,0.29426,0.34619,OPEN,,0,24
93.3783,93.3783,1,0.41267,0.35851,0.38559,0.38927,0.29426,0.34619,OPEN,,0,24
93.4242,93.4242,1,0.41448,0.36002,0.38725,0.38856,0.29426,0.34619,OPEN,,0,24
93.4611,93.4611,1,0.41567,0.36134,0.3885,0.38854,0.29426,0.34619,OPEN,,0,24
93.4956,93.4956,1,0.41597,0.36213,0.38905,0.38872,0.29426,0.34619,OPEN,,0,24
93.5287,93.5287,1,0.41127,0.34905,0.38016,0.38572,0.29426,0.34619,OPEN,,0,24
93.5661,93.5661,1,0.40333,0.34327,0.3733,0.38137,0.29426,0.34619,OPEN,,0,24
93.5967,93.5967,1,0.42835,0.37781,0.40308,0.38897,0.29426,0.34619,OPEN,,0,24
93.6287,93.6287,1,0.42206,0.37982,0.40094,0.39316,0.29426,0.34619,OPEN,,0,24
93.6592,93.6592,1,0.41208,0.36147,0.38677,0.39093,0.29426,0.34619,OPEN,,0,24
93.6896,93.6896,1,0.41473,0.36449,0.38961,0.39047,0.29426,0.34619,OPEN,,0,24
93.7229,93.7229,1,0.41319,0.36282,0.388,0.3896,0.29426,0.34619,OPEN,,0,24
93.76,93.76,1,0.41683,0.35884,0.38784,0.38899,0.29426,0.34619,OPEN,,0,24
93.793,93.793,1,0.41577,0.3504,0.38309,0.38692,0.29426,0.34619,OPEN,,0,24
93.8223,93.8223,1,0.41593,0.34733,0.38163,0.38507,0.29426,0.34619,OPEN,,0,24
93.8525,93.8525,1,0.41505,0.35263,0.38384,0.38464,0.29426,0.34619,OPEN,,0,24
93.8955,93.8955,1,0.41604,0.35516,0.3856,0.38497,0.29426,0.34619,OPEN,,0,24
93.9402,93.9402,1,0.41608,0.3565,0.38629,0.38544,0.29426,0.34619,OPEN,,0,24
93.9784,93.9784,1,0.41344,0.35655,0.38499,0.38528,0.29426,0.34619,OPEN,,0,24
94.0212,94.0212,1,0.41953,0.37099,0.39526,0.38877,0.29426,0.34619,OPEN,,0,24
94.0543,94.0543,1,0.4346,0.37827,0.40644,0.39496,0.29426,0.34619,OPEN,,0,24
94.0956,94.0956,1,0.43508,0.38101,0.40804,0.39954,0.29426,0.34619,OPEN,,0,24
94.1333,94.1333,1,0.44514,0.39114,0.41814,0.40605,0.29426,0.34619,OPEN,,0,24
94.169,94.169,1,0.43193,0.38398,0.40795,0.40671,0.29426,0.34619,OPEN,,0,24
94.2228,94.2228,1,0.43178,0.38164,0.40671,0.40671,0.29426,0.34619,OPEN,,0,24
94.2395,94.2395,1,0.42746,0.36909,0.39827,0.40376,0.29426,0.34619,OPEN,,0,24
94.2858,94.2858,1,0.40301,0.35165,0.37733,0.39451,0.29426,0.34619,OPEN,,0,24
94.3131,94.3131,1,0.40052,0.35277,0.37664,0.38826,0.29426,0.34619,OPEN,,0,24
94.3481,94.3481,1,0.40768,0.3602,0.38394,0.38675,0.29426,0.34619,OPEN,,0,24
94.4141,94.4141,1,0.32321,0.28282,0.30301,0.35744,0.29426,0.34619,OPEN,,0,24
94.4314,94.4314,1,0.30564,0.26985,0.28774,0.33305,0.29426,0.34619,OPEN,,0,24
94.4833,94.4833,1,0.26859,0.25832,0.26346,0.30869,0.29426,0.34619,OPEN,,0,24
94.5038,94.5038,1,0.28261,0.26409,0.27335,0.29632,0.29426,0.34619,OPEN,,0,24
94.5577,94.5577,1,0.33912,0.30939,0.32425,0.3061,0.29426,0.34619,OPEN,,0,24
94.5936,94.5936,1,0.34954,0.32055,0.33505,0.31623,0.29426,0.34619,OPEN,,0,24
94.6199,94.6199,1,0.35221,0.32361,0.33791,0.32382,0.29426,0.34619,OPEN,,0,24
94.6436,94.6436,1,0.29047,0.26009,0.27528,0.30683,0.29426,0.34619,OPEN,,0,24
94.6624,94.6624,1,0.27406,0.25068,0.26237,0.29127,0.29426,0.34619,CLOSING,,0,24
94.6958,94.6958,1,0.09413,0.0864,0.09026,,0.29426,0.34619,CLOSING,,0,24
94.7249,94.7249,1,0.05649,0.04725,0.05187,,0.29426,0.34619,CLOSING,,0,24
94.7484,94.7484,1,0.14314,0.17264,0.15789,0.24459,0.29426,0.34619,CLOSED,0.086,0,24
94.815,94.815,1,0.26483,0.30121,0.28302,0.25804,0.29426,0.34619,CLOSED,0.15263,0,24
94.8445,94.8445,1,0.32198,0.33055,0.32627,0.28192,0.29426,0.34619,CLOSED,0.18205,0,24
94.8826,94.8826,1,0.35363,0.34306,0.34835,0.30517,0.29426,0.34619,CLOSED,0.2202,0,24
94.9005,94.9005,1,0.37325,0.35151,0.36238,0.32519,0.29426,0.34619,CLOSED,0.23813,0,24
94.9222,94.9222,1,0.37973,0.35459,0.36716,0.33988,0.29426,0.34619,CLOSED,0.25978,0,24
94.9558,94.9558,1,0.33566,0.33221,0.33394,0.3378,0.29426,0.34619,CLOSED,0.2934,0,24
94.9776,94.9776,1,0.31311,0.33508,0.3241,0.33301,0.29426,0.34619,CLOSED,0.31519,0,24
95.0199,95.0199,1,0.29743,0.28924,0.29333,0.31912,0.29426,0.34619,CLOSED,0.35753,0,24
95.047,95.047,1,0.26752,0.26809,0.2678,0.30116,0.29426,0.34619,CLOSED,0.3846,0,24
95.0839,95.0839,1,0.37541,0.34856,0.36199,0.32245,0.29426,0.34619,CLOSED,0.42151,0,24
95.1101,95.1101,1,0.38368,0.36047,0.37207,0.33982,0.29426,0.34619,CLOSED,0.44771,0,24
95.1553,95.1553,1,0.36332,0.33576,0.34954,0.34322,0.29426,0.34619,CLOSED,0.49293,0,24
95.2156,95.2156,1,0.36199,0.34227,0.35213,0.34634,0.29426,0.34619,OPENING,0.55315,0,24
95.2441,95.2441,1,0.36144,0.34045,0.35095,0.34795,0.29426,0.34619,OPEN,0.58169,1,25
95.2789,95.2789,1,0.36197,0.33957,0.35077,0.34894,0.29426,0.34619,OPEN,,0,25
95.3056,95.3056,1,0.36423,0.33973,0.35198,0.35,0.29426,0.34619,OPEN,,0,25
95.3286,95.3286,1,0.36509,0.33987,0.35248,0.35087,0.29426,0.34619,OPEN,,0,25
95.3577,95.3577,1,0.36547,0.34263,0.35405,0.35198,0.29426,0.34619,OPEN,,0,25
95.3805,95.3805,1,0.36469,0.34379,0.35424,0.35277,0.29426,0.34619,OPEN,,0,25
95.4207,95.4207,1,0.36464,0.34004,0.35234,0.35262,0.29426,0.34619,OPEN,,0,25
95.4418,95.4418,1,0.36419,0.34016,0.35217,0.35246,0.29426,0.34619,OPEN,,0,25
95.4884,95.4884,1,0.36748,0.34315,0.35532,0.35346,0.29426,0.34619,OPEN,,0,25
95.5113,95.5113,1,0.3675,0.34462,0.35606,0.35437,0.29426,0.34619,OPEN,,0,25
95.5492,95.5492,1,0.37147,0.34194,0.35671,0.35519,0.29426,0.34619,OPEN,,0,25
95.6216,95.6216,1,0.37035,0.35224,0.36129,0.35733,0.29426,0.34619,OPEN,,0,25
95.646,95.646,1,0.36892,0.35033,0.35963,0.35813,0.29426,0.34619,OPEN,,0,25
95.6649,95.6649,1,0.36916,0.3489,0.35903,0.35845,0.29426,0.34619,OPEN,,0,25
95.6942,95.6942,1,0.37384,0.35726,0.36555,0.36093,0.29426,0.34619,OPEN,,0,25
95.7284,95.7284,1,0.37847,0.36008,0.36927,0.36385,0.29426,0.34619,OPEN,,0,25
95.7619,95.7619,1,0.38288,0.36101,0.37194,0.36668,0.29426,0.34619,OPEN,,0,25
95.7947,95.7947,1,0.38069,0.35971,0.3702,0.36791,0.29426,0.34619,OPEN,,0,25
95.827,95.827,1,0.38616,0.36502,0.37559,0.3706,0.29426,0.34619,OPEN,,0,25
95.8602,95.8602,1,0.3767,0.35662,0.36666,0.36922,0.29426,0.34619,OPEN,,0,25
95.892,95.892,1,0.38387,0.36072,0.37229,0.3703,0.29426,0.34619,OPEN,,0,25
95.9229,95.9229,1,0.38428,0.36093,0.37261,0.3711,0.29426,0.34619,OPEN,,0,25
95.9604,95.9604,1,0.39619,0.36459,0.38039,0.37435,0.29426,0.34619,OPEN,,0,25
96.016,96.016,1,0.40129,0.36328,0.38229,0.37713,0.29426,0.34619,OPEN,,0,25
96.0448,96.0448,1,0.39721,0.36101,0.37911,0.37782,0.29426,0.34619,OPEN,,0,25
96.0777,96.0777,1,0.39586,0.35986,0.37786,0.37784,0.29426,0.34619,OPEN,,0,25
96.3375,96.3375,1,0.39633,0.36399,0.38016,0.37865,0.29426,0.34619,OPEN,,0,25
96.3993,96.3993,1,0.39302,0.36039,0.37671,0.37797,0.29426,0.34619,OPEN,,0,25
96.4174,96.4174,1,0.39727,0.37262,0.38494,0.38041,0.29426,0.34619,OPEN,,0,25
96.4957,96.4957,1,0.38441,0.36564,0.37502,0.37853,0.29426,0.34619,OPEN,,0,25
96.5156,96.5156,1,0.38316,0.36331,0.37323,0.37667,0.29426,0.34619,OPEN,,0,25
96.5587,96.5587,1,0.37429,0.35129,0.36279,0.37181,0.29426,0.34619,OPEN,,0,25
96.5918,96.5918,1,0.3714,0.34722,0.35931,0.36744,0.29426,0.34619,OPEN,,0,25
96.6218,96.6218,1,0.38372,0.35878,0.37125,0.36877,0.29426,0.34619,OPEN,,0,25
96.6425,96.6425,1,0.38445,0.36018,0.37231,0.37001,0.29426,0.34619,OPEN,,0,25
96.6852,96.6852,1,0.38094,0.35687,0.3689,0.36962,0.29426,0.34619,OPEN,,0,25
96.7094,96.7094,1,0.37997,0.35563,0.3678,0.36899,0.29426,0.34619,OPEN,,0,25
96.7522,96.7522,1,0.38624,0.35782,0.37203,0.37005,0.29426,0.34619,OPEN,,0,25
96.7771,96.7771,1,0.38622,0.35741,0.37181,0.37067,0.29426,0.34619,OPEN,,0,25
96.8317,96.8317,1,0.3856,0.35467,0.37013,0.37048,0.29426,0.34619,OPEN,,0,25
96.8552,96.8552,1,0.38526,0.35315,0.36921,0.37003,0.29426,0.34619,OPEN,,0,25
96.8963,96.8963,1,0.38291,0.34828,0.3656,0.36848,0.29426,0.34619,OPEN,,0,25
96.9321,96.9321,1,0.37365,0.34479,0.35922,0.36524,0.29426,0.34619,OPEN,,0,25
96.9602,96.9602,1,0.37542,0.34528,0.36035,0.36353,0.29426,0.34619,OPEN,,0,25
96.9772,96.9772,1,0.3765,0.34544,0.36097,0.36263,0.29426,0.34619,OPEN,,0,25
97.0259,97.0259,1,0.37772,0.35433,0.36602,0.36382,0.29426,0.34619,OPEN,,0,25
97.0587,97.0587,1,0.37956,0.36113,0.37035,0.3661,0.29426,0.34619,OPEN,,0,25
97.086,97.086,1,0.38296,0.3634,0.37318,0.36858,0.29426,0.34619,OPEN,,0,25
97.1097,97.1097,1,0.38143,0.36356,0.3725,0.36995,0.29426,0.34619,OPEN,,0,25
97.1509,97.1509,1,0.37633,0.36544,0.37089,0.37028,0.29426,0.34619,OPEN,,0,25
97.1778,97.1778,1,0.37552,0.36614,0.37083,0.37047,0.29426,0.34619,OPEN,,0,25
97.2372,97.2372,1,0.37412,0.36602,0.37007,0.37033,0.29426,0.34619,OPEN,,0,25
97.4863,97.4863,1,0.40288,0.38616,0.39452,0.3788,0.29426,0.34619,OPEN,,0,25
97.5433,97.5433,1,0.40321,0.39347,0.39834,0.38564,0.29426,0.34619,OPEN,,0,25
97.5628,97.5628,1,0.40472,0.3954,0.40006,0.39068,0.29426,0.34619,OPEN,,0,25
97.5893,97.5893,1,0.40979,0.39325,0.40152,0.39448,0.29426,0.34619,OPEN,,0,25
97.6061,97.6061,1,0.40716,0.39263,0.39989,0.39637,0.29426,0.34619,OPEN,,0,25
97.6296,97.6296,1,0.40322,0.38821,0.39572,0.39614,0.29426,0.34619,OPEN,,0,25
97.6484,97.6484,1,0.3977,0.3848,0.39125,0.39443,0.29426,0.34619,OPEN,,0,25
97.6974,97.6974,1,0.39911,0.38804,0.39357,0.39413,0.29426,0.34619,OPEN,,0,25
97.725,97.725,1,0.39703,0.38859,0.39281,0.39367,0.29426,0.34619,OPEN,,0,25
97.7573,97.7573,1,0.38121,0.35091,0.36606,0.38401,0.29426,0.34619,OPEN,,0,25
97.7774,97.7774,1,0.37954,0.35392,0.36673,0.37796,0.29426,0.34619,OPEN,,0,25
97.8385,97.8385,1,0.37612,0.34751,0.36181,0.37231,0.29426,0.34619,OPEN,,0,25
97.8595,97.8595,1,0.37565,0.3547,0.36518,0.36981,0.29426,0.34619,OPEN,,0,25
97.9035,97.9035,1,0.37601,0.35474,0.36538,0.36826,0.29426,0.34619,OPEN,,0,25
97.9221,97.9221,1,0.36948,0.35077,0.36012,0.36541,0.29426,0.34619,OPEN,,0,25
97.9664,97.9664,1,0.33923,0.28602,0.31263,0.34694,0.29426,0.34619,OPEN,,0,25
97.9946,97.9946,1,0.35108,0.28535,0.31822,0.33689,0.29426,0.34619,OPEN,,0,25
98.0478,98.0478,1,0.35515,0.33154,0.34334,0.33915,0.29426,0.34619,OPEN,,0,25
98.078,98.078,1,0.36088,0.34163,0.35125,0.34338,0.29426,0.34619,OPEN,,0,25
98.1144,98.1144,1,0.37635,0.34239,0.35937,0.34898,0.29426,0.34619,OPEN,,0,25
98.142,98.142,1,0.377,0.34129,0.35915,0.35254,0.29426,0.34619,OPEN,,0,25
98.1779,98.1779,1,0.38374,0.34424,0.36399,0.35654,0.29426,0.34619,OPEN,,0,25
98.2084,98.2084,1,0.38751,0.34847,0.36799,0.36055,0.29426,0.34619,OPEN,,0,25
98.2417,98.2417,1,0.39059,0.35099,0.37079,0.36413,0.29426,0.34619,OPEN,,0,25
98.2742,98.2742,1,0.37685,0.33954,0.3582,0.36206,0.29426,0.34619,OPEN,,0,25
98.294,98.294,1,0.36799,0.33232,0.35015,0.35789,0.29426,0.34619,OPEN,,0,25
98.3196,98.3196,1,0.358,0.30152,0.32976,0.34804,0.29426,0.34619,OPEN,,0,25
98.3828,98.3828,1,0.35366,0.30584,0.32975,0.34164,0.29426,0.34619,OPEN,,0,25
98.4069,98.4069,1,0.35542,0.30054,0.32798,0.33686,0.29426,0.34619,OPEN,,0,25
98.4275,98.4275,1,0.35493,0.2981,0.32651,0.33324,0.29426,0.34619,OPEN,,0,25
98.464,98.464,1,0.34183,0.25334,0.29758,0.32076,0.29426,0.34619,OPEN,,0,25
98.4931,98.4931,1,0.33867,0.24112,0.2899,0.30996,0.29426,0.34619,OPEN,,0,25
98.5296,98.5296,1,0.35458,0.265,0.30979,0.3099,0.29426,0.34619,OPEN,,0,25
98.5528,98.5528,1,0.35745,0.26733,0.31239,0.31077,0.29426,0.34619,OPEN,,0,25
98.6072,98.6072,1,0.34969,0.25375,0.30172,0.3076,0.29426,0.34619,OPEN,,0,25
98.6413,98.6413,1,0.35035,0.25451,0.30243,0.30579,0.29426,0.34619,OPEN,,0,25
98.6749,98.6749,1,0.34317,0.24358,0.29338,0.30145,0.29426,0.34619,OPEN,,0,25
98.6919,98.6919,1,0.34062,0.23877,0.2897,0.29734,0.29426,0.34619,OPEN,,0,25
98.7338,98.7338,1,0.3532,0.26158,0.30739,0.30085,0.29426,0.34619,OPEN,,0,25
98.7579,98.7579,1,0.35056,0.27411,0.31233,0.30487,0.29426,0.34619,OPEN,,0,25
98.8135,98.8135,1,0.35569,0.28827,0.32198,0.31086,0.29426,0.34619,OPEN,,0,25
98.8482,98.8482,1,0.35519,0.29262,0.3239,0.31543,0.29426,0.34619,OPEN,,0,25
98.8795,98.8795,1,0.34425,0.28787,0.31606,0.31565,0.29426,0.34619,OPEN,,0,25
98.9075,98.9075,1,0.34246,0.28562,0.31404,0.31509,0.29426,0.34619,OPEN,,0,25
98.9487,98.9487,1,0.33875,0.24437,0.29156,0.30685,0.29426,0.34619,OPEN,,0,25
98.9961,98.9961,1,0.33921,0.23807,0.28864,0.30048,0.29426,0.34619,OPEN,,0,25
99.0254,99.0254,1,0.33917,0.25701,0.29809,0.29964,0.29426,0.34619,OPEN,,0,25
99.0597,99.0597,1,0.33832,0.2655,0.30191,0.30043,0.29426,0.34619,OPEN,,0,25
99.0902,99.0902,1,0.34013,0.27,0.30506,0.30206,0.29426,0.34619,OPEN,,0,25
99.1247,99.1247,1,0.33709,0.24548,0.29129,0.29829,0.29426,0.34619,OPEN,,0,25
99.1583,99.1583,1,0.33499,0.23026,0.28262,0.2928,0.29426,0.34619,CLOSING,,0,25
99.1934,99.1934,1,0.32863,0.22794,0.27828,0.28772,0.29426,0.34619,CLOSING,0.03515,0,25
99.2308,99.2308,1,0.29621,0.21915,0.25768,0.27721,0.29426,0.34619,CLOSED,0.07252,0,25
99.262,99.262,1,0.28754,0.20675,0.24715,0.26669,0.29426,0.34619,CLOSED,0.10371,0,25
99.2937,99.2937,1,0.27956,0.20303,0.24129,0.2578,0.29426,0.34619,CLOSED,0.13538,0,25
99.3218,99.3218,1,0.28519,0.20442,0.24481,0.25325,0.29426,0.34619,CLOSED,0.16357,0,25
99.3604,99.3604,1,0.28877,0.20726,0.24802,0.25142,0.29426,0.34619,CLOSED,0.20213,0,25
99.39,99.39,1,0.27795,0.18233,0.23014,0.24397,0.29426,0.34619,CLOSED,0.23172,0,25
99.4311,99.4311,1,0.26526,0.17732,0.22129,0.23603,0.29426,0.34619,CLOSED,0.27287,0,25
99.4727,99.4727,1,0.22972,0.17733,0.20352,0.22465,0.29426,0.34619,CLOSED,0.31446,0,25
99.509,99.509,1,0.22098,0.17683,0.1989,0.21564,0.29426,0.34619,CLOSED,0.35073,0,25
