timestamp,elapsed_seconds,left_ear,right_ear,average_ear,smoothed_ear,eye_state,blink_event,blink_duration,face_detected
2026-08-12T11:01:54.136034,0.3583,0.315763,0.311469,0.313616,0.313616,OPEN,0,0.0,1
2026-08-12T11:01:54.225842,0.4522,0.332061,0.317898,0.32498,0.317593,OPEN,0,0.0,1
2026-08-12T11:01:54.262174,0.485,0.349224,0.332375,0.3408,0.325716,OPEN,0,0.0,1
2026-08-12T11:01:54.282451,0.515,0.35164,0.339987,0.345813,0.33275,OPEN,0,0.0,1
2026-08-12T11:01:54.313522,0.5474,0.353001,0.337081,0.345041,0.337052,OPEN,0,0.0,1
2026-08-12T11:01:54.348993,0.5789,0.359882,0.350961,0.355422,0.343481,OPEN,0,0.0,1
2026-08-12T11:01:54.386042,0.614,0.372057,0.365846,0.368951,0.352396,OPEN,0,0.0,1
2026-08-12T11:01:54.420330,0.645,0.370025,0.343977,0.357001,0.354008,OPEN,0,0.0,1
2026-08-12T11:01:54.451424,0.679,0.403961,0.361229,0.382595,0.364013,OPEN,0,0.0,1
2026-08-12T11:01:54.482637,0.7152,0.437745,0.391379,0.414562,0.381705,OPEN,0,0.0,1
2026-08-12T11:01:54.517666,0.7465,0.443394,0.399289,0.421341,0.395578,OPEN,0,0.0,1
2026-08-12T11:01:54.538905,0.7689,0.436037,0.406745,0.421391,0.404612,OPEN,0,0.0,1
2026-08-12T11:01:54.589839,0.7958,0.429815,0.406575,0.418195,0.409366,OPEN,0,0.0,1
2026-08-12T11:01:54.624043,0.847,0.426029,0.384457,0.405243,0.407923,OPEN,0,0.0,1
2026-08-12T11:01:54.648073,0.874,0.417849,0.384904,0.401376,0.405632,OPEN,0,0.0,1
2026-08-12T11:01:54.667478,0.8985,0.405372,0.37192,0.388646,0.399687,OPEN,0,0.0,1
2026-08-12T11:01:54.695080,0.9284,0.403751,0.364844,0.384297,0.3943,OPEN,0,0.0,1
2026-08-12T11:01:54.719492,0.951,0.400541,0.364338,0.38244,0.390149,OPEN,0,0.0,1
2026-08-12T11:01:54.749808,0.9823,0.397148,0.361944,0.379546,0.386438,OPEN,0,0.0,1
2026-08-12T11:01:54.787148,1.0164,0.402783,0.368347,0.385565,0.386133,OPEN,0,0.0,1
2026-08-12T11:01:54.841070,1.0672,0.405654,0.368501,0.387077,0.386463,OPEN,0,0.0,1
2026-08-12T11:01:54.863179,1.0915,0.402068,0.368749,0.385408,0.386094,OPEN,0,0.0,1
2026-08-12T11:01:54.904552,1.1337,0.395932,0.366083,0.381008,0.384314,OPEN,0,0.0,1
2026-08-12T11:01:54.935380,1.1631,0.405974,0.373147,0.38956,0.38615,OPEN,0,0.0,1
2026-08-12T11:01:54.982406,1.2096,0.406156,0.384195,0.395175,0.389309,OPEN,0,0.0,1
2026-08-12T11:01:55.003538,1.2325,0.407025,0.388965,0.397995,0.392349,OPEN,0,0.0,1
2026-08-12T11:01:55.037504,1.2633,0.407406,0.391094,0.39925,0.394764,OPEN,0,0.0,1
2026-08-12T11:01:55.068281,1.2971,0.418806,0.403215,0.411011,0.400451,OPEN,0,0.0,1
2026-08-12T11:01:55.094395,1.3228,0.425211,0.407297,0.416254,0.405982,OPEN,0,0.0,1
2026-08-12T11:01:55.140763,1.3676,0.420906,0.391753,0.40633,0.406104,OPEN,0,0.0,1
2026-08-12T11:01:55.160727,1.3902,0.420738,0.391927,0.406333,0.406184,OPEN,0,0.0,1
2026-08-12T11:01:55.195071,1.4243,0.419016,0.395593,0.407304,0.406576,OPEN,0,0.0,1
2026-08-12T11:01:55.232297,1.4587,0.419819,0.391527,0.405673,0.40626,OPEN,0,0.0,1
2026-08-12T11:01:55.266160,1.4935,0.417458,0.387032,0.402245,0.404855,OPEN,0,0.0,1
2026-08-12T11:01:55.296905,1.5282,0.418251,0.379361,0.398806,0.402738,OPEN,0,0.0,1
2026-08-12T11:01:55.334015,1.5649,0.419714,0.373596,0.396655,0.400609,OPEN,0,0.0,1
2026-08-12T11:01:55.360502,1.592,0.415222,0.371812,0.393517,0.398127,OPEN,0,0.0,1
2026-08-12T11:01:55.379952,1.6114,0.416131,0.370755,0.393443,0.396487,OPEN,0,0.0,1
2026-08-12T11:01:55.416541,1.6461,0.410351,0.367282,0.388816,0.393803,OPEN,0,0.0,1
2026-08-12T11:01:55.450952,1.6804,0.394358,0.350689,0.372523,0.386355,OPEN,0,0.0,1
2026-08-12T11:01:55.471357,1.703,0.388482,0.340947,0.364715,0.378781,OPEN,0,0.0,1
2026-08-12T11:01:55.507326,1.7363,0.387934,0.345748,0.366841,0.374602,OPEN,0,0.0,1
2026-08-12T11:01:55.543116,1.7721,0.386063,0.346472,0.366268,0.371685,OPEN,0,0.0,1
2026-08-12T11:01:55.570418,1.7991,0.389858,0.345893,0.367875,0.370351,OPEN,0,0.0,1
2026-08-12T11:01:55.599454,1.8326,0.39376,0.347726,0.370743,0.370489,OPEN,0,0.0,1
2026-08-12T11:01:55.652705,1.8814,0.372397,0.330877,0.351637,0.363891,OPEN,0,0.0,1
2026-08-12T11:01:55.687682,1.9119,0.376339,0.336066,0.356202,0.3612,OPEN,0,0.0,1
2026-08-12T11:01:55.715150,1.9466,0.363812,0.326098,0.344955,0.355514,OPEN,0,0.0,1
2026-08-12T11:01:55.743977,1.9761,0.360839,0.323506,0.342173,0.350845,OPEN,0,0.0,1
2026-08-12T11:01:55.776816,2.01,0.356209,0.322344,0.339276,0.346796,OPEN,0,0.0,1
2026-08-12T11:01:55.806641,2.0373,0.364734,0.311685,0.33821,0.343791,OPEN,0,0.0,1
2026-08-12T11:01:55.842274,2.0743,0.358945,0.317166,0.338055,0.341783,OPEN,0,0.0,1
2026-08-12T11:01:55.875753,2.1074,0.343918,0.308085,0.326002,0.33626,OPEN,0,0.0,1
2026-08-12T11:01:55.914849,2.1427,0.341585,0.311584,0.326585,0.332873,OPEN,0,0.0,1
2026-08-12T11:01:55.944574,2.177,0.351319,0.316361,0.33384,0.333212,OPEN,0,0.0,1
2026-08-12T11:01:55.981845,2.214,0.366691,0.320139,0.343415,0.336783,OPEN,0,0.0,1
2026-08-12T11:01:56.020316,2.2491,0.367784,0.32108,0.344432,0.33946,OPEN,0,0.0,1
2026-08-12T11:01:56.053533,2.2831,0.369953,0.32352,0.346737,0.342007,OPEN,0,0.0,1
2026-08-12T11:01:56.085247,2.3165,0.372749,0.342367,0.357558,0.34745,OPEN,0,0.0,1
2026-08-12T11:01:56.121045,2.3511,0.384109,0.361916,0.373013,0.356397,OPEN,0,0.0,1
2026-08-12T11:01:56.143223,2.374,0.380174,0.380818,0.380496,0.364831,OPEN,0,0.0,1
2026-08-12T11:01:56.183633,2.4129,0.392964,0.367978,0.380471,0.370305,OPEN,0,0.0,1
2026-08-12T11:01:56.210131,2.4388,0.371571,0.33328,0.352426,0.364047,OPEN,0,0.0,1
2026-08-12T11:01:56.244292,2.4729,0.416405,0.317241,0.366823,0.365019,OPEN,0,0.0,1
2026-08-12T11:01:56.275390,2.5037,0.367464,0.4113,0.389382,0.373546,OPEN,0,0.0,1
2026-08-12T11:01:56.306604,2.5351,0.351464,0.431045,0.391254,0.379744,OPEN,0,0.0,1
2026-08-12T11:01:56.338743,2.5667,0.333652,0.415343,0.374498,0.377908,OPEN,0,0.0,1
2026-08-12T11:01:56.371418,2.6004,0.32776,0.409456,0.368608,0.374653,OPEN,0,0.0,1
2026-08-12T11:01:56.406513,2.6366,0.318203,0.369097,0.34365,0.363802,OPEN,0,0.0,1
2026-08-12T11:01:56.442175,2.6706,0.302461,0.310867,0.306664,0.343804,OPEN,0,0.0,1
2026-08-12T11:01:56.483841,2.712,0.333234,0.314093,0.323664,0.336755,OPEN,0,0.0,1
2026-08-12T11:01:56.514953,2.7441,0.357772,0.32974,0.343756,0.339205,OPEN,0,0.0,1
2026-08-12T11:01:56.547365,2.7787,0.361586,0.358752,0.360169,0.346542,OPEN,0,0.0,1
2026-08-12T11:01:56.576799,2.8058,0.357934,0.359381,0.358658,0.350783,OPEN,0,0.0,1
2026-08-12T11:01:56.609622,2.8404,0.352575,0.342701,0.347638,0.349682,OPEN,0,0.0,1
2026-08-12T11:01:56.641649,2.8738,0.346575,0.333812,0.340193,0.346361,OPEN,0,0.0,1
2026-08-12T11:01:56.674229,2.9075,0.355749,0.332716,0.344233,0.345616,OPEN,0,0.0,1
2026-08-12T11:01:56.700894,2.9326,0.360664,0.341771,0.351218,0.347577,OPEN,0,0.0,1
2026-08-12T11:01:56.736616,2.9674,0.375999,0.354836,0.365418,0.353821,OPEN,0,0.0,1
2026-08-12T11:01:56.768559,2.9975,0.39896,0.378945,0.388953,0.366117,OPEN,0,0.0,1
2026-08-12T11:01:56.798618,3.0312,0.452142,0.422498,0.43732,0.391038,OPEN,0,0.0,1
2026-08-12T11:01:56.834242,3.0663,0.442294,0.409866,0.42608,0.403303,OPEN,0,0.0,1
2026-08-12T11:01:56.860154,3.0934,0.418292,0.382941,0.400616,0.402362,OPEN,0,0.0,1
2026-08-12T11:01:56.917583,3.1449,0.34481,0.300769,0.32279,0.374512,OPEN,0,0.0,1
2026-08-12T11:01:56.943636,3.1742,0.318322,0.264854,0.291588,0.345489,OPEN,0,0.0,1
2026-08-12T11:01:56.978477,3.2086,0.313288,0.266858,0.290073,0.326093,OPEN,0,0.0,1
2026-08-12T11:01:57.015342,3.244,0.315948,0.269489,0.292719,0.314412,OPEN,0,0.0,1
2026-08-12T11:01:57.043080,3.2704,0.322937,0.265236,0.294086,0.307298,OPEN,0,0.0,1
2026-08-12T11:01:57.075690,3.3066,0.302671,0.26895,0.28581,0.299777,OPEN,0,0.0,1
2026-08-12T11:01:57.101774,3.3338,0.258658,0.26359,0.261124,0.286249,OPEN,0,0.0,1
2026-08-12T11:01:57.137198,3.3675,0.274236,0.238997,0.256617,0.275877,OPEN,0,0.0,1
2026-08-12T11:01:57.164147,3.3979,0.28458,0.229454,0.257017,0.269276,OPEN,0,0.0,1
2026-08-12T11:01:57.203101,3.4318,0.296316,0.231414,0.263865,0.267382,OPEN,0,0.0,1
2026-08-12T11:01:57.238486,3.4662,0.307149,0.234888,0.271019,0.268655,OPEN,0,0.0,1
2026-08-12T11:01:57.267012,3.4992,0.300088,0.231273,0.26568,0.267614,OPEN,0,0.0,1
2026-08-12T11:01:57.306838,3.5349,0.301396,0.240582,0.270989,0.268795,OPEN,0,0.0,1
2026-08-12T11:01:57.346997,3.5761,0.293956,0.251944,0.27295,0.270249,OPEN,0,0.0,1
2026-08-12T11:01:57.381423,3.6098,0.29415,0.261252,0.277701,0.272857,OPEN,0,0.0,1
2026-08-12T11:01:57.413575,3.6441,0.293471,0.259609,0.27654,0.274146,OPEN,0,0.0,1
2026-08-12T11:01:57.448533,3.6798,0.290541,0.251683,0.271112,0.273084,OPEN,0,0.0,1
2026-08-12T11:01:57.485006,3.7142,0.312791,0.258255,0.285523,0.277438,OPEN,0,0.0,1
2026-08-12T11:01:57.522728,3.7517,0.339112,0.282128,0.31062,0.289052,OPEN,0,0.0,1
2026-08-12T11:01:57.558931,3.7866,0.341595,0.287624,0.31461,0.297997,OPEN,0,0.0,1
2026-08-12T11:01:57.575717,3.8074,0.346124,0.290644,0.318384,0.305132,OPEN,0,0.0,1
2026-08-12T11:01:57.598244,3.8302,0.340094,0.285409,0.312751,0.307799,OPEN,0,0.0,1
2026-08-12T11:01:57.636547,3.8653,0.330581,0.276372,0.303476,0.306286,OPEN,0,0.0,1
2026-08-12T11:01:57.705855,3.9337,0.312532,0.267171,0.289852,0.300534,OPEN,0,0.0,1
2026-08-12T11:01:57.729597,3.9564,0.326143,0.277282,0.301712,0.300946,OPEN,0,0.0,1
2026-08-12T11:01:57.746501,3.9788,0.319921,0.271708,0.295814,0.29915,OPEN,0,0.0,1
2026-08-12T11:01:57.775060,4.0071,0.306801,0.262915,0.284858,0.294148,OPEN,0,0.0,1
2026-08-12T11:01:57.813280,4.0419,0.316919,0.276582,0.29675,0.295059,OPEN,0,0.0,1
2026-08-12T11:01:57.847628,4.0757,0.32727,0.27798,0.302625,0.297707,OPEN,0,0.0,1
2026-08-12T11:01:57.881675,4.1101,0.340865,0.290522,0.315693,0.304002,OPEN,0,0.0,1
2026-08-12T11:01:57.915480,4.142,0.360815,0.306977,0.333896,0.314465,OPEN,0,0.0,1
2026-08-12T11:01:57.937299,4.1695,0.362867,0.311108,0.336988,0.322348,OPEN,0,0.0,1
2026-08-12T11:01:57.971309,4.2035,0.353623,0.309269,0.331446,0.325532,OPEN,0,0.0,1
2026-08-12T11:01:58.005693,4.2379,0.357044,0.312451,0.334747,0.328758,OPEN,0,0.0,1
2026-08-12T11:01:58.039258,4.2704,0.349614,0.301973,0.325793,0.32772,OPEN,0,0.0,1
2026-08-12T11:01:58.119367,4.3457,0.360657,0.318792,0.339724,0.331922,OPEN,0,0.0,1
2026-08-12T11:01:58.140871,4.3693,0.361219,0.322732,0.341975,0.33544,OPEN,0,0.0,1
2026-08-12T11:01:58.160396,4.3905,0.3605,0.32118,0.34084,0.33733,OPEN,0,0.0,1
2026-08-12T11:01:58.193998,4.425,0.358424,0.319502,0.338963,0.337902,OPEN,0,0.0,1
2026-08-12T11:01:58.227868,4.4584,0.354835,0.318633,0.336734,0.337493,OPEN,0,0.0,1
2026-08-12T11:01:58.259117,4.4918,0.350821,0.320341,0.335581,0.336824,OPEN,0,0.0,1
2026-08-12T11:01:58.284300,4.5176,0.344134,0.309732,0.326933,0.333362,OPEN,0,0.0,1
2026-08-12T11:01:58.318261,4.55,0.336026,0.297097,0.316562,0.327482,OPEN,0,0.0,1
2026-08-12T11:01:58.355902,4.5861,0.33089,0.291959,0.311425,0.321862,OPEN,0,0.0,1
2026-08-12T11:01:58.405961,4.6334,0.326936,0.286041,0.306488,0.316481,OPEN,0,0.0,1
2026-08-12T11:01:58.425349,4.6559,0.326735,0.285533,0.306134,0.31286,OPEN,0,0.0,1
2026-08-12T11:01:58.462563,4.6903,0.326624,0.281809,0.304216,0.309835,OPEN,0,0.0,1
2026-08-12T11:01:58.499204,4.7285,0.329155,0.288322,0.308738,0.309451,OPEN,0,0.0,1
2026-08-12T11:01:58.536437,4.7636,0.330542,0.285556,0.308049,0.30896,OPEN,0,0.0,1
2026-08-12T11:01:58.555258,4.7854,0.338045,0.29064,0.314342,0.310844,OPEN,0,0.0,1
2026-08-12T11:01:58.596484,4.824,0.342996,0.293566,0.318281,0.313447,OPEN,0,0.0,1
2026-08-12T11:01:58.612917,4.8455,0.34553,0.299929,0.32273,0.316696,OPEN,0,0.0,1
2026-08-12T11:01:58.637315,4.8698,0.342326,0.299015,0.32067,0.318087,OPEN,0,0.0,1
2026-08-12T11:01:58.690518,4.9193,0.344975,0.299833,0.322404,0.319598,OPEN,0,0.0,1
2026-08-12T11:01:58.724437,4.9533,0.344882,0.309394,0.327138,0.322237,OPEN,0,0.0,1
2026-08-12T11:01:58.755919,4.9868,0.348865,0.311149,0.330007,0.324956,OPEN,0,0.0,1
2026-08-12T11:01:58.785893,5.0194,0.348984,0.313895,0.331439,0.327225,OPEN,0,0.0,1
2026-08-12T11:01:58.803098,5.0364,0.348213,0.310811,0.329512,0.328026,OPEN,0,0.0,1
2026-08-12T11:01:58.828597,5.0622,0.344677,0.309156,0.326917,0.327638,OPEN,0,0.0,1
2026-08-12T11:01:58.900947,5.1273,0.343481,0.301899,0.32269,0.325906,OPEN,0,0.0,1
2026-08-12T11:01:58.934192,5.161,0.344975,0.301671,0.323323,0.325002,OPEN,0,0.0,1
2026-08-12T11:01:58.963107,5.191,0.340257,0.301843,0.32105,0.323619,OPEN,0,0.0,1
2026-08-12T11:01:58.994178,5.223,0.338632,0.302539,0.320586,0.322557,OPEN,0,0.0,1
2026-08-12T11:01:59.034099,5.2624,0.341877,0.303467,0.322672,0.322597,OPEN,0,0.0,1
2026-08-12T11:01:59.055242,5.286,0.341833,0.303342,0.322588,0.322594,OPEN,0,0.0,1
2026-08-12T11:01:59.092463,5.3203,0.344275,0.30747,0.325872,0.323741,OPEN,0,0.0,1
2026-08-12T11:01:59.119607,5.3495,0.344563,0.302529,0.323546,0.323673,OPEN,0,0.0,1
2026-08-12T11:01:59.138431,5.3687,0.345905,0.301215,0.32356,0.323633,OPEN,0,0.0,1
2026-08-12T11:01:59.175293,5.4031,0.344596,0.302795,0.323696,0.323655,OPEN,0,0.0,1
2026-08-12T11:01:59.211011,5.4376,0.343304,0.304022,0.323663,0.323658,OPEN,0,0.0,1
2026-08-12T11:01:59.234713,5.4658,0.339661,0.302346,0.321003,0.322729,OPEN,0,0.0,1
2026-08-12T11:01:59.301397,5.5287,0.341138,0.29905,0.320094,0.321807,OPEN,0,0.0,1
2026-08-12T11:01:59.330091,5.5613,0.335888,0.303795,0.319842,0.321119,OPEN,0,0.0,1
2026-08-12T11:01:59.361874,5.5945,0.340897,0.302437,0.321667,0.321311,OPEN,0,0.0,1
2026-08-12T11:01:59.393224,5.6215,0.334823,0.288667,0.311745,0.317963,OPEN,0,0.0,1
2026-08-12T11:01:59.422226,5.6557,0.331243,0.278088,0.304666,0.313309,OPEN,0,0.0,1
2026-08-12T11:01:59.457452,5.6885,0.336029,0.27384,0.304935,0.310378,OPEN,0,0.0,1
2026-08-12T11:01:59.487990,5.719,0.339218,0.274512,0.306865,0.309148,OPEN,0,0.0,1
2026-08-12T11:01:59.520690,5.7519,0.350593,0.292998,0.321796,0.313575,OPEN,0,0.0,1
2026-08-12T11:01:59.554494,5.7861,0.354843,0.300194,0.327519,0.318455,OPEN,0,0.0,1
2026-08-12T11:01:59.571365,5.8034,0.362878,0.312368,0.337623,0.325164,OPEN,0,0.0,1
2026-08-12T11:01:59.598676,5.8309,0.384163,0.329592,0.356878,0.336264,OPEN,0,0.0,1
2026-08-12T11:01:59.636785,5.8649,0.392278,0.342376,0.367327,0.347136,OPEN,0,0.0,1
2026-08-12T11:01:59.702486,5.9294,0.385818,0.34693,0.366374,0.353869,OPEN,0,0.0,1
2026-08-12T11:01:59.730606,5.9593,0.38867,0.348667,0.368669,0.359049,OPEN,0,0.0,1
2026-08-12T11:01:59.762973,5.9937,0.385359,0.346041,0.3657,0.361377,OPEN,0,0.0,1
2026-08-12T11:01:59.800305,6.0275,0.382637,0.346323,0.36448,0.362463,OPEN,0,0.0,1
2026-08-12T11:01:59.825077,6.0548,0.382098,0.348928,0.365513,0.36353,OPEN,0,0.0,1
2026-08-12T11:01:59.860651,6.0892,0.383266,0.348047,0.365657,0.364275,OPEN,0,0.0,1
2026-08-12T11:01:59.892260,6.1234,0.383884,0.348974,0.366429,0.365028,OPEN,0,0.0,1
2026-08-12T11:01:59.920873,6.1505,0.386365,0.350193,0.368279,0.366166,OPEN,0,0.0,1
2026-08-12T11:01:59.956949,6.1852,0.371403,0.324399,0.347901,0.359773,OPEN,0,0.0,1
2026-08-12T11:01:59.991425,6.2193,0.358201,0.303593,0.330897,0.349667,OPEN,0,0.0,1
2026-08-12T11:02:00.027308,6.2537,0.167379,0.136245,0.151812,0.280417,OPEN,0,0.0,1
2026-08-12T11:02:00.054880,6.2873,0.110437,0.090051,0.100244,0.217357,CLOSING,0,0.0,1
2026-08-12T11:02:00.105967,6.3337,0.146683,0.131163,0.138923,0.189905,CLOSING,0,0.0,1
2026-08-12T11:02:00.126363,6.3589,0.127787,0.099425,0.113606,0.1632,CLOSED,0,0.0,1
2026-08-12T11:02:00.164262,6.3932,0.243336,0.211854,0.227595,0.185738,CLOSED,0,0.0,1
2026-08-12T11:02:00.199317,6.428,0.314307,0.280811,0.297559,0.224876,CLOSED,0,0.0,1
2026-08-12T11:02:00.228711,6.4606,0.347716,0.312392,0.330054,0.261688,OPENING,0,0.0,1
2026-08-12T11:02:00.261619,6.494,0.351513,0.318586,0.335049,0.287365,OPEN,1,0.206692,1
2026-08-12T11:02:00.294657,6.5261,0.351255,0.319492,0.335373,0.304168,OPEN,0,0.0,1
2026-08-12T11:02:00.326369,6.5599,0.352209,0.31961,0.33591,0.315277,OPEN,0,0.0,1
2026-08-12T11:02:00.347351,6.5812,0.35285,0.322724,0.337787,0.323156,OPEN,0,0.0,1
2026-08-12T11:02:00.383602,6.6149,0.35553,0.322739,0.339135,0.328748,OPEN,0,0.0,1
2026-08-12T11:02:00.417596,6.6479,0.356408,0.322851,0.33963,0.332557,OPEN,0,0.0,1
2026-08-12T11:02:00.453266,6.6814,0.355993,0.323367,0.33968,0.33505,OPEN,0,0.0,1
2026-08-12T11:02:00.502520,6.7287,0.356896,0.324017,0.340456,0.336942,OPEN,0,0.0,1
2026-08-12T11:02:00.528991,6.7609,0.354768,0.327856,0.341312,0.338472,OPEN,0,0.0,1
2026-08-12T11:02:00.563451,6.7929,0.360254,0.332818,0.346536,0.341294,OPEN,0,0.0,1
2026-08-12T11:02:00.596771,6.8263,0.363819,0.339,0.35141,0.344835,OPEN,0,0.0,1
2026-08-12T11:02:00.630086,6.8606,0.363496,0.337002,0.350249,0.34673,OPEN,0,0.0,1
2026-08-12T11:02:00.662423,6.8936,0.367888,0.338989,0.353438,0.349078,OPEN,0,0.0,1
2026-08-12T11:02:00.700119,6.9285,0.367055,0.339361,0.353208,0.350523,OPEN,0,0.0,1
2026-08-12T11:02:00.735399,6.9622,0.366132,0.338875,0.352504,0.351217,OPEN,0,0.0,1
2026-08-12T11:02:00.755005,6.9878,0.366039,0.33832,0.352179,0.351554,OPEN,0,0.0,1
2026-08-12T11:02:00.783902,7.0148,0.364838,0.337324,0.351081,0.351388,OPEN,0,0.0,1
2026-08-12T11:02:00.817397,7.0481,0.362829,0.336539,0.349684,0.350792,OPEN,0,0.0,1
2026-08-12T11:02:00.849578,7.0814,0.361739,0.335738,0.348738,0.350073,OPEN,0,0.0,1
2026-08-12T11:02:00.901540,7.1291,0.361417,0.335497,0.348457,0.349507,OPEN,0,0.0,1
2026-08-12T11:02:00.931347,7.1597,0.362245,0.335225,0.348735,0.349237,OPEN,0,0.0,1
2026-08-12T11:02:00.965289,7.1968,0.361794,0.335367,0.34858,0.349007,OPEN,0,0.0,1
2026-08-12T11:02:00.998432,7.231,0.363948,0.336706,0.350327,0.349469,OPEN,0,0.0,1
2026-08-12T11:02:01.023209,7.2536,0.364194,0.338231,0.351213,0.350079,OPEN,0,0.0,1
2026-08-12T11:02:01.054934,7.2878,0.364687,0.33833,0.351509,0.35058,OPEN,0,0.0,1
2026-08-12T11:02:01.088596,7.3211,0.366221,0.33957,0.352895,0.35139,OPEN,0,0.0,1
2026-08-12T11:02:01.126116,7.3552,0.365831,0.339036,0.352434,0.351755,OPEN,0,0.0,1
2026-08-12T11:02:01.158530,7.3897,0.363079,0.334867,0.348973,0.350782,OPEN,0,0.0,1
2026-08-12T11:02:01.184624,7.4166,0.365752,0.332125,0.348939,0.350137,OPEN,0,0.0,1
2026-08-12T11:02:01.216531,7.4495,0.365266,0.324905,0.345085,0.348369,OPEN,0,0.0,1
2026-08-12T11:02:01.235470,7.4666,0.364772,0.322543,0.343657,0.34672,OPEN,0,0.0,1
2026-08-12T11:02:01.300515,7.5281,0.362789,0.325375,0.344082,0.345796,OPEN,0,0.0,1
2026-08-12T11:02:01.327223,7.559,0.357566,0.324161,0.340864,0.34407,OPEN,0,0.0,1
2026-08-12T11:02:01.360257,7.5925,0.3574,0.324477,0.340938,0.342974,OPEN,0,0.0,1
2026-08-12T11:02:01.398055,7.6292,0.359484,0.32531,0.342397,0.342772,OPEN,0,0.0,1
2026-08-12T11:02:01.431468,7.6629,0.358982,0.327048,0.343015,0.342857,OPEN,0,0.0,1
2026-08-12T11:02:01.465591,7.6968,0.360276,0.328355,0.344316,0.343368,OPEN,0,0.0,1
2026-08-12T11:02:01.502397,7.7319,0.361418,0.329518,0.345468,0.344103,OPEN,0,0.0,1
2026-08-12T11:02:01.539029,7.7666,0.362406,0.33076,0.346583,0.344971,OPEN,0,0.0,1
2026-08-12T11:02:01.572910,7.8011,0.362515,0.334737,0.348626,0.34625,OPEN,0,0.0,1
2026-08-12T11:02:01.607429,7.8333,0.364733,0.334115,0.349424,0.347361,OPEN,0,0.0,1
2026-08-12T11:02:01.633069,7.8632,0.367705,0.335531,0.351618,0.348851,OPEN,0,0.0,1
2026-08-12T11:02:01.667576,7.8974,0.369204,0.33619,0.352697,0.350197,OPEN,0,0.0,1
2026-08-12T11:02:01.700103,7.931,0.368919,0.336937,0.352928,0.351153,OPEN,0,0.0,1
2026-08-12T11:02:01.727883,7.9581,0.369698,0.337162,0.35343,0.35195,OPEN,0,0.0,1
2026-08-12T11:02:01.760009,7.9916,0.369643,0.33835,0.353996,0.352666,OPEN,0,0.0,1
2026-08-12T11:02:01.791699,8.0247,0.373715,0.33997,0.356843,0.354128,OPEN,0,0.0,1
2026-08-12T11:02:01.826842,8.0593,0.372667,0.338368,0.355517,0.354614,OPEN,0,0.0,1
2026-08-12T11:02:01.855153,8.0871,0.374225,0.340933,0.357579,0.355652,OPEN,0,0.0,1
2026-08-12T11:02:01.889569,8.1217,0.370867,0.341353,0.35611,0.355812,OPEN,0,0.0,1
2026-08-12T11:02:01.923676,8.1557,0.366128,0.340007,0.353067,0.354851,OPEN,0,0.0,1
2026-08-12T11:02:01.957599,8.1902,0.365186,0.334454,0.34982,0.35309,OPEN,0,0.0,1
2026-08-12T11:02:01.992612,8.2239,0.360181,0.334397,0.347289,0.35106,OPEN,0,0.0,1
2026-08-12T11:02:02.013531,8.2454,0.36308,0.334925,0.349002,0.35034,OPEN,0,0.0,1
2026-08-12T11:02:02.051351,8.2842,0.370331,0.33921,0.354771,0.351891,OPEN,0,0.0,1
2026-08-12T11:02:02.084773,8.3178,0.370023,0.339742,0.354883,0.352938,OPEN,0,0.0,1
2026-08-12T11:02:02.109563,8.342,0.370621,0.34016,0.355391,0.353796,OPEN,0,0.0,1
2026-08-12T11:02:02.164094,8.3931,0.376107,0.340184,0.358145,0.355319,OPEN,0,0.0,1
2026-08-12T11:02:02.195737,8.4276,0.376474,0.341315,0.358894,0.35657,OPEN,0,0.0,1
2026-08-12T11:02:02.231442,8.4624,0.378316,0.344827,0.361572,0.358321,OPEN,0,0.0,1
2026-08-12T11:02:02.270497,8.5007,0.379493,0.346646,0.36307,0.359983,OPEN,0,0.0,1
2026-08-12T11:02:02.287971,8.5202,0.379555,0.346638,0.363096,0.361073,OPEN,0,0.0,1
2026-08-12T11:02:02.316658,8.5493,0.379612,0.347939,0.363775,0.362019,OPEN,0,0.0,1
2026-08-12T11:02:02.349324,8.5814,0.384184,0.353539,0.368861,0.364414,OPEN,0,0.0,1
2026-08-12T11:02:02.383900,8.6163,0.383373,0.354419,0.368896,0.365982,OPEN,0,0.0,1
2026-08-12T11:02:02.412918,8.6456,0.385097,0.355033,0.370065,0.367411,OPEN,0,0.0,1
2026-08-12T11:02:02.449736,8.6788,0.385633,0.358574,0.372104,0.369054,OPEN,0,0.0,1
2026-08-12T11:02:02.487194,8.7167,0.386615,0.364977,0.375796,0.371414,OPEN,0,0.0,1
2026-08-12T11:02:02.520289,8.7506,0.398223,0.365476,0.381849,0.375066,OPEN,0,0.0,1
2026-08-12T11:02:02.555055,8.7848,0.402775,0.357185,0.37998,0.376786,OPEN,0,0.0,1
2026-08-12T11:02:02.592661,8.8234,0.404575,0.361962,0.383269,0.379055,OPEN,0,0.0,1
2026-08-12T11:02:02.627654,8.8581,0.40946,0.365776,0.387618,0.382052,OPEN,0,0.0,1
2026-08-12T11:02:02.657633,8.8914,0.41613,0.3694,0.392765,0.385801,OPEN,0,0.0,1
2026-08-12T11:02:02.686764,8.9203,0.415728,0.369894,0.392811,0.388255,OPEN,0,0.0,1
2026-08-12T11:02:02.716178,8.9498,0.424776,0.375495,0.400135,0.392413,OPEN,0,0.0,1
2026-08-12T11:02:02.753315,8.9857,0.425793,0.37568,0.400737,0.395326,OPEN,0,0.0,1
2026-08-12T11:02:02.791114,9.0192,0.423128,0.374974,0.399051,0.39663,OPEN,0,0.0,1
2026-08-12T11:02:02.825906,9.0556,0.42609,0.376082,0.401086,0.39819,OPEN,0,0.0,1
2026-08-12T11:02:02.863648,9.0891,0.42254,0.374501,0.39852,0.398305,OPEN,0,0.0,1
2026-08-12T11:02:02.901074,9.1234,0.424014,0.377532,0.400773,0.399169,OPEN,0,0.0,1
2026-08-12T11:02:02.918424,9.1511,0.423892,0.383223,0.403557,0.400705,OPEN,0,0.0,1
2026-08-12T11:02:02.945894,9.1748,0.423303,0.387144,0.405224,0.402287,OPEN,0,0.0,1
2026-08-12T11:02:02.995563,9.2238,0.423181,0.393693,0.408437,0.404439,OPEN,0,0.0,1
2026-08-12T11:02:03.028029,9.2547,0.423227,0.395258,0.409243,0.40612,OPEN,0,0.0,1
2026-08-12T11:02:03.059626,9.2878,0.424176,0.395169,0.409673,0.407364,OPEN,0,0.0,1
2026-08-12T11:02:03.090820,9.3193,0.423258,0.394831,0.409045,0.407952,OPEN,0,0.0,1
2026-08-12T11:02:03.125237,9.3536,0.424478,0.398392,0.411435,0.409171,OPEN,0,0.0,1
2026-08-12T11:02:03.156953,9.3891,0.424584,0.397713,0.411148,0.409863,OPEN,0,0.0,1
2026-08-12T11:02:03.197300,9.4242,0.423307,0.394052,0.408679,0.409449,OPEN,0,0.0,1
2026-08-12T11:02:03.216979,9.4466,0.422183,0.397018,0.4096,0.409502,OPEN,0,0.0,1
2026-08-12T11:02:03.250980,9.4797,0.42263,0.397724,0.410177,0.409738,OPEN,0,0.0,1
2026-08-12T11:02:03.283911,9.5122,0.421457,0.397289,0.409373,0.40961,OPEN,0,0.0,1
2026-08-12T11:02:03.315130,9.5436,0.423034,0.397644,0.410339,0.409865,OPEN,0,0.0,1
2026-08-12T11:02:03.349378,9.5809,0.425538,0.398356,0.411947,0.410594,OPEN,0,0.0,1
2026-08-12T11:02:03.385678,9.6146,0.417759,0.392519,0.405139,0.408685,OPEN,0,0.0,1
2026-08-12T11:02:03.428680,9.6571,0.397726,0.374352,0.386039,0.400759,OPEN,0,0.0,1
2026-08-12T11:02:03.458727,9.6865,0.20026,0.134643,0.167452,0.319101,OPEN,0,0.0,1
2026-08-12T11:02:03.491198,9.7197,0.110133,0.058769,0.084451,0.236974,CLOSING,0,0.0,1
2026-08-12T11:02:03.523350,9.7517,0.087019,0.042768,0.064894,0.176746,CLOSING,0,0.0,1
2026-08-12T11:02:03.559174,9.7834,0.073508,0.039781,0.056645,0.13471,CLOSED,0,0.0,1
2026-08-12T11:02:03.591662,9.8193,0.092371,0.065473,0.078922,0.115184,CLOSED,0,0.0,1
2026-08-12T11:02:03.624392,9.8466,0.111405,0.10521,0.108308,0.112778,CLOSED,0,0.0,1
2026-08-12T11:02:03.655907,9.8786,0.09978,0.110404,0.105092,0.110088,CLOSED,0,0.0,1
2026-08-12T11:02:03.683350,9.912,0.211737,0.23884,0.225289,0.150408,CLOSED,0,0.0,1
2026-08-12T11:02:03.711731,9.9445,0.304153,0.306955,0.305554,0.204709,CLOSED,0,0.0,1
2026-08-12T11:02:03.747029,9.976,0.350423,0.335014,0.342719,0.253012,OPENING,0,0.0,1
2026-08-12T11:02:03.781330,10.013,0.373076,0.349128,0.361102,0.290844,OPEN,1,0.293246,1
2026-08-12T11:02:03.806038,10.0378,0.379066,0.356265,0.367666,0.317731,OPEN,0,0.0,1
2026-08-12T11:02:03.859649,10.0881,0.378685,0.353795,0.36624,0.33471,OPEN,0,0.0,1
2026-08-12T11:02:03.894483,10.1211,0.372654,0.35206,0.362357,0.344386,OPEN,0,0.0,1
2026-08-12T11:02:03.921151,10.1503,0.379342,0.354639,0.366991,0.352298,OPEN,0,0.0,1
2026-08-12T11:02:03.955374,10.1842,0.392003,0.360991,0.376497,0.360767,OPEN,0,0.0,1
2026-08-12T11:02:03.985360,10.2142,0.399825,0.367294,0.383559,0.368745,OPEN,0,0.0,1
2026-08-12T11:02:04.021501,10.2511,0.402709,0.369691,0.3862,0.374854,OPEN,0,0.0,1
2026-08-12T11:02:04.052865,10.2824,0.401752,0.370137,0.385945,0.378736,OPEN,0,0.0,1
2026-08-12T11:02:04.087379,10.3163,0.399636,0.366175,0.382906,0.380195,OPEN,0,0.0,1
2026-08-12T11:02:04.121636,10.3507,0.397163,0.364351,0.380757,0.380392,OPEN,0,0.0,1
2026-08-12T11:02:04.145565,10.3747,0.39669,0.364177,0.380433,0.380406,OPEN,0,0.0,1
2026-08-12T11:02:04.177777,10.4078,0.39747,0.363754,0.380612,0.380478,OPEN,0,0.0,1
2026-08-12T11:02:04.213475,10.4453,0.396979,0.363676,0.380328,0.380426,OPEN,0,0.0,1
2026-08-12T11:02:04.251173,10.4802,0.396233,0.362433,0.379333,0.380043,OPEN,0,0.0,1
2026-08-12T11:02:04.293801,10.521,0.399743,0.363479,0.381611,0.380592,OPEN,0,0.0,1
2026-08-12T11:02:04.323994,10.552,0.401898,0.36765,0.384774,0.382056,OPEN,0,0.0,1
2026-08-12T11:02:04.355296,10.5841,0.401145,0.367966,0.384556,0.382931,OPEN,0,0.0,1
2026-08-12T11:02:04.389124,10.6181,0.402446,0.371292,0.386869,0.384309,OPEN,0,0.0,1
2026-08-12T11:02:04.419171,10.648,0.409944,0.37392,0.391932,0.386977,OPEN,0,0.0,1
2026-08-12T11:02:04.455563,10.6855,0.413316,0.378949,0.396133,0.390182,OPEN,0,0.0,1
2026-08-12T11:02:04.479425,10.7098,0.425616,0.389305,0.407461,0.396229,OPEN,0,0.0,1
2026-08-12T11:02:04.515500,10.7443,0.436765,0.39484,0.415802,0.40308,OPEN,0,0.0,1
2026-08-12T11:02:04.547367,10.7759,0.439517,0.39292,0.416219,0.407678,OPEN,0,0.0,1
2026-08-12T11:02:04.578653,10.8077,0.442373,0.395804,0.419088,0.411672,OPEN,0,0.0,1
2026-08-12T11:02:04.611769,10.8404,0.457375,0.40768,0.432527,0.418971,OPEN,0,0.0,1
2026-08-12T11:02:04.646771,10.8758,0.449522,0.40285,0.426186,0.421496,OPEN,0,0.0,1
2026-08-12T11:02:04.692675,10.9208,0.439741,0.403625,0.421683,0.421562,OPEN,0,0.0,1
2026-08-12T11:02:04.721439,10.9509,0.434607,0.399224,0.416916,0.419936,OPEN,0,0.0,1
2026-08-12T11:02:04.755139,10.9841,0.438862,0.399803,0.419333,0.419725,OPEN,0,0.0,1
2026-08-12T11:02:04.782810,11.0146,0.438255,0.394162,0.416208,0.418494,OPEN,0,0.0,1
2026-08-12T11:02:04.817801,11.0491,0.43266,0.387233,0.409947,0.415502,OPEN,0,0.0,1
2026-08-12T11:02:04.850346,11.0834,0.435101,0.394035,0.414568,0.415175,OPEN,0,0.0,1
2026-08-12T11:02:04.880422,11.1113,0.434151,0.395389,0.41477,0.415034,OPEN,0,0.0,1
2026-08-12T11:02:04.910091,11.1433,0.436434,0.397188,0.416811,0.415656,OPEN,0,0.0,1
2026-08-12T11:02:04.943830,11.1748,0.43997,0.399074,0.419522,0.417009,OPEN,0,0.0,1
2026-08-12T11:02:04.979055,11.2081,0.442623,0.402434,0.422528,0.418941,OPEN,0,0.0,1
2026-08-12T11:02:05.011206,11.241,0.435916,0.396146,0.416031,0.417922,OPEN,0,0.0,1
2026-08-12T11:02:05.044432,11.2755,0.4125,0.371362,0.391931,0.408825,OPEN,0,0.0,1
2026-08-12T11:02:05.092419,11.3198,0.141672,0.115227,0.128449,0.310694,OPEN,0,0.0,1
2026-08-12T11:02:05.123717,11.3517,0.111205,0.061587,0.086396,0.23219,CLOSING,0,0.0,1
2026-08-12T11:02:05.152648,11.3848,0.129109,0.070051,0.09958,0.185776,CLOSING,0,0.0,1
2026-08-12T11:02:05.190492,11.4189,0.143907,0.126002,0.134954,0.167989,CLOSED,0,0.0,1
2026-08-12T11:02:05.216424,11.446,0.162799,0.116393,0.139596,0.158051,CLOSED,0,0.0,1
2026-08-12T11:02:05.250877,11.4795,0.23456,0.212649,0.223604,0.180995,CLOSED,0,0.0,1
2026-08-12T11:02:05.282730,11.512,0.303888,0.29015,0.297019,0.221603,CLOSED,0,0.0,1
2026-08-12T11:02:05.316511,11.547,0.358461,0.337298,0.34788,0.2658,OPENING,0,0.0,1
2026-08-12T11:02:05.349052,11.5777,0.392188,0.353887,0.373037,0.303333,OPEN,1,0.226025,1
2026-08-12T11:02:05.377938,11.6072,0.399256,0.360072,0.379664,0.330049,OPEN,0,0.0,1
2026-08-12T11:02:05.413449,11.6412,0.40711,0.363296,0.385203,0.349353,OPEN,0,0.0,1
2026-08-12T11:02:05.444279,11.6753,0.413145,0.369911,0.391528,0.364114,OPEN,0,0.0,1
2026-08-12T11:02:05.479720,11.7089,0.401386,0.366604,0.383995,0.371072,OPEN,0,0.0,1
2026-08-12T11:02:05.526557,11.7535,0.405928,0.36681,0.386369,0.376426,OPEN,0,0.0,1
2026-08-12T11:02:05.556192,11.785,0.404142,0.365718,0.38493,0.379403,OPEN,0,0.0,1
2026-08-12T11:02:05.587267,11.8161,0.409007,0.369585,0.389296,0.382865,OPEN,0,0.0,1
2026-08-12T11:02:05.618513,11.8479,0.399041,0.361935,0.380488,0.382033,OPEN,0,0.0,1
2026-08-12T11:02:05.652686,11.8814,0.401004,0.36195,0.381477,0.381839,OPEN,0,0.0,1
2026-08-12T11:02:05.685443,11.9151,0.395613,0.358709,0.377161,0.380201,OPEN,0,0.0,1
2026-08-12T11:02:05.719780,11.9488,0.396291,0.358366,0.377328,0.379196,OPEN,0,0.0,1
2026-08-12T11:02:05.745163,11.977,0.393717,0.357653,0.375685,0.377967,OPEN,0,0.0,1
2026-08-12T11:02:05.776128,12.0077,0.394012,0.358696,0.376354,0.377402,OPEN,0,0.0,1
2026-08-12T11:02:05.813199,12.0422,0.394139,0.358414,0.376277,0.377008,OPEN,0,0.0,1
2026-08-12T11:02:05.843253,12.0723,0.39324,0.358693,0.375967,0.376644,OPEN,0,0.0,1
2026-08-12T11:02:05.876932,12.1059,0.393478,0.357623,0.375551,0.376261,OPEN,0,0.0,1
2026-08-12T11:02:05.911556,12.1407,0.388997,0.350722,0.36986,0.374021,OPEN,0,0.0,1
2026-08-12T11:02:05.944715,12.175,0.384863,0.345166,0.365014,0.370868,OPEN,0,0.0,1
2026-08-12T11:02:05.990448,12.2145,0.382511,0.343492,0.363002,0.368115,OPEN,0,0.0,1
2026-08-12T11:02:06.013287,12.2461,0.382665,0.341331,0.361998,0.365974,OPEN,0,0.0,1
2026-08-12T11:02:06.051190,12.2797,0.381647,0.341694,0.36167,0.364468,OPEN,0,0.0,1
2026-08-12T11:02:06.082026,12.3105,0.377537,0.341819,0.359678,0.362791,OPEN,0,0.0,1
2026-08-12T11:02:06.115970,12.3446,0.372746,0.342129,0.357438,0.360918,OPEN,0,0.0,1
2026-08-12T11:02:06.148630,12.3777,0.372171,0.340661,0.356416,0.359342,OPEN,0,0.0,1
2026-08-12T11:02:06.184630,12.4137,0.370008,0.339763,0.354886,0.357782,OPEN,0,0.0,1
2026-08-12T11:02:06.207345,12.438,0.365459,0.338405,0.351932,0.355735,OPEN,0,0.0,1
2026-08-12T11:02:06.244113,12.4728,0.368045,0.335928,0.351986,0.354423,OPEN,0,0.0,1
2026-08-12T11:02:06.274208,12.503,0.377799,0.338829,0.358314,0.355785,OPEN,0,0.0,1
2026-08-12T11:02:06.310438,12.538,0.381393,0.329553,0.355473,0.355676,OPEN,0,0.0,1
2026-08-12T11:02:06.340840,12.5682,0.404444,0.347719,0.376081,0.362818,OPEN,0,0.0,1
2026-08-12T11:02:06.392132,12.6211,0.425954,0.368607,0.397281,0.37488,OPEN,0,0.0,1
2026-08-12T11:02:06.431106,12.6576,0.443463,0.380579,0.412021,0.387879,OPEN,0,0.0,1
2026-08-12T11:02:06.451541,12.6807,0.448319,0.388826,0.418572,0.398622,OPEN,0,0.0,1
2026-08-12T11:02:06.486249,12.7145,0.440798,0.390731,0.415764,0.404622,OPEN,0,0.0,1
2026-08-12T11:02:06.514332,12.7428,0.428444,0.383809,0.406126,0.405148,OPEN,0,0.0,1
2026-08-12T11:02:06.546875,12.7748,0.427515,0.386714,0.407114,0.405836,OPEN,0,0.0,1
2026-08-12T11:02:06.577559,12.8078,0.432186,0.386497,0.409341,0.407063,OPEN,0,0.0,1
2026-08-12T11:02:06.612192,12.843,0.421531,0.38364,0.402586,0.405496,OPEN,0,0.0,1
2026-08-12T11:02:06.641796,12.8703,0.424918,0.386061,0.405489,0.405494,OPEN,0,0.0,1
2026-08-12T11:02:06.674521,12.903,0.419701,0.380209,0.399955,0.403555,OPEN,0,0.0,1
2026-08-12T11:02:06.708406,12.9357,0.426965,0.388863,0.407914,0.405081,OPEN,0,0.0,1
2026-08-12T11:02:06.736793,12.9655,0.42584,0.384622,0.405231,0.405133,OPEN,0,0.0,1
2026-08-12T11:02:06.769361,12.9988,0.41242,0.375898,0.394159,0.401292,OPEN,0,0.0,1
2026-08-12T11:02:06.824875,13.0533,0.4139,0.379122,0.396511,0.399619,OPEN,0,0.0,1
2026-08-12T11:02:06.850145,13.0787,0.403935,0.379474,0.391705,0.396849,OPEN,0,0.0,1
2026-08-12T11:02:06.881582,13.1104,0.375026,0.372041,0.373533,0.388688,OPEN,0,0.0,1
2026-08-12T11:02:06.915408,13.1437,0.36502,0.363378,0.364199,0.380117,OPEN,0,0.0,1
2026-08-12T11:02:06.946974,13.1754,0.360425,0.349068,0.354746,0.371237,OPEN,0,0.0,1
2026-08-12T11:02:06.979381,13.2079,0.356305,0.330445,0.343375,0.361485,OPEN,0,0.0,1
2026-08-12T11:02:07.013821,13.2419,0.34546,0.315357,0.330408,0.350608,OPEN,0,0.0,1
2026-08-12T11:02:07.041834,13.2745,0.34065,0.312787,0.326719,0.342247,OPEN,0,0.0,1
2026-08-12T11:02:07.069179,13.3019,0.337476,0.313731,0.325603,0.336422,OPEN,0,0.0,1
2026-08-12T11:02:07.101915,13.3341,0.333187,0.31807,0.325628,0.332644,OPEN,0,0.0,1
2026-08-12T11:02:07.133893,13.3667,0.335816,0.319713,0.327764,0.330936,OPEN,0,0.0,1
2026-08-12T11:02:07.165578,13.3987,0.339175,0.320448,0.329811,0.330543,OPEN,0,0.0,1
2026-08-12T11:02:07.195819,13.4294,0.352415,0.326402,0.339409,0.333646,OPEN,0,0.0,1
2026-08-12T11:02:07.258048,13.4849,0.350992,0.32944,0.340216,0.335945,OPEN,0,0.0,1
2026-08-12T11:02:07.279648,13.5098,0.355164,0.328349,0.341757,0.337979,OPEN,0,0.0,1
2026-08-12T11:02:07.316974,13.5454,0.357472,0.332073,0.344772,0.340357,OPEN,0,0.0,1
2026-08-12T11:02:07.350371,13.5793,0.361451,0.335852,0.348651,0.34326,OPEN,0,0.0,1
2026-08-12T11:02:07.380916,13.6122,0.361747,0.339916,0.350831,0.34591,OPEN,0,0.0,1
2026-08-12T11:02:07.417031,13.6456,0.357013,0.341022,0.349017,0.346998,OPEN,0,0.0,1
2026-08-12T11:02:07.451658,13.6803,0.357988,0.352842,0.355415,0.349944,OPEN,0,0.0,1
2026-08-12T11:02:07.477206,13.7078,0.354169,0.350956,0.352562,0.35086,OPEN,0,0.0,1
2026-08-12T11:02:07.504163,13.7339,0.354847,0.354945,0.354896,0.352273,OPEN,0,0.0,1
2026-08-12T11:02:07.540022,13.7689,0.361029,0.355799,0.358414,0.354422,OPEN,0,0.0,1
2026-08-12T11:02:07.572340,13.8001,0.365062,0.351445,0.358254,0.355763,OPEN,0,0.0,1
2026-08-12T11:02:07.601853,13.8307,0.36303,0.340108,0.351569,0.354295,OPEN,0,0.0,1
2026-08-12T11:02:07.636810,13.8645,0.310656,0.241178,0.275917,0.326863,OPEN,0,0.0,1
2026-08-12T11:02:07.687394,13.9162,0.147775,0.101224,0.1245,0.256036,OPEN,0,0.0,1
2026-08-12T11:02:07.712767,13.9436,0.113957,0.069433,0.091695,0.198516,CLOSING,0,0.0,1
2026-08-12T11:02:07.750390,13.9774,0.153208,0.133858,0.143533,0.179272,CLOSING,0,0.0,1
2026-08-12T11:02:07.776469,14.0069,0.170409,0.158722,0.164566,0.174125,CLOSED,0,0.0,1
2026-08-12T11:02:07.811439,14.0402,0.208306,0.205328,0.206817,0.185567,CLOSED,0,0.0,1
2026-08-12T11:02:07.844652,14.0737,0.219388,0.24666,0.233024,0.202177,CLOSED,0,0.0,1
2026-08-12T11:02:07.874631,14.1031,0.24122,0.276776,0.258998,0.222064,CLOSED,0,0.0,1
2026-08-12T11:02:07.912322,14.1414,0.267081,0.292708,0.279894,0.242305,CLOSED,0,0.0,1
2026-08-12T11:02:07.937236,14.168,0.288668,0.308013,0.29834,0.261917,OPENING,0,0.0,1
2026-08-12T11:02:07.972524,14.2013,0.302989,0.327309,0.315149,0.280548,OPEN,1,0.257722,1
2026-08-12T11:02:08.004662,14.2305,0.316624,0.338972,0.327798,0.297086,OPEN,0,0.0,1
2026-08-12T11:02:08.034619,14.2638,0.341172,0.355252,0.348212,0.31498,OPEN,0,0.0,1
2026-08-12T11:02:08.084021,14.3121,0.353879,0.353128,0.353504,0.328463,OPEN,0,0.0,1
2026-08-12T11:02:08.120550,14.3496,0.355763,0.352931,0.354347,0.337523,OPEN,0,0.0,1
2026-08-12T11:02:08.146318,14.3756,0.355913,0.350753,0.353333,0.343056,OPEN,0,0.0,1
2026-08-12T11:02:08.181107,14.4093,0.352761,0.348072,0.350417,0.345632,OPEN,0,0.0,1
2026-08-12T11:02:08.214637,14.4432,0.356185,0.347636,0.351911,0.34783,OPEN,0,0.0,1
2026-08-12T11:02:08.242885,14.4722,0.357454,0.347404,0.352429,0.34944,OPEN,0,0.0,1
2026-08-12T11:02:08.271407,14.5052,0.361541,0.34898,0.35526,0.351477,OPEN,0,0.0,1
2026-08-12T11:02:08.299828,14.5335,0.367716,0.356456,0.362086,0.35519,OPEN,0,0.0,1
2026-08-12T11:02:08.342053,14.5713,0.384686,0.375776,0.380231,0.363955,OPEN,0,0.0,1
2026-08-12T11:02:08.369670,14.5983,0.402515,0.390184,0.396349,0.375293,OPEN,0,0.0,1
2026-08-12T11:02:08.402683,14.6313,0.402309,0.3906,0.396455,0.382699,OPEN,0,0.0,1
2026-08-12T11:02:08.433925,14.664,0.403899,0.393829,0.398864,0.388357,OPEN,0,0.0,1
2026-08-12T11:02:08.471065,14.6987,0.413342,0.397676,0.405509,0.39436,OPEN,0,0.0,1
2026-08-12T11:02:08.515761,14.7437,0.411369,0.394705,0.403037,0.397397,OPEN,0,0.0,1
2026-08-12T11:02:08.552649,14.7817,0.416432,0.397866,0.407149,0.40081,OPEN,0,0.0,1
2026-08-12T11:02:08.574375,14.8061,0.415337,0.394803,0.40507,0.402301,OPEN,0,0.0,1
2026-08-12T11:02:08.612894,14.8412,0.410805,0.392903,0.401854,0.402145,OPEN,0,0.0,1
2026-08-12T11:02:08.643121,14.8724,0.409262,0.391209,0.400235,0.401476,OPEN,0,0.0,1
2026-08-12T11:02:08.675105,14.9048,0.410748,0.39137,0.401059,0.40133,OPEN,0,0.0,1
2026-08-12T11:02:08.708627,14.9394,0.408792,0.388746,0.398769,0.400434,OPEN,0,0.0,1
2026-08-12T11:02:08.744251,14.9733,0.410872,0.391092,0.400982,0.400626,OPEN,0,0.0,1
2026-08-12T11:02:08.775940,15.0064,0.414026,0.391446,0.402736,0.401364,OPEN,0,0.0,1
2026-08-12T11:02:08.802233,15.031,0.418961,0.393058,0.406009,0.40299,OPEN,0,0.0,1
2026-08-12T11:02:08.835932,15.0646,0.426348,0.394394,0.410371,0.405573,OPEN,0,0.0,1
2026-08-12T11:02:08.862557,15.0942,0.422556,0.392527,0.407541,0.406262,OPEN,0,0.0,1
2026-08-12T11:02:08.901021,15.1288,0.420197,0.392737,0.406467,0.406334,OPEN,0,0.0,1
2026-08-12T11:02:08.948759,15.1772,0.416635,0.390893,0.403764,0.405434,OPEN,0,0.0,1
2026-08-12T11:02:08.984681,15.2133,0.421222,0.393642,0.407432,0.406134,OPEN,0,0.0,1
2026-08-12T11:02:09.019722,15.2472,0.427763,0.398927,0.413345,0.408658,OPEN,0,0.0,1
2026-08-12T11:02:09.040915,15.2699,0.421623,0.395053,0.408338,0.408546,OPEN,0,0.0,1
2026-08-12T11:02:09.074900,15.3033,0.412868,0.389706,0.401287,0.406005,OPEN,0,0.0,1
2026-08-12T11:02:09.105153,15.3358,0.410859,0.390743,0.400801,0.404184,OPEN,0,0.0,1
2026-08-12T11:02:09.138292,15.3695,0.411375,0.390949,0.401162,0.403126,OPEN,0,0.0,1
2026-08-12T11:02:09.175092,15.4044,0.411645,0.390292,0.400969,0.402371,OPEN,0,0.0,1
2026-08-12T11:02:09.219817,15.4473,0.411546,0.389658,0.400602,0.401752,OPEN,0,0.0,1
2026-08-12T11:02:09.255155,15.4812,0.411278,0.390694,0.400986,0.401484,OPEN,0,0.0,1
2026-08-12T11:02:09.301316,15.5272,0.409539,0.389298,0.399418,0.400761,OPEN,0,0.0,1
2026-08-12T11:02:09.328419,15.5605,0.40998,0.389112,0.399546,0.400336,OPEN,0,0.0,1
2026-08-12T11:02:09.362269,15.594,0.409803,0.389542,0.399672,0.400104,OPEN,0,0.0,1
2026-08-12T11:02:09.398053,15.6271,0.408884,0.388293,0.398589,0.399573,OPEN,0,0.0,1
2026-08-12T11:02:09.419987,15.6535,0.402484,0.383362,0.392923,0.397246,OPEN,0,0.0,1
2026-08-12T11:02:09.437791,15.6718,0.397658,0.37546,0.386559,0.393505,OPEN,0,0.0,1
2026-08-12T11:02:09.472925,15.7029,0.392566,0.364034,0.3783,0.388183,OPEN,0,0.0,1
2026-08-12T11:02:09.508147,15.7361,0.387873,0.35464,0.371257,0.382259,OPEN,0,0.0,1
2026-08-12T11:02:09.538207,15.7691,0.382277,0.345773,0.364025,0.375877,OPEN,0,0.0,1
2026-08-12T11:02:09.571278,15.7997,0.214635,0.144729,0.179682,0.307209,OPEN,0,0.0,1
2026-08-12T11:02:09.603578,15.8318,0.09366,0.074997,0.084329,0.229201,CLOSING,0,0.0,1
2026-08-12T11:02:09.634075,15.8667,0.137424,0.108883,0.123154,0.192084,CLOSING,0,0.0,1
2026-08-12T11:02:09.701802,15.9294,0.214477,0.211758,0.213117,0.199446,CLOSED,0,0.0,1
2026-08-12T11:02:09.725455,15.9531,0.256197,0.244991,0.250594,0.217348,CLOSED,0,0.0,1
2026-08-12T11:02:09.760111,15.9914,0.314612,0.296249,0.305431,0.248177,CLOSED,0,0.0,1
2026-08-12T11:02:09.794773,16.0253,0.344687,0.326471,0.335579,0.278767,OPENING,0,0.0,1
2026-08-12T11:02:09.833379,16.0592,0.36677,0.347365,0.357068,0.306173,OPEN,1,0.227428,1
2026-08-12T11:02:09.857417,16.0882,0.381682,0.363437,0.372559,0.329408,OPEN,0,0.0,1
2026-08-12T11:02:09.893553,16.1235,0.393867,0.380675,0.387271,0.34966,OPEN,0,0.0,1
2026-08-12T11:02:09.928129,16.1571,0.396695,0.379325,0.38801,0.363083,OPEN,0,0.0,1
2026-08-12T11:02:09.960357,16.1909,0.40124,0.382129,0.391684,0.373093,OPEN,0,0.0,1
2026-08-12T11:02:09.994897,16.226,0.398829,0.378046,0.388438,0.378464,OPEN,0,0.0,1
2026-08-12T11:02:10.028359,16.2584,0.398103,0.377179,0.387641,0.381676,OPEN,0,0.0,1
2026-08-12T11:02:10.060855,16.2903,0.398304,0.376089,0.387196,0.383608,OPEN,0,0.0,1
2026-08-12T11:02:10.098840,16.3278,0.401162,0.37787,0.389516,0.385676,OPEN,0,0.0,1
2026-08-12T11:02:10.130842,16.3618,0.400688,0.380005,0.390346,0.387311,OPEN,0,0.0,1
2026-08-12T11:02:10.169077,16.3965,0.400377,0.381133,0.390755,0.388516,OPEN,0,0.0,1
2026-08-12T11:02:10.191265,16.4192,0.400602,0.382453,0.391528,0.38957,OPEN,0,0.0,1
2026-08-12T11:02:10.225981,16.4541,0.402385,0.383132,0.392759,0.390686,OPEN,0,0.0,1
2026-08-12T11:02:10.265082,16.4886,0.403661,0.385211,0.394436,0.391998,OPEN,0,0.0,1
2026-08-12T11:02:10.288367,16.5207,0.403985,0.385515,0.39475,0.392961,OPEN,0,0.0,1
2026-08-12T11:02:10.329237,16.5558,0.407904,0.388877,0.398391,0.394862,OPEN,0,0.0,1
2026-08-12T11:02:10.347101,16.5784,0.406885,0.388185,0.397535,0.395797,OPEN,0,0.0,1
2026-08-12T11:02:10.387225,16.6136,0.407102,0.389818,0.39846,0.396729,OPEN,0,0.0,1
2026-08-12T11:02:10.403877,16.6363,0.409897,0.390996,0.400446,0.39803,OPEN,0,0.0,1
2026-08-12T11:02:10.443862,16.6713,0.411064,0.391336,0.4012,0.39914,OPEN,0,0.0,1
2026-08-12T11:02:10.507796,16.7352,0.410894,0.393435,0.402165,0.400198,OPEN,0,0.0,1
2026-08-12T11:02:10.529787,16.7576,0.414224,0.39654,0.405382,0.402013,OPEN,0,0.0,1
2026-08-12T11:02:10.557840,16.7891,0.415706,0.397751,0.406729,0.403663,OPEN,0,0.0,1
2026-08-12T11:02:10.576243,16.8075,0.415792,0.39757,0.406681,0.404719,OPEN,0,0.0,1
2026-08-12T11:02:10.611284,16.8419,0.416171,0.393821,0.404996,0.404816,OPEN,0,0.0,1
2026-08-12T11:02:10.644318,16.8762,0.417223,0.392939,0.405081,0.404909,OPEN,0,0.0,1
2026-08-12T11:02:10.675625,16.9096,0.415062,0.389028,0.402045,0.403907,OPEN,0,0.0,1
2026-08-12T11:02:10.704611,16.9374,0.415769,0.388473,0.402121,0.403282,OPEN,0,0.0,1
2026-08-12T11:02:10.743359,16.9711,0.416555,0.387482,0.402019,0.40284,OPEN,0,0.0,1
2026-08-12T11:02:10.764003,16.9969,0.41281,0.387245,0.400028,0.401855,OPEN,0,0.0,1
2026-08-12T11:02:10.804398,17.0314,0.405282,0.385067,0.395175,0.399517,OPEN,0,0.0,1
2026-08-12T11:02:10.835822,17.0656,0.405664,0.385657,0.39566,0.398167,OPEN,0,0.0,1
2026-08-12T11:02:10.900984,17.1283,0.405997,0.385314,0.395656,0.397288,OPEN,0,0.0,1
2026-08-12T11:02:10.933339,17.1639,0.403534,0.386382,0.394958,0.396473,OPEN,0,0.0,1
2026-08-12T11:02:10.969965,17.198,0.400341,0.38409,0.392215,0.394983,OPEN,0,0.0,1
2026-08-12T11:02:10.992236,17.2225,0.400171,0.383418,0.391794,0.393867,OPEN,0,0.0,1
2026-08-12T11:02:11.011196,17.2425,0.399997,0.382846,0.391421,0.393011,OPEN,0,0.0,1
2026-08-12T11:02:11.051566,17.2782,0.400815,0.381746,0.39128,0.392405,OPEN,0,0.0,1
2026-08-12T11:02:11.081975,17.3121,0.39562,0.376538,0.386079,0.390191,OPEN,0,0.0,1
2026-08-12T11:02:11.100385,17.3335,0.39032,0.373762,0.382041,0.387339,OPEN,0,0.0,1
2026-08-12T11:02:11.143165,17.372,0.389584,0.371619,0.380602,0.384981,OPEN,0,0.0,1
2026-08-12T11:02:11.177600,17.4062,0.385995,0.371237,0.378616,0.382753,OPEN,0,0.0,1
2026-08-12T11:02:11.200340,17.43,0.389484,0.375512,0.382498,0.382664,OPEN,0,0.0,1
2026-08-12T11:02:11.236133,17.4645,0.393148,0.377418,0.385283,0.383581,OPEN,0,0.0,1
2026-08-12T11:02:11.301473,17.5288,0.395611,0.374625,0.385118,0.384119,OPEN,0,0.0,1
2026-08-12T11:02:11.336498,17.5627,0.397723,0.376383,0.387053,0.385146,OPEN,0,0.0,1
2026-08-12T11:02:11.380918,17.6075,0.394658,0.376035,0.385347,0.385216,OPEN,0,0.0,1
2026-08-12T11:02:11.409178,17.6418,0.398584,0.378482,0.388533,0.386377,OPEN,0,0.0,1
2026-08-12T11:02:11.427354,17.6599,0.40069,0.379786,0.390238,0.387728,OPEN,0,0.0,1
2026-08-12T11:02:11.468813,17.6949,0.401323,0.381846,0.391584,0.389078,OPEN,0,0.0,1
2026-08-12T11:02:11.502180,17.7294,0.400582,0.38317,0.391876,0.390057,OPEN,0,0.0,1
2026-08-12T11:02:11.535664,17.7626,0.405304,0.385914,0.395609,0.392001,OPEN,0,0.0,1
2026-08-12T11:02:11.565440,17.7935,0.403514,0.385779,0.394646,0.392927,OPEN,0,0.0,1
2026-08-12T11:02:11.598781,17.8308,0.402186,0.384248,0.393217,0.393028,OPEN,0,0.0,1
2026-08-12T11:02:11.632632,17.8646,0.398825,0.38092,0.389872,0.391924,OPEN,0,0.0,1
2026-08-12T11:02:11.664218,17.897,0.398385,0.38048,0.389432,0.391052,OPEN,0,0.0,1
2026-08-12T11:02:11.691535,17.9244,0.403875,0.382887,0.393381,0.391867,OPEN,0,0.0,1
2026-08-12T11:02:11.725066,17.9575,0.404453,0.382697,0.393575,0.392465,OPEN,0,0.0,1
2026-08-12T11:02:11.762610,17.9904,0.404933,0.385149,0.395041,0.393366,OPEN,0,0.0,1
2026-08-12T11:02:11.796881,18.0276,0.405199,0.384747,0.394973,0.393929,OPEN,0,0.0,1
2026-08-12T11:02:11.834160,18.0621,0.404548,0.384171,0.394359,0.394079,OPEN,0,0.0,1
2026-08-12T11:02:11.850834,18.0842,0.404069,0.384036,0.394053,0.39407,OPEN,0,0.0,1
2026-08-12T11:02:11.870102,18.103,0.403449,0.383725,0.393587,0.393901,OPEN,0,0.0,1
2026-08-12T11:02:11.909046,18.138,0.405245,0.384053,0.394649,0.394163,OPEN,0,0.0,1
2026-08-12T11:02:11.944278,18.1724,0.404921,0.383971,0.394446,0.394262,OPEN,0,0.0,1
2026-08-12T11:02:11.979460,18.2069,0.396594,0.376113,0.386353,0.391494,OPEN,0,0.0,1
2026-08-12T11:02:12.000145,18.2335,0.383822,0.367239,0.375531,0.385907,OPEN,0,0.0,1
2026-08-12T11:02:12.034048,18.2629,0.376104,0.361572,0.368838,0.379933,OPEN,0,0.0,1
2026-08-12T11:02:12.101347,18.3275,0.371468,0.359123,0.365295,0.37481,OPEN,0,0.0,1
2026-08-12T11:02:12.129803,18.3586,0.370903,0.360445,0.365674,0.371612,OPEN,0,0.0,1
2026-08-12T11:02:12.164414,18.3914,0.369534,0.360116,0.364825,0.369237,OPEN,0,0.0,1
2026-08-12T11:02:12.197101,18.4251,0.3706,0.361246,0.365923,0.368077,OPEN,0,0.0,1
2026-08-12T11:02:12.227269,18.4603,0.368151,0.361525,0.364838,0.366943,OPEN,0,0.0,1
2026-08-12T11:02:12.256855,18.4864,0.36841,0.360904,0.364657,0.366143,OPEN,0,0.0,1
2026-08-12T11:02:12.291681,18.5203,0.368463,0.360449,0.364456,0.365553,OPEN,0,0.0,1
2026-08-12T11:02:12.328653,18.5555,0.368277,0.359668,0.363973,0.365,OPEN,0,0.0,1
2026-08-12T11:02:12.361517,18.5884,0.367073,0.359521,0.363297,0.364404,OPEN,0,0.0,1
2026-08-12T11:02:12.380403,18.6106,0.367257,0.360086,0.363672,0.364147,OPEN,0,0.0,1
2026-08-12T11:02:12.421670,18.6463,0.369735,0.363808,0.366771,0.365066,OPEN,0,0.0,1
2026-08-12T11:02:12.452560,18.6797,0.373032,0.365938,0.369485,0.366612,OPEN,0,0.0,1
2026-08-12T11:02:12.500354,18.7287,0.371976,0.364491,0.368233,0.36718,OPEN,0,0.0,1
2026-08-12T11:02:12.529957,18.7591,0.29705,0.160802,0.228926,0.318791,OPEN,0,0.0,1
2026-08-12T11:02:12.563287,18.7927,0.129977,0.085379,0.107678,0.244901,CLOSING,0,0.0,1
2026-08-12T11:02:12.598542,18.8257,0.126127,0.083942,0.105034,0.195948,CLOSING,0,0.0,1
2026-08-12T11:02:12.626275,18.8548,0.155176,0.111767,0.133471,0.174081,CLOSED,0,0.0,1
2026-08-12T11:02:12.663058,18.8926,0.177716,0.139789,0.158752,0.168716,CLOSED,0,0.0,1
2026-08-12T11:02:12.700229,18.928,0.229928,0.241073,0.235501,0.192091,CLOSED,0,0.0,1
2026-08-12T11:02:12.718867,18.9504,0.251449,0.2646,0.258024,0.215167,CLOSED,0,0.0,1
2026-08-12T11:02:12.759994,18.9859,0.303754,0.31482,0.309287,0.248109,CLOSED,0,0.0,1
2026-08-12T11:02:12.776972,19.01,0.335126,0.34384,0.339483,0.28009,OPENING,0,0.0,1
2026-08-12T11:02:12.796191,19.0295,0.361543,0.362459,0.362001,0.308759,OPEN,1,0.236749,1
2026-08-12T11:02:12.836009,19.0641,0.378957,0.370645,0.374801,0.331874,OPEN,0,0.0,1
2026-08-12T11:02:12.900385,19.1283,0.389023,0.374821,0.381922,0.349391,OPEN,0,0.0,1
2026-08-12T11:02:12.931000,19.1598,0.388634,0.374025,0.381329,0.360569,OPEN,0,0.0,1
2026-08-12T11:02:12.966082,19.1936,0.38972,0.377526,0.383623,0.368638,OPEN,0,0.0,1
2026-08-12T11:02:12.995168,19.2233,0.389816,0.380796,0.385306,0.374472,OPEN,0,0.0,1
2026-08-12T11:02:13.028489,19.2571,0.391607,0.383874,0.387741,0.379116,OPEN,0,0.0,1
2026-08-12T11:02:13.062776,19.2914,0.39193,0.385226,0.388578,0.382428,OPEN,0,0.0,1
2026-08-12T11:02:13.110091,19.3361,0.392949,0.383968,0.388458,0.384538,OPEN,0,0.0,1
2026-08-12T11:02:13.143326,19.3714,0.393061,0.383361,0.388211,0.385824,OPEN,0,0.0,1
2026-08-12T11:02:13.176610,19.4042,0.3922,0.381799,0.386999,0.386235,OPEN,0,0.0,1
2026-08-12T11:02:13.195027,19.4268,0.392506,0.381968,0.387237,0.386586,OPEN,0,0.0,1
2026-08-12T11:02:13.233706,19.4606,0.386264,0.377909,0.382086,0.385011,OPEN,0,0.0,1
2026-08-12T11:02:13.266608,19.494,0.385161,0.376632,0.380897,0.383571,OPEN,0,0.0,1
2026-08-12T11:02:13.295167,19.5267,0.384129,0.375215,0.379672,0.382206,OPEN,0,0.0,1
2026-08-12T11:02:13.331944,19.5638,0.38244,0.373476,0.377958,0.38072,OPEN,0,0.0,1
2026-08-12T11:02:13.370244,19.5981,0.381104,0.372205,0.376654,0.379297,OPEN,0,0.0,1
2026-08-12T11:02:13.393425,19.6223,0.383565,0.37377,0.378668,0.379076,OPEN,0,0.0,1
2026-08-12T11:02:13.428206,19.6564,0.382579,0.373484,0.378031,0.378711,OPEN,0,0.0,1
2026-08-12T11:02:13.459864,19.6898,0.381285,0.373064,0.377174,0.378173,OPEN,0,0.0,1
2026-08-12T11:02:13.497393,19.7247,0.381104,0.372472,0.376788,0.377688,OPEN,0,0.0,1
2026-08-12T11:02:13.523878,19.7555,0.380479,0.372165,0.376322,0.37721,OPEN,0,0.0,1
2026-08-12T11:02:13.561690,19.7899,0.379839,0.371587,0.375713,0.376686,OPEN,0,0.0,1
2026-08-12T11:02:13.578335,19.8107,0.380362,0.37255,0.376456,0.376606,OPEN,0,0.0,1
2026-08-12T11:02:13.620908,19.8462,0.380676,0.372451,0.376563,0.376591,OPEN,0,0.0,1
2026-08-12T11:02:13.642734,19.8711,0.380904,0.372408,0.376656,0.376614,OPEN,0,0.0,1
2026-08-12T11:02:13.700153,19.9283,0.385564,0.384012,0.384788,0.379475,OPEN,0,0.0,1
2026-08-12T11:02:13.734686,19.9621,0.390474,0.387552,0.389013,0.382813,OPEN,0,0.0,1
2026-08-12T11:02:13.766994,19.9974,0.390052,0.386653,0.388352,0.384752,OPEN,0,0.0,1
2026-08-12T11:02:13.807629,20.033,0.385762,0.375243,0.380502,0.383265,OPEN,0,0.0,1
2026-08-12T11:02:13.826702,20.0576,0.334243,0.250869,0.292556,0.351516,OPEN,0,0.0,1
2026-08-12T11:02:13.859069,20.0917,0.180397,0.094387,0.137392,0.276573,OPEN,0,0.0,1
2026-08-12T11:02:13.886735,20.1187,0.068928,0.039843,0.054385,0.198807,CLOSING,0,0.0,1
2026-08-12T11:02:13.917115,20.1485,0.071792,0.0398,0.055796,0.148753,CLOSING,0,0.0,1
2026-08-12T11:02:13.952365,20.1852,0.053958,0.033678,0.043818,0.112026,CLOSED,0,0.0,1
2026-08-12T11:02:13.969107,20.2021,0.056535,0.035314,0.045924,0.08889,CLOSED,0,0.0,1
2026-08-12T11:02:13.985673,20.2197,0.065004,0.038105,0.051554,0.075823,CLOSED,0,0.0,1
2026-08-12T11:02:14.036387,20.2638,0.078215,0.035949,0.057082,0.069264,CLOSED,0,0.0,1
2026-08-12T11:02:14.094509,20.3262,0.069163,0.038792,0.053977,0.063913,CLOSED,0,0.0,1
2026-08-12T11:02:14.134020,20.3607,0.060061,0.035653,0.047857,0.058294,CLOSED,0,0.0,1
2026-08-12T11:02:14.162733,20.391,0.053872,0.031064,0.042468,0.052755,CLOSED,0,0.0,1
2026-08-12T11:02:14.195497,20.4276,0.065505,0.03472,0.050113,0.05183,CLOSED,0,0.0,1
2026-08-12T11:02:14.232508,20.4615,0.070591,0.032954,0.051773,0.05181,CLOSED,0,0.0,1
2026-08-12T11:02:14.268390,20.4964,0.071179,0.037046,0.054113,0.052616,CLOSED,0,0.0,1
2026-08-12T11:02:14.287094,20.519,0.070702,0.037629,0.054166,0.053158,CLOSED,0,0.0,1
2026-08-12T11:02:14.323408,20.5512,0.06324,0.038695,0.050968,0.052392,CLOSED,0,0.0,1
2026-08-12T11:02:14.356531,20.5843,0.061322,0.039691,0.050507,0.051732,CLOSED,0,0.0,1
2026-08-12T11:02:14.391465,20.6208,0.062469,0.040233,0.051351,0.051599,CLOSED,0,0.0,1
2026-08-12T11:02:14.429271,20.656,0.061924,0.039303,0.050613,0.051254,CLOSED,0,0.0,1
2026-08-12T11:02:14.462663,20.6904,0.061751,0.037635,0.049693,0.050708,CLOSED,0,0.0,1
2026-08-12T11:02:14.499551,20.7273,0.058442,0.034895,0.046668,0.049294,CLOSED,0,0.0,1
2026-08-12T11:02:14.534357,20.7619,0.061606,0.03245,0.047028,0.048501,CLOSED,0,0.0,1
2026-08-12T11:02:14.568397,20.7964,0.057703,0.031546,0.044624,0.047144,CLOSED,0,0.0,1
2026-08-12T11:02:14.603010,20.8302,0.062305,0.032195,0.04725,0.047181,CLOSED,0,0.0,1
2026-08-12T11:02:14.627196,20.8583,0.063596,0.033392,0.048494,0.047641,CLOSED,0,0.0,1
2026-08-12T11:02:14.662244,20.8921,0.062174,0.036508,0.049341,0.048236,CLOSED,0,0.0,1
2026-08-12T11:02:14.697577,20.9265,0.081561,0.039259,0.06041,0.052497,CLOSED,0,0.0,1
2026-08-12T11:02:14.733759,20.9611,0.076346,0.039047,0.057696,0.054317,CLOSED,0,0.0,1
2026-08-12T11:02:14.758043,20.9858,0.078187,0.038882,0.058534,0.055793,CLOSED,0,0.0,1
2026-08-12T11:02:14.798180,21.0208,0.078167,0.038944,0.058556,0.05676,CLOSED,0,0.0,1
2026-08-12T11:02:14.829093,21.0627,0.078034,0.03898,0.058507,0.057371,CLOSED,0,0.0,1
2026-08-12T11:02:14.845737,21.0782,0.078323,0.040203,0.059263,0.058033,CLOSED,0,0.0,1
2026-08-12T11:02:14.902974,21.1291,0.081874,0.042081,0.061978,0.059414,CLOSED,0,0.0,1
2026-08-12T11:02:14.934185,21.1634,0.084252,0.043487,0.06387,0.060973,CLOSED,0,0.0,1
2026-08-12T11:02:14.969049,21.1979,0.078132,0.039585,0.058858,0.060233,CLOSED,0,0.0,1
2026-08-12T11:02:15.004142,21.2325,0.076193,0.038295,0.057244,0.059187,CLOSED,0,0.0,1
2026-08-12T11:02:15.026395,21.2546,0.075882,0.038676,0.057279,0.058519,CLOSED,0,0.0,1
2026-08-12T11:02:15.059061,21.2914,0.08054,0.040181,0.060361,0.059164,CLOSED,0,0.0,1
2026-08-12T11:02:15.096791,21.3256,0.084374,0.042812,0.063593,0.060714,CLOSED,0,0.0,1
2026-08-12T11:02:15.132177,21.3593,0.082035,0.04272,0.062378,0.061296,CLOSED,0,0.0,1
2026-08-12T11:02:15.150586,21.3829,0.081115,0.041354,0.061235,0.061275,CLOSED,0,0.0,1
2026-08-12T11:02:15.186295,21.4149,0.081058,0.042952,0.062005,0.06153,CLOSED,0,0.0,1
2026-08-12T11:02:15.220693,21.4488,0.081155,0.044046,0.062601,0.061905,CLOSED,0,0.0,1
2026-08-12T11:02:15.242095,21.4708,0.081597,0.044652,0.063125,0.062332,CLOSED,0,0.0,1
2026-08-12T11:02:15.302723,21.5302,0.085852,0.048329,0.06709,0.063997,CLOSED,0,0.0,1
2026-08-12T11:02:15.336969,21.5637,0.084966,0.047627,0.066297,0.064802,CLOSED,0,0.0,1
2026-08-12T11:02:15.360139,21.5897,0.084113,0.046502,0.065307,0.064979,CLOSED,0,0.0,1
2026-08-12T11:02:15.396330,21.6241,0.084042,0.052193,0.068117,0.066077,CLOSED,0,0.0,1
2026-08-12T11:02:15.431566,21.6587,0.12147,0.084084,0.102777,0.078922,CLOSED,0,0.0,1
2026-08-12T11:02:15.466025,21.6933,0.163746,0.13122,0.147483,0.102919,CLOSED,0,0.0,1
2026-08-12T11:02:15.488886,21.7218,0.275871,0.238354,0.257112,0.156886,CLOSED,0,0.0,1
2026-08-12T11:02:15.523370,21.753,0.339237,0.307571,0.323404,0.215167,CLOSED,0,0.0,1
2026-08-12T11:02:15.555885,21.7837,0.370694,0.349983,0.360338,0.265977,OPENING,0,0.0,1
2026-08-12T11:02:15.589475,21.819,0.368896,0.355858,0.362377,0.299717,OPEN,0,1.700296,1
2026-08-12T11:02:15.622969,21.8525,0.358528,0.347997,0.353262,0.318458,OPEN,0,0.0,1
2026-08-12T11:02:15.658938,21.8866,0.349037,0.344311,0.346674,0.328334,OPEN,0,0.0,1
2026-08-12T11:02:15.681395,21.9134,0.352754,0.338834,0.345794,0.334445,OPEN,0,0.0,1
2026-08-12T11:02:15.733527,21.9609,0.35281,0.33441,0.34361,0.337652,OPEN,0,0.0,1
2026-08-12T11:02:15.769028,21.9954,0.350265,0.335132,0.342698,0.339419,OPEN,0,0.0,1
2026-08-12T11:02:15.794543,22.0228,0.351722,0.336294,0.344008,0.341025,OPEN,0,0.0,1
2026-08-12T11:02:15.828953,22.057,0.359402,0.3423,0.350851,0.344464,OPEN,0,0.0,1
2026-08-12T11:02:15.863803,22.0923,0.360666,0.346092,0.353379,0.347584,OPEN,0,0.0,1
2026-08-12T11:02:15.899928,22.1271,0.363904,0.349709,0.356806,0.350812,OPEN,0,0.0,1
2026-08-12T11:02:15.921883,22.1545,0.366212,0.353297,0.359754,0.353942,OPEN,0,0.0,1
2026-08-12T11:02:15.957947,22.188,0.369104,0.356865,0.362984,0.357107,OPEN,0,0.0,1
2026-08-12T11:02:15.991985,22.2218,0.371629,0.361287,0.366458,0.36038,OPEN,0,0.0,1
2026-08-12T11:02:16.028017,22.2565,0.374784,0.363104,0.368944,0.363377,OPEN,0,0.0,1
2026-08-12T11:02:16.050130,22.2785,0.377287,0.369074,0.373181,0.366808,OPEN,0,0.0,1
2026-08-12T11:02:16.085635,22.314,0.377871,0.373161,0.375516,0.369856,OPEN,0,0.0,1
2026-08-12T11:02:16.127263,22.3602,0.37832,0.37605,0.377185,0.372421,OPEN,0,0.0,1
2026-08-12T11:02:16.160562,22.3918,0.38099,0.37721,0.3791,0.374759,OPEN,0,0.0,1
2026-08-12T11:02:16.191739,22.4246,0.382477,0.378765,0.380621,0.376811,OPEN,0,0.0,1
2026-08-12T11:02:16.224718,22.4577,0.382909,0.378919,0.380914,0.378247,OPEN,0,0.0,1
2026-08-12T11:02:16.251942,22.4856,0.38411,0.37974,0.381925,0.379534,OPEN,0,0.0,1
2026-08-12T11:02:16.291065,22.5193,0.384443,0.379926,0.382185,0.380462,OPEN,0,0.0,1
2026-08-12T11:02:16.326928,22.5536,0.385736,0.380166,0.382951,0.381333,OPEN,0,0.0,1
2026-08-12T11:02:16.355487,22.5885,0.383325,0.379605,0.381465,0.381379,OPEN,0,0.0,1
2026-08-12T11:02:16.384938,22.6143,0.382988,0.379613,0.3813,0.381352,OPEN,0,0.0,1
2026-08-12T11:02:16.420279,22.6479,0.383108,0.379775,0.381442,0.381383,OPEN,0,0.0,1
2026-08-12T11:02:16.451363,22.6796,0.383213,0.381073,0.382143,0.381649,OPEN,0,0.0,1
2026-08-12T11:02:16.483152,22.7116,0.383702,0.381927,0.382814,0.382057,OPEN,0,0.0,1
2026-08-12T11:02:16.515518,22.7436,0.383114,0.381279,0.382196,0.382106,OPEN,0,0.0,1
2026-08-12T11:02:16.568356,22.797,0.384694,0.383365,0.384029,0.382779,OPEN,0,0.0,1
2026-08-12T11:02:16.592213,22.8219,0.384819,0.383543,0.384181,0.38327,OPEN,0,0.0,1
2026-08-12T11:02:16.627522,22.8563,0.386033,0.38615,0.386092,0.384257,OPEN,0,0.0,1
2026-08-12T11:02:16.659505,22.8881,0.388298,0.386927,0.387613,0.385432,OPEN,0,0.0,1
2026-08-12T11:02:16.693946,22.9226,0.387656,0.386501,0.387078,0.386008,OPEN,0,0.0,1
2026-08-12T11:02:16.721226,22.9514,0.388296,0.386831,0.387564,0.386552,OPEN,0,0.0,1
2026-08-12T11:02:16.755271,22.9857,0.387263,0.385624,0.386444,0.386514,OPEN,0,0.0,1
2026-08-12T11:02:16.789465,23.0203,0.332466,0.300747,0.316607,0.362047,OPEN,0,0.0,1
2026-08-12T11:02:16.817719,23.0468,0.167132,0.12935,0.148241,0.287215,OPEN,0,0.0,1
2026-08-12T11:02:16.852138,23.0808,0.136725,0.112634,0.12468,0.230327,CLOSING,0,0.0,1
2026-08-12T11:02:16.888461,23.1154,0.186462,0.171857,0.179159,0.212419,CLOSING,0,0.0,1
2026-08-12T11:02:16.921765,23.15,0.216849,0.196306,0.206578,0.210374,CLOSED,0,0.0,1
2026-08-12T11:02:16.945441,23.1746,0.261936,0.241788,0.251862,0.224895,CLOSED,0,0.0,1
2026-08-12T11:02:17.003000,23.2307,0.309003,0.29604,0.302521,0.252064,OPENING,0,0.0,1
2026-08-12T11:02:17.025651,23.2543,0.327474,0.313087,0.320281,0.27594,OPEN,1,0.173479,1
2026-08-12T11:02:17.059372,23.2885,0.336409,0.322942,0.329675,0.294747,OPEN,0,0.0,1
2026-08-12T11:02:17.094249,23.3233,0.349665,0.336706,0.343186,0.311701,OPEN,0,0.0,1
2026-08-12T11:02:17.132191,23.3584,0.354257,0.34572,0.349988,0.325101,OPEN,0,0.0,1
2026-08-12T11:02:17.149442,23.3816,0.358224,0.352617,0.355421,0.335713,OPEN,0,0.0,1
2026-08-12T11:02:17.186474,23.4159,0.364488,0.357652,0.36107,0.344588,OPEN,0,0.0,1
2026-08-12T11:02:17.223903,23.4531,0.370531,0.365176,0.367853,0.352731,OPEN,0,0.0,1
2026-08-12T11:02:17.257252,23.4879,0.376641,0.367203,0.371922,0.359448,OPEN,0,0.0,1
2026-08-12T11:02:17.289860,23.521,0.375593,0.364357,0.369975,0.363132,OPEN,0,0.0,1
2026-08-12T11:02:17.326920,23.5556,0.379374,0.367019,0.373196,0.366655,OPEN,0,0.0,1
2026-08-12T11:02:17.363242,23.5903,0.377094,0.365982,0.371538,0.368364,OPEN,0,0.0,1
2026-08-12T11:02:17.397109,23.6247,0.3773,0.365854,0.371577,0.369488,OPEN,0,0.0,1
2026-08-12T11:02:17.432352,23.662,0.382091,0.366262,0.374176,0.371129,OPEN,0,0.0,1
2026-08-12T11:02:17.474270,23.6958,0.377366,0.361514,0.36944,0.370538,OPEN,0,0.0,1
2026-08-12T11:02:17.495439,23.7229,0.377476,0.361589,0.369533,0.370186,OPEN,0,0.0,1
2026-08-12T11:02:17.523750,23.758,0.377181,0.362925,0.370053,0.37014,OPEN,0,0.0,1
2026-08-12T11:02:17.549536,23.7835,0.377317,0.361062,0.36919,0.369807,OPEN,0,0.0,1
2026-08-12T11:02:17.580851,23.8135,0.375728,0.362061,0.368895,0.369488,OPEN,0,0.0,1
2026-08-12T11:02:17.618786,23.8473,0.375524,0.361979,0.368751,0.36923,OPEN,0,0.0,1
2026-08-12T11:02:17.652714,23.8829,0.374016,0.361967,0.367991,0.368796,OPEN,0,0.0,1
2026-08-12T11:02:17.682278,23.9107,0.372542,0.361144,0.366843,0.368113,OPEN,0,0.0,1
2026-08-12T11:02:17.714795,23.9429,0.372722,0.362467,0.367595,0.367931,OPEN,0,0.0,1
2026-08-12T11:02:17.750335,23.9777,0.376186,0.36603,0.371108,0.369043,OPEN,0,0.0,1
2026-08-12T11:02:17.777703,24.0065,0.379933,0.370926,0.375429,0.371278,OPEN,0,0.0,1
2026-08-12T11:02:17.829231,24.0567,0.382624,0.375235,0.37893,0.373956,OPEN,0,0.0,1
2026-08-12T11:02:17.864931,24.0919,0.383746,0.376872,0.380309,0.37618,OPEN,0,0.0,1
2026-08-12T11:02:17.885406,24.1176,0.383855,0.377713,0.380784,0.377791,OPEN,0,0.0,1
2026-08-12T11:02:17.924701,24.1528,0.384502,0.37936,0.381931,0.37924,OPEN,0,0.0,1
2026-08-12T11:02:17.956255,24.1866,0.393425,0.385562,0.389493,0.382829,OPEN,0,0.0,1
2026-08-12T11:02:17.993994,24.2212,0.39586,0.391767,0.393814,0.386674,OPEN,0,0.0,1
2026-08-12T11:02:18.016331,24.2457,0.398989,0.395158,0.397074,0.390314,OPEN,0,0.0,1
2026-08-12T11:02:18.051198,24.2791,0.414203,0.403617,0.40891,0.396822,OPEN,0,0.0,1
2026-08-12T11:02:18.083845,24.3157,0.415624,0.405512,0.410568,0.401633,OPEN,0,0.0,1
2026-08-12T11:02:18.121703,24.3496,0.417905,0.407127,0.412516,0.405442,OPEN,0,0.0,1
2026-08-12T11:02:18.146135,24.3739,0.419438,0.407766,0.413602,0.408298,OPEN,0,0.0,1
2026-08-12T11:02:18.179354,24.4071,0.41845,0.406868,0.412659,0.409824,OPEN,0,0.0,1
2026-08-12T11:02:18.210895,24.4408,0.417465,0.406119,0.411792,0.410513,OPEN,0,0.0,1
2026-08-12T11:02:18.262595,24.4893,0.416211,0.404956,0.410583,0.410538,OPEN,0,0.0,1
2026-08-12T11:02:18.293850,24.5243,0.409771,0.394241,0.402006,0.407551,OPEN,0,0.0,1
2026-08-12T11:02:18.320940,24.5515,0.409339,0.391646,0.400492,0.405081,OPEN,0,0.0,1
2026-08-12T11:02:18.355541,24.586,0.407206,0.387586,0.397396,0.402391,OPEN,0,0.0,1
2026-08-12T11:02:18.386980,24.62,0.406271,0.387478,0.396875,0.40046,OPEN,0,0.0,1
2026-08-12T11:02:18.414714,24.6464,0.405428,0.387464,0.396446,0.399055,OPEN,0,0.0,1
2026-08-12T11:02:18.449035,24.6802,0.406137,0.387212,0.396674,0.398222,OPEN,0,0.0,1
2026-08-12T11:02:18.482095,24.7135,0.405999,0.385888,0.395943,0.397424,OPEN,0,0.0,1
2026-08-12T11:02:18.529113,24.7604,0.406049,0.386287,0.396168,0.396985,OPEN,0,0.0,1
2026-08-12T11:02:18.569150,24.7948,0.402653,0.383865,0.393259,0.395681,OPEN,0,0.0,1
2026-08-12T11:02:18.588204,24.8181,0.399657,0.381968,0.390812,0.393977,OPEN,0,0.0,1
2026-08-12T11:02:18.606030,24.8372,0.399454,0.38189,0.390672,0.39282,OPEN,0,0.0,1
2026-08-12T11:02:18.639590,24.8716,0.393327,0.374171,0.383749,0.389645,OPEN,0,0.0,1
2026-08-12T11:02:18.692365,24.9204,0.211216,0.169959,0.190588,0.319975,OPEN,0,0.0,1
2026-08-12T11:02:18.729636,24.958,0.09185,0.054034,0.072942,0.233514,CLOSING,0,0.0,1
2026-08-12T11:02:18.754578,24.9834,0.074292,0.051413,0.062853,0.173782,CLOSING,0,0.0,1
2026-08-12T11:02:18.786812,25.0158,0.11064,0.085442,0.098041,0.147273,CLOSED,0,0.0,1
2026-08-12T11:02:18.821548,25.051,0.148603,0.127211,0.137907,0.143995,CLOSED,0,0.0,1
2026-08-12T11:02:18.850731,25.0793,0.190549,0.192539,0.191544,0.160637,CLOSED,0,0.0,1
2026-08-12T11:02:18.885949,25.1137,0.261643,0.266295,0.263969,0.196803,CLOSED,0,0.0,1
2026-08-12T11:02:18.920919,25.1486,0.308361,0.305747,0.307054,0.235391,CLOSED,0,0.0,1
2026-08-12T11:02:18.965779,25.1925,0.334135,0.327379,0.330757,0.268769,OPENING,0,0.0,1
2026-08-12T11:02:18.998128,25.2258,0.351298,0.339818,0.345558,0.295645,OPEN,1,0.267852,1
2026-08-12T11:02:19.033334,25.2604,0.358986,0.348115,0.35355,0.315912,OPEN,0,0.0,1
2026-08-12T11:02:19.068439,25.2949,0.367722,0.350776,0.359249,0.33108,OPEN,0,0.0,1
2026-08-12T11:02:19.103283,25.3299,0.368994,0.351947,0.36047,0.341367,OPEN,0,0.0,1
2026-08-12T11:02:19.140629,25.3644,0.37352,0.356287,0.364904,0.349605,OPEN,0,0.0,1
2026-08-12T11:02:19.173988,25.4015,0.373218,0.358555,0.365886,0.355303,OPEN,0,0.0,1
2026-08-12T11:02:19.192412,25.4232,0.374521,0.361242,0.367882,0.359706,OPEN,0,0.0,1
2026-08-12T11:02:19.231059,25.4578,0.373578,0.361521,0.36755,0.362451,OPEN,0,0.0,1
2026-08-12T11:02:19.265649,25.4926,0.384384,0.369333,0.376858,0.367494,OPEN,0,0.0,1
2026-08-12T11:02:19.286924,25.5165,0.392143,0.377118,0.384631,0.373492,OPEN,0,0.0,1
2026-08-12T11:02:19.323715,25.5514,0.400375,0.391301,0.395838,0.381313,OPEN,0,0.0,1
2026-08-12T11:02:19.346078,25.5745,0.404838,0.394,0.399419,0.38765,OPEN,0,0.0,1
2026-08-12T11:02:19.379418,25.6108,0.409773,0.401433,0.405603,0.393934,OPEN,0,0.0,1
2026-08-12T11:02:19.405861,25.6374,0.40389,0.396683,0.400287,0.396157,OPEN,0,0.0,1
2026-08-12T11:02:19.441889,25.6705,0.403523,0.395371,0.399447,0.397309,OPEN,0,0.0,1
2026-08-12T11:02:19.475710,25.704,0.403449,0.394943,0.399196,0.397969,OPEN,0,0.0,1
2026-08-12T11:02:19.524391,25.7528,0.40399,0.395496,0.399743,0.39859,OPEN,0,0.0,1
2026-08-12T11:02:19.559548,25.7875,0.405557,0.399688,0.402622,0.400001,OPEN,0,0.0,1
2026-08-12T11:02:19.593154,25.8225,0.409166,0.405613,0.407389,0.402587,OPEN,0,0.0,1
2026-08-12T11:02:19.615241,25.846,0.41059,0.407293,0.408941,0.404811,OPEN,0,0.0,1
2026-08-12T11:02:19.652813,25.881,0.411597,0.406542,0.40907,0.406302,OPEN,0,0.0,1
2026-08-12T11:02:19.689007,25.9176,0.41044,0.405303,0.407872,0.406851,OPEN,0,0.0,1
2026-08-12T11:02:19.725249,25.9526,0.409405,0.404708,0.407056,0.406923,OPEN,0,0.0,1
2026-08-12T11:02:19.740888,25.974,0.412198,0.404922,0.40856,0.407496,OPEN,0,0.0,1
2026-08-12T11:02:19.778876,26.0072,0.41064,0.403275,0.406957,0.407307,OPEN,0,0.0,1
2026-08-12T11:02:19.809999,26.0425,0.40985,0.401802,0.405826,0.406789,OPEN,0,0.0,1
2026-08-12T11:02:19.843263,26.0722,0.406178,0.396705,0.401442,0.404917,OPEN,0,0.0,1
2026-08-12T11:02:19.878934,26.1072,0.32115,0.306495,0.313823,0.373034,OPEN,0,0.0,1
2026-08-12T11:02:19.911977,26.1411,0.107045,0.067377,0.087211,0.272996,OPEN,0,0.0,1
2026-08-12T11:02:19.957236,26.185,0.087313,0.051514,0.069414,0.201742,CLOSING,0,0.0,1
2026-08-12T11:02:19.991668,26.22,0.11838,0.067818,0.093099,0.163717,CLOSING,0,0.0,1
2026-08-12T11:02:20.036384,26.2627,0.135343,0.089264,0.112303,0.145722,CLOSED,0,0.0,1
2026-08-12T11:02:20.069249,26.296,0.172486,0.106858,0.139672,0.143605,CLOSED,0,0.0,1
2026-08-12T11:02:20.105900,26.3308,0.243212,0.211259,0.227235,0.172875,CLOSED,0,0.0,1
2026-08-12T11:02:20.140232,26.3673,0.295468,0.286719,0.291094,0.214252,CLOSED,0,0.0,1
2026-08-12T11:02:20.173622,26.401,0.316478,0.316659,0.316568,0.250063,OPENING,0,0.0,1
2026-08-12T11:02:20.209760,26.4362,0.334325,0.338197,0.336261,0.280232,OPEN,1,0.251236,1
2026-08-12T11:02:20.229675,26.4588,0.346616,0.348492,0.347554,0.303795,OPEN,0,0.0,1
2026-08-12T11:02:20.256845,26.4878,0.364167,0.355425,0.359796,0.323395,OPEN,0,0.0,1
2026-08-12T11:02:20.295936,26.5226,0.376987,0.361897,0.369442,0.339512,OPEN,0,0.0,1
2026-08-12T11:02:20.314729,26.5458,0.386263,0.368694,0.377478,0.3528,OPEN,0,0.0,1
2026-08-12T11:02:20.353831,26.5808,0.393729,0.376531,0.38513,0.364115,OPEN,0,0.0,1
2026-08-12T11:02:20.388135,26.6165,0.397255,0.379991,0.388623,0.372693,OPEN,0,0.0,1
2026-08-12T11:02:20.419267,26.6473,0.405284,0.385949,0.395617,0.380716,OPEN,0,0.0,1
2026-08-12T11:02:20.452798,26.6838,0.409427,0.394114,0.40177,0.388085,OPEN,0,0.0,1
2026-08-12T11:02:20.488580,26.7174,0.411164,0.397262,0.404213,0.39373,OPEN,0,0.0,1
2026-08-12T11:02:20.522306,26.751,0.412629,0.399783,0.406206,0.398097,OPEN,0,0.0,1
2026-08-12T11:02:20.542131,26.7734,0.410843,0.398807,0.404825,0.400452,OPEN,0,0.0,1
2026-08-12T11:02:20.576631,26.8065,0.410297,0.397805,0.404051,0.401711,OPEN,0,0.0,1
2026-08-12T11:02:20.612100,26.8393,0.41195,0.399952,0.405951,0.403195,OPEN,0,0.0,1
2026-08-12T11:02:20.638786,26.87,0.4146,0.402475,0.408537,0.405065,OPEN,0,0.0,1
2026-08-12T11:02:20.670072,26.9041,0.417699,0.405813,0.411756,0.407407,OPEN,0,0.0,1
2026-08-12T11:02:20.703144,26.935,0.421554,0.408769,0.415161,0.410121,OPEN,0,0.0,1
2026-08-12T11:02:20.734873,26.9682,0.422367,0.406614,0.41449,0.41165,OPEN,0,0.0,1
2026-08-12T11:02:20.765026,26.9986,0.423457,0.403732,0.413595,0.412331,OPEN,0,0.0,1
2026-08-12T11:02:20.818290,27.0475,0.426376,0.402746,0.414561,0.413111,OPEN,0,0.0,1
2026-08-12T11:02:20.852968,27.0795,0.428828,0.402605,0.415716,0.414023,OPEN,0,0.0,1
2026-08-12T11:02:20.887367,27.1167,0.425758,0.401653,0.413706,0.413912,OPEN,0,0.0,1
2026-08-12T11:02:20.912010,27.1426,0.421444,0.399101,0.410272,0.412638,OPEN,0,0.0,1
2026-08-12T11:02:20.948812,27.1774,0.420031,0.396694,0.408362,0.411142,OPEN,0,0.0,1
2026-08-12T11:02:20.978195,27.2066,0.418011,0.396466,0.407238,0.409776,OPEN,0,0.0,1
2026-08-12T11:02:21.007039,27.2389,0.414449,0.393536,0.403993,0.407752,OPEN,0,0.0,1
2026-08-12T11:02:21.044131,27.2723,0.411366,0.391441,0.401404,0.40553,OPEN,0,0.0,1
2026-08-12T11:02:21.075187,27.3038,0.409346,0.391866,0.400606,0.403806,OPEN,0,0.0,1
2026-08-12T11:02:21.110749,27.3401,0.408478,0.390736,0.399607,0.402337,OPEN,0,0.0,1
2026-08-12T11:02:21.146910,27.3749,0.399066,0.376085,0.387576,0.39717,OPEN,0,0.0,1
2026-08-12T11:02:21.167187,27.3987,0.393198,0.373112,0.383155,0.392265,OPEN,0,0.0,1
2026-08-12T11:02:21.220896,27.449,0.382668,0.369893,0.37628,0.38667,OPEN,0,0.0,1
2026-08-12T11:02:21.253152,27.4813,0.382303,0.370585,0.376444,0.383091,OPEN,0,0.0,1
2026-08-12T11:02:21.287941,27.5165,0.386981,0.375351,0.381166,0.382417,OPEN,0,0.0,1
2026-08-12T11:02:21.311740,27.5448,0.390049,0.381186,0.385617,0.383537,OPEN,0,0.0,1
2026-08-12T11:02:21.346785,27.5748,0.392142,0.386804,0.389473,0.385615,OPEN,0,0.0,1
2026-08-12T11:02:21.379871,27.6093,0.390067,0.388593,0.38933,0.386915,OPEN,0,0.0,1
2026-08-12T11:02:21.412517,27.6434,0.393419,0.390973,0.392196,0.388763,OPEN,0,0.0,1
2026-08-12T11:02:21.447541,27.6773,0.391158,0.388633,0.389895,0.38916,OPEN,0,0.0,1
2026-08-12T11:02:21.482867,27.7122,0.392801,0.389899,0.39135,0.389926,OPEN,0,0.0,1
2026-08-12T11:02:21.504217,27.7341,0.381016,0.381222,0.381119,0.386844,OPEN,0,0.0,1
2026-08-12T11:02:21.544959,27.7767,0.375258,0.373539,0.374398,0.382488,OPEN,0,0.0,1
2026-08-12T11:02:21.582599,27.8108,0.372078,0.370477,0.371278,0.378564,OPEN,0,0.0,1
2026-08-12T11:02:21.602112,27.8323,0.36207,0.355708,0.358889,0.371678,OPEN,0,0.0,1
2026-08-12T11:02:21.652670,27.8804,0.156684,0.127627,0.142156,0.291345,OPEN,0,0.0,1
2026-08-12T11:02:21.687749,27.9147,0.091283,0.07284,0.082061,0.218096,CLOSING,0,0.0,1
2026-08-12T11:02:21.712931,27.9431,0.11239,0.086868,0.099629,0.176632,CLOSING,0,0.0,1
2026-08-12T11:02:21.752164,27.9809,0.165272,0.149742,0.157507,0.169938,CLOSED,0,0.0,1
2026-08-12T11:02:21.788154,28.0167,0.221988,0.205652,0.21382,0.185297,CLOSED,0,0.0,1
2026-08-12T11:02:21.823436,28.0512,0.269308,0.260851,0.265079,0.213221,CLOSED,0,0.0,1
2026-08-12T11:02:21.844744,28.0735,0.17777,0.165191,0.171481,0.198612,CLOSED,0,0.0,1
2026-08-12T11:02:21.875611,28.1035,0.095885,0.079583,0.087734,0.159805,CLOSED,0,0.0,1
2026-08-12T11:02:21.908389,28.1377,0.121388,0.100918,0.111153,0.142777,CLOSED,0,0.0,1
2026-08-12T11:02:21.944098,28.1721,0.180319,0.126738,0.153528,0.14654,CLOSED,0,0.0,1
2026-08-12T11:02:21.971275,28.204,0.257206,0.226818,0.242012,0.179955,CLOSED,0,0.0,1
2026-08-12T11:02:21.999996,28.2301,0.30926,0.296037,0.302648,0.222898,CLOSED,0,0.0,1
2026-08-12T11:02:22.036753,28.264,0.334003,0.328808,0.331406,0.260876,OPENING,0,0.0,1
2026-08-12T11:02:22.084088,28.3124,0.343757,0.339511,0.341634,0.289141,OPEN,1,0.397645,1
2026-08-12T11:02:22.116438,28.3441,0.351889,0.344869,0.348379,0.309874,OPEN,0,0.0,1
2026-08-12T11:02:22.149522,28.3784,0.355448,0.344443,0.349946,0.323899,OPEN,0,0.0,1
2026-08-12T11:02:22.186679,28.4156,0.356329,0.347166,0.351748,0.333646,OPEN,0,0.0,1
2026-08-12T11:02:22.224092,28.4503,0.374512,0.36752,0.371016,0.346726,OPEN,0,0.0,1
2026-08-12T11:02:22.257283,28.4841,0.387955,0.378816,0.383386,0.359557,OPEN,0,0.0,1
2026-08-12T11:02:22.289355,28.5165,0.390858,0.383403,0.38713,0.369207,OPEN,0,0.0,1
2026-08-12T11:02:22.322788,28.55,0.389789,0.383571,0.38668,0.375323,OPEN,0,0.0,1
2026-08-12T11:02:22.358305,28.585,0.386381,0.37951,0.382946,0.377991,OPEN,0,0.0,1
2026-08-12T11:02:22.390983,28.6177,0.38328,0.375722,0.379501,0.378519,OPEN,0,0.0,1
2026-08-12T11:02:22.422318,28.6493,0.383882,0.37724,0.380561,0.379234,OPEN,0,0.0,1
2026-08-12T11:02:22.457384,28.6843,0.385043,0.381063,0.383053,0.380571,OPEN,0,0.0,1
2026-08-12T11:02:22.477188,28.7064,0.390086,0.387333,0.38871,0.383419,OPEN,0,0.0,1
2026-08-12T11:02:22.517084,28.7441,0.388035,0.385384,0.38671,0.384571,OPEN,0,0.0,1
2026-08-12T11:02:22.548053,28.7753,0.389209,0.384499,0.386854,0.38537,OPEN,0,0.0,1
2026-08-12T11:02:22.580678,28.8095,0.389403,0.383904,0.386653,0.385819,OPEN,0,0.0,1
2026-08-12T11:02:22.628909,28.8555,0.392737,0.385894,0.389315,0.387043,OPEN,0,0.0,1
2026-08-12T11:02:22.664878,28.8903,0.393077,0.387651,0.390364,0.388205,OPEN,0,0.0,1
2026-08-12T11:02:22.698054,28.9235,0.395324,0.390879,0.393102,0.389919,OPEN,0,0.0,1
2026-08-12T11:02:22.725338,28.957,0.398629,0.392369,0.395499,0.391872,OPEN,0,0.0,1
2026-08-12T11:02:22.764870,28.9924,0.400907,0.393383,0.397145,0.393717,OPEN,0,0.0,1
2026-08-12T11:02:22.797773,29.0261,0.402008,0.393852,0.39793,0.395192,OPEN,0,0.0,1
2026-08-12T11:02:22.832417,29.0589,0.402764,0.393899,0.398331,0.396291,OPEN,0,0.0,1
2026-08-12T11:02:22.848841,29.0813,0.403264,0.394112,0.398688,0.39713,OPEN,0,0.0,1
2026-08-12T11:02:22.866006,29.0996,0.404232,0.39397,0.399101,0.39782,OPEN,0,0.0,1
2026-08-12T11:02:22.916191,29.1439,0.411768,0.397378,0.404573,0.400183,OPEN,0,0.0,1
2026-08-12T11:02:22.944386,29.1737,0.411712,0.398401,0.405056,0.401889,OPEN,0,0.0,1
2026-08-12T11:02:22.974847,29.2075,0.410489,0.397622,0.404055,0.402647,OPEN,0,0.0,1
2026-08-12T11:02:23.010385,29.2411,0.410727,0.394622,0.402674,0.402657,OPEN,0,0.0,1
2026-08-12T11:02:23.041382,29.2736,0.402809,0.385779,0.394294,0.39973,OPEN,0,0.0,1
2026-08-12T11:02:23.072682,29.3065,0.404308,0.386552,0.39543,0.398225,OPEN,0,0.0,1
2026-08-12T11:02:23.099542,29.3335,0.403739,0.38629,0.395014,0.397101,OPEN,0,0.0,1
2026-08-12T11:02:23.136148,29.365,0.40322,0.386294,0.394757,0.396281,OPEN,0,0.0,1
2026-08-12T11:02:23.171664,29.4,0.402366,0.384376,0.393371,0.395262,OPEN,0,0.0,1
2026-08-12T11:02:23.196952,29.4295,0.40174,0.382007,0.391873,0.394076,OPEN,0,0.0,1
2026-08-12T11:02:23.230618,29.4626,0.403218,0.384769,0.393994,0.394047,OPEN,0,0.0,1
2026-08-12T11:02:23.269485,29.5004,0.399847,0.383599,0.391723,0.393234,OPEN,0,0.0,1
2026-08-12T11:02:23.305825,29.5332,0.390706,0.361331,0.376019,0.387209,OPEN,0,0.0,1
2026-08-12T11:02:23.348041,29.5757,0.188592,0.105481,0.147037,0.303148,OPEN,0,0.0,1
2026-08-12T11:02:23.383537,29.6106,0.093758,0.042496,0.068127,0.220891,CLOSING,0,0.0,1
2026-08-12T11:02:23.417795,29.6451,0.083657,0.051348,0.067502,0.167205,CLOSING,0,0.0,1
2026-08-12T11:02:23.441002,29.6702,0.125101,0.091474,0.108287,0.146584,CLOSED,0,0.0,1
2026-08-12T11:02:23.475834,29.7042,0.146275,0.110151,0.128213,0.140154,CLOSED,0,0.0,1
2026-08-12T11:02:23.506653,29.7395,0.215223,0.201545,0.208384,0.164034,CLOSED,0,0.0,1
2026-08-12T11:02:23.538817,29.7675,0.279322,0.264445,0.271883,0.201782,CLOSED,0,0.0,1
2026-08-12T11:02:23.574267,29.8015,0.314503,0.306961,0.310732,0.239914,CLOSED,0,0.0,1
2026-08-12T11:02:23.607102,29.8357,0.334544,0.319095,0.326819,0.270331,OPENING,0,0.0,1
2026-08-12T11:02:23.637211,29.8654,0.346138,0.327779,0.336959,0.293651,OPEN,1,0.254817,1
2026-08-12T11:02:23.704540,29.9329,0.360893,0.341849,0.351371,0.313853,OPEN,0,0.0,1
2026-08-12T11:02:23.733874,29.9606,0.364068,0.343475,0.353771,0.327824,OPEN,0,0.0,1
2026-08-12T11:02:23.770287,29.9941,0.366822,0.346795,0.356809,0.337969,OPEN,0,0.0,1
2026-08-12T11:02:23.802172,30.0283,0.379351,0.361265,0.370308,0.349288,OPEN,0,0.0,1
2026-08-12T11:02:23.836523,30.0625,0.391016,0.375031,0.383023,0.361095,OPEN,0,0.0,1
2026-08-12T11:02:23.872130,30.0973,0.397842,0.382377,0.390109,0.37125,OPEN,0,0.0,1
2026-08-12T11:02:23.897100,30.1308,0.397889,0.384557,0.391223,0.378241,OPEN,0,0.0,1
2026-08-12T11:02:23.937186,30.1647,0.397467,0.386627,0.392047,0.383073,OPEN,0,0.0,1
2026-08-12T11:02:23.975676,30.201,0.397819,0.387775,0.392797,0.386476,OPEN,0,0.0,1
2026-08-12T11:02:24.004065,30.2351,0.401389,0.390124,0.395756,0.389724,OPEN,0,0.0,1
2026-08-12T11:02:24.020503,30.2531,0.402376,0.390367,0.396371,0.392051,OPEN,0,0.0,1
2026-08-12T11:02:24.037943,30.2712,0.401443,0.389054,0.395249,0.39317,OPEN,0,0.0,1
2026-08-12T11:02:24.099269,30.3281,0.399378,0.38146,0.390419,0.392207,OPEN,0,0.0,1
2026-08-12T11:02:24.129388,30.3613,0.398302,0.379937,0.389119,0.391126,OPEN,0,0.0,1
2026-08-12T11:02:24.162537,30.3947,0.397504,0.379449,0.388476,0.390199,OPEN,0,0.0,1
2026-08-12T11:02:24.201821,30.4297,0.396868,0.378128,0.387498,0.389254,OPEN,0,0.0,1
2026-08-12T11:02:24.220629,30.4507,0.396715,0.377553,0.387134,0.388512,OPEN,0,0.0,1
2026-08-12T11:02:24.238253,30.4706,0.396057,0.377105,0.386581,0.387836,OPEN,0,0.0,1
2026-08-12T11:02:24.272559,30.5046,0.395535,0.376278,0.385906,0.387161,OPEN,0,0.0,1
2026-08-12T11:02:24.315698,30.5418,0.395425,0.376046,0.385735,0.386662,OPEN,0,0.0,1
2026-08-12T11:02:24.346657,30.575,0.400989,0.380562,0.390775,0.388101,OPEN,0,0.0,1
2026-08-12T11:02:24.389165,30.6159,0.400824,0.371165,0.385995,0.387364,OPEN,0,0.0,1
2026-08-12T11:02:24.423682,30.6502,0.387333,0.22392,0.305626,0.358756,OPEN,0,0.0,1
2026-08-12T11:02:24.455992,30.6839,0.370182,0.168047,0.269115,0.327381,OPEN,0,0.0,1
2026-08-12T11:02:24.500316,30.728,0.357696,0.149735,0.253715,0.301598,OPEN,0,0.0,1
2026-08-12T11:02:24.535015,30.7621,0.352327,0.168499,0.260413,0.287183,OPEN,0,0.0,1
2026-08-12T11:02:24.564427,30.7972,0.34372,0.172704,0.258212,0.277043,OPEN,0,0.0,1
2026-08-12T11:02:24.604825,30.832,0.339104,0.171228,0.255166,0.269386,OPEN,0,0.0,1
2026-08-12T11:02:24.640379,30.8672,0.33966,0.18328,0.26147,0.266616,OPEN,0,0.0,1
2026-08-12T11:02:24.659911,30.8894,0.340457,0.187154,0.263806,0.265632,OPEN,0,0.0,1
2026-08-12T11:02:24.699394,30.9245,0.341112,0.196278,0.268695,0.266704,OPEN,0,0.0,1
2026-08-12T11:02:24.721763,30.9494,0.344899,0.241037,0.292968,0.275896,OPEN,0,0.0,1
2026-08-12T11:02:24.738034,30.9706,0.347443,0.273386,0.310415,0.287978,OPEN,0,0.0,1
2026-08-12T11:02:24.772627,31.0032,0.350847,0.299991,0.325419,0.301082,OPEN,0,0.0,1
2026-08-12T11:02:24.802421,31.0337,0.354709,0.323915,0.339312,0.314463,OPEN,0,0.0,1
2026-08-12T11:02:24.835173,31.0643,0.360764,0.338093,0.349428,0.326701,OPEN,0,0.0,1
2026-08-12T11:02:24.900703,31.1284,0.368231,0.348313,0.358272,0.337751,OPEN,0,0.0,1
2026-08-12T11:02:24.936512,31.1645,0.368964,0.344813,0.356889,0.344449,OPEN,0,0.0,1
2026-08-12T11:02:24.969907,31.198,0.369883,0.344226,0.357055,0.348861,OPEN,0,0.0,1
2026-08-12T11:02:24.991686,31.2205,0.370225,0.34539,0.357808,0.351992,OPEN,0,0.0,1
2026-08-12T11:02:25.031331,31.2567,0.372606,0.352546,0.362576,0.355697,OPEN,0,0.0,1
2026-08-12T11:02:25.065321,31.2911,0.37642,0.356921,0.36667,0.359537,OPEN,0,0.0,1
2026-08-12T11:02:25.086382,31.3146,0.374752,0.358437,0.366595,0.362007,OPEN,0,0.0,1
2026-08-12T11:02:25.120041,31.3474,0.37506,0.357886,0.366473,0.36357,OPEN,0,0.0,1
2026-08-12T11:02:25.155935,31.3828,0.377209,0.359967,0.368588,0.365326,OPEN,0,0.0,1
2026-08-12T11:02:25.190466,31.4174,0.376347,0.36018,0.368263,0.366354,OPEN,0,0.0,1
2026-08-12T11:02:25.210973,31.4408,0.3772,0.360367,0.368784,0.367205,OPEN,0,0.0,1
2026-08-12T11:02:25.247147,31.4786,0.375138,0.359347,0.367242,0.367218,OPEN,0,0.0,1
2026-08-12T11:02:25.293567,31.5255,0.375723,0.359371,0.367547,0.367333,OPEN,0,0.0,1
2026-08-12T11:02:25.325255,31.5582,0.375948,0.360499,0.368224,0.367645,OPEN,0,0.0,1
2026-08-12T11:02:25.354731,31.5883,0.376732,0.360905,0.368818,0.368056,OPEN,0,0.0,1
2026-08-12T11:02:25.391700,31.6221,0.377347,0.361232,0.369289,0.368487,OPEN,0,0.0,1
2026-08-12T11:02:25.427328,31.6579,0.377315,0.361692,0.369503,0.368843,OPEN,0,0.0,1
2026-08-12T11:02:25.446373,31.6768,0.378458,0.363196,0.370827,0.369537,OPEN,0,0.0,1
2026-08-12T11:02:25.483623,31.712,0.378651,0.363875,0.371263,0.370141,OPEN,0,0.0,1
2026-08-12T11:02:25.501078,31.7339,0.379189,0.366826,0.373007,0.371144,OPEN,0,0.0,1
2026-08-12T11:02:25.536842,31.7673,0.380008,0.369464,0.374736,0.372401,OPEN,0,0.0,1
2026-08-12T11:02:25.570618,31.7994,0.382874,0.369603,0.376238,0.373744,OPEN,0,0.0,1
2026-08-12T11:02:25.602280,31.8316,0.382075,0.36957,0.375822,0.374472,OPEN,0,0.0,1
2026-08-12T11:02:25.632408,31.8639,0.381156,0.368576,0.374866,0.37461,OPEN,0,0.0,1
2026-08-12T11:02:25.702431,31.9296,0.354883,0.164169,0.259526,0.33433,OPEN,0,0.0,1
2026-08-12T11:02:25.735819,31.964,0.349898,0.17584,0.262869,0.309319,OPEN,0,0.0,1
2026-08-12T11:02:25.770912,31.9965,0.345544,0.155676,0.25061,0.288771,OPEN,0,0.0,1
2026-08-12T11:02:25.793448,32.0226,0.345136,0.161511,0.253323,0.276364,OPEN,0,0.0,1
2026-08-12T11:02:25.829979,32.0577,0.346114,0.180143,0.263129,0.271732,OPEN,0,0.0,1
2026-08-12T11:02:25.862296,32.0932,0.346661,0.1861,0.266381,0.269859,OPEN,0,0.0,1
2026-08-12T11:02:25.903881,32.129,0.346674,0.179037,0.262855,0.267408,OPEN,0,0.0,1
2026-08-12T11:02:25.922990,32.1539,0.346685,0.204755,0.27572,0.270317,OPEN,0,0.0,1
2026-08-12T11:02:25.962285,32.1886,0.348092,0.256149,0.30212,0.281448,OPEN,0,0.0,1
2026-08-12T11:02:25.981309,32.213,0.352506,0.294303,0.323405,0.296133,OPEN,0,0.0,1
2026-08-12T11:02:26.020017,32.2473,0.358315,0.319946,0.33913,0.311182,OPEN,0,0.0,1
2026-08-12T11:02:26.053856,32.2804,0.362009,0.335536,0.348772,0.324339,OPEN,0,0.0,1
2026-08-12T11:02:26.106834,32.3342,0.366126,0.346028,0.356077,0.335447,OPEN,0,0.0,1
2026-08-12T11:02:26.126470,32.3579,0.366835,0.345101,0.355968,0.342629,OPEN,0,0.0,1
2026-08-12T11:02:26.164470,32.3923,0.36887,0.350376,0.359623,0.348577,OPEN,0,0.0,1
2026-08-12T11:02:26.195998,32.4235,0.370219,0.352338,0.361279,0.353023,OPEN,0,0.0,1
2026-08-12T11:02:26.224013,32.4556,0.372247,0.351984,0.362116,0.356205,OPEN,0,0.0,1
2026-08-12T11:02:26.257005,32.4891,0.373411,0.351373,0.362392,0.35837,OPEN,0,0.0,1
2026-08-12T11:02:26.301431,32.5236,0.374201,0.349843,0.362022,0.359648,OPEN,0,0.0,1
2026-08-12T11:02:26.338646,32.5661,0.376422,0.347986,0.362204,0.360543,OPEN,0,0.0,1
2026-08-12T11:02:26.359860,32.5887,0.37579,0.346641,0.361215,0.360778,OPEN,0,0.0,1
2026-08-12T11:02:26.378089,32.6099,0.369759,0.345256,0.357508,0.359634,OPEN,0,0.0,1
2026-08-12T11:02:26.418485,32.6447,0.362787,0.341945,0.352366,0.35709,OPEN,0,0.0,1
2026-08-12T11:02:26.435251,32.6674,0.358487,0.338349,0.348418,0.354055,OPEN,0,0.0,1
2026-08-12T11:02:26.499914,32.728,0.345552,0.327924,0.336738,0.347994,OPEN,0,0.0,1
2026-08-12T11:02:26.534160,32.7638,0.34361,0.32869,0.33615,0.343849,OPEN,0,0.0,1
2026-08-12T11:02:26.569209,32.7977,0.350916,0.337572,0.344244,0.343987,OPEN,0,0.0,1
2026-08-12T11:02:26.598267,32.8305,0.357496,0.342608,0.350052,0.34611,OPEN,0,0.0,1
2026-08-12T11:02:26.631156,32.8632,0.354265,0.333996,0.344131,0.345417,OPEN,0,0.0,1
2026-08-12T11:02:26.665220,32.8981,0.35317,0.33958,0.346375,0.345752,OPEN,0,0.0,1
2026-08-12T11:02:26.685067,32.9164,0.35542,0.341585,0.348502,0.346715,OPEN,0,0.0,1
2026-08-12T11:02:26.716186,32.9491,0.35413,0.337781,0.345955,0.346449,OPEN,0,0.0,1
2026-08-12T11:02:26.747398,32.9812,0.34718,0.331095,0.339138,0.34389,OPEN,0,0.0,1
2026-08-12T11:02:26.769372,33.0018,0.343109,0.327135,0.335122,0.340821,OPEN,0,0.0,1
2026-08-12T11:02:26.797719,33.0294,0.333414,0.320526,0.32697,0.335973,OPEN,0,0.0,1
2026-08-12T11:02:26.830648,33.0628,0.327009,0.316267,0.321638,0.330956,OPEN,0,0.0,1
2026-08-12T11:02:26.891453,33.1253,0.319321,0.313049,0.316185,0.325786,OPEN,0,0.0,1
2026-08-12T11:02:26.925331,33.1579,0.321636,0.308608,0.315122,0.322054,OPEN,0,0.0,1
2026-08-12T11:02:26.960189,33.1933,0.322676,0.306932,0.314804,0.319516,OPEN,0,0.0,1
2026-08-12T11:02:26.987962,33.2216,0.321503,0.310582,0.316042,0.3183,OPEN,0,0.0,1
2026-08-12T11:02:27.019697,33.2535,0.315936,0.298879,0.307408,0.314488,OPEN,0,0.0,1
2026-08-12T11:02:27.052720,33.2855,0.308243,0.284619,0.296431,0.308168,OPEN,0,0.0,1
2026-08-12T11:02:27.085341,33.3177,0.303037,0.280482,0.291759,0.302425,OPEN,0,0.0,1
2026-08-12T11:02:27.117781,33.3507,0.301691,0.280776,0.291234,0.298508,OPEN,0,0.0,1
2026-08-12T11:02:27.137177,33.3693,0.303041,0.282477,0.292759,0.296496,OPEN,0,0.0,1
2026-08-12T11:02:27.180717,33.4122,0.306106,0.284492,0.295299,0.296077,OPEN,0,0.0,1
2026-08-12T11:02:27.199556,33.4307,0.307283,0.28558,0.296432,0.296201,OPEN,0,0.0,1
2026-08-12T11:02:27.234259,33.4653,0.303975,0.284723,0.294349,0.295553,OPEN,0,0.0,1
2026-08-12T11:02:27.293819,33.5254,0.297226,0.281343,0.289285,0.293359,OPEN,0,0.0,1
2026-08-12T11:02:27.326651,33.5605,0.294827,0.281695,0.288261,0.291575,OPEN,0,0.0,1
2026-08-12T11:02:27.357182,33.5891,0.292953,0.275515,0.284234,0.289006,OPEN,0,0.0,1
2026-08-12T11:02:27.390135,33.6243,0.218296,0.196051,0.207173,0.260364,OPEN,0,0.0,1
2026-08-12T11:02:27.420035,33.6535,0.118503,0.105888,0.112195,0.208505,CLOSING,0,0.0,1
2026-08-12T11:02:27.453354,33.6853,0.112453,0.085562,0.099007,0.170181,CLOSING,0,0.0,1
2026-08-12T11:02:27.488722,33.7198,0.092638,0.102828,0.097733,0.144824,CLOSED,0,0.0,1
2026-08-12T11:02:27.520889,33.752,0.067849,0.138932,0.103391,0.130322,CLOSED,0,0.0,1
2026-08-12T11:02:27.555657,33.7861,0.068297,0.154633,0.111465,0.123722,CLOSED,0,0.0,1
2026-08-12T11:02:27.587657,33.8179,0.118383,0.200702,0.159543,0.136259,CLOSED,0,0.0,1
2026-08-12T11:02:27.615482,33.8459,0.170668,0.236243,0.203455,0.159778,CLOSED,0,0.0,1
2026-08-12T11:02:27.648773,33.8798,0.220336,0.264243,0.24229,0.188657,CLOSED,0,0.0,1
2026-08-12T11:02:27.693961,33.9252,0.252974,0.280919,0.266947,0.216058,CLOSED,0,0.0,1
2026-08-12T11:02:27.727142,33.9584,0.265158,0.284943,0.275051,0.236706,CLOSED,0,0.0,1
2026-08-12T11:02:27.759869,33.9937,0.26306,0.287754,0.275407,0.250251,OPENING,0,0.0,1
2026-08-12T11:02:27.789926,34.0215,0.270141,0.287048,0.278595,0.260171,OPEN,1,0.368064,1
2026-08-12T11:02:27.823742,34.0577,0.269691,0.271285,0.270488,0.263782,OPEN,0,0.0,1
2026-08-12T11:02:27.853237,34.0855,0.270068,0.268653,0.26936,0.265735,OPEN,0,0.0,1
2026-08-12T11:02:27.888706,34.1202,0.259259,0.249648,0.254453,0.261786,OPEN,0,0.0,1
2026-08-12T11:02:27.922145,34.1544,0.256551,0.242683,0.249617,0.257527,OPEN,0,0.0,1
2026-08-12T11:02:27.954540,34.188,0.252697,0.239586,0.246142,0.253542,OPEN,0,0.0,1
2026-08-12T11:02:27.974891,34.2063,0.253647,0.238617,0.246132,0.250949,OPEN,0,0.0,1
2026-08-12T11:02:28.009079,34.2406,0.254832,0.236714,0.245773,0.249137,CLOSING,0,0.0,1
2026-08-12T11:02:28.047085,34.2783,0.253721,0.234369,0.244045,0.247355,CLOSING,0,0.0,1
2026-08-12T11:02:28.093339,34.3256,0.263802,0.242832,0.253317,0.249442,CLOSED,0,0.0,1
2026-08-12T11:02:28.126780,34.3589,0.264269,0.243528,0.253898,0.251001,OPENING,0,0.0,1
2026-08-12T11:02:28.159830,34.392,0.270723,0.255965,0.263344,0.255321,OPEN,1,0.151402,1
2026-08-12T11:02:28.194248,34.4264,0.27118,0.263369,0.267274,0.259505,OPEN,0,0.0,1
2026-08-12T11:02:28.228027,34.4598,0.274643,0.276277,0.27546,0.265089,OPEN,0,0.0,1
2026-08-12T11:02:28.271789,34.503,0.284545,0.28489,0.284718,0.271959,OPEN,0,0.0,1
2026-08-12T11:02:28.305730,34.5361,0.293191,0.291755,0.292473,0.279139,OPEN,0,0.0,1
2026-08-12T11:02:28.337950,34.5704,0.293443,0.292396,0.29292,0.283962,OPEN,0,0.0,1
2026-08-12T11:02:28.356089,34.5884,0.300011,0.292247,0.296129,0.288221,OPEN,0,0.0,1
2026-08-12T11:02:28.375310,34.6068,0.304115,0.297053,0.300584,0.292548,OPEN,0,0.0,1
2026-08-12T11:02:28.407053,34.6409,0.303498,0.29833,0.300914,0.295476,OPEN,0,0.0,1
2026-08-12T11:02:28.429295,34.6613,0.301877,0.297696,0.299786,0.296985,OPEN,0,0.0,1
2026-08-12T11:02:28.493018,34.7255,0.302841,0.298373,0.300607,0.298252,OPEN,0,0.0,1
2026-08-12T11:02:28.527223,34.759,0.306552,0.298963,0.302758,0.299829,OPEN,0,0.0,1
2026-08-12T11:02:28.561588,34.7933,0.304866,0.297867,0.301367,0.300367,OPEN,0,0.0,1
2026-08-12T11:02:28.594329,34.8264,0.311255,0.29856,0.304908,0.301956,OPEN,0,0.0,1
2026-08-12T11:02:28.627900,34.8604,0.308715,0.297658,0.303186,0.302387,OPEN,0,0.0,1
2026-08-12T11:02:28.653381,34.8855,0.312597,0.302079,0.307338,0.30412,OPEN,0,0.0,1
2026-08-12T11:02:28.687392,34.9207,0.322047,0.309949,0.315998,0.308277,OPEN,0,0.0,1
2026-08-12T11:02:28.717280,34.9493,0.322289,0.31319,0.31774,0.311589,OPEN,0,0.0,1
2026-08-12T11:02:28.749804,34.9836,0.310761,0.302636,0.306699,0.309877,OPEN,0,0.0,1
2026-08-12T11:02:28.785636,35.0173,0.308128,0.296418,0.302273,0.307216,OPEN,0,0.0,1
2026-08-12T11:02:28.819401,35.0505,0.306538,0.292129,0.299333,0.304457,OPEN,0,0.0,1
2026-08-12T11:02:28.853610,35.0843,0.30717,0.28933,0.29825,0.302284,OPEN,0,0.0,1
2026-08-12T11:02:28.897103,35.128,0.304879,0.292044,0.298462,0.300946,OPEN,0,0.0,1
2026-08-12T11:02:28.928919,35.1616,0.303294,0.292821,0.298057,0.299935,OPEN,0,0.0,1
2026-08-12T11:02:28.956478,35.1894,0.306019,0.295111,0.300565,0.300156,OPEN,0,0.0,1
2026-08-12T11:02:28.987690,35.2207,0.30365,0.290305,0.296977,0.299043,OPEN,0,0.0,1
2026-08-12T11:02:29.021180,35.2536,0.303172,0.290701,0.296937,0.298306,OPEN,0,0.0,1
2026-08-12T11:02:29.055849,35.2874,0.305692,0.289791,0.297741,0.298108,OPEN,0,0.0,1
2026-08-12T11:02:29.088622,35.3214,0.30701,0.295733,0.301371,0.29925,OPEN,0,0.0,1
2026-08-12T11:02:29.119077,35.3522,0.289521,0.296721,0.293121,0.297105,OPEN,0,0.0,1
2026-08-12T11:02:29.148236,35.3814,0.203531,0.290599,0.247065,0.279591,OPEN,0,0.0,1
2026-08-12T11:02:29.182985,35.4142,0.174087,0.277039,0.225563,0.260681,OPEN,0,0.0,1
2026-08-12T11:02:29.213978,35.4473,0.156223,0.272035,0.214129,0.244388,CLOSING,0,0.0,1
2026-08-12T11:02:29.234001,35.4655,0.157141,0.270563,0.213852,0.2337,CLOSING,0,0.0,1
2026-08-12T11:02:29.291682,35.5254,0.153755,0.277337,0.215546,0.227346,CLOSED,0,0.0,1
2026-08-12T11:02:29.326441,35.5594,0.191967,0.283672,0.237819,0.231012,CLOSED,0,0.0,1
2026-08-12T11:02:29.358084,35.5896,0.229846,0.290163,0.260004,0.241159,CLOSED,0,0.0,1
2026-08-12T11:02:29.389994,35.6237,0.26179,0.294221,0.278005,0.254055,OPENING,0,0.0,1
2026-08-12T11:02:29.420639,35.6536,0.276106,0.297378,0.286742,0.265496,OPEN,1,0.206342,1
2026-08-12T11:02:29.451893,35.6854,0.286847,0.299344,0.293096,0.275156,OPEN,0,0.0,1
2026-08-12T11:02:29.484288,35.7164,0.295514,0.300831,0.298172,0.283211,OPEN,0,0.0,1
2026-08-12T11:02:29.518200,35.7498,0.3098,0.309491,0.309646,0.292463,OPEN,0,0.0,1
2026-08-12T11:02:29.552208,35.7839,0.320861,0.315894,0.318378,0.301533,OPEN,0,0.0,1
2026-08-12T11:02:29.585446,35.8179,0.324974,0.319992,0.322483,0.308866,OPEN,0,0.0,1
2026-08-12T11:02:29.612269,35.8458,0.325986,0.319719,0.322852,0.313761,OPEN,0,0.0,1
2026-08-12T11:02:29.645717,35.8778,0.32542,0.319795,0.322608,0.316857,OPEN,0,0.0,1
2026-08-12T11:02:29.691298,35.9249,0.327098,0.319756,0.323427,0.319157,OPEN,0,0.0,1
2026-08-12T11:02:29.724437,35.9577,0.327456,0.318629,0.323042,0.320517,OPEN,0,0.0,1
2026-08-12T11:02:29.759410,35.9922,0.328646,0.317195,0.32292,0.321358,OPEN,0,0.0,1
2026-08-12T11:02:29.787328,36.0208,0.330974,0.320528,0.325751,0.322895,OPEN,0,0.0,1
2026-08-12T11:02:29.821796,36.0534,0.332743,0.322856,0.327799,0.324612,OPEN,0,0.0,1
2026-08-12T11:02:29.855832,36.0869,0.332221,0.321607,0.326914,0.325418,OPEN,0,0.0,1
2026-08-12T11:02:29.888111,36.1192,0.331237,0.322289,0.326763,0.325888,OPEN,0,0.0,1
2026-08-12T11:02:29.918969,36.152,0.332596,0.322427,0.327512,0.326457,OPEN,0,0.0,1
2026-08-12T11:02:29.949655,36.1812,0.328778,0.308585,0.318681,0.323735,OPEN,0,0.0,1
2026-08-12T11:02:29.986192,36.2176,0.323615,0.299458,0.311537,0.319466,OPEN,0,0.0,1
2026-08-12T11:02:30.017767,36.2518,0.338016,0.30883,0.323423,0.320851,OPEN,0,0.0,1
2026-08-12T11:02:30.045503,36.2776,0.360021,0.321479,0.34075,0.327815,OPEN,0,0.0,1
2026-08-12T11:02:30.077870,36.3117,0.379049,0.338949,0.358999,0.33873,OPEN,0,0.0,1
2026-08-12T11:02:30.125350,36.3573,0.391344,0.348182,0.369763,0.349591,OPEN,0,0.0,1
2026-08-12T11:02:30.159241,36.3915,0.387092,0.345913,0.366502,0.35551,OPEN,0,0.0,1
2026-08-12T11:02:30.192709,36.4261,0.381703,0.343691,0.362697,0.358026,OPEN,0,0.0,1
2026-08-12T11:02:30.222827,36.4534,0.376517,0.339642,0.358079,0.358044,OPEN,0,0.0,1
2026-08-12T11:02:30.253880,36.4874,0.373104,0.336941,0.355022,0.356987,OPEN,0,0.0,1
2026-08-12T11:02:30.285261,36.5175,0.37565,0.337305,0.356478,0.356808,OPEN,0,0.0,1
2026-08-12T11:02:30.318899,36.5514,0.369914,0.332168,0.351041,0.35479,OPEN,0,0.0,1
2026-08-12T11:02:30.351446,36.5857,0.366511,0.330489,0.3485,0.352588,OPEN,0,0.0,1
2026-08-12T11:02:30.381807,36.6142,0.368383,0.330602,0.349492,0.351505,OPEN,0,0.0,1
2026-08-12T11:02:30.419410,36.6505,0.368006,0.331236,0.349621,0.350846,OPEN,0,0.0,1
2026-08-12T11:02:30.451887,36.6831,0.364853,0.325523,0.345188,0.348865,OPEN,0,0.0,1
2026-08-12T11:02:30.484033,36.7173,0.351289,0.313651,0.33247,0.343127,OPEN,0,0.0,1
2026-08-12T11:02:30.508426,36.7402,0.343628,0.304904,0.324266,0.336526,OPEN,0,0.0,1
2026-08-12T11:02:30.566190,36.7926,0.328705,0.28665,0.307677,0.326429,OPEN,0,0.0,1
2026-08-12T11:02:30.588516,36.8209,0.319811,0.279951,0.299881,0.317137,OPEN,0,0.0,1
2026-08-12T11:02:30.630979,36.8607,0.315167,0.273847,0.294507,0.309217,OPEN,0,0.0,1
2026-08-12T11:02:30.667598,36.894,0.312015,0.273517,0.292766,0.303459,OPEN,0,0.0,1
2026-08-12T11:02:30.700683,36.9284,0.31868,0.276281,0.297481,0.301367,OPEN,0,0.0,1
2026-08-12T11:02:30.722098,36.9509,0.321938,0.279597,0.300767,0.301157,OPEN,0,0.0,1
2026-08-12T11:02:30.754516,36.9834,0.324522,0.283117,0.30382,0.302089,OPEN,0,0.0,1
2026-08-12T11:02:30.786966,37.0176,0.324141,0.28466,0.304401,0.302898,OPEN,0,0.0,1
2026-08-12T11:02:30.825101,37.0522,0.325666,0.287235,0.306451,0.304142,OPEN,0,0.0,1
2026-08-12T11:02:30.851900,37.0832,0.327962,0.289477,0.308719,0.305744,OPEN,0,0.0,1
2026-08-12T11:02:30.881717,37.1112,0.333711,0.292703,0.313207,0.308356,OPEN,0,0.0,1
2026-08-12T11:02:30.915696,37.1458,0.333629,0.293837,0.313733,0.310238,OPEN,0,0.0,1
2026-08-12T11:02:30.946756,37.1748,0.333714,0.294698,0.314206,0.311627,OPEN,0,0.0,1
2026-08-12T11:02:30.996294,37.2241,0.337573,0.297322,0.317447,0.313664,OPEN,0,0.0,1
2026-08-12T11:02:31.032631,37.2588,0.325618,0.296586,0.311102,0.312767,OPEN,0,0.0,1
2026-08-12T11:02:31.058754,37.2897,0.284143,0.267294,0.275718,0.2998,OPEN,0,0.0,1
2026-08-12T11:02:31.092844,37.3209,0.265531,0.243764,0.254647,0.283997,OPEN,0,0.0,1
2026-08-12T11:02:31.127214,37.3553,0.252823,0.232892,0.242858,0.269598,OPEN,0,0.0,1
2026-08-12T11:02:31.161235,37.3901,0.256809,0.231478,0.244143,0.260689,OPEN,0,0.0,1
2026-08-12T11:02:31.200348,37.4258,0.257725,0.232589,0.245157,0.255253,OPEN,0,0.0,1
2026-08-12T11:02:31.221257,37.4506,0.241839,0.220612,0.231225,0.246843,CLOSING,0,0.0,1
2026-08-12T11:02:31.259009,37.4861,0.24407,0.229871,0.23697,0.243388,CLOSING,0,0.0,1
2026-08-12T11:02:31.280860,37.5128,0.253097,0.227313,0.240205,0.242274,CLOSED,0,0.0,1
2026-08-12T11:02:31.318106,37.547,0.25495,0.230909,0.24293,0.242503,CLOSED,0,0.0,1
2026-08-12T11:02:31.345404,37.5746,0.257537,0.233862,0.245699,0.243622,CLOSED,0,0.0,1
2026-08-12T11:02:31.396446,37.6244,0.250735,0.226534,0.238635,0.241876,CLOSED,0,0.0,1
2026-08-12T11:02:31.433671,37.6589,0.221543,0.191047,0.206295,0.229423,CLOSED,0,0.0,1
2026-08-12T11:02:31.454336,37.6857,0.164918,0.135926,0.150422,0.201773,CLOSED,0,0.0,1
2026-08-12T11:02:31.492131,37.7246,0.136518,0.109814,0.123166,0.17426,CLOSED,0,0.0,1
2026-08-12T11:02:31.531396,37.7588,0.133689,0.123404,0.128546,0.15826,CLOSED,0,0.0,1
2026-08-12T11:02:31.550960,37.7823,0.192796,0.162274,0.177535,0.165006,CLOSED,0,0.0,1
2026-08-12T11:02:31.584558,37.8157,0.273574,0.239899,0.256737,0.197112,CLOSED,0,0.0,1
2026-08-12T11:02:31.617072,37.8495,0.321458,0.290845,0.306151,0.235276,CLOSED,0,0.0,1
2026-08-12T11:02:31.657252,37.8834,0.344686,0.314357,0.329522,0.268262,OPENING,0,0.0,1
2026-08-12T11:02:31.680161,37.9103,0.370306,0.326884,0.348595,0.296378,OPEN,1,0.45976,1
2026-08-12T11:02:31.719475,37.9488,0.377692,0.326943,0.352317,0.315957,OPEN,0,0.0,1
2026-08-12T11:02:31.755673,37.9827,0.367167,0.318216,0.342692,0.325314,OPEN,0,0.0,1
2026-08-12T11:02:31.784002,38.0159,0.346089,0.307513,0.326801,0.325835,OPEN,0,0.0,1
2026-08-12T11:02:31.820655,38.0534,0.324224,0.276796,0.30051,0.316971,OPEN,0,0.0,1
2026-08-12T11:02:31.853440,38.0858,0.302359,0.263769,0.283064,0.305104,OPEN,0,0.0,1
2026-08-12T11:02:31.886863,38.1207,0.30453,0.259309,0.281919,0.296989,OPEN,0,0.0,1
2026-08-12T11:02:31.919941,38.1526,0.30177,0.255784,0.278777,0.290615,OPEN,0,0.0,1
2026-08-12T11:02:31.951914,38.1857,0.297226,0.250929,0.274077,0.284827,OPEN,0,0.0,1
2026-08-12T11:02:31.980310,38.2134,0.291128,0.248862,0.269995,0.279636,OPEN,0,0.0,1
2026-08-12T11:02:32.012954,38.2462,0.280343,0.241363,0.260853,0.273062,OPEN,0,0.0,1
2026-08-12T11:02:32.046657,38.2785,0.274589,0.240868,0.257729,0.267695,OPEN,0,0.0,1
2026-08-12T11:02:32.081229,38.3126,0.268127,0.233323,0.250725,0.261755,OPEN,0,0.0,1
2026-08-12T11:02:32.115266,38.3462,0.221319,0.193167,0.207243,0.242676,CLOSING,0,0.0,1
2026-08-12T11:02:32.148936,38.3796,0.142446,0.138835,0.140641,0.206964,CLOSING,0,0.0,1
2026-08-12T11:02:32.182401,38.413,0.135141,0.115623,0.125382,0.17841,CLOSED,0,0.0,1
2026-08-12T11:02:32.211317,38.4455,0.253614,0.214117,0.233866,0.197819,CLOSED,0,0.0,1
2026-08-12T11:02:32.254079,38.4858,0.317421,0.279894,0.298658,0.233113,CLOSED,0,0.0,1
2026-08-12T11:02:32.286605,38.5196,0.356741,0.317115,0.336928,0.269448,OPENING,0,0.0,1
2026-08-12T11:02:32.316134,38.5495,0.371393,0.342328,0.356861,0.300042,OPEN,1,0.203306,1
2026-08-12T11:02:32.351463,38.584,0.386614,0.360523,0.373569,0.325777,OPEN,0,0.0,1
2026-08-12T11:02:32.383431,38.6172,0.401061,0.36904,0.385051,0.346523,OPEN,0,0.0,1
2026-08-12T11:02:32.412559,38.6457,0.411428,0.377072,0.39425,0.363227,OPEN,0,0.0,1
2026-08-12T11:02:32.446084,38.6785,0.402723,0.381953,0.392338,0.373416,OPEN,0,0.0,1
2026-08-12T11:02:32.478743,38.7118,0.398295,0.37639,0.387343,0.37829,OPEN,0,0.0,1
2026-08-12T11:02:32.507406,38.7409,0.40163,0.377894,0.389762,0.382305,OPEN,0,0.0,1
2026-08-12T11:02:32.539532,38.7735,0.393662,0.359634,0.376648,0.380325,OPEN,0,0.0,1
2026-08-12T11:02:32.575794,38.8088,0.285185,0.241801,0.263493,0.339434,OPEN,0,0.0,1
2026-08-12T11:02:32.608861,38.841,0.169786,0.130475,0.15013,0.273178,OPEN,0,0.0,1
2026-08-12T11:02:32.642024,38.8755,0.139418,0.093982,0.1167,0.218411,CLOSING,0,0.0,1
2026-08-12T11:02:32.691528,38.9204,0.131082,0.116707,0.123894,0.18533,CLOSING,0,0.0,1
2026-08-12T11:02:32.723856,38.9543,0.139711,0.128138,0.133925,0.167338,CLOSED,0,0.0,1
2026-08-12T11:02:32.754965,38.9886,0.164164,0.168105,0.166134,0.166917,CLOSED,0,0.0,1
2026-08-12T11:02:32.784633,39.0166,0.177078,0.186329,0.181704,0.172092,CLOSED,0,0.0,1
2026-08-12T11:02:32.822065,39.0509,0.183638,0.198564,0.191101,0.178745,CLOSED,0,0.0,1
2026-08-12T11:02:32.841699,39.0721,0.188533,0.202616,0.195574,0.184635,CLOSED,0,0.0,1
2026-08-12T11:02:32.899642,39.1274,0.229043,0.212534,0.220789,0.197289,CLOSED,0,0.0,1
2026-08-12T11:02:32.930038,39.1582,0.252142,0.217305,0.234723,0.210391,CLOSED,0,0.0,1
2026-08-12T11:02:32.964415,39.1915,0.273417,0.223367,0.248392,0.223691,CLOSED,0,0.0,1
2026-08-12T11:02:33.005416,39.2284,0.284689,0.225672,0.255181,0.234713,CLOSED,0,0.0,1
2026-08-12T11:02:33.023345,39.2557,0.28621,0.233741,0.259976,0.243555,CLOSED,0,0.0,1
2026-08-12T11:02:33.040729,39.2741,0.289947,0.242527,0.266237,0.251493,OPENING,0,0.0,1
2026-08-12T11:02:33.070770,39.3019,0.287052,0.241276,0.264164,0.255928,OPEN,1,0.426363,1
2026-08-12T11:02:33.105957,39.3358,0.291788,0.253803,0.272795,0.261832,OPEN,0,0.0,1
2026-08-12T11:02:33.158074,39.3853,0.293263,0.25079,0.272027,0.2654,OPEN,0,0.0,1
2026-08-12T11:02:33.192868,39.4199,0.302599,0.25804,0.28032,0.270622,OPEN,0,0.0,1
2026-08-12T11:02:33.236823,39.465,0.309457,0.261143,0.2853,0.275759,OPEN,0,0.0,1
2026-08-12T11:02:33.271710,39.4995,0.313632,0.26703,0.290331,0.280859,OPEN,0,0.0,1
2026-08-12T11:02:33.302281,39.5333,0.31104,0.269846,0.290443,0.284214,OPEN,0,0.0,1
2026-08-12T11:02:33.338198,39.5676,0.30761,0.268291,0.287951,0.285522,OPEN,0,0.0,1
2026-08-12T11:02:33.358236,39.5893,0.314128,0.270692,0.29241,0.287932,OPEN,0,0.0,1
2026-08-12T11:02:33.413085,39.6411,0.324083,0.28483,0.304457,0.293716,OPEN,0,0.0,1
2026-08-12T11:02:33.447050,39.6778,0.333912,0.29254,0.313226,0.300544,OPEN,0,0.0,1
2026-08-12T11:02:33.483388,39.7129,0.32442,0.284217,0.304319,0.301865,OPEN,0,0.0,1
2026-08-12T11:02:33.500249,39.7321,0.334422,0.291972,0.313197,0.305832,OPEN,0,0.0,1
2026-08-12T11:02:33.536523,39.7661,0.343516,0.297847,0.320682,0.311029,OPEN,0,0.0,1
2026-08-12T11:02:33.568718,39.7996,0.331464,0.292468,0.311966,0.311357,OPEN,0,0.0,1
2026-08-12T11:02:33.605229,39.8331,0.342879,0.304022,0.323451,0.31559,OPEN,0,0.0,1
2026-08-12T11:02:33.641308,39.8703,0.339446,0.298627,0.319036,0.316796,OPEN,0,0.0,1
2026-08-12T11:02:33.678399,39.9051,0.229146,0.19062,0.209883,0.279376,OPEN,0,0.0,1
2026-08-12T11:02:33.698693,39.9276,0.126286,0.106465,0.116375,0.222326,CLOSING,0,0.0,1
2026-08-12T11:02:33.735330,39.9624,0.133374,0.121525,0.127449,0.189119,CLOSING,0,0.0,1
2026-08-12T11:02:33.765088,39.9959,0.157993,0.164706,0.16135,0.1794,CLOSED,0,0.0,1
2026-08-12T11:02:33.796199,40.0292,0.243464,0.204996,0.22423,0.19509,CLOSED,0,0.0,1
2026-08-12T11:02:33.814783,40.0473,0.268863,0.224118,0.246491,0.21308,CLOSED,0,0.0,1
2026-08-12T11:02:33.837242,40.0691,0.302285,0.252548,0.277416,0.235598,CLOSED,0,0.0,1
2026-08-12T11:02:33.875613,40.1079,0.324096,0.270924,0.29751,0.257267,OPENING,0,0.0,1
2026-08-12T11:02:33.908894,40.1405,0.332429,0.277576,0.305003,0.273974,OPEN,1,0.212923,1
2026-08-12T11:02:33.945436,40.175,0.353298,0.296244,0.324771,0.291753,OPEN,0,0.0,1
2026-08-12T11:02:33.982317,40.2091,0.373578,0.318052,0.345815,0.310675,OPEN,0,0.0,1
2026-08-12T11:02:34.006185,40.2335,0.38627,0.343456,0.364863,0.329641,OPEN,0,0.0,1
2026-08-12T11:02:34.040541,40.2684,0.39275,0.360939,0.376845,0.346162,OPEN,0,0.0,1
2026-08-12T11:02:34.085010,40.3124,0.395306,0.363935,0.379621,0.357873,OPEN,0,0.0,1
2026-08-12T11:02:34.118988,40.3467,0.3986,0.369754,0.384177,0.367079,OPEN,0,0.0,1
2026-08-12T11:02:34.151877,40.3825,0.400394,0.366811,0.383602,0.372862,OPEN,0,0.0,1
2026-08-12T11:02:34.172823,40.4055,0.398537,0.364526,0.381532,0.375897,OPEN,0,0.0,1
2026-08-12T11:02:34.210213,40.4393,0.397199,0.360385,0.378792,0.37691,OPEN,0,0.0,1
2026-08-12T11:02:34.246553,40.4735,0.391524,0.356831,0.374177,0.375954,OPEN,0,0.0,1
2026-08-12T11:02:34.280178,40.5079,0.393222,0.364854,0.379038,0.377033,OPEN,0,0.0,1
2026-08-12T11:02:34.314585,40.543,0.392235,0.371554,0.381895,0.378735,OPEN,0,0.0,1
2026-08-12T11:02:34.347034,40.5767,0.390832,0.371239,0.381036,0.37954,OPEN,0,0.0,1
2026-08-12T11:02:34.378716,40.6111,0.39672,0.373155,0.384937,0.381429,OPEN,0,0.0,1
2026-08-12T11:02:34.398273,40.6295,0.398069,0.372628,0.385349,0.382801,OPEN,0,0.0,1
2026-08-12T11:02:34.433006,40.664,0.403429,0.374547,0.388988,0.384966,OPEN,0,0.0,1
2026-08-12T11:02:34.464284,40.6971,0.402542,0.370461,0.386501,0.385504,OPEN,0,0.0,1
2026-08-12T11:02:34.500436,40.7323,0.401354,0.372194,0.386774,0.385948,OPEN,0,0.0,1
2026-08-12T11:02:34.540094,40.7732,0.404784,0.374946,0.389865,0.387319,OPEN,0,0.0,1
2026-08-12T11:02:34.577673,40.8077,0.404814,0.373834,0.389324,0.388021,OPEN,0,0.0,1
2026-08-12T11:02:34.614832,40.8422,0.402096,0.372186,0.387141,0.387713,OPEN,0,0.0,1
2026-08-12T11:02:34.647161,40.8763,0.403959,0.370855,0.387407,0.387606,OPEN,0,0.0,1
2026-08-12T11:02:34.680926,40.9094,0.405386,0.368793,0.387089,0.387425,OPEN,0,0.0,1
2026-08-12T11:02:34.716451,40.9429,0.402493,0.365937,0.384215,0.386302,OPEN,0,0.0,1
2026-08-12T11:02:34.737893,40.9709,0.401437,0.366126,0.383781,0.385419,OPEN,0,0.0,1
2026-08-12T11:02:34.775790,41.0047,0.401228,0.367055,0.384142,0.384972,OPEN,0,0.0,1
2026-08-12T11:02:34.810833,41.039,0.402326,0.366344,0.384335,0.384749,OPEN,0,0.0,1
2026-08-12T11:02:34.828135,41.0618,0.401102,0.365765,0.383433,0.384289,OPEN,0,0.0,1
2026-08-12T11:02:34.902688,41.1298,0.392322,0.363785,0.378054,0.382106,OPEN,0,0.0,1
2026-08-12T11:02:34.920295,41.1527,0.390642,0.363255,0.376948,0.380301,OPEN,0,0.0,1
2026-08-12T11:02:34.964404,41.1917,0.392225,0.365754,0.37899,0.379842,OPEN,0,0.0,1
2026-08-12T11:02:35.000679,41.2266,0.394095,0.367726,0.38091,0.380216,OPEN,0,0.0,1
2026-08-12T11:02:35.019673,41.2507,0.392811,0.366163,0.379487,0.379961,OPEN,0,0.0,1
2026-08-12T11:02:35.057330,41.2852,0.387219,0.363252,0.375235,0.378307,OPEN,0,0.0,1
2026-08-12T11:02:35.092060,41.3192,0.387132,0.363965,0.375549,0.377341,OPEN,0,0.0,1
2026-08-12T11:02:35.109300,41.3419,0.389272,0.366322,0.377797,0.377501,OPEN,0,0.0,1
2026-08-12T11:02:35.144131,41.3751,0.390061,0.36716,0.378611,0.377889,OPEN,0,0.0,1
2026-08-12T11:02:35.167381,41.4004,0.38902,0.365389,0.377204,0.37765,OPEN,0,0.0,1
2026-08-12T11:02:35.200416,41.4294,0.391299,0.365741,0.37852,0.377954,OPEN,0,0.0,1
2026-08-12T11:02:35.235555,41.464,0.398725,0.367331,0.383028,0.37973,OPEN,0,0.0,1
2026-08-12T11:02:35.301328,41.5292,0.41101,0.369539,0.390275,0.383421,OPEN,0,0.0,1
2026-08-12T11:02:35.323674,41.5504,0.412311,0.369735,0.391023,0.386082,OPEN,0,0.0,1
2026-08-12T11:02:35.339423,41.5727,0.410247,0.369712,0.389979,0.387446,OPEN,0,0.0,1
2026-08-12T11:02:35.378073,41.6104,0.409244,0.369354,0.389299,0.388094,OPEN,0,0.0,1
2026-08-12T11:02:35.412555,41.6439,0.41015,0.370982,0.390566,0.38896,OPEN,0,0.0,1
2026-08-12T11:02:35.445296,41.6775,0.413328,0.372848,0.393088,0.390404,OPEN,0,0.0,1
2026-08-12T11:02:35.479583,41.7109,0.412969,0.37247,0.39272,0.391215,OPEN,0,0.0,1
2026-08-12T11:02:35.514387,41.7456,0.411866,0.369982,0.390924,0.391113,OPEN,0,0.0,1
2026-08-12T11:02:35.549703,41.7794,0.410595,0.370474,0.390535,0.390911,OPEN,0,0.0,1
2026-08-12T11:02:35.593094,41.8133,0.408536,0.371037,0.389786,0.390517,OPEN,0,0.0,1
2026-08-12T11:02:35.619979,41.8476,0.407461,0.37219,0.389826,0.390275,OPEN,0,0.0,1
2026-08-12T11:02:35.655729,41.8818,0.409223,0.372806,0.391015,0.390534,OPEN,0,0.0,1
2026-08-12T11:02:35.702868,41.9293,0.411398,0.37443,0.392914,0.391367,OPEN,0,0.0,1
2026-08-12T11:02:35.733810,41.9635,0.41037,0.374147,0.392259,0.391679,OPEN,0,0.0,1
2026-08-12T11:02:35.765796,41.9973,0.409883,0.373455,0.391669,0.391675,OPEN,0,0.0,1
2026-08-12T11:02:35.805709,42.0319,0.409181,0.372231,0.390706,0.391336,OPEN,0,0.0,1
2026-08-12T11:02:35.839764,42.071,0.409347,0.372767,0.391057,0.391238,OPEN,0,0.0,1
2026-08-12T11:02:35.874325,42.1058,0.407739,0.371486,0.389613,0.390669,OPEN,0,0.0,1
2026-08-12T11:02:35.910381,42.1391,0.40686,0.371029,0.388944,0.390066,OPEN,0,0.0,1
2026-08-12T11:02:35.946898,42.1736,0.406006,0.371038,0.388522,0.389525,OPEN,0,0.0,1
2026-08-12T11:02:35.980284,42.2075,0.402952,0.371551,0.387252,0.38873,OPEN,0,0.0,1
2026-08-12T11:02:36.020382,42.2429,0.395576,0.368481,0.382028,0.386384,OPEN,0,0.0,1
2026-08-12T11:02:36.049799,42.2801,0.39919,0.366527,0.382858,0.38515,OPEN,0,0.0,1
2026-08-12T11:02:36.086757,42.314,0.404861,0.367502,0.386181,0.385511,OPEN,0,0.0,1
2026-08-12T11:02:36.120926,42.3488,0.406369,0.37529,0.390829,0.387372,OPEN,0,0.0,1
2026-08-12T11:02:36.157902,42.3836,0.408397,0.381922,0.395159,0.390098,OPEN,0,0.0,1
2026-08-12T11:02:36.178447,42.4082,0.407806,0.382431,0.395119,0.391855,OPEN,0,0.0,1
2026-08-12T11:02:36.214914,42.443,0.40563,0.379651,0.39264,0.39213,OPEN,0,0.0,1
2026-08-12T11:02:36.234673,42.4638,0.40392,0.375808,0.389864,0.391337,OPEN,0,0.0,1
2026-08-12T11:02:36.255379,42.4885,0.394763,0.369368,0.382065,0.388092,OPEN,0,0.0,1
2026-08-12T11:02:36.295598,42.5234,0.386903,0.369452,0.378177,0.384622,OPEN,0,0.0,1
2026-08-12T11:02:36.330617,42.5576,0.384675,0.3616,0.373137,0.380602,OPEN,0,0.0,1
2026-08-12T11:02:36.366206,42.5919,0.389374,0.351063,0.370218,0.376968,OPEN,0,0.0,1
2026-08-12T11:02:36.385344,42.6149,0.392388,0.346958,0.369673,0.374415,OPEN,0,0.0,1
2026-08-12T11:02:36.420445,42.6486,0.381737,0.326147,0.353942,0.367249,OPEN,0,0.0,1
2026-08-12T11:02:36.440582,42.6703,0.382357,0.318622,0.350489,0.361383,OPEN,0,0.0,1
2026-08-12T11:02:36.500817,42.7283,0.386423,0.327721,0.357072,0.359874,OPEN,0,0.0,1
2026-08-12T11:02:36.530573,42.7584,0.368695,0.325423,0.347059,0.355389,OPEN,0,0.0,1
2026-08-12T11:02:36.564398,42.7924,0.366974,0.33075,0.348862,0.353104,OPEN,0,0.0,1
2026-08-12T11:02:36.599046,42.8257,0.368262,0.33504,0.351651,0.352596,OPEN,0,0.0,1
2026-08-12T11:02:36.632261,42.8597,0.367845,0.334213,0.351029,0.352047,OPEN,0,0.0,1
2026-08-12T11:02:36.664597,42.8928,0.373367,0.336355,0.354861,0.353032,OPEN,0,0.0,1
2026-08-12T11:02:36.686111,42.9187,0.367041,0.336474,0.351758,0.352586,OPEN,0,0.0,1
2026-08-12T11:02:36.705616,42.9371,0.367124,0.33691,0.352017,0.352387,OPEN,0,0.0,1
2026-08-12T11:02:36.739647,42.9711,0.372265,0.33902,0.355643,0.353526,OPEN,0,0.0,1
2026-08-12T11:02:36.772277,43.0045,0.369526,0.335034,0.35228,0.35309,OPEN,0,0.0,1
2026-08-12T11:02:36.804670,43.0385,0.364348,0.321122,0.342735,0.349466,OPEN,0,0.0,1
2026-08-12T11:02:36.828527,43.0611,0.35891,0.308477,0.333693,0.343946,OPEN,0,0.0,1
2026-08-12T11:02:36.908842,43.1339,0.337762,0.27977,0.308766,0.331633,OPEN,0,0.0,1
2026-08-12T11:02:36.942421,43.169,0.343396,0.290074,0.316735,0.326418,OPEN,0,0.0,1
2026-08-12T11:02:36.962113,43.192,0.340676,0.28909,0.314883,0.322381,OPEN,0,0.0,1
2026-08-12T11:02:36.994573,43.2258,0.344766,0.296216,0.320491,0.32172,OPEN,0,0.0,1
2026-08-12T11:02:37.029611,43.2601,0.35673,0.311913,0.334321,0.32613,OPEN,0,0.0,1
2026-08-12T11:02:37.070950,43.2949,0.343754,0.303836,0.323795,0.325313,OPEN,0,0.0,1
2026-08-12T11:02:37.092283,43.3202,0.342924,0.303028,0.322976,0.324495,OPEN,0,0.0,1
2026-08-12T11:02:37.120561,43.3512,0.350337,0.31211,0.331224,0.32685,OPEN,0,0.0,1
2026-08-12T11:02:37.137178,43.3703,0.347262,0.30642,0.326841,0.326847,OPEN,0,0.0,1
2026-08-12T11:02:37.163313,43.3969,0.341679,0.291193,0.316436,0.323203,OPEN,0,0.0,1
2026-08-12T11:02:37.200921,43.4304,0.308989,0.282792,0.29589,0.313644,OPEN,0,0.0,1
2026-08-12T11:02:37.236919,43.4642,0.28811,0.290281,0.289195,0.305087,OPEN,0,0.0,1
2026-08-12T11:02:37.303359,43.529,0.305225,0.280116,0.29267,0.300741,OPEN,0,0.0,1
2026-08-12T11:02:37.330759,43.5639,0.307513,0.281667,0.29459,0.298588,OPEN,0,0.0,1
2026-08-12T11:02:37.356246,43.5891,0.305853,0.282729,0.294291,0.297084,OPEN,0,0.0,1
2026-08-12T11:02:37.394904,43.6232,0.303321,0.287447,0.295384,0.296489,OPEN,0,0.0,1
2026-08-12T11:02:37.427758,43.6563,0.314389,0.295093,0.304741,0.299377,OPEN,0,0.0,1
2026-08-12T11:02:37.464337,43.6923,0.317941,0.300664,0.309303,0.302851,OPEN,0,0.0,1
2026-08-12T11:02:37.487214,43.7146,0.31287,0.303858,0.308364,0.304781,OPEN,0,0.0,1
2026-08-12T11:02:37.504828,43.7362,0.318099,0.309208,0.313654,0.307886,OPEN,0,0.0,1
2026-08-12T11:02:37.542718,43.7731,0.309583,0.305451,0.307517,0.307757,OPEN,0,0.0,1
2026-08-12T11:02:37.581469,43.8086,0.302767,0.296775,0.299771,0.304962,OPEN,0,0.0,1
2026-08-12T11:02:37.613606,43.8431,0.306315,0.296278,0.301296,0.303679,OPEN,0,0.0,1
2026-08-12T11:02:37.649086,43.8773,0.310708,0.291684,0.301196,0.30281,OPEN,0,0.0,1
2026-08-12T11:02:37.701409,43.9292,0.270602,0.215656,0.243129,0.281922,OPEN,0,0.0,1
2026-08-12T11:02:37.732538,43.9601,0.213639,0.156457,0.185048,0.248016,CLOSING,0,0.0,1
2026-08-12T11:02:37.771021,43.9992,0.193544,0.146841,0.170193,0.220778,CLOSING,0,0.0,1
2026-08-12T11:02:37.789372,44.0224,0.187928,0.155437,0.171683,0.203594,CLOSED,0,0.0,1
2026-08-12T11:02:37.827499,44.0557,0.168096,0.17417,0.171133,0.192233,CLOSED,0,0.0,1
2026-08-12T11:02:37.863392,44.0918,0.171896,0.189674,0.180785,0.188226,CLOSED,0,0.0,1
2026-08-12T11:02:37.896630,44.1251,0.168644,0.186401,0.177523,0.18448,CLOSED,0,0.0,1
2026-08-12T11:02:37.931119,44.1585,0.192335,0.206741,0.199538,0.18975,CLOSED,0,0.0,1
2026-08-12T11:02:37.951795,44.1803,0.216191,0.248545,0.232368,0.204667,CLOSED,0,0.0,1
2026-08-12T11:02:37.986965,44.2172,0.255907,0.281565,0.268736,0.227091,CLOSED,0,0.0,1
2026-08-12T11:02:38.022571,44.2511,0.265963,0.264329,0.265146,0.24041,CLOSED,0,0.0,1
2026-08-12T11:02:38.059251,44.2859,0.221828,0.20433,0.213079,0.230844,CLOSED,0,0.0,1
2026-08-12T11:02:38.100539,44.3282,0.257842,0.280451,0.269146,0.24425,CLOSED,0,0.0,1
2026-08-12T11:02:38.131717,44.362,0.263951,0.274133,0.269042,0.252927,OPENING,0,0.0,1
2026-08-12T11:02:38.167547,44.3963,0.263596,0.295947,0.279771,0.262323,OPEN,1,0.436211,1
2026-08-12T11:02:38.214624,44.4413,0.239594,0.284868,0.262231,0.262291,OPEN,0,0.0,1
2026-08-12T11:02:38.247651,44.4754,0.227677,0.278515,0.253096,0.259073,OPEN,0,0.0,1
2026-08-12T11:02:38.281796,44.5091,0.244291,0.312239,0.278265,0.26579,OPEN,0,0.0,1
2026-08-12T11:02:38.316143,44.5441,0.231716,0.324777,0.278246,0.27015,OPEN,0,0.0,1
2026-08-12T11:02:38.349201,44.5783,0.247391,0.36151,0.304451,0.282155,OPEN,0,0.0,1
2026-08-12T11:02:38.365617,44.5989,0.231198,0.362446,0.296822,0.287288,OPEN,0,0.0,1
2026-08-12T11:02:38.386937,44.6173,0.154289,0.300511,0.2274,0.266327,OPEN,0,0.0,1
2026-08-12T11:02:38.413158,44.6469,0.069599,0.207511,0.138555,0.221607,CLOSING,0,0.0,1
2026-08-12T11:02:38.431465,44.6649,0.038713,0.183896,0.111305,0.183001,CLOSING,0,0.0,1
2026-08-12T11:02:38.500023,44.7277,0.051182,0.134204,0.092693,0.151393,CLOSED,0,0.0,1
2026-08-12T11:02:38.531117,44.7593,0.050787,0.103899,0.077343,0.125476,CLOSED,0,0.0,1
2026-08-12T11:02:38.564877,44.793,0.069431,0.103786,0.086608,0.111872,CLOSED,0,0.0,1
2026-08-12T11:02:38.598030,44.8267,0.085137,0.125276,0.105207,0.109539,CLOSED,0,0.0,1
2026-08-12T11:02:38.628829,44.8596,0.094596,0.136001,0.115298,0.111555,CLOSED,0,0.0,1
2026-08-12T11:02:38.657475,44.887,0.127541,0.173985,0.150763,0.125278,CLOSED,0,0.0,1
2026-08-12T11:02:38.692956,44.92,0.147237,0.178775,0.163006,0.138483,CLOSED,0,0.0,1
2026-08-12T11:02:38.725216,44.9542,0.149097,0.180896,0.164997,0.147763,CLOSED,0,0.0,1
2026-08-12T11:02:38.745539,44.976,0.173405,0.196304,0.184855,0.160745,CLOSED,0,0.0,1
2026-08-12T11:02:38.782065,45.0104,0.191994,0.212428,0.202211,0.175258,CLOSED,0,0.0,1
2026-08-12T11:02:38.819417,45.0451,0.206742,0.213502,0.210122,0.18746,CLOSED,0,0.0,1
2026-08-12T11:02:38.849733,45.0794,0.220854,0.226267,0.22356,0.200095,CLOSED,0,0.0,1
2026-08-12T11:02:38.902141,45.1291,0.228844,0.250216,0.23953,0.213897,CLOSED,0,0.0,1
2026-08-12T11:02:38.930865,45.159,0.244989,0.261113,0.253051,0.227601,CLOSED,0,0.0,1
2026-08-12T11:02:38.961349,45.1926,0.270867,0.260061,0.265464,0.240853,CLOSED,0,0.0,1
2026-08-12T11:02:38.994537,45.2271,0.285986,0.272176,0.279081,0.254233,OPENING,0,0.0,1
2026-08-12T11:02:39.027350,45.2603,0.305032,0.293365,0.299199,0.269971,OPEN,1,0.613368,1
2026-08-12T11:02:39.054442,45.2879,0.331234,0.320804,0.326019,0.289588,OPEN,0,0.0,1
2026-08-12T11:02:39.082309,45.3163,0.344955,0.347973,0.346464,0.309494,OPEN,0,0.0,1
2026-08-12T11:02:39.115042,45.3492,0.352062,0.357628,0.354845,0.325367,OPEN,0,0.0,1
2026-08-12T11:02:39.134190,45.3665,0.362133,0.363832,0.362982,0.338532,OPEN,0,0.0,1
2026-08-12T11:02:39.151195,45.3844,0.357706,0.359448,0.358577,0.345548,OPEN,0,0.0,1
2026-08-12T11:02:39.207692,45.4326,0.346643,0.344556,0.345599,0.345566,OPEN,0,0.0,1
2026-08-12T11:02:39.230706,45.4619,0.331639,0.278839,0.305239,0.331451,OPEN,0,0.0,1
2026-08-12T11:02:39.299388,45.5273,0.218636,0.197966,0.208301,0.288349,OPEN,0,0.0,1
2026-08-12T11:02:39.328230,45.5592,0.251156,0.213454,0.232305,0.268733,OPEN,0,0.0,1
2026-08-12T11:02:39.362424,45.5917,0.265795,0.23386,0.249827,0.262116,OPEN,0,0.0,1
2026-08-12T11:02:39.395378,45.624,0.289684,0.25452,0.272102,0.265611,OPEN,0,0.0,1
2026-08-12T11:02:39.428980,45.6578,0.288299,0.251732,0.270016,0.267153,OPEN,0,0.0,1
2026-08-12T11:02:39.459353,45.6867,0.285778,0.253267,0.269523,0.267982,OPEN,0,0.0,1
2026-08-12T11:02:39.493696,45.7243,0.284159,0.262007,0.273083,0.269767,OPEN,0,0.0,1
2026-08-12T11:02:39.532549,45.7598,0.277364,0.24732,0.262342,0.267169,OPEN,0,0.0,1
2026-08-12T11:02:39.566717,45.7936,0.272049,0.250429,0.261239,0.265093,OPEN,0,0.0,1
2026-08-12T11:02:39.599573,45.8272,0.272407,0.249522,0.260965,0.263648,OPEN,0,0.0,1
2026-08-12T11:02:39.635240,45.8626,0.271614,0.247227,0.25942,0.262168,OPEN,0,0.0,1
2026-08-12T11:02:39.667393,45.8954,0.285339,0.249935,0.267637,0.264083,OPEN,0,0.0,1
2026-08-12T11:02:39.702191,45.9322,0.300385,0.264052,0.282219,0.27043,OPEN,0,0.0,1
2026-08-12T11:02:39.733391,45.962,0.298983,0.260186,0.279584,0.273634,OPEN,0,0.0,1
2026-08-12T11:02:39.767044,45.9965,0.298945,0.25952,0.279232,0.275594,OPEN,0,0.0,1
2026-08-12T11:02:39.801334,46.0303,0.310173,0.24795,0.279061,0.276807,OPEN,0,0.0,1
2026-08-12T11:02:39.831259,46.0642,0.308934,0.248414,0.278674,0.277461,OPEN,0,0.0,1
2026-08-12T11:02:39.851414,46.0843,0.308501,0.271272,0.289887,0.28181,OPEN,0,0.0,1
2026-08-12T11:02:39.891002,46.1189,0.316477,0.28304,0.299759,0.288092,OPEN,0,0.0,1
2026-08-12T11:02:39.923611,46.1562,0.33218,0.298164,0.315172,0.29757,OPEN,0,0.0,1
2026-08-12T11:02:39.958880,46.19,0.341335,0.335414,0.338374,0.311851,OPEN,0,0.0,1
2026-08-12T11:02:39.993152,46.2235,0.379258,0.311567,0.345412,0.323598,OPEN,0,0.0,1
2026-08-12T11:02:40.011515,46.2421,0.321615,0.295504,0.308559,0.318334,OPEN,0,0.0,1
2026-08-12T11:02:40.029532,46.2613,0.280993,0.306213,0.293603,0.309678,OPEN,0,0.0,1
2026-08-12T11:02:40.100780,46.3279,0.311436,0.309694,0.310565,0.309989,OPEN,0,0.0,1
2026-08-12T11:02:40.139821,46.3666,0.34841,0.302855,0.325633,0.315464,OPEN,0,0.0,1
2026-08-12T11:02:40.158903,46.389,0.29099,0.313585,0.302287,0.310852,OPEN,0,0.0,1
2026-08-12T11:02:40.194172,46.4222,0.189005,0.269179,0.229092,0.282236,OPEN,0,0.0,1
2026-08-12T11:02:40.227744,46.4564,0.312121,0.317425,0.314773,0.293624,OPEN,0,0.0,1
2026-08-12T11:02:40.261051,46.4901,0.331876,0.331432,0.331654,0.306934,OPEN,0,0.0,1
2026-08-12T11:02:40.295269,46.5245,0.301315,0.321353,0.311334,0.308474,OPEN,0,0.0,1
2026-08-12T11:02:40.326359,46.5574,0.348737,0.366052,0.357394,0.325596,OPEN,0,0.0,1
2026-08-12T11:02:40.370264,46.5986,0.319862,0.337398,0.32863,0.326658,OPEN,0,0.0,1
2026-08-12T11:02:40.403506,46.632,0.296642,0.308476,0.302559,0.318223,OPEN,0,0.0,1
2026-08-12T11:02:40.439205,46.6661,0.331019,0.327988,0.329503,0.322171,OPEN,0,0.0,1
2026-08-12T11:02:40.459749,46.6898,0.314335,0.282219,0.298277,0.313808,OPEN,0,0.0,1
2026-08-12T11:02:40.499975,46.7279,0.307052,0.265808,0.28643,0.304226,OPEN,0,0.0,1
2026-08-12T11:02:40.532203,46.7615,0.31393,0.27984,0.296885,0.301657,OPEN,0,0.0,1
2026-08-12T11:02:40.584431,46.8097,0.326038,0.30211,0.314074,0.306003,OPEN,0,0.0,1
2026-08-12T11:02:40.611763,46.8429,0.324532,0.304871,0.314702,0.309047,OPEN,0,0.0,1
2026-08-12T11:02:40.647499,46.8769,0.33901,0.314226,0.326618,0.315197,OPEN,0,0.0,1
2026-08-12T11:02:40.684233,46.9117,0.33786,0.308898,0.323379,0.318061,OPEN,0,0.0,1
2026-08-12T11:02:40.718737,46.9461,0.077126,0.038242,0.057684,0.226929,CLOSING,0,0.0,1
2026-08-12T11:02:40.738120,46.9678,0.019169,0.011771,0.01547,0.152918,CLOSING,0,0.0,1
2026-08-12T11:02:40.754639,46.9872,0.023645,0.014313,0.018979,0.10604,CLOSING,0,0.0,1
2026-08-12T11:02:40.784495,47.0173,0.135248,0.082502,0.108875,0.107032,CLOSED,0,0.0,1
2026-08-12T11:02:40.816990,47.0472,0.257766,0.202259,0.230013,0.150075,CLOSED,0,0.0,1
2026-08-12T11:02:40.852144,47.0808,0.284358,0.239767,0.262063,0.189271,CLOSED,0,0.0,1
2026-08-12T11:02:40.900626,47.1291,0.340967,0.324606,0.332786,0.239501,CLOSED,0,0.0,1
2026-08-12T11:02:40.935529,47.1629,0.354099,0.339295,0.346697,0.27702,OPENING,0,0.0,1
2026-08-12T11:02:40.970078,47.1967,0.359992,0.349552,0.354772,0.304233,OPEN,1,0.250586,1
2026-08-12T11:02:40.993076,47.2259,0.362078,0.341737,0.351907,0.320919,OPEN,0,0.0,1
2026-08-12T11:02:41.023818,47.2546,0.369105,0.357615,0.36336,0.335773,OPEN,0,0.0,1
2026-08-12T11:02:41.060640,47.2882,0.373582,0.361263,0.367422,0.34685,OPEN,0,0.0,1
2026-08-12T11:02:41.089848,47.3191,0.364341,0.364258,0.3643,0.352958,OPEN,0,0.0,1
2026-08-12T11:02:41.127800,47.3543,0.374442,0.358693,0.366567,0.357721,OPEN,0,0.0,1
2026-08-12T11:02:41.160577,47.3886,0.374043,0.354316,0.36418,0.359982,OPEN,0,0.0,1
2026-08-12T11:02:41.196431,47.4237,0.380004,0.348993,0.364498,0.361562,OPEN,0,0.0,1
2026-08-12T11:02:41.216845,47.4497,0.388509,0.357285,0.372897,0.365529,OPEN,0,0.0,1
2026-08-12T11:02:41.244646,47.4779,0.384079,0.356743,0.370411,0.367238,OPEN,0,0.0,1
2026-08-12T11:02:41.276925,47.5096,0.403641,0.374564,0.389102,0.37489,OPEN,0,0.0,1
2026-08-12T11:02:41.325408,47.5571,0.404543,0.371984,0.388264,0.379571,OPEN,0,0.0,1
2026-08-12T11:02:41.356440,47.5904,0.387205,0.348459,0.367832,0.375462,OPEN,0,0.0,1
2026-08-12T11:02:41.387773,47.6215,0.12892,0.122401,0.12566,0.288032,OPEN,0,0.0,1
2026-08-12T11:02:41.422314,47.6566,0.110914,0.072715,0.091815,0.219356,CLOSING,0,0.0,1
2026-08-12T11:02:41.454442,47.6857,0.12073,0.074341,0.097535,0.176719,CLOSING,0,0.0,1
2026-08-12T11:02:41.487112,47.7194,0.149237,0.116062,0.13265,0.161295,CLOSED,0,0.0,1
2026-08-12T11:02:41.525822,47.7537,0.22922,0.196087,0.212653,0.17927,CLOSED,0,0.0,1
2026-08-12T11:02:41.553898,47.7826,0.244409,0.178945,0.211677,0.190612,CLOSED,0,0.0,1
2026-08-12T11:02:41.588275,47.8152,0.290521,0.280128,0.285324,0.223762,CLOSED,0,0.0,1
2026-08-12T11:02:41.619107,47.849,0.386826,0.360932,0.373879,0.276303,OPENING,0,0.0,1
2026-08-12T11:02:41.652069,47.8832,0.403434,0.362941,0.383188,0.313713,OPEN,1,0.226552,1
2026-08-12T11:02:41.680650,47.9105,0.402517,0.359218,0.380868,0.337217,OPEN,0,0.0,1
2026-08-12T11:02:41.734106,47.9617,0.397464,0.35881,0.378137,0.351539,OPEN,0,0.0,1
2026-08-12T11:02:41.762711,47.9911,0.381629,0.341447,0.361538,0.355039,OPEN,0,0.0,1
2026-08-12T11:02:41.794892,48.025,0.373451,0.338012,0.355732,0.355281,OPEN,0,0.0,1
2026-08-12T11:02:41.827574,48.0553,0.380766,0.348094,0.36443,0.358483,OPEN,0,0.0,1
2026-08-12T11:02:41.861453,48.0897,0.387421,0.353003,0.370212,0.362588,OPEN,0,0.0,1
2026-08-12T11:02:41.892086,48.1235,0.389981,0.347408,0.368695,0.364726,OPEN,0,0.0,1
2026-08-12T11:02:41.923169,48.1569,0.387477,0.334883,0.36118,0.363485,OPEN,0,0.0,1
2026-08-12T11:02:41.948941,48.1815,0.386543,0.330803,0.358673,0.3618,OPEN,0,0.0,1
2026-08-12T11:02:41.985185,48.2142,0.385531,0.329299,0.357415,0.360265,OPEN,0,0.0,1
2026-08-12T11:02:42.018548,48.2473,0.384248,0.338268,0.361258,0.360613,OPEN,0,0.0,1
2026-08-12T11:02:42.052662,48.2794,0.391978,0.346991,0.369485,0.363718,OPEN,0,0.0,1
2026-08-12T11:02:42.085092,48.3152,0.411088,0.363629,0.387358,0.371992,OPEN,0,0.0,1
2026-08-12T11:02:42.123289,48.3506,0.415865,0.37564,0.395752,0.380308,OPEN,0,0.0,1
2026-08-12T11:02:42.164754,48.3924,0.417937,0.388027,0.402982,0.388244,OPEN,0,0.0,1
2026-08-12T11:02:42.195035,48.4265,0.4223,0.39318,0.40774,0.395068,OPEN,0,0.0,1
2026-08-12T11:02:42.228822,48.4605,0.420575,0.38738,0.403978,0.398186,OPEN,0,0.0,1
2026-08-12T11:02:42.261498,48.4933,0.422705,0.386812,0.404759,0.400486,OPEN,0,0.0,1
2026-08-12T11:02:42.298484,48.5272,0.421742,0.38669,0.404216,0.401792,OPEN,0,0.0,1
2026-08-12T11:02:42.324057,48.555,0.417965,0.387194,0.402579,0.402067,OPEN,0,0.0,1
2026-08-12T11:02:42.359088,48.5883,0.415366,0.382182,0.398774,0.400915,OPEN,0,0.0,1
2026-08-12T11:02:42.395276,48.6229,0.422121,0.389063,0.405592,0.402552,OPEN,0,0.0,1
2026-08-12T11:02:42.418741,48.6466,0.416809,0.38474,0.400775,0.40193,OPEN,0,0.0,1
2026-08-12T11:02:42.448591,48.6792,0.408969,0.374063,0.391516,0.398285,OPEN,0,0.0,1
2026-08-12T11:02:42.482727,48.7109,0.4034,0.36285,0.383125,0.392979,OPEN,0,0.0,1
2026-08-12T11:02:42.514324,48.7469,0.40189,0.363361,0.382625,0.389355,OPEN,0,0.0,1
2026-08-12T11:02:42.553052,48.7812,0.398184,0.363396,0.38079,0.386357,OPEN,0,0.0,1
2026-08-12T11:02:42.597906,48.8251,0.409835,0.366272,0.388054,0.386951,OPEN,0,0.0,1
2026-08-12T11:02:42.621951,48.8541,0.409693,0.366193,0.387943,0.387298,OPEN,0,0.0,1
2026-08-12T11:02:42.657491,48.8875,0.417351,0.368936,0.393144,0.389344,OPEN,0,0.0,1
2026-08-12T11:02:42.692252,48.9211,0.425834,0.374698,0.400266,0.393167,OPEN,0,0.0,1
2026-08-12T11:02:42.725066,48.9562,0.416873,0.370989,0.393931,0.393434,OPEN,0,0.0,1
2026-08-12T11:02:42.751732,48.9818,0.41987,0.377377,0.398624,0.395251,OPEN,0,0.0,1
2026-08-12T11:02:42.787888,49.0176,0.423355,0.377886,0.400621,0.39713,OPEN,0,0.0,1
2026-08-12T11:02:42.818310,49.0478,0.422693,0.384635,0.403664,0.399417,OPEN,0,0.0,1
2026-08-12T11:02:42.850173,49.0817,0.412189,0.379515,0.395852,0.398169,OPEN,0,0.0,1
2026-08-12T11:02:42.885415,49.116,0.411786,0.378232,0.395009,0.397063,OPEN,0,0.0,1
2026-08-12T11:02:42.921362,49.1502,0.418612,0.384774,0.401693,0.398684,OPEN,0,0.0,1
2026-08-12T11:02:42.949670,49.1801,0.42079,0.388652,0.404721,0.400797,OPEN,0,0.0,1
2026-08-12T11:02:42.976468,49.2077,0.420626,0.391238,0.405932,0.402594,OPEN,0,0.0,1
2026-08-12T11:02:43.028235,49.2565,0.413127,0.384721,0.398924,0.40131,OPEN,0,0.0,1
2026-08-12T11:02:43.062060,49.2904,0.409603,0.379928,0.394765,0.399019,OPEN,0,0.0,1
2026-08-12T11:02:43.095209,49.3244,0.39826,0.369728,0.383994,0.39376,OPEN,0,0.0,1
2026-08-12T11:02:43.125103,49.3575,0.406337,0.374244,0.390291,0.392546,OPEN,0,0.0,1
2026-08-12T11:02:43.147627,49.381,0.401137,0.372318,0.386728,0.39051,OPEN,0,0.0,1
2026-08-12T11:02:43.184601,49.4172,0.400846,0.37515,0.387998,0.389631,OPEN,0,0.0,1
2026-08-12T11:02:43.213617,49.4466,0.39807,0.374005,0.386037,0.388373,OPEN,0,0.0,1
2026-08-12T11:02:43.249667,49.4789,0.398434,0.367314,0.382874,0.386448,OPEN,0,0.0,1
2026-08-12T11:02:43.281271,49.51,0.403417,0.370757,0.387087,0.386672,OPEN,0,0.0,1
2026-08-12T11:02:43.313763,49.5435,0.403411,0.37213,0.387771,0.387056,OPEN,0,0.0,1
2026-08-12T11:02:43.346297,49.5771,0.409014,0.373347,0.391181,0.3885,OPEN,0,0.0,1
2026-08-12T11:02:43.382139,49.6117,0.39996,0.36057,0.380265,0.385618,OPEN,0,0.0,1
2026-08-12T11:02:43.429962,49.6571,0.39062,0.354579,0.372599,0.381061,OPEN,0,0.0,1
2026-08-12T11:02:43.459275,49.6899,0.385255,0.35127,0.368262,0.376582,OPEN,0,0.0,1
2026-08-12T11:02:43.494434,49.7237,0.38137,0.350789,0.366079,0.372906,OPEN,0,0.0,1
2026-08-12T11:02:43.524324,49.7568,0.383124,0.347201,0.365162,0.370195,OPEN,0,0.0,1
2026-08-12T11:02:43.552083,49.7822,0.37885,0.346337,0.362593,0.367535,OPEN,0,0.0,1
2026-08-12T11:02:43.584690,49.8162,0.376423,0.347517,0.36197,0.365587,OPEN,0,0.0,1
2026-08-12T11:02:43.617676,49.8488,0.376146,0.346305,0.361225,0.36406,OPEN,0,0.0,1
2026-08-12T11:02:43.646626,49.8809,0.368425,0.34116,0.354792,0.360817,OPEN,0,0.0,1
2026-08-12T11:02:43.677336,49.9095,0.371664,0.331008,0.351336,0.357498,OPEN,0,0.0,1
2026-08-12T11:02:43.714484,49.9431,0.376809,0.33841,0.35761,0.357537,OPEN,0,0.0,1
2026-08-12T11:02:43.750431,49.9778,0.371289,0.332992,0.352141,0.355649,OPEN,0,0.0,1
2026-08-12T11:02:43.784309,50.0122,0.373081,0.331129,0.352105,0.354408,OPEN,0,0.0,1
2026-08-12T11:02:43.828289,50.0567,0.374966,0.329262,0.352114,0.353605,OPEN,0,0.0,1
2026-08-12T11:02:43.859921,50.0874,0.337551,0.21349,0.27552,0.326275,OPEN,0,0.0,1
2026-08-12T11:02:43.889892,50.1191,0.132163,0.07878,0.105472,0.248994,CLOSING,0,0.0,1
2026-08-12T11:02:43.923883,50.1519,0.108276,0.052649,0.080462,0.190008,CLOSING,0,0.0,1
2026-08-12T11:02:43.955816,50.1837,0.155544,0.091255,0.123399,0.166695,CLOSED,0,0.0,1
2026-08-12T11:02:43.987607,50.2151,0.157853,0.089396,0.123624,0.15162,CLOSED,0,0.0,1
2026-08-12T11:02:44.023164,50.25,0.233827,0.201082,0.217454,0.174662,CLOSED,0,0.0,1
2026-08-12T11:02:44.053579,50.2847,0.309597,0.274447,0.292022,0.215738,CLOSED,0,0.0,1
2026-08-12T11:02:44.076877,50.3098,0.348412,0.307985,0.328198,0.255099,OPENING,0,0.0,1
2026-08-12T11:02:44.115254,50.3441,0.370444,0.32328,0.346862,0.287216,OPEN,1,0.224986,1
2026-08-12T11:02:44.146803,50.3757,0.384961,0.335295,0.360128,0.312735,OPEN,0,0.0,1
2026-08-12T11:02:44.178165,50.4077,0.391041,0.342578,0.36681,0.331661,OPEN,0,0.0,1
2026-08-12T11:02:44.209225,50.4388,0.394167,0.345313,0.36974,0.344989,OPEN,0,0.0,1
2026-08-12T11:02:44.247447,50.479,0.395987,0.353513,0.37475,0.355405,OPEN,0,0.0,1
2026-08-12T11:02:44.291621,50.5197,0.413483,0.371142,0.392313,0.368323,OPEN,0,0.0,1
2026-08-12T11:02:44.326334,50.5545,0.412302,0.37332,0.392811,0.376894,OPEN,0,0.0,1
2026-08-12T11:02:44.360062,50.5888,0.413171,0.377572,0.395371,0.383361,OPEN,0,0.0,1
2026-08-12T11:02:44.393173,50.622,0.417157,0.378791,0.397974,0.388475,OPEN,0,0.0,1
2026-08-12T11:02:44.426484,50.6554,0.414289,0.378173,0.396231,0.39119,OPEN,0,0.0,1
2026-08-12T11:02:44.459875,50.6891,0.412208,0.375903,0.394056,0.392193,OPEN,0,0.0,1
2026-08-12T11:02:44.480231,50.714,0.413267,0.376124,0.394695,0.393069,OPEN,0,0.0,1
2026-08-12T11:02:44.510294,50.7426,0.412322,0.376636,0.394479,0.393562,OPEN,0,0.0,1
2026-08-12T11:02:44.548141,50.7767,0.410998,0.374349,0.392673,0.393251,OPEN,0,0.0,1
2026-08-12T11:02:44.579203,50.808,0.411784,0.375257,0.39352,0.393345,OPEN,0,0.0,1
2026-08-12T11:02:44.614657,50.8427,0.415711,0.373986,0.394849,0.393872,OPEN,0,0.0,1
2026-08-12T11:02:44.646095,50.877,0.415967,0.377726,0.396846,0.394913,OPEN,0,0.0,1
2026-08-12T11:02:44.693809,50.9209,0.410848,0.376749,0.393799,0.394523,OPEN,0,0.0,1
2026-08-12T11:02:44.723733,50.9546,0.420432,0.380893,0.400663,0.396672,OPEN,0,0.0,1
2026-08-12T11:02:44.760078,50.9884,0.423198,0.38636,0.404779,0.399509,OPEN,0,0.0,1
2026-08-12T11:02:44.795157,51.023,0.42213,0.386937,0.404534,0.401268,OPEN,0,0.0,1
2026-08-12T11:02:44.816558,51.0468,0.425216,0.392027,0.408621,0.403842,OPEN,0,0.0,1
2026-08-12T11:02:44.853021,51.0815,0.427361,0.392887,0.410124,0.40604,OPEN,0,0.0,1
2026-08-12T11:02:44.881517,51.1109,0.425133,0.392218,0.408675,0.406963,OPEN,0,0.0,1
2026-08-12T11:02:44.922821,51.1519,0.419597,0.384109,0.401853,0.405174,OPEN,0,0.0,1
2026-08-12T11:02:44.959527,51.1865,0.420404,0.384081,0.402243,0.404148,OPEN,0,0.0,1
2026-08-12T11:02:44.981580,51.2096,0.419271,0.384178,0.401724,0.4033,OPEN,0,0.0,1
2026-08-12T11:02:45.015801,51.2442,0.425048,0.388147,0.406597,0.404454,OPEN,0,0.0,1
2026-08-12T11:02:45.051564,51.2794,0.430963,0.39733,0.414147,0.407846,OPEN,0,0.0,1
2026-08-12T11:02:45.084759,51.3137,0.439097,0.405618,0.422357,0.412925,OPEN,0,0.0,1
2026-08-12T11:02:45.130131,51.3588,0.44709,0.412966,0.430028,0.418911,OPEN,0,0.0,1
2026-08-12T11:02:45.151895,51.3828,0.436371,0.406676,0.421524,0.419826,OPEN,0,0.0,1
2026-08-12T11:02:45.188355,51.4171,0.431889,0.40471,0.418299,0.419291,OPEN,0,0.0,1
2026-08-12T11:02:45.219887,51.4501,0.431397,0.403819,0.417608,0.418702,OPEN,0,0.0,1
2026-08-12T11:02:45.247428,51.4791,0.428589,0.401042,0.414816,0.417342,OPEN,0,0.0,1
2026-08-12T11:02:45.283558,51.5136,0.427985,0.39761,0.412797,0.415751,OPEN,0,0.0,1
2026-08-12T11:02:45.318747,51.5471,0.419655,0.395195,0.407425,0.412837,OPEN,0,0.0,1
2026-08-12T11:02:45.367682,51.5928,0.405964,0.385846,0.395905,0.406911,OPEN,0,0.0,1
2026-08-12T11:02:45.400408,51.6276,0.399834,0.380485,0.390159,0.401048,OPEN,0,0.0,1
2026-08-12T11:02:45.433165,51.6613,0.395561,0.374838,0.385199,0.395501,OPEN,0,0.0,1
2026-08-12T11:02:45.468906,51.6965,0.392484,0.375183,0.383833,0.391417,OPEN,0,0.0,1
2026-08-12T11:02:45.502585,51.7317,0.396246,0.379073,0.387659,0.390102,OPEN,0,0.0,1
2026-08-12T11:02:45.546292,51.7666,0.400532,0.384449,0.392491,0.390938,OPEN,0,0.0,1
2026-08-12T11:02:45.570697,51.7994,0.401267,0.384467,0.392867,0.391613,OPEN,0,0.0,1
2026-08-12T11:02:45.608453,51.8342,0.403978,0.386316,0.395147,0.39285,OPEN,0,0.0,1
2026-08-12T11:02:45.644230,51.8688,0.399545,0.381665,0.390605,0.392064,OPEN,0,0.0,1
2026-08-12T11:02:45.661408,51.893,0.398555,0.378947,0.388751,0.390905,OPEN,0,0.0,1
2026-08-12T11:02:45.700966,51.9287,0.397273,0.374999,0.386136,0.389236,OPEN,0,0.0,1
2026-08-12T11:02:45.736559,51.9633,0.39186,0.367329,0.379594,0.385861,OPEN,0,0.0,1
2026-08-12T11:02:45.753006,51.9864,0.385377,0.364533,0.374955,0.382044,OPEN,0,0.0,1
2026-08-12T11:02:45.780039,52.0085,0.387955,0.368076,0.378015,0.380634,OPEN,0,0.0,1
2026-08-12T11:02:45.810640,52.0435,0.392843,0.370617,0.38173,0.381018,OPEN,0,0.0,1
2026-08-12T11:02:45.837952,52.0698,0.392118,0.372316,0.382217,0.381437,OPEN,0,0.0,1
2026-08-12T11:02:45.997843,52.2234,0.408591,0.39171,0.400151,0.387987,OPEN,0,0.0,1
2026-08-12T11:02:46.029224,52.2584,0.4093,0.393613,0.401457,0.392701,OPEN,0,0.0,1
2026-08-12T11:02:46.066014,52.2928,0.406192,0.391096,0.398644,0.394781,OPEN,0,0.0,1
2026-08-12T11:02:46.100430,52.3278,0.400128,0.383554,0.391841,0.393752,OPEN,0,0.0,1
2026-08-12T11:02:46.134883,52.3622,0.236579,0.137837,0.187208,0.321462,OPEN,0,0.0,1
2026-08-12T11:02:46.152435,52.3848,0.10904,0.051922,0.080481,0.237118,CLOSING,0,0.0,1
2026-08-12T11:02:46.196739,52.4194,0.116655,0.068398,0.092527,0.186511,CLOSING,0,0.0,1
2026-08-12T11:02:46.229491,52.4555,0.163937,0.134731,0.149334,0.173499,CLOSED,0,0.0,1
2026-08-12T11:02:46.263808,52.4901,0.188868,0.16181,0.175339,0.174143,CLOSED,0,0.0,1
2026-08-12T11:02:46.299872,52.5247,0.267131,0.261852,0.264492,0.205765,CLOSED,0,0.0,1
2026-08-12T11:02:46.332761,52.5592,0.332845,0.327936,0.33039,0.249384,CLOSED,0,0.0,1
2026-08-12T11:02:46.354544,52.583,0.356306,0.346178,0.351242,0.285034,OPENING,0,0.0,1
2026-08-12T11:02:46.373408,52.6046,0.369891,0.363265,0.366578,0.313575,OPEN,1,0.219762,1
2026-08-12T11:02:46.426060,52.6531,0.386337,0.371877,0.379107,0.336511,OPEN,0,0.0,1
2026-08-12T11:02:46.448078,52.6784,0.394359,0.377938,0.386148,0.353884,OPEN,0,0.0,1
2026-08-12T11:02:46.482094,52.7119,0.396096,0.378978,0.387537,0.365663,OPEN,0,0.0,1
2026-08-12T11:02:46.516500,52.7459,0.400981,0.379948,0.390464,0.374343,OPEN,0,0.0,1
2026-08-12T11:02:46.550729,52.7799,0.40943,0.385167,0.397299,0.382378,OPEN,0,0.0,1
2026-08-12T11:02:46.584292,52.8143,0.408204,0.383762,0.395983,0.38714,OPEN,0,0.0,1
2026-08-12T11:02:46.617635,52.8488,0.404736,0.380225,0.39248,0.389009,OPEN,0,0.0,1
2026-08-12T11:02:46.639803,52.8725,0.404538,0.3821,0.393319,0.390517,OPEN,0,0.0,1
2026-08-12T11:02:46.669387,52.9019,0.412203,0.387775,0.399989,0.393832,OPEN,0,0.0,1
2026-08-12T11:02:46.706182,52.9356,0.410667,0.39012,0.400393,0.396129,OPEN,0,0.0,1
2026-08-12T11:02:46.740357,52.9679,0.415779,0.393421,0.4046,0.399094,OPEN,0,0.0,1
2026-08-12T11:02:46.772363,53.0022,0.414468,0.391678,0.403073,0.400486,OPEN,0,0.0,1
2026-08-12T11:02:46.818436,53.0476,0.415005,0.389425,0.402215,0.401092,OPEN,0,0.0,1
2026-08-12T11:02:46.851439,53.0841,0.416771,0.389773,0.403272,0.401855,OPEN,0,0.0,1
2026-08-12T11:02:46.878292,53.1097,0.416261,0.389782,0.403021,0.402263,OPEN,0,0.0,1
2026-08-12T11:02:46.915269,53.1441,0.415356,0.39112,0.403238,0.402604,OPEN,0,0.0,1
2026-08-12T11:02:46.947767,53.1783,0.415064,0.391386,0.403225,0.402822,OPEN,0,0.0,1
2026-08-12T11:02:46.982359,53.2129,0.414493,0.389951,0.402222,0.402612,OPEN,0,0.0,1
2026-08-12T11:02:47.016151,53.2471,0.417565,0.391012,0.404289,0.403199,OPEN,0,0.0,1
2026-08-12T11:02:47.051714,53.2813,0.420239,0.39255,0.406395,0.404317,OPEN,0,0.0,1
2026-08-12T11:02:47.091737,53.3191,0.421246,0.391919,0.406582,0.40511,OPEN,0,0.0,1
2026-08-12T11:02:47.123636,53.3532,0.420373,0.391986,0.40618,0.405484,OPEN,0,0.0,1
2026-08-12T11:02:47.163611,53.3883,0.409965,0.383268,0.396617,0.402381,OPEN,0,0.0,1
2026-08-12T11:02:47.184826,53.4128,0.396743,0.375501,0.386122,0.39669,OPEN,0,0.0,1
2026-08-12T11:02:47.201805,53.4347,0.393212,0.370673,0.381942,0.391528,OPEN,0,0.0,1
2026-08-12T11:02:47.253964,53.4811,0.393414,0.37312,0.383267,0.388637,OPEN,0,0.0,1
2026-08-12T11:02:47.287358,53.5167,0.39318,0.372451,0.382815,0.386599,OPEN,0,0.0,1
2026-08-12T11:02:47.311362,53.5424,0.393374,0.371302,0.382338,0.385108,OPEN,0,0.0,1
2026-08-12T11:02:47.347630,53.5758,0.393965,0.36855,0.381257,0.38376,OPEN,0,0.0,1
2026-08-12T11:02:47.379083,53.6068,0.393783,0.371061,0.382422,0.383292,OPEN,0,0.0,1
2026-08-12T11:02:47.414119,53.6401,0.393358,0.369875,0.381617,0.382705,OPEN,0,0.0,1
2026-08-12T11:02:47.440203,53.6701,0.39604,0.371457,0.383749,0.383071,OPEN,0,0.0,1
2026-08-12T11:02:47.472611,53.7032,0.393429,0.372443,0.382936,0.383023,OPEN,0,0.0,1
2026-08-12T11:02:47.507897,53.7399,0.39112,0.374584,0.382852,0.382963,OPEN,0,0.0,1
2026-08-12T11:02:47.545707,53.7739,0.393071,0.378001,0.385536,0.383864,OPEN,0,0.0,1
2026-08-12T11:02:47.580013,53.8079,0.389447,0.378575,0.384011,0.383915,OPEN,0,0.0,1
2026-08-12T11:02:47.615819,53.8421,0.402718,0.381779,0.392249,0.386832,OPEN,0,0.0,1
2026-08-12T11:02:47.635933,53.8652,0.400218,0.382438,0.391328,0.388406,OPEN,0,0.0,1
2026-08-12T11:02:47.683799,53.9123,0.391237,0.372944,0.38209,0.386195,OPEN,0,0.0,1
2026-08-12T11:02:47.717893,53.9477,0.396795,0.376932,0.386864,0.386429,OPEN,0,0.0,1
2026-08-12T11:02:47.753592,53.9825,0.398284,0.378204,0.388244,0.387064,OPEN,0,0.0,1
2026-08-12T11:02:47.774204,54.0071,0.398495,0.378097,0.388296,0.387495,OPEN,0,0.0,1
2026-08-12T11:02:47.805355,54.0388,0.398418,0.376963,0.38769,0.387564,OPEN,0,0.0,1
2026-08-12T11:02:47.837313,54.0703,0.39429,0.375316,0.384803,0.386597,OPEN,0,0.0,1
2026-08-12T11:02:47.870574,54.1028,0.391402,0.372805,0.382104,0.385025,OPEN,0,0.0,1
2026-08-12T11:02:47.905848,54.1367,0.389165,0.372087,0.380626,0.383485,OPEN,0,0.0,1
2026-08-12T11:02:47.957050,54.1841,0.386796,0.370139,0.378468,0.381729,OPEN,0,0.0,1
2026-08-12T11:02:47.975342,54.2065,0.385237,0.368271,0.376754,0.379988,OPEN,0,0.0,1
2026-08-12T11:02:48.011400,54.24,0.389475,0.373971,0.381723,0.380595,OPEN,0,0.0,1
2026-08-12T11:02:48.044371,54.2738,0.390828,0.375133,0.38298,0.38143,OPEN,0,0.0,1
2026-08-12T11:02:48.075068,54.3074,0.38881,0.37489,0.38185,0.381577,OPEN,0,0.0,1
2026-08-12T11:02:48.109522,54.3417,0.389275,0.376674,0.382974,0.382066,OPEN,0,0.0,1
2026-08-12T11:02:48.144243,54.3767,0.389215,0.377514,0.383365,0.382521,OPEN,0,0.0,1
2026-08-12T11:02:48.172992,54.4048,0.389662,0.377565,0.383614,0.382903,OPEN,0,0.0,1
2026-08-12T11:02:48.204760,54.4382,0.385851,0.374541,0.380196,0.381956,OPEN,0,0.0,1
2026-08-12T11:02:48.240658,54.4702,0.389782,0.37557,0.382676,0.382208,OPEN,0,0.0,1
2026-08-12T11:02:48.276460,54.5038,0.389637,0.375806,0.382722,0.382388,OPEN,0,0.0,1
2026-08-12T11:02:48.306845,54.5379,0.389638,0.375667,0.382652,0.38248,OPEN,0,0.0,1
2026-08-12T11:02:48.344650,54.5726,0.390077,0.376,0.383039,0.382676,OPEN,0,0.0,1
2026-08-12T11:02:48.385303,54.6155,0.387412,0.374758,0.381085,0.382119,OPEN,0,0.0,1
2026-08-12T11:02:48.423809,54.6504,0.388591,0.376231,0.382411,0.382221,OPEN,0,0.0,1
2026-08-12T11:02:48.442078,54.6739,0.387568,0.374833,0.3812,0.381864,OPEN,0,0.0,1
2026-08-12T11:02:48.482261,54.7092,0.388183,0.376454,0.382319,0.382023,OPEN,0,0.0,1
2026-08-12T11:02:48.515744,54.7435,0.388233,0.377573,0.382903,0.382331,OPEN,0,0.0,1
2026-08-12T11:02:48.549162,54.7781,0.387054,0.376363,0.381709,0.382113,OPEN,0,0.0,1
2026-08-12T11:02:48.578140,54.8112,0.38651,0.375836,0.381173,0.381784,OPEN,0,0.0,1
2026-08-12T11:02:48.607346,54.8382,0.385689,0.374172,0.379931,0.381135,OPEN,0,0.0,1
2026-08-12T11:02:48.643411,54.8729,0.386553,0.375339,0.380946,0.381069,OPEN,0,0.0,1
2026-08-12T11:02:48.679387,54.9074,0.38632,0.3742,0.38026,0.380786,OPEN,0,0.0,1
2026-08-12T11:02:48.708809,54.9401,0.385985,0.374462,0.380223,0.380589,OPEN,0,0.0,1
2026-08-12T11:02:48.743878,54.9736,0.386761,0.375345,0.381053,0.380751,OPEN,0,0.0,1
2026-08-12T11:02:48.777078,55.0065,0.386962,0.375918,0.38144,0.380992,OPEN,0,0.0,1
2026-08-12T11:02:48.815461,55.0469,0.385675,0.375698,0.380687,0.380885,OPEN,0,0.0,1
2026-08-12T11:02:48.832112,55.0644,0.385602,0.375807,0.380704,0.380822,OPEN,0,0.0,1
2026-08-12T11:02:48.863378,55.0942,0.386429,0.37552,0.380975,0.380875,OPEN,0,0.0,1
2026-08-12T11:02:48.898407,55.1279,0.386488,0.374949,0.380719,0.380821,OPEN,0,0.0,1
2026-08-12T11:02:48.949935,55.177,0.383681,0.373751,0.378716,0.380084,OPEN,0,0.0,1
2026-08-12T11:02:48.974994,55.2064,0.385729,0.374588,0.380158,0.38011,OPEN,0,0.0,1
2026-08-12T11:02:49.011602,55.2427,0.386087,0.374749,0.380418,0.380218,OPEN,0,0.0,1
2026-08-12T11:02:49.041586,55.2703,0.386596,0.375271,0.380933,0.380468,OPEN,0,0.0,1
2026-08-12T11:02:49.071939,55.3039,0.386001,0.375119,0.38056,0.3805,OPEN,0,0.0,1
2026-08-12T11:02:49.106373,55.3374,0.298763,0.185549,0.242156,0.33208,OPEN,0,0.0,1
2026-08-12T11:02:49.141975,55.3709,0.144973,0.09001,0.117491,0.256974,OPEN,0,0.0,1
2026-08-12T11:02:49.178744,55.4059,0.12094,0.082778,0.101859,0.202684,CLOSING,0,0.0,1
2026-08-12T11:02:49.212888,55.4396,0.163344,0.134182,0.148763,0.183812,CLOSING,0,0.0,1
2026-08-12T11:02:49.252983,55.4798,0.176527,0.182507,0.179517,0.182308,CLOSED,0,0.0,1
2026-08-12T11:02:49.300153,55.5273,0.29602,0.299893,0.297956,0.222785,CLOSED,0,0.0,1
2026-08-12T11:02:49.332310,55.5607,0.328253,0.319528,0.323891,0.258172,OPENING,0,0.0,1
2026-08-12T11:02:49.368259,55.595,0.352424,0.336848,0.344636,0.288434,OPEN,1,0.189111,1
2026-08-12T11:02:49.401422,55.628,0.362128,0.343964,0.353046,0.311048,OPEN,0,0.0,1
2026-08-12T11:02:49.438243,55.6615,0.363657,0.348569,0.356113,0.326821,OPEN,0,0.0,1
2026-08-12T11:02:49.473444,55.7029,0.365977,0.351912,0.358944,0.338064,OPEN,0,0.0,1
2026-08-12T11:02:49.508275,55.7367,0.371217,0.356352,0.363785,0.347066,OPEN,0,0.0,1
2026-08-12T11:02:49.542137,55.7703,0.373158,0.360942,0.36705,0.354061,OPEN,0,0.0,1
2026-08-12T11:02:49.575420,55.8035,0.375245,0.364409,0.369827,0.359579,OPEN,0,0.0,1
2026-08-12T11:02:49.609648,55.8373,0.377808,0.366242,0.372025,0.363935,OPEN,0,0.0,1
2026-08-12T11:02:49.628296,55.8598,0.379436,0.364999,0.372217,0.366834,OPEN,0,0.0,1
2026-08-12T11:02:49.670058,55.8989,0.379099,0.363522,0.37131,0.368401,OPEN,0,0.0,1
2026-08-12T11:02:49.701359,55.9314,0.378225,0.364435,0.37133,0.369426,OPEN,0,0.0,1
2026-08-12T11:02:49.735345,55.966,0.381123,0.367818,0.374471,0.371192,OPEN,0,0.0,1
2026-08-12T11:02:49.751288,55.9845,0.382772,0.369212,0.375992,0.372872,OPEN,0,0.0,1
2026-08-12T11:02:49.768539,56.0018,0.381967,0.369841,0.375904,0.373933,OPEN,0,0.0,1
2026-08-12T11:02:49.811054,56.0398,0.382142,0.371806,0.376974,0.374997,OPEN,0,0.0,1
2026-08-12T11:02:49.845672,56.0735,0.382367,0.372737,0.377552,0.375892,OPEN,0,0.0,1
2026-08-12T11:02:49.877389,56.11,0.382469,0.371816,0.377142,0.376329,OPEN,0,0.0,1
2026-08-12T11:02:49.902846,56.1329,0.382783,0.371573,0.377178,0.376627,OPEN,0,0.0,1
2026-08-12T11:02:49.938788,56.1674,0.382261,0.371847,0.377054,0.376776,OPEN,0,0.0,1
2026-08-12T11:02:49.972806,56.2009,0.382074,0.367424,0.374749,0.376067,OPEN,0,0.0,1
2026-08-12T11:02:50.006629,56.2348,0.381596,0.360729,0.371163,0.37435,OPEN,0,0.0,1
2026-08-12T11:02:50.038887,56.2692,0.380721,0.357705,0.369213,0.372552,OPEN,0,0.0,1
2026-08-12T11:02:50.103366,56.3313,0.358516,0.331522,0.345019,0.362916,OPEN,0,0.0,1
2026-08-12T11:02:50.138999,56.3661,0.161927,0.096173,0.12905,0.281063,OPEN,0,0.0,1
2026-08-12T11:02:50.156770,56.3891,0.153084,0.091986,0.122535,0.225578,CLOSING,0,0.0,1
2026-08-12T11:02:50.197058,56.4234,0.056057,0.043528,0.049792,0.164053,CLOSING,0,0.0,1
2026-08-12T11:02:50.217872,56.4462,0.06242,0.045962,0.054191,0.125601,CLOSED,0,0.0,1
2026-08-12T11:02:50.252794,56.4811,0.072127,0.04091,0.056518,0.101422,CLOSED,0,0.0,1
2026-08-12T11:02:50.281231,56.5142,0.049217,0.028683,0.03895,0.079557,CLOSED,0,0.0,1
2026-08-12T11:02:50.306187,56.5375,0.06684,0.034361,0.0506,0.069422,CLOSED,0,0.0,1
2026-08-12T11:02:50.339503,56.5716,0.075422,0.037241,0.056332,0.06484,CLOSED,0,0.0,1
2026-08-12T11:02:50.372273,56.6043,0.074199,0.0293,0.051749,0.060259,CLOSED,0,0.0,1
2026-08-12T11:02:50.396752,56.63,0.067496,0.039763,0.05363,0.057938,CLOSED,0,0.0,1
2026-08-12T11:02:50.428698,56.6609,0.064861,0.033327,0.049094,0.054843,CLOSED,0,0.0,1
2026-08-12T11:02:50.502546,56.7298,0.069785,0.035187,0.052486,0.054018,CLOSED,0,0.0,1
2026-08-12T11:02:50.533696,56.7667,0.0591,0.032198,0.045649,0.051089,CLOSED,0,0.0,1
2026-08-12T11:02:50.556696,56.7891,0.051352,0.03098,0.041166,0.047616,CLOSED,0,0.0,1
2026-08-12T11:02:50.575157,56.8073,0.047259,0.029987,0.038623,0.044468,CLOSED,0,0.0,1
2026-08-12T11:02:50.610725,56.8422,0.054273,0.028606,0.04144,0.043408,CLOSED,0,0.0,1
2026-08-12T11:02:50.643058,56.8712,0.05546,0.027864,0.041662,0.042797,CLOSED,0,0.0,1
2026-08-12T11:02:50.678406,56.9057,0.049078,0.025406,0.037242,0.040853,CLOSED,0,0.0,1
2026-08-12T11:02:50.711603,56.941,0.067588,0.08802,0.077804,0.053786,CLOSED,0,0.0,1
2026-08-12T11:02:50.756339,56.9842,0.15773,0.206082,0.181906,0.098628,CLOSED,0,0.0,1
2026-08-12T11:02:50.793251,57.0188,0.258572,0.280894,0.269733,0.158515,CLOSED,0,0.0,1
2026-08-12T11:02:50.825074,57.0535,0.314418,0.324144,0.319281,0.214783,CLOSED,0,0.0,1
2026-08-12T11:02:50.844772,57.0744,0.341495,0.339943,0.340719,0.258861,OPENING,0,0.0,1
2026-08-12T11:02:50.901576,57.1289,0.361121,0.353261,0.357191,0.293276,OPEN,1,0.739772,1
2026-08-12T11:02:50.933065,57.16,0.370105,0.359678,0.364892,0.318342,OPEN,0,0.0,1
2026-08-12T11:02:50.966119,57.1978,0.37175,0.359843,0.365796,0.334951,OPEN,0,0.0,1
2026-08-12T11:02:51.000971,57.2315,0.381492,0.366031,0.373761,0.348534,OPEN,0,0.0,1
2026-08-12T11:02:51.037727,57.2661,0.38399,0.364022,0.374006,0.35745,OPEN,0,0.0,1
2026-08-12T11:02:51.071509,57.3002,0.381496,0.358058,0.369777,0.361764,OPEN,0,0.0,1
2026-08-12T11:02:51.106762,57.3348,0.39388,0.360695,0.377288,0.367197,OPEN,0,0.0,1
2026-08-12T11:02:51.140168,57.3684,0.414982,0.347581,0.381281,0.372127,OPEN,0,0.0,1
2026-08-12T11:02:51.173929,57.4059,0.440657,0.323829,0.382243,0.375667,OPEN,0,0.0,1
2026-08-12T11:02:51.215327,57.4412,0.51134,0.308914,0.410127,0.387728,OPEN,0,0.0,1
2026-08-12T11:02:51.249011,57.4768,0.571581,0.32362,0.4476,0.408683,OPEN,0,0.0,1
2026-08-12T11:02:51.282339,57.5105,0.756991,0.349538,0.553265,0.459287,OPEN,0,0.0,1
2026-08-12T11:02:51.316013,57.5447,1.054252,0.464973,0.759612,0.564401,OPEN,0,0.0,1
2026-08-12T11:02:51.352451,57.5793,1.102141,0.489944,0.796043,0.645475,OPEN,0,0.0,1
2026-08-12T11:02:51.384452,57.6129,1.086597,0.502423,0.79451,0.697637,OPEN,0,0.0,1
2026-08-12T11:02:51.409553,57.6401,1.050966,0.495422,0.773194,0.724082,OPEN,0,0.0,1
2026-08-12T11:02:51.449515,57.6767,1.075059,0.49158,0.78332,0.744815,OPEN,0,0.0,1
2026-08-12T11:02:51.472298,57.6999,1.04753,0.510807,0.779169,0.756839,OPEN,0,0.0,1
2026-08-12T11:02:51.490117,57.7215,1.089529,0.520985,0.805257,0.773785,OPEN,0,0.0,1
2026-08-12T11:02:51.531662,57.7573,1.080915,0.505044,0.79298,0.780503,OPEN,0,0.0,1
2026-08-12T11:02:51.566516,57.7922,1.033998,0.49628,0.765139,0.775126,OPEN,0,0.0,1
2026-08-12T11:02:51.600553,57.827,1.025713,0.482777,0.754245,0.767817,OPEN,0,0.0,1
2026-08-12T11:02:51.637150,57.865,1.008797,0.489061,0.748929,0.761206,OPEN,0,0.0,1
2026-08-12T11:02:51.670674,57.8991,0.930687,0.470176,0.700432,0.739935,OPEN,0,0.0,1
2026-08-12T11:02:51.693589,57.9261,0.963847,0.461949,0.712898,0.730472,OPEN,0,0.0,1
2026-08-12T11:02:51.732447,57.9608,0.98721,0.468477,0.727844,0.729552,OPEN,0,0.0,1
2026-08-12T11:02:51.764294,57.993,0.962209,0.462686,0.712448,0.723566,OPEN,0,0.0,1
2026-08-12T11:02:51.796353,58.0275,0.892122,0.456451,0.674287,0.706318,OPEN,0,0.0,1
2026-08-12T11:02:51.826487,58.0595,0.911379,0.458352,0.684865,0.69881,OPEN,0,0.0,1
2026-08-12T11:02:51.844668,58.0771,0.920427,0.458684,0.689555,0.695571,OPEN,0,0.0,1
2026-08-12T11:02:51.861588,58.0945,0.938325,0.470811,0.704568,0.69872,OPEN,0,0.0,1
2026-08-12T11:02:51.908169,58.1357,0.924533,0.477584,0.701058,0.699538,OPEN,0,0.0,1
2026-08-12T11:02:51.939416,58.1675,0.971404,0.475767,0.723586,0.707955,OPEN,0,0.0,1
2026-08-12T11:02:51.966844,58.1985,1.033677,0.46471,0.749194,0.722388,OPEN,0,0.0,1
2026-08-12T11:02:52.001680,58.2319,1.056255,0.465763,0.761009,0.735906,OPEN,0,0.0,1
2026-08-12T11:02:52.037970,58.2658,1.0295,0.454775,0.742137,0.738087,OPEN,0,0.0,1
2026-08-12T11:02:52.101752,58.3287,1.093553,0.48671,0.790131,0.756302,OPEN,0,0.0,1
2026-08-12T11:02:52.131434,58.3595,1.072242,0.474967,0.773605,0.762358,OPEN,0,0.0,1
2026-08-12T11:02:52.166028,58.3944,1.009504,0.479119,0.744312,0.756042,OPEN,0,0.0,1
2026-08-12T11:02:52.196067,58.4277,1.01272,0.461928,0.737324,0.749491,OPEN,0,0.0,1
2026-08-12T11:02:52.227624,58.4605,0.890432,0.435873,0.663153,0.719272,OPEN,0,0.0,1
2026-08-12T11:02:52.254184,58.4876,0.673382,0.301304,0.487343,0.638097,OPEN,0,0.0,1
2026-08-12T11:02:52.272889,58.5057,0.637876,0.273557,0.455717,0.574264,OPEN,0,0.0,1
2026-08-12T11:02:52.306577,58.539,0.428632,0.18763,0.308131,0.481117,OPEN,0,0.0,1
2026-08-12T11:02:52.343249,58.5734,0.383054,0.17983,0.281442,0.411231,OPEN,0,0.0,1
2026-08-12T11:02:52.380743,58.6082,0.317621,0.168278,0.24295,0.352333,OPEN,0,0.0,1
2026-08-12T11:02:52.401675,58.6302,0.29438,0.209582,0.251981,0.317209,OPEN,0,0.0,1
2026-08-12T11:02:52.432634,58.6643,0.305266,0.254213,0.27974,0.304095,OPEN,0,0.0,1
2026-08-12T11:02:52.507174,58.7352,0.330737,0.310243,0.32049,0.309833,OPEN,0,0.0,1
2026-08-12T11:02:52.526801,58.7587,0.3288,0.320897,0.324849,0.315089,OPEN,0,0.0,1
2026-08-12T11:02:52.563521,58.793,0.340426,0.331852,0.336139,0.322456,OPEN,0,0.0,1
2026-08-12T11:02:52.595648,58.8259,0.35908,0.330615,0.344847,0.330293,OPEN,0,0.0,1
2026-08-12T11:02:52.629139,58.8601,0.381328,0.339651,0.36049,0.340862,OPEN,0,0.0,1
2026-08-12T11:02:52.661172,58.8943,0.390143,0.347715,0.368929,0.350686,OPEN,0,0.0,1
2026-08-12T11:02:52.688919,58.919,0.397148,0.351511,0.374329,0.358961,OPEN,0,0.0,1
2026-08-12T11:02:52.716833,58.9476,0.403538,0.358473,0.381005,0.366676,OPEN,0,0.0,1
2026-08-12T11:02:52.747715,58.9807,0.414314,0.364899,0.389606,0.374702,OPEN,0,0.0,1
2026-08-12T11:02:52.765783,58.9989,0.418291,0.366736,0.392513,0.380936,OPEN,0,0.0,1
2026-08-12T11:02:52.798622,59.0298,0.427998,0.371838,0.399918,0.38758,OPEN,0,0.0,1
2026-08-12T11:02:52.831752,59.0641,0.433957,0.371593,0.402775,0.392898,OPEN,0,0.0,1
2026-08-12T11:02:52.901536,59.1288,0.435059,0.367598,0.401328,0.395849,OPEN,0,0.0,1
2026-08-12T11:02:52.933673,59.1653,0.433459,0.365402,0.399431,0.397102,OPEN,0,0.0,1
2026-08-12T11:02:52.970199,59.1991,0.433549,0.35971,0.396629,0.396937,OPEN,0,0.0,1
2026-08-12T11:02:52.991927,59.2228,0.307605,0.193237,0.250421,0.345656,OPEN,0,0.0,1
2026-08-12T11:02:53.027318,59.2547,0.130858,0.055944,0.093401,0.257367,OPEN,0,0.0,1
2026-08-12T11:02:53.059083,59.2868,0.069255,0.032686,0.05097,0.185128,CLOSING,0,0.0,1
2026-08-12T11:02:53.090942,59.3192,0.152201,0.080534,0.116368,0.161062,CLOSING,0,0.0,1
2026-08-12T11:02:53.125777,59.3562,0.143239,0.111283,0.127261,0.149232,CLOSED,0,0.0,1
2026-08-12T11:02:53.142132,59.3749,0.158683,0.103567,0.131125,0.142894,CLOSED,0,0.0,1
2026-08-12T11:02:53.158161,59.3922,0.21899,0.178721,0.198855,0.162481,CLOSED,0,0.0,1
2026-08-12T11:02:53.204288,59.4319,0.310397,0.26662,0.288508,0.20659,CLOSED,0,0.0,1
2026-08-12T11:02:53.236098,59.4663,0.339145,0.297951,0.318548,0.245776,CLOSED,0,0.0,1
2026-08-12T11:02:53.300457,59.5275,0.376347,0.324676,0.350511,0.282433,OPENING,0,0.0,1
2026-08-12T11:02:53.332453,59.5612,0.395699,0.343739,0.369719,0.312983,OPEN,1,0.274344,1
2026-08-12T11:02:53.367342,59.597,0.39983,0.35313,0.37648,0.335207,OPEN,0,0.0,1
2026-08-12T11:02:53.405441,59.6322,0.409687,0.356981,0.383334,0.352052,OPEN,0,0.0,1
2026-08-12T11:02:53.421417,59.6546,0.420526,0.36455,0.392538,0.366222,OPEN,0,0.0,1
2026-08-12T11:02:53.457611,59.6873,0.415415,0.36179,0.388602,0.374055,OPEN,0,0.0,1
2026-08-12T11:02:53.490644,59.7205,0.416841,0.362458,0.389649,0.379513,OPEN,0,0.0,1
2026-08-12T11:02:53.526851,59.7547,0.414287,0.362209,0.388248,0.38257,OPEN,0,0.0,1
2026-08-12T11:02:53.570238,59.7997,0.40786,0.356485,0.382172,0.382431,OPEN,0,0.0,1
2026-08-12T11:02:53.605828,59.8341,0.40836,0.355761,0.38206,0.382301,OPEN,0,0.0,1
2026-08-12T11:02:53.640357,59.8677,0.406897,0.355672,0.381285,0.381945,OPEN,0,0.0,1
2026-08-12T11:02:53.675741,59.903,0.410478,0.360023,0.385251,0.383102,OPEN,0,0.0,1
2026-08-12T11:02:53.710176,59.9371,0.412658,0.363333,0.387995,0.384815,OPEN,0,0.0,1
2026-08-12T11:02:53.744861,59.971,0.413648,0.365628,0.389638,0.386503,OPEN,0,0.0,1
2026-08-12T11:02:53.783747,60.0061,0.410238,0.363199,0.386718,0.386578,OPEN,0,0.0,1
