timestamp_ms,elapsed_seconds,condition,processing_mode,target_fps,face_detected,left_ear,right_ear,average_ear,smoothed_ear,threshold,eye_state,closure_duration,blink_event,blink_count,prolonged_closure_event,prolonged_closure_count
38709,0.0252,spectacles,high_power,15,False,,,,,0.2414,OPEN,0.0,False,0,False,0
38796,0.1219,spectacles,high_power,15,True,0.38025,0.3366,0.35842,0.35842,0.2414,OPEN,0.0,False,0,False,0
38831,0.1524,spectacles,high_power,15,True,0.38036,0.33869,0.35953,0.35881,0.2414,OPEN,0.0,False,0,False,0
38862,0.1804,spectacles,high_power,15,True,0.38592,0.34096,0.36344,0.36043,0.2414,OPEN,0.0,False,0,False,0
38892,0.207,spectacles,high_power,15,True,0.38664,0.34089,0.36376,0.3616,0.2414,OPEN,0.0,False,0,False,0
38917,0.2335,spectacles,high_power,15,True,0.38735,0.3421,0.36473,0.36269,0.2414,OPEN,0.0,False,0,False,0
38944,0.2601,spectacles,high_power,15,True,0.38949,0.34153,0.36551,0.36368,0.2414,OPEN,0.0,False,0,False,0
38975,0.2927,spectacles,high_power,15,True,0.38878,0.34203,0.36541,0.36428,0.2414,OPEN,0.0,False,0,False,0
39008,0.3237,spectacles,high_power,15,True,0.39206,0.34249,0.36727,0.36533,0.2414,OPEN,0.0,False,0,False,0
39034,0.3507,spectacles,high_power,15,True,0.39452,0.34287,0.36869,0.36651,0.2414,OPEN,0.0,False,0,False,0
39061,0.3767,spectacles,high_power,15,True,0.39475,0.34444,0.3696,0.36759,0.2414,OPEN,0.0,False,0,False,0
39087,0.4033,spectacles,high_power,15,True,0.39435,0.345,0.36967,0.36832,0.2414,OPEN,0.0,False,0,False,0
39114,0.4309,spectacles,high_power,15,True,0.3894,0.34236,0.36588,0.36746,0.2414,OPEN,0.0,False,0,False,0
39148,0.463,spectacles,high_power,15,True,0.38768,0.34098,0.36433,0.36637,0.2414,OPEN,0.0,False,0,False,0
39180,0.495,spectacles,high_power,15,True,0.38595,0.34042,0.36319,0.36525,0.2414,OPEN,0.0,False,0,False,0
39211,0.5263,spectacles,high_power,15,True,0.3886,0.34215,0.36537,0.3653,0.2414,OPEN,0.0,False,0,False,0
39241,0.5568,spectacles,high_power,15,True,0.38592,0.34192,0.36392,0.36481,0.2414,OPEN,0.0,False,0,False,0
39275,0.5901,spectacles,high_power,15,True,0.38034,0.34034,0.36034,0.36325,0.2414,OPEN,0.0,False,0,False,0
39341,0.6572,spectacles,high_power,15,True,0.39053,0.34069,0.36561,0.36407,0.2414,OPEN,0.0,False,0,False,0
39367,0.6882,spectacles,high_power,15,True,0.39113,0.34368,0.3674,0.36524,0.2414,OPEN,0.0,False,0,False,0
39398,0.7151,spectacles,high_power,15,True,0.39054,0.34834,0.36944,0.36671,0.2414,OPEN,0.0,False,0,False,0
39425,0.7405,spectacles,high_power,15,True,0.39741,0.35398,0.3757,0.36986,0.2414,OPEN,0.0,False,0,False,0
39451,0.7678,spectacles,high_power,15,True,0.40187,0.35616,0.37901,0.37306,0.2414,OPEN,0.0,False,0,False,0
39482,0.7987,spectacles,high_power,15,True,0.40285,0.35693,0.37989,0.37545,0.2414,OPEN,0.0,False,0,False,0
39515,0.8322,spectacles,high_power,15,True,0.3965,0.35564,0.37607,0.37567,0.2414,OPEN,0.0,False,0,False,0
39547,0.8632,spectacles,high_power,15,True,0.39604,0.3573,0.37667,0.37602,0.2414,OPEN,0.0,False,0,False,0
39579,0.8946,spectacles,high_power,15,True,0.40829,0.36669,0.38749,0.38003,0.2414,OPEN,0.0,False,0,False,0
39613,0.9283,spectacles,high_power,15,True,0.42222,0.3755,0.39886,0.38662,0.2414,OPEN,0.0,False,0,False,0
39642,0.9566,spectacles,high_power,15,True,0.41776,0.37726,0.39751,0.39044,0.2414,OPEN,0.0,False,0,False,0
39675,0.9898,spectacles,high_power,15,True,0.42378,0.38602,0.4049,0.3955,0.2414,OPEN,0.0,False,0,False,0
39706,1.0206,spectacles,high_power,15,True,0.42132,0.37905,0.40019,0.39714,0.2414,OPEN,0.0,False,0,False,0
39756,1.0713,spectacles,high_power,15,True,0.40935,0.37801,0.39368,0.39593,0.2414,OPEN,0.0,False,0,False,0
39787,1.1025,spectacles,high_power,15,True,0.40955,0.37555,0.39255,0.39475,0.2414,OPEN,0.0,False,0,False,0
39823,1.1382,spectacles,high_power,15,True,0.39938,0.3719,0.38564,0.39156,0.2414,OPEN,0.0,False,0,False,0
39850,1.1642,spectacles,high_power,15,True,0.40493,0.37567,0.3903,0.39112,0.2414,OPEN,0.0,False,0,False,0
39883,1.1985,spectacles,high_power,15,True,0.40088,0.3716,0.38624,0.38941,0.2414,OPEN,0.0,False,0,False,0
39914,1.2293,spectacles,high_power,15,True,0.4001,0.37575,0.38792,0.38889,0.2414,OPEN,0.0,False,0,False,0
39947,1.2627,spectacles,high_power,15,True,0.40404,0.38243,0.39323,0.39041,0.2414,OPEN,0.0,False,0,False,0
39978,1.2948,spectacles,high_power,15,True,0.40848,0.38674,0.39761,0.39293,0.2414,OPEN,0.0,False,0,False,0
40012,1.3276,spectacles,high_power,15,True,0.41381,0.38895,0.40138,0.39589,0.2414,OPEN,0.0,False,0,False,0
40047,1.3615,spectacles,high_power,15,True,0.41065,0.38848,0.39956,0.39717,0.2414,OPEN,0.0,False,0,False,0
40075,1.3902,spectacles,high_power,15,True,0.41296,0.37938,0.39617,0.39682,0.2414,OPEN,0.0,False,0,False,0
40124,1.4401,spectacles,high_power,15,True,0.41179,0.37735,0.39457,0.39603,0.2414,OPEN,0.0,False,0,False,0
40156,1.471,spectacles,high_power,15,True,0.42792,0.38885,0.40838,0.40036,0.2414,OPEN,0.0,False,0,False,0
40186,1.5008,spectacles,high_power,15,True,0.4276,0.38971,0.40865,0.40326,0.2414,OPEN,0.0,False,0,False,0
40218,1.533,spectacles,high_power,15,True,0.43106,0.39351,0.41229,0.40642,0.2414,OPEN,0.0,False,0,False,0
40254,1.5693,spectacles,high_power,15,True,0.44037,0.40326,0.42181,0.41181,0.2414,OPEN,0.0,False,0,False,0
40283,1.5978,spectacles,high_power,15,True,0.44511,0.41109,0.4281,0.41751,0.2414,OPEN,0.0,False,0,False,0
40314,1.6293,spectacles,high_power,15,True,0.45166,0.41873,0.43519,0.4237,0.2414,OPEN,0.0,False,0,False,0
40348,1.6627,spectacles,high_power,15,True,0.4729,0.43756,0.45523,0.43474,0.2414,OPEN,0.0,False,0,False,0
40379,1.6942,spectacles,high_power,15,True,0.47438,0.44287,0.45862,0.4431,0.2414,OPEN,0.0,False,0,False,0
40411,1.726,spectacles,high_power,15,True,0.47281,0.44286,0.45783,0.44825,0.2414,OPEN,0.0,False,0,False,0
40445,1.7602,spectacles,high_power,15,True,0.45874,0.43551,0.44713,0.44786,0.2414,OPEN,0.0,False,0,False,0
40492,1.8073,spectacles,high_power,15,True,0.44778,0.42907,0.43843,0.44456,0.2414,OPEN,0.0,False,0,False,0
40522,1.8368,spectacles,high_power,15,True,0.45029,0.43356,0.44193,0.44364,0.2414,OPEN,0.0,False,0,False,0
40555,1.8709,spectacles,high_power,15,True,0.44344,0.42796,0.4357,0.44086,0.2414,OPEN,0.0,False,0,False,0
40586,1.9005,spectacles,high_power,15,True,0.43028,0.41771,0.42399,0.43496,0.2414,OPEN,0.0,False,0,False,0
40618,1.9327,spectacles,high_power,15,True,0.41022,0.40317,0.40669,0.42506,0.2414,OPEN,0.0,False,0,False,0
40651,1.9631,spectacles,high_power,15,True,0.41256,0.40578,0.40917,0.4195,0.2414,OPEN,0.0,False,0,False,0
40686,2.0017,spectacles,high_power,15,True,0.40936,0.40447,0.40692,0.4151,0.2414,OPEN,0.0,False,0,False,0
40714,2.0258,spectacles,high_power,15,True,0.39856,0.39572,0.39714,0.40881,0.2414,OPEN,0.0,False,0,False,0
40747,2.0587,spectacles,high_power,15,True,0.39571,0.39435,0.39503,0.40399,0.2414,OPEN,0.0,False,0,False,0
40779,2.0923,spectacles,high_power,15,True,0.39436,0.39366,0.39401,0.40049,0.2414,OPEN,0.0,False,0,False,0
40826,2.1418,spectacles,high_power,15,True,0.38526,0.38387,0.38456,0.39492,0.2414,OPEN,0.0,False,0,False,0
40858,2.172,spectacles,high_power,15,True,0.38512,0.38059,0.38285,0.3907,0.2414,OPEN,0.0,False,0,False,0
40895,2.2114,spectacles,high_power,15,True,0.38304,0.3782,0.38062,0.38717,0.2414,OPEN,0.0,False,0,False,0
40922,2.237,spectacles,high_power,15,True,0.38087,0.37666,0.37876,0.38423,0.2414,OPEN,0.0,False,0,False,0
40955,2.2694,spectacles,high_power,15,True,0.3754,0.3759,0.37565,0.38122,0.2414,OPEN,0.0,False,0,False,0
40986,2.2997,spectacles,high_power,15,True,0.37372,0.37473,0.37423,0.37878,0.2414,OPEN,0.0,False,0,False,0
41018,2.3336,spectacles,high_power,15,True,0.37437,0.37334,0.37386,0.37705,0.2414,OPEN,0.0,False,0,False,0
41050,2.3642,spectacles,high_power,15,True,0.37759,0.37424,0.37592,0.37666,0.2414,OPEN,0.0,False,0,False,0
41083,2.3969,spectacles,high_power,15,True,0.37364,0.36696,0.3703,0.37443,0.2414,OPEN,0.0,False,0,False,0
41118,2.4331,spectacles,high_power,15,True,0.36711,0.35875,0.36293,0.3704,0.2414,OPEN,0.0,False,0,False,0
41147,2.4613,spectacles,high_power,15,True,0.36291,0.35498,0.35895,0.36639,0.2414,OPEN,0.0,False,0,False,0
41195,2.5099,spectacles,high_power,15,True,0.35243,0.34632,0.34938,0.36044,0.2414,OPEN,0.0,False,0,False,0
41228,2.5429,spectacles,high_power,15,True,0.34603,0.34242,0.34422,0.35476,0.2414,OPEN,0.0,False,0,False,0
41258,2.5737,spectacles,high_power,15,True,0.34783,0.34538,0.3466,0.35191,0.2414,OPEN,0.0,False,0,False,0
41291,2.6068,spectacles,high_power,15,True,0.3481,0.34474,0.34642,0.34999,0.2414,OPEN,0.0,False,0,False,0
41325,2.6393,spectacles,high_power,15,True,0.34813,0.34561,0.34687,0.3489,0.2414,OPEN,0.0,False,0,False,0
41354,2.6687,spectacles,high_power,15,True,0.35021,0.34653,0.34837,0.34871,0.2414,OPEN,0.0,False,0,False,0
41388,2.7029,spectacles,high_power,15,True,0.349,0.34752,0.34826,0.34855,0.2414,OPEN,0.0,False,0,False,0
41418,2.7324,spectacles,high_power,15,True,0.34762,0.34591,0.34677,0.34793,0.2414,OPEN,0.0,False,0,False,0
41451,2.7658,spectacles,high_power,15,True,0.15655,0.10282,0.12968,0.27154,0.2414,OPEN,0.0,False,0,False,0
41485,2.7993,spectacles,high_power,15,True,0.14271,0.07028,0.10649,0.21378,0.2414,CLOSING,0.0,False,0,False,0
41517,2.8309,spectacles,high_power,15,True,0.15987,0.09965,0.12976,0.18437,0.2414,CLOSING,0.0317,False,0,False,0
41565,2.88,spectacles,high_power,15,True,0.20608,0.18071,0.1934,0.18753,0.2414,CLOSED,0.0808,False,0,False,0
41596,2.9132,spectacles,high_power,15,True,0.23894,0.22553,0.23223,0.20318,0.2414,CLOSED,0.1139,False,0,False,0
41628,2.9445,spectacles,high_power,15,True,0.26611,0.26312,0.26461,0.22468,0.2414,CLOSED,0.1452,False,0,False,0
41658,2.9739,spectacles,high_power,15,True,0.28378,0.2831,0.28344,0.24525,0.2414,OPENING,0.1747,False,0,False,0
41692,3.0081,spectacles,high_power,15,True,0.3023,0.30415,0.30322,0.26554,0.2414,OPEN,0.2088,True,1,False,0
41722,3.0368,spectacles,high_power,15,True,0.31505,0.31733,0.31619,0.28327,0.2414,OPEN,0.0,False,1,False,0
41758,3.0735,spectacles,high_power,15,True,0.32264,0.32562,0.32413,0.29757,0.2414,OPEN,0.0,False,1,False,0
41786,3.1008,spectacles,high_power,15,True,0.3378,0.33577,0.33678,0.31129,0.2414,OPEN,0.0,False,1,False,0
41820,3.1348,spectacles,high_power,15,True,0.34246,0.34096,0.34171,0.32194,0.2414,OPEN,0.0,False,1,False,0
41850,3.1647,spectacles,high_power,15,True,0.34587,0.34424,0.34506,0.33003,0.2414,OPEN,0.0,False,1,False,0
41903,3.2181,spectacles,high_power,15,True,0.34791,0.34783,0.34787,0.33627,0.2414,OPEN,0.0,False,1,False,0
41930,3.2451,spectacles,high_power,15,True,0.34961,0.34933,0.34947,0.34089,0.2414,OPEN,0.0,False,1,False,0
41966,3.2809,spectacles,high_power,15,True,0.35209,0.35193,0.35201,0.34478,0.2414,OPEN,0.0,False,1,False,0
41996,3.311,spectacles,high_power,15,True,0.3569,0.35831,0.35761,0.34927,0.2414,OPEN,0.0,False,1,False,0
42026,3.3427,spectacles,high_power,15,True,0.35657,0.35817,0.35737,0.35211,0.2414,OPEN,0.0,False,1,False,0
42059,3.3741,spectacles,high_power,15,True,0.35659,0.35862,0.35761,0.35403,0.2414,OPEN,0.0,False,1,False,0
42091,3.4074,spectacles,high_power,15,True,0.35623,0.35549,0.35586,0.35467,0.2414,OPEN,0.0,False,1,False,0
42123,3.4393,spectacles,high_power,15,True,0.35636,0.35615,0.35626,0.35523,0.2414,OPEN,0.0,False,1,False,0
42155,3.4696,spectacles,high_power,15,True,0.35795,0.35771,0.35783,0.35614,0.2414,OPEN,0.0,False,1,False,0
42190,3.5052,spectacles,high_power,15,True,0.35745,0.35727,0.35736,0.35657,0.2414,OPEN,0.0,False,1,False,0
42218,3.5335,spectacles,high_power,15,True,0.35834,0.35789,0.35812,0.35711,0.2414,OPEN,0.0,False,1,False,0
42268,3.5835,spectacles,high_power,15,True,0.3598,0.35929,0.35955,0.35796,0.2414,OPEN,0.0,False,1,False,0
42300,3.6158,spectacles,high_power,15,True,0.35977,0.35921,0.35949,0.3585,0.2414,OPEN,0.0,False,1,False,0
42332,3.6475,spectacles,high_power,15,True,0.36313,0.36222,0.36268,0.35996,0.2414,OPEN,0.0,False,1,False,0
42364,3.6781,spectacles,high_power,15,True,0.36797,0.36544,0.36671,0.36232,0.2414,OPEN,0.0,False,1,False,0
42396,3.7132,spectacles,high_power,15,True,0.37099,0.36703,0.36901,0.36466,0.2414,OPEN,0.0,False,1,False,0
42432,3.7474,spectacles,high_power,15,True,0.37535,0.37051,0.37293,0.36756,0.2414,OPEN,0.0,False,1,False,0
42458,3.7728,spectacles,high_power,15,True,0.37712,0.37423,0.37567,0.3704,0.2414,OPEN,0.0,False,1,False,0
42490,3.8056,spectacles,high_power,15,True,0.39219,0.38252,0.38735,0.37633,0.2414,OPEN,0.0,False,1,False,0
42521,3.8364,spectacles,high_power,15,True,0.40311,0.3927,0.3979,0.38388,0.2414,OPEN,0.0,False,1,False,0
42554,3.8697,spectacles,high_power,15,True,0.41143,0.40233,0.40688,0.39193,0.2414,OPEN,0.0,False,1,False,0
42586,3.9012,spectacles,high_power,15,True,0.4185,0.41254,0.41552,0.40019,0.2414,OPEN,0.0,False,1,False,0
42641,3.9585,spectacles,high_power,15,True,0.4205,0.41443,0.41747,0.40623,0.2414,OPEN,0.0,False,1,False,0
42668,3.9825,spectacles,high_power,15,True,0.42567,0.41974,0.42271,0.412,0.2414,OPEN,0.0,False,1,False,0
42698,4.0131,spectacles,high_power,15,True,0.42558,0.41886,0.42222,0.41558,0.2414,OPEN,0.0,False,1,False,0
42730,4.045,spectacles,high_power,15,True,0.34793,0.3055,0.32671,0.38447,0.2414,OPEN,0.0,False,1,False,0
42763,4.0789,spectacles,high_power,15,True,0.08357,0.05554,0.06956,,0.2414,OPEN,0.0,False,1,False,0
42795,4.1106,spectacles,high_power,15,True,0.05935,0.02107,0.04021,,0.2414,OPEN,0.0,False,1,False,0
42827,4.142,spectacles,high_power,15,True,0.12245,0.08463,0.10354,0.28615,0.2414,OPEN,0.0,False,1,False,0
42862,4.1775,spectacles,high_power,15,True,0.15065,0.15081,0.15073,0.23875,0.2414,CLOSING,0.0,False,1,False,0
42890,4.2022,spectacles,high_power,15,True,0.21963,0.22407,0.22185,0.23284,0.2414,CLOSING,0.0247,False,1,False,0
42923,4.239,spectacles,high_power,15,True,0.28347,0.28398,0.28372,0.25065,0.2414,OPEN,0.0,False,1,False,0
42971,4.2824,spectacles,high_power,15,True,0.33304,0.33074,0.33189,0.27908,0.2414,OPEN,0.0,False,1,False,0
43002,4.3138,spectacles,high_power,15,True,0.3526,0.3487,0.35065,0.30413,0.2414,OPEN,0.0,False,1,False,0
43034,4.3483,spectacles,high_power,15,True,0.35914,0.3551,0.35712,0.32268,0.2414,OPEN,0.0,False,1,False,0
43071,4.3865,spectacles,high_power,15,True,0.36861,0.36311,0.36586,0.33779,0.2414,OPEN,0.0,False,1,False,0
43098,4.4114,spectacles,high_power,15,True,0.37064,0.36679,0.36871,0.34861,0.2414,OPEN,0.0,False,1,False,0
43132,4.4466,spectacles,high_power,15,True,0.37073,0.36979,0.37026,0.35619,0.2414,OPEN,0.0,False,1,False,0
43163,4.4781,spectacles,high_power,15,True,0.37057,0.3711,0.37083,0.36131,0.2414,OPEN,0.0,False,1,False,0
43194,4.5106,spectacles,high_power,15,True,0.37128,0.37155,0.37141,0.36485,0.2414,OPEN,0.0,False,1,False,0
43226,4.5413,spectacles,high_power,15,True,0.37115,0.3712,0.37117,0.36706,0.2414,OPEN,0.0,False,1,False,0
43263,4.5775,spectacles,high_power,15,True,0.37169,0.37186,0.37177,0.36871,0.2414,OPEN,0.0,False,1,False,0
43288,4.6039,spectacles,high_power,15,True,0.37263,0.37255,0.37259,0.37007,0.2414,OPEN,0.0,False,1,False,0
43341,4.6573,spectacles,high_power,15,True,0.37472,0.37353,0.37413,0.37149,0.2414,OPEN,0.0,False,1,False,0
43370,4.6863,spectacles,high_power,15,True,0.3734,0.37235,0.37288,0.37197,0.2414,OPEN,0.0,False,1,False,0
43402,4.7182,spectacles,high_power,15,True,0.37401,0.37305,0.37353,0.37252,0.2414,OPEN,0.0,False,1,False,0
43434,4.7488,spectacles,high_power,15,True,0.37113,0.36919,0.37016,0.37169,0.2414,OPEN,0.0,False,1,False,0
43466,4.781,spectacles,high_power,15,True,0.11526,0.09772,0.10649,0.27887,0.2414,OPEN,0.0,False,1,False,0
43503,4.8165,spectacles,high_power,15,True,0.03249,0.02362,0.02806,,0.2414,OPEN,0.0,False,1,False,0
43530,4.8455,spectacles,high_power,15,True,0.02945,0.02102,0.02524,,0.2414,OPEN,0.0,False,1,False,0
43563,4.8781,spectacles,high_power,15,True,0.0786,0.04249,0.06054,,0.2414,OPEN,0.0,False,1,False,0
43594,4.9097,spectacles,high_power,15,True,0.18727,0.17247,0.17987,0.24422,0.2414,OPEN,0.0,False,1,False,0
43627,4.9423,spectacles,high_power,15,True,0.27766,0.27926,0.27846,0.2562,0.2414,OPEN,0.0,False,1,False,0
43652,4.9687,spectacles,high_power,15,True,0.31347,0.31428,0.31388,0.27639,0.2414,OPEN,0.0,False,1,False,0
43679,4.9944,spectacles,high_power,15,True,0.3469,0.34433,0.34561,0.30062,0.2414,OPEN,0.0,False,1,False,0
43741,5.0574,spectacles,high_power,15,True,0.37707,0.36795,0.37251,0.32578,0.2414,OPEN,0.0,False,1,False,0
43770,5.0863,spectacles,high_power,15,True,0.37871,0.36993,0.37432,0.34277,0.2414,OPEN,0.0,False,1,False,0
43803,5.1183,spectacles,high_power,15,True,0.38285,0.37607,0.37946,0.35561,0.2414,OPEN,0.0,False,1,False,0
43835,5.1496,spectacles,high_power,15,True,0.38233,0.37402,0.37817,0.36351,0.2414,OPEN,0.0,False,1,False,0
43867,5.1813,spectacles,high_power,15,True,0.38003,0.37243,0.37623,0.36796,0.2414,OPEN,0.0,False,1,False,0
43899,5.2139,spectacles,high_power,15,True,0.38024,0.37364,0.37694,0.3711,0.2414,OPEN,0.0,False,1,False,0
43935,5.2495,spectacles,high_power,15,True,0.37999,0.37404,0.37701,0.37317,0.2414,OPEN,0.0,False,1,False,0
43964,5.2798,spectacles,high_power,15,True,0.37893,0.37552,0.37723,0.37459,0.2414,OPEN,0.0,False,1,False,0
43996,5.3121,spectacles,high_power,15,True,0.38097,0.37901,0.37999,0.37648,0.2414,OPEN,0.0,False,1,False,0
44022,5.3364,spectacles,high_power,15,True,0.38218,0.38068,0.38143,0.37821,0.2414,OPEN,0.0,False,1,False,0
44046,5.3611,spectacles,high_power,15,True,0.38272,0.3817,0.38221,0.37961,0.2414,OPEN,0.0,False,1,False,0
44075,5.3907,spectacles,high_power,15,True,0.38269,0.38226,0.38248,0.38061,0.2414,OPEN,0.0,False,1,False,0
44146,5.4617,spectacles,high_power,15,True,0.38832,0.38726,0.38779,0.38313,0.2414,OPEN,0.0,False,1,False,0
44171,5.4869,spectacles,high_power,15,True,0.38937,0.38861,0.38899,0.38518,0.2414,OPEN,0.0,False,1,False,0
44203,5.5184,spectacles,high_power,15,True,0.3907,0.39061,0.39066,0.3871,0.2414,OPEN,0.0,False,1,False,0
44234,5.5488,spectacles,high_power,15,True,0.20568,0.15486,0.18027,0.31471,0.2414,OPEN,0.0,False,1,False,0
44266,5.5817,spectacles,high_power,15,True,0.03312,0.02182,0.02747,,0.2414,OPEN,0.0,False,1,False,0
44298,5.6125,spectacles,high_power,15,True,0.02215,0.02299,0.02257,,0.2414,OPEN,0.0,False,1,False,0
44333,5.6477,spectacles,high_power,15,True,0.01542,0.03594,0.02568,,0.2414,OPEN,0.0,False,1,False,0
44358,5.6722,spectacles,high_power,15,True,0.01936,0.04032,0.02984,,0.2414,OPEN,0.0,False,1,False,0
44381,5.6967,spectacles,high_power,15,True,0.03098,0.01803,0.0245,,0.2414,OPEN,0.0,False,1,False,0
44410,5.7249,spectacles,high_power,15,True,0.12738,0.06358,0.09548,,0.2414,OPEN,0.0,False,1,False,0
44443,5.7588,spectacles,high_power,15,True,0.29076,0.26628,0.27852,0.30204,0.2414,OPEN,0.0,False,1,False,0
44474,5.7892,spectacles,high_power,15,True,0.36714,0.35669,0.36191,0.323,0.2414,OPEN,0.0,False,1,False,0
44541,5.8569,spectacles,high_power,15,True,0.40418,0.39731,0.40074,0.35021,0.2414,OPEN,0.0,False,1,False,0
44576,5.8914,spectacles,high_power,15,True,0.39817,0.39611,0.39714,0.36664,0.2414,OPEN,0.0,False,1,False,0
44603,5.9182,spectacles,high_power,15,True,0.39646,0.39596,0.39621,0.37699,0.2414,OPEN,0.0,False,1,False,0
44634,5.9488,spectacles,high_power,15,True,0.39698,0.39295,0.39496,0.38328,0.2414,OPEN,0.0,False,1,False,0
44666,5.9804,spectacles,high_power,15,True,0.39515,0.39354,0.39435,0.38715,0.2414,OPEN,0.0,False,1,False,0
44699,6.0135,spectacles,high_power,15,True,0.39393,0.39166,0.39279,0.38913,0.2414,OPEN,0.0,False,1,False,0
44724,6.038,spectacles,high_power,15,True,0.39417,0.39108,0.39263,0.39035,0.2414,OPEN,0.0,False,1,False,0
44747,6.0617,spectacles,high_power,15,True,0.3924,0.38974,0.39107,0.3906,0.2414,OPEN,0.0,False,1,False,0
44781,6.0952,spectacles,high_power,15,True,0.39356,0.39101,0.39228,0.39119,0.2414,OPEN,0.0,False,1,False,0
44811,6.1262,spectacles,high_power,15,True,0.39377,0.3918,0.39278,0.39175,0.2414,OPEN,0.0,False,1,False,0
44843,6.1605,spectacles,high_power,15,True,0.39549,0.39397,0.39473,0.39279,0.2414,OPEN,0.0,False,1,False,0
44875,6.1905,spectacles,high_power,15,True,0.39494,0.39454,0.39474,0.39347,0.2414,OPEN,0.0,False,1,False,0
44941,6.2569,spectacles,high_power,15,True,0.39516,0.3955,0.39533,0.39412,0.2414,OPEN,0.0,False,1,False,0
44971,6.2855,spectacles,high_power,15,True,0.39179,0.39318,0.39248,0.39355,0.2414,OPEN,0.0,False,1,False,0
45006,6.3203,spectacles,high_power,15,True,0.39305,0.3937,0.39337,0.39349,0.2414,OPEN,0.0,False,1,False,0
45034,6.3484,spectacles,high_power,15,True,0.3931,0.39374,0.39342,0.39346,0.2414,OPEN,0.0,False,1,False,0
45067,6.3817,spectacles,high_power,15,True,0.39281,0.39337,0.39309,0.39333,0.2414,OPEN,0.0,False,1,False,0
45092,6.4088,spectacles,high_power,15,True,0.39366,0.393,0.39333,0.39333,0.2414,OPEN,0.0,False,1,False,0
45120,6.4328,spectacles,high_power,15,True,0.39311,0.39268,0.39289,0.39318,0.2414,OPEN,0.0,False,1,False,0
45154,6.472,spectacles,high_power,15,True,0.23429,0.20605,0.22017,0.33263,0.2414,OPEN,0.0,False,1,False,0
45182,6.4954,spectacles,high_power,15,True,0.04021,0.03921,0.03971,,0.2414,OPEN,0.0,False,1,False,0
45217,6.5304,spectacles,high_power,15,True,0.0142,0.02426,0.01923,,0.2414,OPEN,0.0,False,1,False,0
45241,6.5554,spectacles,high_power,15,True,0.01512,0.03889,0.027,,0.2414,OPEN,0.0,False,1,False,0
45275,6.5906,spectacles,high_power,15,True,0.02959,0.03721,0.0334,,0.2414,OPEN,0.0,False,1,False,0
45341,6.658,spectacles,high_power,15,True,0.21071,0.17916,0.19494,0.28444,0.2414,OPEN,0.0,False,1,False,0
45370,6.6853,spectacles,high_power,15,True,0.2778,0.26793,0.27287,0.28039,0.2414,OPEN,0.0,False,1,False,0
45409,6.725,spectacles,high_power,15,True,0.33367,0.3319,0.33279,0.29873,0.2414,OPEN,0.0,False,1,False,0
45434,6.7482,spectacles,high_power,15,True,0.3518,0.35282,0.35231,0.31748,0.2414,OPEN,0.0,False,1,False,0
45458,6.7728,spectacles,high_power,15,True,0.38343,0.37967,0.38155,0.3399,0.2414,OPEN,0.0,False,1,False,0
45482,6.7969,spectacles,high_power,15,True,0.40714,0.40346,0.4053,0.36279,0.2414,OPEN,0.0,False,1,False,0
45515,6.8299,spectacles,high_power,15,True,0.41388,0.41169,0.41279,0.38029,0.2414,OPEN,0.0,False,1,False,0
45546,6.8604,spectacles,high_power,15,True,0.41392,0.41274,0.41333,0.39185,0.2414,OPEN,0.0,False,1,False,0
45579,6.8941,spectacles,high_power,15,True,0.40722,0.41137,0.40929,0.39796,0.2414,OPEN,0.0,False,1,False,0
45611,6.9276,spectacles,high_power,15,True,0.40029,0.40459,0.40244,0.39953,0.2414,OPEN,0.0,False,1,False,0
45645,6.9604,spectacles,high_power,15,True,0.40115,0.40278,0.40197,0.40038,0.2414,OPEN,0.0,False,1,False,0
45676,6.9916,spectacles,high_power,15,True,0.40411,0.40493,0.40452,0.40183,0.2414,OPEN,0.0,False,1,False,0
45740,7.0581,spectacles,high_power,15,True,0.40608,0.40505,0.40557,0.40314,0.2414,OPEN,0.0,False,1,False,0
45773,7.0893,spectacles,high_power,15,True,0.40411,0.4024,0.40326,0.40318,0.2414,OPEN,0.0,False,1,False,0
45800,7.1183,spectacles,high_power,15,True,0.40312,0.40092,0.40202,0.40277,0.2414,OPEN,0.0,False,1,False,0
45829,7.1504,spectacles,high_power,15,True,0.40397,0.40015,0.40206,0.40252,0.2414,OPEN,0.0,False,1,False,0
45861,7.1789,spectacles,high_power,15,True,0.40558,0.40361,0.4046,0.40325,0.2414,OPEN,0.0,False,1,False,0
45889,7.2045,spectacles,high_power,15,True,0.40326,0.40122,0.40224,0.40289,0.2414,OPEN,0.0,False,1,False,0
45914,7.2293,spectacles,high_power,15,True,0.40289,0.40042,0.40165,0.40246,0.2414,OPEN,0.0,False,1,False,0
45947,7.2609,spectacles,high_power,15,True,0.40247,0.40014,0.40131,0.40206,0.2414,OPEN,0.0,False,1,False,0
45978,7.293,spectacles,high_power,15,True,0.40353,0.40111,0.40232,0.40215,0.2414,OPEN,0.0,False,1,False,0
46011,7.327,spectacles,high_power,15,True,0.40549,0.40166,0.40357,0.40265,0.2414,OPEN,0.0,False,1,False,0
46043,7.3583,spectacles,high_power,15,True,0.40808,0.40468,0.40638,0.40395,0.2414,OPEN,0.0,False,1,False,0
46079,7.3945,spectacles,high_power,15,True,0.41418,0.40788,0.41103,0.40643,0.2414,OPEN,0.0,False,1,False,0
46142,7.4586,spectacles,high_power,15,True,0.46064,0.46102,0.46083,0.42547,0.2414,OPEN,0.0,False,1,False,0
46168,7.483,spectacles,high_power,15,True,0.46653,0.46174,0.46413,0.439,0.2414,OPEN,0.0,False,1,False,0
46193,7.5088,spectacles,high_power,15,True,0.47381,0.46927,0.47154,0.45039,0.2414,OPEN,0.0,False,1,False,0
46219,7.5352,spectacles,high_power,15,True,0.4817,0.47345,0.47758,0.4599,0.2414,OPEN,0.0,False,1,False,0
46250,7.5643,spectacles,high_power,15,True,0.48381,0.47557,0.47969,0.46683,0.2414,OPEN,0.0,False,1,False,0
46285,7.6004,spectacles,high_power,15,True,0.43077,0.41462,0.4227,0.45138,0.2414,OPEN,0.0,False,1,False,0
46315,7.6305,spectacles,high_power,15,True,0.10255,0.10389,0.10322,0.32952,0.2414,OPEN,0.0,False,1,False,0
46346,7.6612,spectacles,high_power,15,True,0.04912,0.03292,0.04102,,0.2414,OPEN,0.0,False,1,False,0
46378,7.6982,spectacles,high_power,15,True,0.02206,0.01678,0.01942,,0.2414,OPEN,0.0,False,1,False,0
46410,7.7294,spectacles,high_power,15,True,0.01522,0.02285,0.01904,,0.2414,OPEN,0.0,False,1,False,0
46442,7.7616,spectacles,high_power,15,True,0.01861,0.0225,0.02056,,0.2414,OPEN,0.0,False,1,False,0
46477,7.7919,spectacles,high_power,15,True,0.02541,0.02699,0.0262,,0.2414,OPEN,0.0,False,1,False,0
46506,7.8211,spectacles,high_power,15,True,0.01974,0.0324,0.02607,,0.2414,OPEN,0.0,False,1,False,0
46555,7.8709,spectacles,high_power,15,True,0.02524,0.00828,0.01676,,0.2414,OPEN,0.0,False,1,False,0
46587,7.9018,spectacles,high_power,15,True,0.24475,0.22232,0.23353,0.29593,0.2414,OPEN,0.0,False,1,False,0
46619,7.9342,spectacles,high_power,15,True,0.34841,0.33797,0.34319,0.31247,0.2414,OPEN,0.0,False,1,False,0
46650,7.9661,spectacles,high_power,15,True,0.409,0.40271,0.40585,0.34515,0.2414,OPEN,0.0,False,1,False,0
46683,7.9984,spectacles,high_power,15,True,0.41966,0.4203,0.41998,0.37134,0.2414,OPEN,0.0,False,1,False,0
46718,8.0326,spectacles,high_power,15,True,0.43356,0.4282,0.43088,0.39218,0.2414,OPEN,0.0,False,1,False,0
46746,8.0615,spectacles,high_power,15,True,0.44177,0.43786,0.43982,0.40885,0.2414,OPEN,0.0,False,1,False,0
46779,8.0939,spectacles,high_power,15,True,0.44968,0.44796,0.44882,0.42284,0.2414,OPEN,0.0,False,1,False,0
46811,8.127,spectacles,high_power,15,True,0.44772,0.43698,0.44235,0.42967,0.2414,OPEN,0.0,False,1,False,0
46843,8.1587,spectacles,high_power,15,True,0.44462,0.42889,0.43675,0.43215,0.2414,OPEN,0.0,False,1,False,0
46874,8.1896,spectacles,high_power,15,True,0.44282,0.43119,0.437,0.43385,0.2414,OPEN,0.0,False,1,False,0
46931,8.2458,spectacles,high_power,15,True,0.43527,0.42619,0.43073,0.43276,0.2414,OPEN,0.0,False,1,False,0
46957,8.2719,spectacles,high_power,15,True,0.43065,0.42404,0.42734,0.43086,0.2414,OPEN,0.0,False,1,False,0
46986,8.3016,spectacles,high_power,15,True,0.43161,0.42477,0.42819,0.42993,0.2414,OPEN,0.0,False,1,False,0
47018,8.3334,spectacles,high_power,15,True,0.42672,0.42061,0.42367,0.42774,0.2414,OPEN,0.0,False,1,False,0
47052,8.3674,spectacles,high_power,15,True,0.35898,0.29754,0.32826,0.39292,0.2414,OPEN,0.0,False,1,False,0
47081,8.3967,spectacles,high_power,15,True,0.0773,0.05028,0.06379,,0.2414,OPEN,0.0,False,1,False,0
47116,8.4309,spectacles,high_power,15,True,0.01503,0.03972,0.02738,,0.2414,OPEN,0.0,False,1,False,0
47150,8.4641,spectacles,high_power,15,True,0.01648,0.01789,0.01719,,0.2414,OPEN,0.0,False,1,False,0
47180,8.4969,spectacles,high_power,15,True,0.09758,0.02607,0.06182,,0.2414,OPEN,0.0,False,1,False,0
47211,8.5261,spectacles,high_power,15,True,0.12022,0.21722,0.16872,0.31445,0.2414,OPEN,0.0,False,1,False,0
47262,8.5777,spectacles,high_power,15,True,0.24796,0.35134,0.29965,0.30927,0.2414,OPEN,0.0,False,1,False,0
47291,8.6074,spectacles,high_power,15,True,0.30809,0.36503,0.33656,0.31882,0.2414,OPEN,0.0,False,1,False,0
47322,8.6369,spectacles,high_power,15,True,0.33083,0.3473,0.33906,0.32591,0.2414,OPEN,0.0,False,1,False,0
47357,8.6694,spectacles,high_power,15,True,0.13866,0.09663,0.11764,0.25301,0.2414,OPEN,0.0,False,1,False,0
47388,8.7024,spectacles,high_power,15,True,0.04602,0.02552,0.03577,,0.2414,OPEN,0.0,False,1,False,0
47418,8.7306,spectacles,high_power,15,True,0.01994,0.03743,0.02868,,0.2414,OPEN,0.0,False,1,False,0
47450,8.7617,spectacles,high_power,15,True,0.05922,0.02147,0.04035,,0.2414,OPEN,0.0,False,1,False,0
47482,8.7968,spectacles,high_power,15,True,0.19501,0.17884,0.18692,0.22988,0.2414,CLOSING,0.0,False,1,False,0
47514,8.8288,spectacles,high_power,15,True,0.28353,0.28753,0.28553,0.24936,0.2414,OPEN,0.0,False,1,False,0
47550,8.8636,spectacles,high_power,15,True,0.33997,0.37778,0.35888,0.28769,0.2414,OPEN,0.0,False,1,False,0
47578,8.8911,spectacles,high_power,15,True,0.39977,0.45589,0.42783,0.33674,0.2414,OPEN,0.0,False,1,False,0
47628,8.9451,spectacles,high_power,15,True,0.45599,0.46416,0.46008,0.37991,0.2414,OPEN,0.0,False,1,False,0
47658,8.9747,spectacles,high_power,15,True,0.36157,0.38414,0.37286,0.37744,0.2414,OPEN,0.0,False,1,False,0
47690,9.0074,spectacles,high_power,15,True,0.0994,0.06304,0.08122,,0.2414,OPEN,0.0,False,1,False,0
47722,9.0393,spectacles,high_power,15,True,0.0948,0.06977,0.08228,,0.2414,OPEN,0.0,False,1,False,0
47755,9.0716,spectacles,high_power,15,True,0.06259,0.07697,0.06978,,0.2414,OPEN,0.0,False,1,False,0
47793,9.1117,spectacles,high_power,15,True,0.08966,0.10892,0.09929,,0.2414,OPEN,0.0,False,1,False,0
47826,9.1429,spectacles,high_power,15,True,0.1258,0.17691,0.15136,0.29831,0.2414,OPEN,0.0,False,1,False,0
47853,9.1692,spectacles,high_power,15,True,0.14851,0.1352,0.14185,0.24355,0.2414,OPEN,0.0,False,1,False,0
47882,9.1936,spectacles,high_power,15,True,0.11401,0.05863,0.08632,,0.2414,OPEN,0.0,False,1,False,0
47914,9.2319,spectacles,high_power,15,True,0.09952,0.07332,0.08642,,0.2414,OPEN,0.0,False,1,False,0
47946,9.2605,spectacles,high_power,15,True,0.12201,0.11785,0.11993,0.20028,0.2414,CLOSING,0.0,False,1,False,0
48000,9.3154,spectacles,high_power,15,True,0.06224,0.05202,0.05713,,0.2414,CLOSING,0.0,False,1,False,0
48025,9.3423,spectacles,high_power,15,True,0.08912,0.08146,0.08529,,0.2414,CLOSING,0.0,False,1,False,0
48059,9.374,spectacles,high_power,15,True,0.09082,0.08176,0.08629,,0.2414,CLOSING,0.0,False,1,False,0
48090,9.4082,spectacles,high_power,15,True,0.19697,0.20241,0.19969,0.20007,0.2414,CLOSED,0.1476,False,1,False,0
48123,9.4387,spectacles,high_power,15,True,0.32638,0.30776,0.31707,0.24102,0.2414,CLOSED,0.1782,False,1,False,0
48155,9.4709,spectacles,high_power,15,True,0.38097,0.38933,0.38515,0.29147,0.2414,OPENING,0.2104,False,1,False,0
48188,9.5087,spectacles,high_power,15,True,0.40157,0.39248,0.39703,0.32841,0.2414,OPEN,0.2482,True,2,False,0
48222,9.5377,spectacles,high_power,15,True,0.4109,0.38898,0.39994,0.35345,0.2414,OPEN,0.0,False,2,False,0
48250,9.5642,spectacles,high_power,15,True,0.3943,0.37968,0.38699,0.36519,0.2414,OPEN,0.0,False,2,False,0
48283,9.5985,spectacles,high_power,15,True,0.42745,0.39635,0.4119,0.38154,0.2414,OPEN,0.0,False,2,False,0
48332,9.6478,spectacles,high_power,15,True,0.41124,0.39456,0.4029,0.38902,0.2414,OPEN,0.0,False,2,False,0
48363,9.6788,spectacles,high_power,15,True,0.4117,0.38612,0.39891,0.39248,0.2414,OPEN,0.0,False,2,False,0
48397,9.7152,spectacles,high_power,15,True,0.43545,0.39743,0.41644,0.40087,0.2414,OPEN,0.0,False,2,False,0
48436,9.7539,spectacles,high_power,15,True,0.43096,0.40337,0.41716,0.40657,0.2414,OPEN,0.0,False,2,False,0
48463,9.7779,spectacles,high_power,15,True,0.43046,0.3981,0.41428,0.40927,0.2414,OPEN,0.0,False,2,False,0
48491,9.806,spectacles,high_power,15,True,0.44796,0.41715,0.43256,0.41742,0.2414,OPEN,0.0,False,2,False,0
48522,9.8408,spectacles,high_power,15,True,0.45264,0.41922,0.43593,0.4239,0.2414,OPEN,0.0,False,2,False,0
48555,9.8711,spectacles,high_power,15,True,0.45301,0.41779,0.4354,0.42792,0.2414,OPEN,0.0,False,2,False,0
48589,9.9013,spectacles,high_power,15,True,0.44915,0.41719,0.43317,0.42976,0.2414,OPEN,0.0,False,2,False,0
48624,9.9393,spectacles,high_power,15,True,0.45722,0.41487,0.43605,0.43196,0.2414,OPEN,0.0,False,2,False,0
48650,9.9635,spectacles,high_power,15,True,0.45517,0.41808,0.43662,0.43359,0.2414,OPEN,0.0,False,2,False,0
48700,10.0153,spectacles,high_power,15,True,0.46768,0.429,0.44834,0.43875,0.2414,OPEN,0.0,False,2,False,0
48731,10.0458,spectacles,high_power,15,True,0.46092,0.43015,0.44554,0.44113,0.2414,OPEN,0.0,False,2,False,0
48763,10.0792,spectacles,high_power,15,True,0.45546,0.42556,0.44051,0.44091,0.2414,OPEN,0.0,False,2,False,0
48794,10.1103,spectacles,high_power,15,True,0.45015,0.42087,0.43551,0.43902,0.2414,OPEN,0.0,False,2,False,0
48826,10.1417,spectacles,high_power,15,True,0.44527,0.41405,0.42966,0.43575,0.2414,OPEN,0.0,False,2,False,0
48863,10.178,spectacles,high_power,15,True,0.44696,0.41249,0.42973,0.43364,0.2414,OPEN,0.0,False,2,False,0
48890,10.206,spectacles,high_power,15,True,0.45092,0.41264,0.43178,0.43299,0.2414,OPEN,0.0,False,2,False,0
48923,10.2381,spectacles,high_power,15,True,0.44693,0.41604,0.43149,0.43246,0.2414,OPEN,0.0,False,2,False,0
48956,10.2732,spectacles,high_power,15,True,0.44841,0.41423,0.43132,0.43206,0.2414,OPEN,0.0,False,2,False,0
48986,10.3018,spectacles,high_power,15,True,0.45061,0.41565,0.43313,0.43244,0.2414,OPEN,0.0,False,2,False,0
49039,10.354,spectacles,high_power,15,True,0.45198,0.41059,0.43129,0.43203,0.2414,OPEN,0.0,False,2,False,0
49069,10.3855,spectacles,high_power,15,True,0.45692,0.41153,0.43422,0.4328,0.2414,OPEN,0.0,False,2,False,0
49098,10.4107,spectacles,high_power,15,True,0.45882,0.40969,0.43425,0.43331,0.2414,OPEN,0.0,False,2,False,0
49130,10.4442,spectacles,high_power,15,True,0.45827,0.40987,0.43407,0.43358,0.2414,OPEN,0.0,False,2,False,0
49162,10.4769,spectacles,high_power,15,True,0.45764,0.41378,0.43571,0.43432,0.2414,OPEN,0.0,False,2,False,0
49194,10.5091,spectacles,high_power,15,True,0.45876,0.41796,0.43836,0.43573,0.2414,OPEN,0.0,False,2,False,0
49226,10.5416,spectacles,high_power,15,True,0.45733,0.41967,0.4385,0.4367,0.2414,OPEN,0.0,False,2,False,0
49260,10.5756,spectacles,high_power,15,True,0.45744,0.42113,0.43929,0.43761,0.2414,OPEN,0.0,False,2,False,0
49295,10.61,spectacles,high_power,15,True,0.4543,0.42176,0.43803,0.43776,0.2414,OPEN,0.0,False,2,False,0
49322,10.6374,spectacles,high_power,15,True,0.45474,0.42236,0.43855,0.43803,0.2414,OPEN,0.0,False,2,False,0
49356,10.6717,spectacles,high_power,15,True,0.45536,0.4227,0.43903,0.43838,0.2414,OPEN,0.0,False,2,False,0
49404,10.724,spectacles,high_power,15,True,0.45164,0.41806,0.43485,0.43715,0.2414,OPEN,0.0,False,2,False,0
49437,10.7552,spectacles,high_power,15,True,0.4538,0.41949,0.43665,0.43697,0.2414,OPEN,0.0,False,2,False,0
49470,10.7854,spectacles,high_power,15,True,0.44853,0.41686,0.43269,0.43547,0.2414,OPEN,0.0,False,2,False,0
49502,10.8166,spectacles,high_power,15,True,0.4381,0.40726,0.42268,0.431,0.2414,OPEN,0.0,False,2,False,0
49530,10.845,spectacles,high_power,15,True,0.24476,0.19851,0.22163,0.35772,0.2414,OPEN,0.0,False,2,False,0
49563,10.8774,spectacles,high_power,15,True,0.07468,0.04929,0.06198,,0.2414,OPEN,0.0,False,2,False,0
49595,10.9103,spectacles,high_power,15,True,0.07318,0.05177,0.06248,,0.2414,OPEN,0.0,False,2,False,0
49629,10.9446,spectacles,high_power,15,True,0.09741,0.03633,0.06687,,0.2414,OPEN,0.0,False,2,False,0
49658,10.9702,spectacles,high_power,15,True,0.26086,0.21131,0.23608,0.31515,0.2414,OPEN,0.0,False,2,False,0
49692,11.0029,spectacles,high_power,15,True,0.32335,0.30817,0.31576,0.31536,0.2414,OPEN,0.0,False,2,False,0
49725,11.0402,spectacles,high_power,15,True,0.354,0.34556,0.34978,0.32741,0.2414,OPEN,0.0,False,2,False,0
49772,11.0878,spectacles,high_power,15,True,0.36953,0.35699,0.36326,0.33996,0.2414,OPEN,0.0,False,2,False,0
49803,11.1195,spectacles,high_power,15,True,0.38136,0.36782,0.37459,0.35208,0.2414,OPEN,0.0,False,2,False,0
49835,11.1502,spectacles,high_power,15,True,0.40494,0.38302,0.39398,0.36674,0.2414,OPEN,0.0,False,2,False,0
49866,11.1822,spectacles,high_power,15,True,0.41158,0.39528,0.40343,0.37958,0.2414,OPEN,0.0,False,2,False,0
49899,11.2152,spectacles,high_power,15,True,0.41686,0.39527,0.40606,0.38885,0.2414,OPEN,0.0,False,2,False,0
49933,11.2483,spectacles,high_power,15,True,0.41941,0.39741,0.40841,0.3957,0.2414,OPEN,0.0,False,2,False,0
49963,11.2792,spectacles,high_power,15,True,0.40915,0.39161,0.40038,0.39733,0.2414,OPEN,0.0,False,2,False,0
49996,11.3109,spectacles,high_power,15,True,0.40567,0.3914,0.39853,0.39775,0.2414,OPEN,0.0,False,2,False,0
50028,11.3442,spectacles,high_power,15,True,0.40512,0.38563,0.39538,0.39692,0.2414,OPEN,0.0,False,2,False,0
50058,11.3747,spectacles,high_power,15,True,0.39851,0.37843,0.38847,0.39396,0.2414,OPEN,0.0,False,2,False,0
50085,11.3999,spectacles,high_power,15,True,0.39342,0.3752,0.38431,0.39059,0.2414,OPEN,0.0,False,2,False,0
50143,11.4649,spectacles,high_power,15,True,0.39381,0.37646,0.38514,0.38868,0.2414,OPEN,0.0,False,2,False,0
50176,11.4941,spectacles,high_power,15,True,0.39148,0.37746,0.38447,0.38721,0.2414,OPEN,0.0,False,2,False,0
50204,11.5307,spectacles,high_power,15,True,0.3904,0.37904,0.38472,0.38634,0.2414,OPEN,0.0,False,2,False,0
50241,11.5652,spectacles,high_power,15,True,0.39617,0.38213,0.38915,0.38732,0.2414,OPEN,0.0,False,2,False,0
50275,11.5998,spectacles,high_power,15,True,0.39054,0.37713,0.38384,0.3861,0.2414,OPEN,0.0,False,2,False,0
50310,11.6302,spectacles,high_power,15,True,0.39559,0.38175,0.38867,0.387,0.2414,OPEN,0.0,False,2,False,0
50341,11.667,spectacles,high_power,15,True,0.39295,0.38012,0.38653,0.38684,0.2414,OPEN,0.0,False,2,False,0
50378,11.699,spectacles,high_power,15,True,0.3974,0.37818,0.38779,0.38717,0.2414,OPEN,0.0,False,2,False,0
50410,11.7361,spectacles,high_power,15,True,0.40314,0.38463,0.39389,0.38952,0.2414,OPEN,0.0,False,2,False,0
50447,11.7634,spectacles,high_power,15,True,0.40877,0.39017,0.39947,0.393,0.2414,OPEN,0.0,False,2,False,0
50474,11.7898,spectacles,high_power,15,True,0.41004,0.39274,0.40139,0.39594,0.2414,OPEN,0.0,False,2,False,0
50500,11.8157,spectacles,high_power,15,True,0.28215,0.1866,0.23438,0.33939,0.2414,OPEN,0.0,False,2,False,0
50538,11.8529,spectacles,high_power,15,True,0.09896,0.04093,0.06995,,0.2414,OPEN,0.0,False,2,False,0
50573,11.8916,spectacles,high_power,15,True,0.07077,0.02071,0.04574,,0.2414,OPEN,0.0,False,2,False,0
50602,11.9194,spectacles,high_power,15,True,0.03666,0.02489,0.03078,,0.2414,OPEN,0.0,False,2,False,0
50636,11.9535,spectacles,high_power,15,True,0.03311,0.01605,0.02458,,0.2414,OPEN,0.0,False,2,False,0
50666,11.985,spectacles,high_power,15,True,0.06851,0.01319,0.04085,,0.2414,OPEN,0.0,False,2,False,0
50698,12.0185,spectacles,high_power,15,True,0.0713,0.01468,0.04299,,0.2414,OPEN,0.0,False,2,False,0
50731,12.0525,spectacles,high_power,15,True,0.10233,0.03935,0.07084,,0.2414,OPEN,0.0,False,2,False,0
50767,12.0837,spectacles,high_power,15,True,0.09696,0.0343,0.06563,,0.2414,OPEN,0.0,False,2,False,0
50793,12.1094,spectacles,high_power,15,True,0.08775,0.03094,0.05934,,0.2414,OPEN,0.0,False,2,False,0
50820,12.1378,spectacles,high_power,15,True,0.09761,0.03796,0.06779,,0.2414,OPEN,0.0,False,2,False,0
50848,12.1668,spectacles,high_power,15,True,0.0864,0.03881,0.0626,,0.2414,OPEN,0.0,False,2,False,0
50876,12.1936,spectacles,high_power,15,True,0.09523,0.04347,0.06935,,0.2414,OPEN,0.0,False,2,False,0
50941,12.262,spectacles,high_power,15,True,0.07847,0.03764,0.05806,,0.2414,OPEN,0.0,False,2,False,0
50977,12.299,spectacles,high_power,15,True,0.06702,0.01207,0.03954,,0.2414,OPEN,0.0,False,2,False,0
51011,12.3309,spectacles,high_power,15,True,0.06078,0.00894,0.03486,,0.2414,OPEN,0.0,False,2,False,0
51041,12.3655,spectacles,high_power,15,True,0.05633,0.009,0.03266,,0.2414,OPEN,0.0,False,2,False,0
51075,12.3964,spectacles,high_power,15,True,0.07044,0.00955,0.03999,,0.2414,OPEN,0.0,False,2,False,0
51106,12.4313,spectacles,high_power,15,True,0.08178,0.01116,0.04647,,0.2414,OPEN,0.0,False,2,False,0
51141,12.4622,spectacles,high_power,15,True,0.08451,0.00917,0.04684,,0.2414,OPEN,0.0,False,2,False,0
51172,12.4906,spectacles,high_power,15,True,0.08568,0.00997,0.04782,,0.2414,OPEN,0.0,False,2,False,0
51201,12.5234,spectacles,high_power,15,True,0.08607,0.01207,0.04907,,0.2414,OPEN,0.0,False,2,False,0
51233,12.5561,spectacles,high_power,15,True,0.20499,0.12748,0.16624,0.27879,0.2414,OPEN,0.0,False,2,False,0
51267,12.5899,spectacles,high_power,15,True,0.28344,0.25395,0.26869,0.27525,0.2414,OPEN,0.0,False,2,False,0
51301,12.6281,spectacles,high_power,15,True,0.33484,0.31759,0.32622,0.29309,0.2414,OPEN,0.0,False,2,False,0
51349,12.6745,spectacles,high_power,15,True,0.36163,0.34961,0.35562,0.31498,0.2414,OPEN,0.0,False,2,False,0
51385,12.7087,spectacles,high_power,15,True,0.37187,0.35792,0.3649,0.33245,0.2414,OPEN,0.0,False,2,False,0
51420,12.744,spectacles,high_power,15,True,0.38791,0.37183,0.37987,0.34905,0.2414,OPEN,0.0,False,2,False,0
51454,12.7795,spectacles,high_power,15,True,0.40996,0.38318,0.39657,0.36568,0.2414,OPEN,0.0,False,2,False,0
51490,12.8092,spectacles,high_power,15,True,0.41351,0.38894,0.40122,0.37812,0.2414,OPEN,0.0,False,2,False,0
51519,12.8385,spectacles,high_power,15,True,0.41329,0.40576,0.40952,0.38911,0.2414,OPEN,0.0,False,2,False,0
51549,12.8698,spectacles,high_power,15,True,0.41071,0.42057,0.41564,0.3984,0.2414,OPEN,0.0,False,2,False,0
51579,12.9023,spectacles,high_power,15,True,0.418,0.4146,0.4163,0.40466,0.2414,OPEN,0.0,False,2,False,0
51611,12.9313,spectacles,high_power,15,True,0.4312,0.41737,0.42429,0.41153,0.2414,OPEN,0.0,False,2,False,0
51644,12.9669,spectacles,high_power,15,True,0.43534,0.41591,0.42562,0.41646,0.2414,OPEN,0.0,False,2,False,0
51677,12.9994,spectacles,high_power,15,True,0.42978,0.40553,0.41765,0.41688,0.2414,OPEN,0.0,False,2,False,0
51708,13.0329,spectacles,high_power,15,True,0.42763,0.39932,0.41347,0.41569,0.2414,OPEN,0.0,False,2,False,0
51743,13.0622,spectacles,high_power,15,True,0.42772,0.40017,0.41395,0.41508,0.2414,OPEN,0.0,False,2,False,0
51773,13.0935,spectacles,high_power,15,True,0.43459,0.40465,0.41962,0.41667,0.2414,OPEN,0.0,False,2,False,0
51804,13.1235,spectacles,high_power,15,True,0.44419,0.40697,0.42558,0.41979,0.2414,OPEN,0.0,False,2,False,0
51836,13.1561,spectacles,high_power,15,True,0.45058,0.41019,0.43038,0.4235,0.2414,OPEN,0.0,False,2,False,0
51870,13.193,spectacles,high_power,15,True,0.4551,0.41559,0.43535,0.42764,0.2414,OPEN,0.0,False,2,False,0
51904,13.2261,spectacles,high_power,15,True,0.45095,0.41679,0.43387,0.42982,0.2414,OPEN,0.0,False,2,False,0
51935,13.2555,spectacles,high_power,15,True,0.44681,0.41891,0.43286,0.43089,0.2414,OPEN,0.0,False,2,False,0
51966,13.2836,spectacles,high_power,15,True,0.43683,0.41348,0.42515,0.42888,0.2414,OPEN,0.0,False,2,False,0
51994,13.3089,spectacles,high_power,15,True,0.43982,0.42139,0.43061,0.42948,0.2414,OPEN,0.0,False,2,False,0
52019,13.3371,spectacles,high_power,15,True,0.43745,0.42251,0.42998,0.42966,0.2414,OPEN,0.0,False,2,False,0
52048,13.3664,spectacles,high_power,15,True,0.43351,0.41887,0.42619,0.42844,0.2414,OPEN,0.0,False,2,False,0
52079,13.3994,spectacles,high_power,15,True,0.42916,0.41198,0.42057,0.42569,0.2414,OPEN,0.0,False,2,False,0
52140,13.4576,spectacles,high_power,15,True,0.41522,0.39906,0.40714,0.41919,0.2414,OPEN,0.0,False,2,False,0
52170,13.4866,spectacles,high_power,15,True,0.39693,0.39312,0.39502,0.41074,0.2414,OPEN,0.0,False,2,False,0
52203,13.5181,spectacles,high_power,15,True,0.1793,0.12157,0.15044,0.31963,0.2414,OPEN,0.0,False,2,False,0
52228,13.5436,spectacles,high_power,15,True,0.12158,0.06892,0.09525,,0.2414,OPEN,0.0,False,2,False,0
52254,13.5683,spectacles,high_power,15,True,0.06941,0.02649,0.04795,,0.2414,OPEN,0.0,False,2,False,0
52285,13.6007,spectacles,high_power,15,True,0.05331,0.01483,0.03407,,0.2414,OPEN,0.0,False,2,False,0
52315,13.6305,spectacles,high_power,15,True,0.03349,0.00636,0.01993,,0.2414,OPEN,0.0,False,2,False,0
52346,13.6626,spectacles,high_power,15,True,0.01624,0.02133,0.01878,,0.2414,OPEN,0.0,False,2,False,0
52379,13.6952,spectacles,high_power,15,True,0.01211,0.02797,0.02004,,0.2414,OPEN,0.0,False,2,False,0
52410,13.7254,spectacles,high_power,15,True,0.03325,0.03028,0.03176,,0.2414,OPEN,0.0,False,2,False,0
52443,13.758,spectacles,high_power,15,True,0.07308,0.02042,0.04675,,0.2414,OPEN,0.0,False,2,False,0
52476,13.7928,spectacles,high_power,15,True,0.08825,0.01174,0.04999,,0.2414,OPEN,0.0,False,2,False,0
52542,13.8588,spectacles,high_power,15,True,0.09795,0.04213,0.07004,,0.2414,OPEN,0.0,False,2,False,0
52573,13.8903,spectacles,high_power,15,True,0.18644,0.16169,0.17407,0.26868,0.2414,OPEN,0.0,False,2,False,0
52600,13.9168,spectacles,high_power,15,True,0.25084,0.20877,0.22981,0.25508,0.2414,OPEN,0.0,False,2,False,0
52627,13.9428,spectacles,high_power,15,True,0.31141,0.29194,0.30168,0.27139,0.2414,OPEN,0.0,False,2,False,0
52652,13.9665,spectacles,high_power,15,True,0.35137,0.33296,0.34216,0.29616,0.2414,OPEN,0.0,False,2,False,0
52683,13.9983,spectacles,high_power,15,True,0.37411,0.34805,0.36108,0.31888,0.2414,OPEN,0.0,False,2,False,0
52718,14.0334,spectacles,high_power,15,True,0.38913,0.35667,0.3729,0.33779,0.2414,OPEN,0.0,False,2,False,0
52746,14.062,spectacles,high_power,15,True,0.39466,0.35716,0.37591,0.35113,0.2414,OPEN,0.0,False,2,False,0
52779,14.0945,spectacles,high_power,15,True,0.40309,0.3674,0.38524,0.36307,0.2414,OPEN,0.0,False,2,False,0
52811,14.1269,spectacles,high_power,15,True,0.39945,0.37403,0.38674,0.37136,0.2414,OPEN,0.0,False,2,False,0
52842,14.1573,spectacles,high_power,15,True,0.3957,0.3765,0.3861,0.37652,0.2414,OPEN,0.0,False,2,False,0
52874,14.1901,spectacles,high_power,15,True,0.39427,0.37693,0.3856,0.3797,0.2414,OPEN,0.0,False,2,False,0
52913,14.2278,spectacles,high_power,15,True,0.39236,0.37969,0.38602,0.38191,0.2414,OPEN,0.0,False,2,False,0
52938,14.2531,spectacles,high_power,15,True,0.39111,0.37548,0.38329,0.38239,0.2414,OPEN,0.0,False,2,False,0
52988,14.3049,spectacles,high_power,15,True,0.3941,0.37462,0.38436,0.38308,0.2414,OPEN,0.0,False,2,False,0
53018,14.3343,spectacles,high_power,15,True,0.39654,0.37357,0.38505,0.38377,0.2414,OPEN,0.0,False,2,False,0
53050,14.365,spectacles,high_power,15,True,0.39542,0.37133,0.38338,0.38363,0.2414,OPEN,0.0,False,2,False,0
53083,14.3982,spectacles,high_power,15,True,0.3987,0.37201,0.38535,0.38424,0.2414,OPEN,0.0,False,2,False,0
53115,14.4306,spectacles,high_power,15,True,0.40209,0.37363,0.38786,0.3855,0.2414,OPEN,0.0,False,2,False,0
53154,14.4705,spectacles,high_power,15,True,0.39793,0.36958,0.38376,0.38489,0.2414,OPEN,0.0,False,2,False,0
53180,14.4954,spectacles,high_power,15,True,0.39902,0.37265,0.38584,0.38522,0.2414,OPEN,0.0,False,2,False,0
53211,14.5254,spectacles,high_power,15,True,0.40007,0.38179,0.39093,0.38722,0.2414,OPEN,0.0,False,2,False,0
53243,14.5581,spectacles,high_power,15,True,0.40311,0.39048,0.39679,0.39057,0.2414,OPEN,0.0,False,2,False,0
53275,14.5911,spectacles,high_power,15,True,0.40207,0.39316,0.39761,0.39304,0.2414,OPEN,0.0,False,2,False,0
53324,14.6394,spectacles,high_power,15,True,0.39612,0.39018,0.39315,0.39308,0.2414,OPEN,0.0,False,2,False,0
53361,14.6768,spectacles,high_power,15,True,0.39862,0.38649,0.39255,0.39289,0.2414,OPEN,0.0,False,2,False,0
53387,14.7018,spectacles,high_power,15,True,0.39843,0.38308,0.39076,0.39214,0.2414,OPEN,0.0,False,2,False,0
53419,14.7344,spectacles,high_power,15,True,0.40108,0.38178,0.39143,0.39189,0.2414,OPEN,0.0,False,2,False,0
53452,14.7675,spectacles,high_power,15,True,0.39592,0.38635,0.39113,0.39163,0.2414,OPEN,0.0,False,2,False,0
53483,14.7989,spectacles,high_power,15,True,0.39684,0.38314,0.38999,0.39105,0.2414,OPEN,0.0,False,2,False,0
53515,14.8295,spectacles,high_power,15,True,0.39776,0.3842,0.39098,0.39103,0.2414,OPEN,0.0,False,2,False,0
53547,14.8616,spectacles,high_power,15,True,0.40063,0.38719,0.39391,0.39204,0.2414,OPEN,0.0,False,2,False,0
53583,14.9015,spectacles,high_power,15,True,0.39598,0.38738,0.39168,0.39191,0.2414,OPEN,0.0,False,2,False,0
53611,14.9271,spectacles,high_power,15,True,0.39456,0.38509,0.38982,0.39118,0.2414,OPEN,0.0,False,2,False,0
53644,14.9594,spectacles,high_power,15,True,0.39134,0.3775,0.38442,0.38881,0.2414,OPEN,0.0,False,2,False,0
53692,15.0085,spectacles,high_power,15,True,0.3941,0.3796,0.38685,0.38813,0.2414,OPEN,0.0,False,2,False,0
53724,15.0395,spectacles,high_power,15,True,0.39945,0.38461,0.39203,0.38949,0.2414,OPEN,0.0,False,2,False,0
53754,15.0692,spectacles,high_power,15,True,0.40246,0.38614,0.3943,0.39118,0.2414,OPEN,0.0,False,2,False,0
53791,15.1059,spectacles,high_power,15,True,0.40517,0.39082,0.398,0.39356,0.2414,OPEN,0.0,False,2,False,0
53819,15.1348,spectacles,high_power,15,True,0.41085,0.39561,0.40323,0.39695,0.2414,OPEN,0.0,False,2,False,0
53850,15.1658,spectacles,high_power,15,True,0.40775,0.38948,0.39862,0.39753,0.2414,OPEN,0.0,False,2,False,0
53882,15.1991,spectacles,high_power,15,True,0.40472,0.38962,0.39717,0.3974,0.2414,OPEN,0.0,False,2,False,0
53915,15.2298,spectacles,high_power,15,True,0.39995,0.38169,0.39082,0.3951,0.2414,OPEN,0.0,False,2,False,0
53947,15.262,spectacles,high_power,15,True,0.40003,0.38619,0.39311,0.3944,0.2414,OPEN,0.0,False,2,False,0
53984,15.299,spectacles,high_power,15,True,0.40321,0.38911,0.39616,0.39502,0.2414,OPEN,0.0,False,2,False,0
54011,15.3261,spectacles,high_power,15,True,0.39988,0.38409,0.39199,0.39396,0.2414,OPEN,0.0,False,2,False,0
54061,15.3758,spectacles,high_power,15,True,0.39568,0.38019,0.38794,0.39185,0.2414,OPEN,0.0,False,2,False,0
54089,15.4035,spectacles,high_power,15,True,0.38955,0.37132,0.38044,0.38786,0.2414,OPEN,0.0,False,2,False,0
54124,15.4387,spectacles,high_power,15,True,0.39135,0.37551,0.38343,0.38631,0.2414,OPEN,0.0,False,2,False,0
54154,15.4676,spectacles,high_power,15,True,0.38683,0.37657,0.3817,0.3847,0.2414,OPEN,0.0,False,2,False,0
54187,15.4975,spectacles,high_power,15,True,0.38209,0.37056,0.37632,0.38177,0.2414,OPEN,0.0,False,2,False,0
54221,15.5349,spectacles,high_power,15,True,0.3843,0.37185,0.37807,0.38047,0.2414,OPEN,0.0,False,2,False,0
54251,15.5657,spectacles,high_power,15,True,0.38462,0.37207,0.37834,0.37973,0.2414,OPEN,0.0,False,2,False,0
54282,15.5973,spectacles,high_power,15,True,0.38218,0.3716,0.37689,0.37874,0.2414,OPEN,0.0,False,2,False,0
54315,15.6305,spectacles,high_power,15,True,0.37929,0.37116,0.37523,0.37751,0.2414,OPEN,0.0,False,2,False,0
54347,15.6617,spectacles,high_power,15,True,0.38544,0.37777,0.3816,0.37894,0.2414,OPEN,0.0,False,2,False,0
54398,15.7136,spectacles,high_power,15,True,0.38115,0.37998,0.38056,0.37951,0.2414,OPEN,0.0,False,2,False,0
54433,15.7491,spectacles,high_power,15,True,0.37437,0.37724,0.3758,0.37821,0.2414,OPEN,0.0,False,2,False,0
54458,15.7734,spectacles,high_power,15,True,0.37191,0.37533,0.37362,0.3766,0.2414,OPEN,0.0,False,2,False,0
54491,15.8066,spectacles,high_power,15,True,0.38324,0.37811,0.38068,0.37803,0.2414,OPEN,0.0,False,2,False,0
54523,15.8391,spectacles,high_power,15,True,0.38694,0.3775,0.38222,0.3795,0.2414,OPEN,0.0,False,2,False,0
54555,15.8705,spectacles,high_power,15,True,0.37927,0.37803,0.37865,0.3792,0.2414,OPEN,0.0,False,2,False,0
54587,15.9024,spectacles,high_power,15,True,0.37373,0.37368,0.37371,0.37728,0.2414,OPEN,0.0,False,2,False,0
54620,15.9348,spectacles,high_power,15,True,0.37506,0.37574,0.3754,0.37662,0.2414,OPEN,0.0,False,2,False,0
54656,15.974,spectacles,high_power,15,True,0.38882,0.38532,0.38707,0.38028,0.2414,OPEN,0.0,False,2,False,0
54683,15.9978,spectacles,high_power,15,True,0.3876,0.38504,0.38632,0.38239,0.2414,OPEN,0.0,False,2,False,0
54715,16.0302,spectacles,high_power,15,True,0.38316,0.38275,0.38296,0.38259,0.2414,OPEN,0.0,False,2,False,0
54765,16.0807,spectacles,high_power,15,True,0.3939,0.38993,0.39191,0.38585,0.2414,OPEN,0.0,False,2,False,0
54796,16.1119,spectacles,high_power,15,True,0.39034,0.38394,0.38714,0.3863,0.2414,OPEN,0.0,False,2,False,0
54827,16.1428,spectacles,high_power,15,True,0.274,0.1637,0.21885,0.3277,0.2414,OPEN,0.0,False,2,False,0
54864,16.1786,spectacles,high_power,15,True,0.06644,0.03393,0.05019,,0.2414,OPEN,0.0,False,2,False,0
54892,16.2071,spectacles,high_power,15,True,0.04883,0.03977,0.0443,,0.2414,OPEN,0.0,False,2,False,0
54923,16.2377,spectacles,high_power,15,True,0.04774,0.04248,0.04511,,0.2414,OPEN,0.0,False,2,False,0
54955,16.2704,spectacles,high_power,15,True,0.08262,0.02537,0.05399,,0.2414,OPEN,0.0,False,2,False,0
54988,16.3029,spectacles,high_power,15,True,0.22901,0.17279,0.2009,0.28332,0.2414,OPEN,0.0,False,2,False,0
55020,16.3346,spectacles,high_power,15,True,0.29838,0.27674,0.28756,0.2848,0.2414,OPEN,0.0,False,2,False,0
55055,16.3703,spectacles,high_power,15,True,0.34079,0.33598,0.33838,0.30355,0.2414,OPEN,0.0,False,2,False,0
55082,16.3973,spectacles,high_power,15,True,0.35773,0.35403,0.35588,0.32187,0.2414,OPEN,0.0,False,2,False,0
55133,16.448,spectacles,high_power,15,True,0.36068,0.35951,0.3601,0.33525,0.2414,OPEN,0.0,False,2,False,0
55163,16.4779,spectacles,high_power,15,True,0.35902,0.35725,0.35813,0.34326,0.2414,OPEN,0.0,False,2,False,0
55195,16.5104,spectacles,high_power,15,True,0.35322,0.35562,0.35442,0.34717,0.2414,OPEN,0.0,False,2,False,0
55228,16.543,spectacles,high_power,15,True,0.35085,0.3504,0.35062,0.34838,0.2414,OPEN,0.0,False,2,False,0
55259,16.5741,spectacles,high_power,15,True,0.34995,0.34623,0.34809,0.34828,0.2414,OPEN,0.0,False,2,False,0
55293,16.6083,spectacles,high_power,15,True,0.35168,0.34464,0.34816,0.34824,0.2414,OPEN,0.0,False,2,False,0
55324,16.6401,spectacles,high_power,15,True,0.35917,0.34768,0.35342,0.35005,0.2414,OPEN,0.0,False,2,False,0
55355,16.6695,spectacles,high_power,15,True,0.36337,0.36299,0.36318,0.35465,0.2414,OPEN,0.0,False,2,False,0
55386,16.7006,spectacles,high_power,15,True,0.36385,0.371,0.36742,0.35912,0.2414,OPEN,0.0,False,2,False,0
55418,16.7331,spectacles,high_power,15,True,0.36501,0.37239,0.3687,0.36247,0.2414,OPEN,0.0,False,2,False,0
55468,16.783,spectacles,high_power,15,True,0.36823,0.37979,0.37401,0.36651,0.2414,OPEN,0.0,False,2,False,0
55505,16.8199,spectacles,high_power,15,True,0.373,0.37992,0.37646,0.36999,0.2414,OPEN,0.0,False,2,False,0
55543,16.8586,spectacles,high_power,15,True,0.37892,0.38071,0.37982,0.37343,0.2414,OPEN,0.0,False,2,False,0
55568,16.8832,spectacles,high_power,15,True,0.38313,0.38085,0.38199,0.37643,0.2414,OPEN,0.0,False,2,False,0
55594,16.9092,spectacles,high_power,15,True,0.38443,0.38048,0.38246,0.37854,0.2414,OPEN,0.0,False,2,False,0
55628,16.9438,spectacles,high_power,15,True,0.38339,0.38063,0.38201,0.37975,0.2414,OPEN,0.0,False,2,False,0
55658,16.9734,spectacles,high_power,15,True,0.38421,0.38173,0.38297,0.38088,0.2414,OPEN,0.0,False,2,False,0
55691,17.0068,spectacles,high_power,15,True,0.38582,0.38354,0.38468,0.38221,0.2414,OPEN,0.0,False,2,False,0
55723,17.0429,spectacles,high_power,15,True,0.38929,0.3832,0.38624,0.38362,0.2414,OPEN,0.0,False,2,False,0
55755,17.07,spectacles,high_power,15,True,0.39032,0.38157,0.38594,0.38443,0.2414,OPEN,0.0,False,2,False,0
55787,17.1021,spectacles,high_power,15,True,0.38932,0.38088,0.3851,0.38467,0.2414,OPEN,0.0,False,2,False,0
55836,17.152,spectacles,high_power,15,True,0.38884,0.38038,0.38461,0.38465,0.2414,OPEN,0.0,False,2,False,0
55867,17.1823,spectacles,high_power,15,True,0.39012,0.38032,0.38522,0.38485,0.2414,OPEN,0.0,False,2,False,0
55900,17.2147,spectacles,high_power,15,True,0.39149,0.38227,0.38688,0.38556,0.2414,OPEN,0.0,False,2,False,0
55935,17.2529,spectacles,high_power,15,True,0.38862,0.3787,0.38366,0.3849,0.2414,OPEN,0.0,False,2,False,0
55964,17.28,spectacles,high_power,15,True,0.38714,0.3761,0.38162,0.38375,0.2414,OPEN,0.0,False,2,False,0
55996,17.3111,spectacles,high_power,15,True,0.38401,0.37528,0.37964,0.38231,0.2414,OPEN,0.0,False,2,False,0
56028,17.3444,spectacles,high_power,15,True,0.38411,0.37531,0.37971,0.3814,0.2414,OPEN,0.0,False,2,False,0
56060,17.3745,spectacles,high_power,15,True,0.3773,0.36899,0.37314,0.37851,0.2414,OPEN,0.0,False,2,False,0
56092,17.4074,spectacles,high_power,15,True,0.37574,0.36871,0.37222,0.37631,0.2414,OPEN,0.0,False,2,False,0
56128,17.4422,spectacles,high_power,15,True,0.37435,0.36558,0.36997,0.37409,0.2414,OPEN,0.0,False,2,False,0
56154,17.4696,spectacles,high_power,15,True,0.37435,0.36485,0.3696,0.37252,0.2414,OPEN,0.0,False,2,False,0
56204,17.5196,spectacles,high_power,15,True,0.3766,0.36703,0.37182,0.37227,0.2414,OPEN,0.0,False,2,False,0
56235,17.5508,spectacles,high_power,15,True,0.38149,0.37066,0.37607,0.3736,0.2414,OPEN,0.0,False,2,False,0
56268,17.5834,spectacles,high_power,15,True,0.38028,0.37355,0.37691,0.37476,0.2414,OPEN,0.0,False,2,False,0
56298,17.6135,spectacles,high_power,15,True,0.38379,0.37658,0.38019,0.37666,0.2414,OPEN,0.0,False,2,False,0
56330,17.645,spectacles,high_power,15,True,0.38716,0.37757,0.38237,0.37866,0.2414,OPEN,0.0,False,2,False,0
56365,17.6787,spectacles,high_power,15,True,0.3876,0.37772,0.38266,0.38006,0.2414,OPEN,0.0,False,2,False,0
56394,17.7062,spectacles,high_power,15,True,0.38564,0.37914,0.38239,0.38087,0.2414,OPEN,0.0,False,2,False,0
56427,17.7407,spectacles,high_power,15,True,0.37673,0.36352,0.37012,0.37711,0.2414,OPEN,0.0,False,2,False,0
56458,17.7732,spectacles,high_power,15,True,0.26991,0.20412,0.23701,0.32808,0.2414,OPEN,0.0,False,2,False,0
56491,17.8059,spectacles,high_power,15,True,0.14048,0.06808,0.10428,0.24975,0.2414,OPEN,0.0,False,2,False,0
56545,17.86,spectacles,high_power,15,True,0.09527,0.03674,0.06601,,0.2414,OPEN,0.0,False,2,False,0
56573,17.8893,spectacles,high_power,15,True,0.09172,0.02477,0.05824,,0.2414,OPEN,0.0,False,2,False,0
56603,17.9187,spectacles,high_power,15,True,0.1006,0.02948,0.06504,,0.2414,OPEN,0.0,False,2,False,0
56635,17.9506,spectacles,high_power,15,True,0.08683,0.02076,0.05379,,0.2414,OPEN,0.0,False,2,False,0
56668,17.983,spectacles,high_power,15,True,0.0885,0.01271,0.0506,,0.2414,OPEN,0.0,False,2,False,0
56699,18.0138,spectacles,high_power,15,True,0.07023,0.01307,0.04165,,0.2414,OPEN,0.0,False,2,False,0
56732,18.0474,spectacles,high_power,15,True,0.07152,0.0126,0.04206,,0.2414,OPEN,0.0,False,2,False,0
56764,18.0805,spectacles,high_power,15,True,0.09617,0.01673,0.05645,,0.2414,OPEN,0.0,False,2,False,0
56796,18.1104,spectacles,high_power,15,True,0.09509,0.01923,0.05716,,0.2414,OPEN,0.0,False,2,False,0
56826,18.1417,spectacles,high_power,15,True,0.0947,0.01827,0.05649,,0.2414,OPEN,0.0,False,2,False,0
56851,18.1664,spectacles,high_power,15,True,0.09575,0.0175,0.05663,,0.2414,OPEN,0.0,False,2,False,0
56875,18.1938,spectacles,high_power,15,True,0.09828,0.01606,0.05717,,0.2414,OPEN,0.0,False,2,False,0
56939,18.2544,spectacles,high_power,15,True,0.09361,0.01143,0.05252,,0.2414,OPEN,0.0,False,2,False,0
56972,18.2881,spectacles,high_power,15,True,0.10691,0.0146,0.06075,,0.2414,OPEN,0.0,False,2,False,0
57007,18.3237,spectacles,high_power,15,True,0.11265,0.01735,0.065,,0.2414,OPEN,0.0,False,2,False,0
57034,18.349,spectacles,high_power,15,True,0.11462,0.01696,0.06579,,0.2414,OPEN,0.0,False,2,False,0
57067,18.3833,spectacles,high_power,15,True,0.11629,0.01811,0.0672,,0.2414,OPEN,0.0,False,2,False,0
57098,18.4139,spectacles,high_power,15,True,0.11829,0.01578,0.06703,,0.2414,OPEN,0.0,False,2,False,0
57132,18.4478,spectacles,high_power,15,True,0.11158,0.0216,0.06659,,0.2414,OPEN,0.0,False,2,False,0
57162,18.4774,spectacles,high_power,15,True,0.10342,0.02079,0.0621,,0.2414,OPEN,0.0,False,2,False,0
57199,18.5151,spectacles,high_power,15,True,0.10258,0.01864,0.06061,,0.2414,OPEN,0.0,False,2,False,0
57224,18.5406,spectacles,high_power,15,True,0.10499,0.01856,0.06178,,0.2414,OPEN,0.0,False,2,False,0
57250,18.5657,spectacles,high_power,15,True,0.10971,0.01842,0.06406,,0.2414,OPEN,0.0,False,2,False,0
57275,18.5914,spectacles,high_power,15,True,0.11254,0.02722,0.06988,,0.2414,OPEN,0.0,False,2,False,0
57341,18.6561,spectacles,high_power,15,True,0.11091,0.01726,0.06408,,0.2414,OPEN,0.0,False,2,False,0
57372,18.6875,spectacles,high_power,15,True,0.11093,0.02353,0.06723,,0.2414,OPEN,0.0,False,2,False,0
57403,18.719,spectacles,high_power,15,True,0.11347,0.03532,0.07439,,0.2414,OPEN,0.0,False,2,False,0
57440,18.7552,spectacles,high_power,15,True,0.12087,0.04426,0.08257,,0.2414,OPEN,0.0,False,2,False,0
57473,18.7891,spectacles,high_power,15,True,0.11617,0.03156,0.07386,,0.2414,OPEN,0.0,False,2,False,0
57498,18.8135,spectacles,high_power,15,True,0.12296,0.041,0.08198,,0.2414,OPEN,0.0,False,2,False,0
57531,18.8467,spectacles,high_power,15,True,0.11943,0.02438,0.0719,,0.2414,OPEN,0.0,False,2,False,0
57564,18.8795,spectacles,high_power,15,True,0.11884,0.01915,0.069,,0.2414,OPEN,0.0,False,2,False,0
57589,18.9055,spectacles,high_power,15,True,0.12106,0.02307,0.07206,,0.2414,OPEN,0.0,False,2,False,0
57615,18.9297,spectacles,high_power,15,True,0.12812,0.03119,0.07965,,0.2414,OPEN,0.0,False,2,False,0
57645,18.9592,spectacles,high_power,15,True,0.12035,0.01942,0.06988,,0.2414,OPEN,0.0,False,2,False,0
57675,18.9906,spectacles,high_power,15,True,0.12087,0.01645,0.06866,,0.2414,OPEN,0.0,False,2,False,0
57741,19.0575,spectacles,high_power,15,True,0.12422,0.01696,0.07059,,0.2414,OPEN,0.0,False,2,False,0
57771,19.0876,spectacles,high_power,15,True,0.12675,0.02094,0.07385,,0.2414,OPEN,0.0,False,2,False,0
57803,19.1187,spectacles,high_power,15,True,0.12215,0.012,0.06708,,0.2414,OPEN,0.0,False,2,False,0
57834,19.1495,spectacles,high_power,15,True,0.12716,0.01412,0.07064,,0.2414,OPEN,0.0,False,2,False,0
57872,19.1875,spectacles,high_power,15,True,0.11113,0.01425,0.06269,,0.2414,OPEN,0.0,False,2,False,0
57898,19.2133,spectacles,high_power,15,True,0.11206,0.01651,0.06429,,0.2414,OPEN,0.0,False,2,False,0
57923,19.2374,spectacles,high_power,15,True,0.1118,0.01836,0.06508,,0.2414,OPEN,0.0,False,2,False,0
57947,19.264,spectacles,high_power,15,True,0.11119,0.0173,0.06424,,0.2414,OPEN,0.0,False,2,False,0
57980,19.2964,spectacles,high_power,15,True,0.12064,0.01546,0.06805,,0.2414,OPEN,0.0,False,2,False,0
58011,19.3249,spectacles,high_power,15,True,0.12716,0.02031,0.07374,,0.2414,OPEN,0.0,False,2,False,0
58042,19.3574,spectacles,high_power,15,True,0.13285,0.02268,0.07777,,0.2414,OPEN,0.0,False,2,False,0
58079,19.395,spectacles,high_power,15,True,0.13323,0.02565,0.07944,,0.2414,OPEN,0.0,False,2,False,0
58141,19.4571,spectacles,high_power,15,True,0.13794,0.03929,0.08861,,0.2414,OPEN,0.0,False,2,False,0
58171,19.4876,spectacles,high_power,15,True,0.14612,0.0429,0.09451,,0.2414,OPEN,0.0,False,2,False,0
58203,19.5198,spectacles,high_power,15,True,0.14918,0.04832,0.09875,,0.2414,OPEN,0.0,False,2,False,0
58235,19.5507,spectacles,high_power,15,True,0.15359,0.05594,0.10477,0.199,0.2414,CLOSING,0.0,False,2,False,0
58272,19.5891,spectacles,high_power,15,True,0.15426,0.0559,0.10508,0.16613,0.2414,CLOSING,0.0385,False,2,False,0
58298,19.6139,spectacles,high_power,15,True,0.15419,0.05592,0.10505,0.14475,0.2414,CLOSED,0.0632,False,2,False,0
58324,19.6391,spectacles,high_power,15,True,0.15854,0.07181,0.11518,0.1344,0.2414,CLOSED,0.0885,False,2,False,0
58348,19.6626,spectacles,high_power,15,True,0.16257,0.09018,0.12638,0.13159,0.2414,CLOSED,0.1119,False,2,False,0
58378,19.6924,spectacles,high_power,15,True,0.16421,0.09976,0.13199,0.13173,0.2414,CLOSED,0.1417,False,2,False,0
58411,19.7259,spectacles,high_power,15,True,0.16257,0.09575,0.12916,0.13083,0.2414,CLOSED,0.1752,False,2,False,0
58444,19.7589,spectacles,high_power,15,True,0.1573,0.09374,0.12552,0.12897,0.2414,CLOSED,0.2082,False,2,False,0
58475,19.7897,spectacles,high_power,15,True,0.16368,0.09168,0.12768,0.12852,0.2414,CLOSED,0.239,False,2,False,0
58541,19.8576,spectacles,high_power,15,True,0.16956,0.10376,0.13666,0.13137,0.2414,CLOSED,0.307,False,2,False,0
58569,19.8802,spectacles,high_power,15,True,0.17133,0.10867,0.14,0.13439,0.2414,CLOSED,0.3295,False,2,False,0
58602,19.9179,spectacles,high_power,15,True,0.17303,0.12716,0.15009,0.13989,0.2414,CLOSED,0.3672,False,2,False,0
58634,19.9459,spectacles,high_power,15,True,0.17348,0.13492,0.1542,0.1449,0.2414,CLOSED,0.3952,False,2,False,0
58655,19.9675,spectacles,high_power,15,True,0.17619,0.13938,0.15779,0.14941,0.2414,CLOSED,0.4168,False,2,False,0
58681,19.9959,spectacles,high_power,15,True,0.17629,0.13604,0.15617,0.15177,0.2414,CLOSED,0.4452,False,2,False,0
58719,20.0338,spectacles,high_power,15,True,0.17138,0.13131,0.15134,0.15162,0.2414,CLOSED,0.4831,False,2,False,0
58746,20.0615,spectacles,high_power,15,True,0.17085,0.12657,0.14871,0.1506,0.2414,CLOSED,0.5108,False,2,False,0
58778,20.0912,spectacles,high_power,15,True,0.17666,0.12736,0.15201,0.1511,0.2414,CLOSED,0.5405,False,2,False,0
58810,20.1244,spectacles,high_power,15,True,0.17603,0.12547,0.15075,0.15097,0.2414,CLOSED,0.5737,False,2,False,0
58843,20.1568,spectacles,high_power,15,True,0.17188,0.1153,0.14359,0.14839,0.2414,CLOSED,0.6061,False,2,False,0
58875,20.19,spectacles,high_power,15,True,0.17547,0.11854,0.14701,0.1479,0.2414,CLOSED,0.6393,False,2,False,0
58949,20.2683,spectacles,high_power,15,True,0.17755,0.10926,0.1434,0.14633,0.2414,CLOSED,0.7176,False,2,False,0
58980,20.2986,spectacles,high_power,15,True,0.17713,0.10953,0.14333,0.14528,0.2414,CLOSED,0.7479,False,2,False,0
59008,20.3253,spectacles,high_power,15,True,0.17664,0.1097,0.14317,0.14454,0.2414,CLOSED,0.7746,False,2,False,0
59036,20.3517,spectacles,high_power,15,True,0.17329,0.10697,0.14013,0.143,0.2414,CLOSED,0.801,False,2,False,0
59063,20.3792,spectacles,high_power,15,True,0.17304,0.10521,0.13913,0.14164,0.2414,CLOSED,0.8285,False,2,False,0
59090,20.4047,spectacles,high_power,15,True,0.16789,0.0885,0.1282,0.13694,0.2414,CLOSED,0.854,False,2,False,0
59114,20.4296,spectacles,high_power,15,True,0.16906,0.08348,0.12627,0.1332,0.2414,CLOSED,0.8789,False,2,False,0
59153,20.4683,spectacles,high_power,15,True,0.16873,0.09187,0.1303,0.13219,0.2414,CLOSED,0.9176,False,2,False,0
59179,20.495,spectacles,high_power,15,True,0.16592,0.08776,0.12684,0.13032,0.2414,CLOSED,0.9443,False,2,False,0
59211,20.5264,spectacles,high_power,15,True,0.15305,0.07674,0.11489,0.12492,0.2414,CLOSED,0.9757,False,2,False,0
59242,20.5572,spectacles,high_power,15,True,0.14544,0.07179,0.10862,0.11921,0.2414,CLOSED,1.0065,False,2,False,0
59275,20.5912,spectacles,high_power,15,True,0.14787,0.07798,0.11292,0.11701,0.2414,CLOSED,1.0405,False,2,False,0
59349,20.6684,spectacles,high_power,15,True,0.13131,0.06514,0.09823,,0.2414,CLOSED,0.0,False,2,False,0
59378,20.6953,spectacles,high_power,15,True,0.14069,0.06651,0.1036,0.11232,0.2414,CLOSED,1.1446,False,2,False,0
59405,20.7204,spectacles,high_power,15,True,0.13714,0.07166,0.1044,0.10955,0.2414,CLOSED,1.1697,False,2,False,0
59431,20.7469,spectacles,high_power,15,True,0.13899,0.07641,0.1077,0.1089,0.2414,CLOSED,1.1962,False,2,False,0
59456,20.771,spectacles,high_power,15,True,0.1405,0.07821,0.10936,0.10906,0.2414,CLOSED,1.2203,False,2,False,0
59483,20.7989,spectacles,high_power,15,True,0.14064,0.07782,0.10923,0.10912,0.2414,CLOSED,1.2482,False,2,False,0
59515,20.8311,spectacles,high_power,15,True,0.14243,0.07929,0.11086,0.10973,0.2414,CLOSED,1.2804,False,2,False,0
59546,20.8601,spectacles,high_power,15,True,0.14056,0.07919,0.10987,0.10978,0.2414,CLOSED,1.3094,False,2,False,0
59582,20.9008,spectacles,high_power,15,True,0.13588,0.07452,0.1052,0.10818,0.2414,CLOSED,1.3501,False,2,False,0
59623,20.9385,spectacles,high_power,15,True,0.13962,0.07643,0.10803,0.10812,0.2414,CLOSED,1.3878,False,2,False,0
59648,20.9631,spectacles,high_power,15,True,0.13699,0.07574,0.10636,0.10751,0.2414,CLOSED,1.4125,False,2,False,0
59682,20.9981,spectacles,high_power,15,True,0.13884,0.0806,0.10972,0.10828,0.2414,CLOSED,1.4474,False,2,False,0
59707,21.0213,spectacles,high_power,15,True,0.13807,0.08026,0.10916,0.10859,0.2414,CLOSED,1.4706,False,2,False,0
59755,21.0712,spectacles,high_power,15,True,0.13681,0.0721,0.10446,0.10714,0.2414,CLOSED,1.5205,False,2,False,0
59791,21.1066,spectacles,high_power,15,True,0.13777,0.07456,0.10616,0.1068,0.2414,CLOSED,1.5559,False,2,False,0
59824,21.1437,spectacles,high_power,15,True,0.14008,0.07371,0.1069,0.10683,0.2414,CLOSED,1.593,False,2,False,0
59858,21.1718,spectacles,high_power,15,True,0.13821,0.07212,0.10516,0.10625,0.2414,CLOSED,1.6211,False,2,False,0
59883,21.1982,spectacles,high_power,15,True,0.139,0.07266,0.10583,0.1061,0.2414,CLOSED,1.6475,False,2,False,0
59914,21.2296,spectacles,high_power,15,True,0.13464,0.06921,0.10193,0.10464,0.2414,CLOSED,1.6789,False,2,False,0
59947,21.2645,spectacles,high_power,15,True,0.13053,0.06184,0.09619,,0.2414,CLOSED,0.0,False,2,False,0
59979,21.2997,spectacles,high_power,15,True,0.12958,0.06525,0.09741,,0.2414,CLOSED,0.0,False,2,False,0
60015,21.3325,spectacles,high_power,15,True,0.12838,0.07299,0.10069,0.10326,0.2414,CLOSED,1.7818,False,2,False,0
60047,21.3652,spectacles,high_power,15,True,0.132,0.07535,0.10367,0.1034,0.2414,CLOSED,1.8145,False,2,False,0
60081,21.3973,spectacles,high_power,15,True,0.13733,0.07841,0.10787,0.10497,0.2414,CLOSED,1.8466,False,2,False,0
60123,21.4358,spectacles,high_power,15,True,0.13696,0.0736,0.10528,0.10508,0.2414,CLOSED,1.8851,False,2,False,0
60154,21.4665,spectacles,high_power,15,True,0.13515,0.07296,0.10406,0.10472,0.2414,CLOSED,1.9158,False,2,False,0
60185,21.4978,spectacles,high_power,15,True,0.13595,0.07291,0.10443,0.10462,0.2414,CLOSED,1.9471,False,2,False,0
60222,21.538,spectacles,high_power,15,True,0.13945,0.07513,0.10729,0.10555,0.2414,CLOSED,1.9873,False,2,False,0
60251,21.5655,spectacles,high_power,15,True,0.13928,0.07479,0.10703,0.10607,0.2414,CLOSED,2.0148,False,2,False,0
60282,21.5979,spectacles,high_power,15,True,0.1382,0.07347,0.10583,0.10599,0.2414,CLOSED,2.0472,False,2,False,0
60315,21.6301,spectacles,high_power,15,True,0.13129,0.07685,0.10407,0.10532,0.2414,CLOSED,2.0794,False,2,False,0
60347,21.6651,spectacles,high_power,15,True,0.1342,0.07788,0.10604,0.10557,0.2414,CLOSED,2.1144,False,2,False,0
60379,21.6942,spectacles,high_power,15,True,0.13898,0.0817,0.11034,0.10724,0.2414,CLOSED,2.1435,False,2,False,0
60413,21.7283,spectacles,high_power,15,True,0.13417,0.07601,0.10509,0.10649,0.2414,CLOSED,2.1776,False,2,False,0
60442,21.7558,spectacles,high_power,15,True,0.11964,0.06505,0.09235,,0.2414,CLOSED,0.0,False,2,False,0
60490,21.8051,spectacles,high_power,15,True,0.11186,0.04438,0.07812,,0.2414,CLOSED,0.0,False,2,False,0
60523,21.8375,spectacles,high_power,15,True,0.10888,0.03296,0.07092,,0.2414,CLOSED,0.0,False,2,False,0
60554,21.8683,spectacles,high_power,15,True,0.10015,0.03922,0.06968,,0.2414,CLOSED,0.0,False,2,False,0
60588,21.9029,spectacles,high_power,15,True,0.14366,0.09544,0.11955,0.11106,0.2414,CLOSED,2.3522,False,2,False,0
60618,21.934,spectacles,high_power,15,True,0.21103,0.21268,0.21185,0.14634,0.2414,CLOSED,2.3833,False,2,False,0
60653,21.9676,spectacles,high_power,15,True,0.27442,0.29383,0.28413,0.19456,0.2414,CLOSED,2.417,False,2,False,0
60682,21.9972,spectacles,high_power,15,True,0.30264,0.3215,0.31207,0.23569,0.2414,CLOSED,2.4465,False,2,False,0
60714,22.0299,spectacles,high_power,15,True,0.32714,0.33919,0.33317,0.26981,0.2414,OPENING,2.4792,False,2,False,0
60748,22.0651,spectacles,high_power,15,True,0.33206,0.3408,0.33643,0.29313,0.2414,OPEN,2.5144,False,2,True,1
60779,22.0942,spectacles,high_power,15,True,0.3319,0.3414,0.33665,0.30836,0.2414,OPEN,0.0,False,2,False,1
60827,22.1407,spectacles,high_power,15,True,0.342,0.34915,0.34558,0.32139,0.2414,OPEN,0.0,False,2,False,1
60862,22.1752,spectacles,high_power,15,True,0.3391,0.34813,0.34361,0.32917,0.2414,OPEN,0.0,False,2,False,1
60890,22.2029,spectacles,high_power,15,True,0.33838,0.34556,0.34197,0.33365,0.2414,OPEN,0.0,False,2,False,1
60922,22.237,spectacles,high_power,15,True,0.34456,0.34862,0.34659,0.33818,0.2414,OPEN,0.0,False,2,False,1
60955,22.2715,spectacles,high_power,15,True,0.35026,0.35191,0.35108,0.34269,0.2414,OPEN,0.0,False,2,False,1
60986,22.3017,spectacles,high_power,15,True,0.34941,0.34984,0.34962,0.34512,0.2414,OPEN,0.0,False,2,False,1
61019,22.3339,spectacles,high_power,15,True,0.35025,0.35216,0.35121,0.34725,0.2414,OPEN,0.0,False,2,False,1
61051,22.3678,spectacles,high_power,15,True,0.35085,0.35206,0.35145,0.34872,0.2414,OPEN,0.0,False,2,False,1
61086,22.4025,spectacles,high_power,15,True,0.35125,0.35332,0.35229,0.34997,0.2414,OPEN,0.0,False,2,False,1
61115,22.4312,spectacles,high_power,15,True,0.35412,0.35564,0.35488,0.35169,0.2414,OPEN,0.0,False,2,False,1
61148,22.4639,spectacles,high_power,15,True,0.35594,0.35695,0.35645,0.35335,0.2414,OPEN,0.0,False,2,False,1
61196,22.513,spectacles,high_power,15,True,0.35434,0.35697,0.35565,0.35416,0.2414,OPEN,0.0,False,2,False,1
61228,22.5441,spectacles,high_power,15,True,0.35478,0.35749,0.35614,0.35485,0.2414,OPEN,0.0,False,2,False,1
61260,22.5756,spectacles,high_power,15,True,0.35592,0.35948,0.3577,0.35585,0.2414,OPEN,0.0,False,2,False,1
61294,22.6092,spectacles,high_power,15,True,0.35704,0.36087,0.35896,0.35694,0.2414,OPEN,0.0,False,2,False,1
61323,22.6384,spectacles,high_power,15,True,0.35548,0.36073,0.3581,0.35735,0.2414,OPEN,0.0,False,2,False,1
61355,22.6699,spectacles,high_power,15,True,0.35518,0.36048,0.35783,0.35752,0.2414,OPEN,0.0,False,2,False,1
61386,22.7007,spectacles,high_power,15,True,0.35279,0.36032,0.35655,0.35718,0.2414,OPEN,0.0,False,2,False,1
61418,22.7336,spectacles,high_power,15,True,0.35138,0.35942,0.3554,0.35655,0.2414,OPEN,0.0,False,2,False,1
61451,22.7666,spectacles,high_power,15,True,0.35228,0.36054,0.35641,0.3565,0.2414,OPEN,0.0,False,2,False,1
61489,22.8044,spectacles,high_power,15,True,0.35118,0.36069,0.35594,0.35631,0.2414,OPEN,0.0,False,2,False,1
61532,22.8486,spectacles,high_power,15,True,0.34887,0.36158,0.35523,0.35593,0.2414,OPEN,0.0,False,2,False,1
61562,22.8769,spectacles,high_power,15,True,0.34756,0.36056,0.35406,0.35527,0.2414,OPEN,0.0,False,2,False,1
61597,22.9119,spectacles,high_power,15,True,0.34733,0.36017,0.35375,0.35474,0.2414,OPEN,0.0,False,2,False,1
61627,22.9416,spectacles,high_power,15,True,0.34817,0.36026,0.35422,0.35456,0.2414,OPEN,0.0,False,2,False,1
61659,22.9748,spectacles,high_power,15,True,0.34579,0.35618,0.35099,0.35331,0.2414,OPEN,0.0,False,2,False,1
61691,23.0067,spectacles,high_power,15,True,0.3464,0.35544,0.35092,0.35247,0.2414,OPEN,0.0,False,2,False,1
61729,23.0452,spectacles,high_power,15,True,0.34848,0.35647,0.35248,0.35247,0.2414,OPEN,0.0,False,2,False,1
61755,23.069,spectacles,high_power,15,True,0.34852,0.35703,0.35277,0.35258,0.2414,OPEN,0.0,False,2,False,1
61787,23.1032,spectacles,high_power,15,True,0.34628,0.35494,0.35061,0.35189,0.2414,OPEN,0.0,False,2,False,1
61820,23.135,spectacles,high_power,15,True,0.34598,0.35164,0.34881,0.35081,0.2414,OPEN,0.0,False,2,False,1
61851,23.1666,spectacles,high_power,15,True,0.34653,0.35123,0.34888,0.35014,0.2414,OPEN,0.0,False,2,False,1
61901,23.2165,spectacles,high_power,15,True,0.34557,0.35076,0.34817,0.34945,0.2414,OPEN,0.0,False,2,False,1
61935,23.2497,spectacles,high_power,15,True,0.34331,0.35023,0.34677,0.34851,0.2414,OPEN,0.0,False,2,False,1
61964,23.2795,spectacles,high_power,15,True,0.34285,0.35104,0.34694,0.34796,0.2414,OPEN,0.0,False,2,False,1
61995,23.3109,spectacles,high_power,15,True,0.34088,0.35,0.34544,0.34708,0.2414,OPEN,0.0,False,2,False,1
62028,23.344,spectacles,high_power,15,True,0.34037,0.35016,0.34527,0.34644,0.2414,OPEN,0.0,False,2,False,1
62059,23.3743,spectacles,high_power,15,True,0.34067,0.35008,0.34538,0.34607,0.2414,OPEN,0.0,False,2,False,1
62092,23.4067,spectacles,high_power,15,True,0.34043,0.35011,0.34527,0.34579,0.2414,OPEN,0.0,False,2,False,1
62124,23.4379,spectacles,high_power,15,True,0.33987,0.34925,0.34456,0.34536,0.2414,OPEN,0.0,False,2,False,1
62158,23.4728,spectacles,high_power,15,True,0.33945,0.34979,0.34462,0.3451,0.2414,OPEN,0.0,False,2,False,1
62187,23.5029,spectacles,high_power,15,True,0.33718,0.34741,0.34229,0.34412,0.2414,OPEN,0.0,False,2,False,1
62221,23.5362,spectacles,high_power,15,True,0.33622,0.34604,0.34113,0.34307,0.2414,OPEN,0.0,False,2,False,1
62267,23.5823,spectacles,high_power,15,True,0.33628,0.34384,0.34006,0.34202,0.2414,OPEN,0.0,False,2,False,1
62300,23.6164,spectacles,high_power,15,True,0.33783,0.34616,0.34199,0.34201,0.2414,OPEN,0.0,False,2,False,1
62331,23.6471,spectacles,high_power,15,True,0.33742,0.34692,0.34217,0.34207,0.2414,OPEN,0.0,False,2,False,1
62369,23.6849,spectacles,high_power,15,True,0.33947,0.34888,0.34417,0.3428,0.2414,OPEN,0.0,False,2,False,1
62395,23.7099,spectacles,high_power,15,True,0.34044,0.34963,0.34503,0.34358,0.2414,OPEN,0.0,False,2,False,1
62427,23.7421,spectacles,high_power,15,True,0.34019,0.34953,0.34486,0.34403,0.2414,OPEN,0.0,False,2,False,1
62459,23.775,spectacles,high_power,15,True,0.33944,0.34984,0.34464,0.34424,0.2414,OPEN,0.0,False,2,False,1
62492,23.8078,spectacles,high_power,15,True,0.34006,0.35072,0.34539,0.34465,0.2414,OPEN,0.0,False,2,False,1
62523,23.8378,spectacles,high_power,15,True,0.33981,0.34749,0.34365,0.3443,0.2414,OPEN,0.0,False,2,False,1
62562,23.8768,spectacles,high_power,15,True,0.33987,0.34779,0.34383,0.34413,0.2414,OPEN,0.0,False,2,False,1
62605,23.9199,spectacles,high_power,15,True,0.33922,0.34584,0.34253,0.34357,0.2414,OPEN,0.0,False,2,False,1
62634,23.949,spectacles,high_power,15,True,0.33684,0.34371,0.34028,0.34242,0.2414,OPEN,0.0,False,2,False,1
62666,23.9814,spectacles,high_power,15,True,0.33559,0.34218,0.33889,0.34118,0.2414,OPEN,0.0,False,2,False,1
62699,24.0141,spectacles,high_power,15,True,0.33183,0.33739,0.33461,0.33888,0.2414,OPEN,0.0,False,2,False,1
62730,24.0458,spectacles,high_power,15,True,0.33099,0.33753,0.33426,0.33726,0.2414,OPEN,0.0,False,2,False,1
62765,24.0804,spectacles,high_power,15,True,0.33232,0.33979,0.33605,0.33684,0.2414,OPEN,0.0,False,2,False,1
62800,24.116,spectacles,high_power,15,True,0.33129,0.34016,0.33572,0.33645,0.2414,OPEN,0.0,False,2,False,1
62827,24.1417,spectacles,high_power,15,True,0.33231,0.34057,0.33644,0.33645,0.2414,OPEN,0.0,False,2,False,1
62858,24.1744,spectacles,high_power,15,True,0.33253,0.34058,0.33655,0.33648,0.2414,OPEN,0.0,False,2,False,1
62892,24.2073,spectacles,high_power,15,True,0.33315,0.341,0.33708,0.33669,0.2414,OPEN,0.0,False,2,False,1
62922,24.2374,spectacles,high_power,15,True,0.33404,0.34174,0.33789,0.33711,0.2414,OPEN,0.0,False,2,False,1
62972,24.2875,spectacles,high_power,15,True,0.33047,0.34036,0.33542,0.33652,0.2414,OPEN,0.0,False,2,False,1
63007,24.3217,spectacles,high_power,15,True,0.32867,0.33949,0.33408,0.33566,0.2414,OPEN,0.0,False,2,False,1
63033,24.346,spectacles,high_power,15,True,0.32847,0.33984,0.33416,0.33514,0.2414,OPEN,0.0,False,2,False,1
63066,24.3824,spectacles,high_power,15,True,0.32875,0.33943,0.33409,0.33477,0.2414,OPEN,0.0,False,2,False,1
63097,24.4114,spectacles,high_power,15,True,0.32937,0.34005,0.33471,0.33475,0.2414,OPEN,0.0,False,2,False,1
63130,24.4417,spectacles,high_power,15,True,0.32822,0.34119,0.3347,0.33473,0.2414,OPEN,0.0,False,2,False,1
63161,24.4763,spectacles,high_power,15,True,0.3281,0.34115,0.33463,0.3347,0.2414,OPEN,0.0,False,2,False,1
63193,24.5082,spectacles,high_power,15,True,0.32821,0.34077,0.33449,0.33462,0.2414,OPEN,0.0,False,2,False,1
63231,24.5444,spectacles,high_power,15,True,0.32634,0.33715,0.33175,0.33362,0.2414,OPEN,0.0,False,2,False,1
63259,24.5747,spectacles,high_power,15,True,0.32645,0.33621,0.33133,0.33282,0.2414,OPEN,0.0,False,2,False,1
63285,24.5999,spectacles,high_power,15,True,0.32632,0.33593,0.33113,0.33223,0.2414,OPEN,0.0,False,2,False,1
63340,24.6559,spectacles,high_power,15,True,0.32395,0.33611,0.33003,0.33146,0.2414,OPEN,0.0,False,2,False,1
63370,24.6865,spectacles,high_power,15,True,0.32194,0.33406,0.328,0.33025,0.2414,OPEN,0.0,False,2,False,1
63403,24.7191,spectacles,high_power,15,True,0.32227,0.33456,0.32841,0.32961,0.2414,OPEN,0.0,False,2,False,1
63439,24.7541,spectacles,high_power,15,True,0.32259,0.33359,0.32809,0.32907,0.2414,OPEN,0.0,False,2,False,1
63467,24.7826,spectacles,high_power,15,True,0.32443,0.3342,0.32932,0.32916,0.2414,OPEN,0.0,False,2,False,1
63499,24.8142,spectacles,high_power,15,True,0.32596,0.33687,0.33141,0.32995,0.2414,OPEN,0.0,False,2,False,1
63532,24.8469,spectacles,high_power,15,True,0.32602,0.33676,0.33139,0.33045,0.2414,OPEN,0.0,False,2,False,1
63562,24.8778,spectacles,high_power,15,True,0.32491,0.33639,0.33065,0.33052,0.2414,OPEN,0.0,False,2,False,1
63595,24.9109,spectacles,high_power,15,True,0.32611,0.33669,0.3314,0.33083,0.2414,OPEN,0.0,False,2,False,1
63628,24.9434,spectacles,high_power,15,True,0.32831,0.33807,0.33319,0.33165,0.2414,OPEN,0.0,False,2,False,1
63654,24.9692,spectacles,high_power,15,True,0.32951,0.33934,0.33442,0.33262,0.2414,OPEN,0.0,False,2,False,1
63679,24.9939,spectacles,high_power,15,True,0.3306,0.34112,0.33586,0.33376,0.2414,OPEN,0.0,False,2,False,1
63741,25.0594,spectacles,high_power,15,True,0.33002,0.34105,0.33554,0.33438,0.2414,OPEN,0.0,False,2,False,1
63771,25.0885,spectacles,high_power,15,True,0.33032,0.34152,0.33592,0.33492,0.2414,OPEN,0.0,False,2,False,1
63803,25.1187,spectacles,high_power,15,True,0.32925,0.34091,0.33508,0.33497,0.2414,OPEN,0.0,False,2,False,1
63835,25.1524,spectacles,high_power,15,True,0.32593,0.33869,0.33231,0.33404,0.2414,OPEN,0.0,False,2,False,1
63870,25.1867,spectacles,high_power,15,True,0.32277,0.3362,0.32948,0.33245,0.2414,OPEN,0.0,False,2,False,1
63899,25.2155,spectacles,high_power,15,True,0.3196,0.33389,0.32675,0.33045,0.2414,OPEN,0.0,False,2,False,1
63930,25.2474,spectacles,high_power,15,True,0.3197,0.33369,0.3267,0.32914,0.2414,OPEN,0.0,False,2,False,1
63965,25.2814,spectacles,high_power,15,True,0.31978,0.33335,0.32656,0.32824,0.2414,OPEN,0.0,False,2,False,1
63997,25.3141,spectacles,high_power,15,True,0.32036,0.3335,0.32693,0.32778,0.2414,OPEN,0.0,False,2,False,1
64024,25.3412,spectacles,high_power,15,True,0.32048,0.33359,0.32704,0.32752,0.2414,OPEN,0.0,False,2,False,1
64052,25.3734,spectacles,high_power,15,True,0.32099,0.33401,0.3275,0.32751,0.2414,OPEN,0.0,False,2,False,1
64083,25.3999,spectacles,high_power,15,True,0.31798,0.33061,0.32429,0.32639,0.2414,OPEN,0.0,False,2,False,1
64141,25.4567,spectacles,high_power,15,True,0.22538,0.20487,0.21513,0.28745,0.2414,OPEN,0.0,False,2,False,1
64171,25.4867,spectacles,high_power,15,True,0.15482,0.09269,0.12375,0.23015,0.2414,CLOSING,0.0,False,2,False,1
64203,25.5194,spectacles,high_power,15,True,0.11159,0.04373,0.07766,,0.2414,CLOSING,0.0,False,2,False,1
64236,25.5514,spectacles,high_power,15,True,0.0991,0.02684,0.06297,,0.2414,CLOSING,0.0,False,2,False,1
64267,25.5831,spectacles,high_power,15,True,0.09492,0.01603,0.05548,,0.2414,CLOSING,0.0,False,2,False,1
64302,25.6181,spectacles,high_power,15,True,0.0921,0.00963,0.05087,,0.2414,CLOSING,0.0,False,2,False,1
64331,25.6473,spectacles,high_power,15,True,0.09079,0.01022,0.0505,,0.2414,CLOSING,0.0,False,2,False,1
64358,25.6735,spectacles,high_power,15,True,0.09182,0.01222,0.05202,,0.2414,CLOSING,0.0,False,2,False,1
64384,25.6997,spectacles,high_power,15,True,0.08912,0.01076,0.04994,,0.2414,CLOSING,0.0,False,2,False,1
64411,25.7255,spectacles,high_power,15,True,0.09293,0.01067,0.0518,,0.2414,CLOSING,0.0,False,2,False,1
64442,25.7563,spectacles,high_power,15,True,0.09221,0.01058,0.05139,,0.2414,CLOSING,0.0,False,2,False,1
64473,25.7875,spectacles,high_power,15,True,0.09087,0.01253,0.0517,,0.2414,CLOSING,0.0,False,2,False,1
64540,25.8558,spectacles,high_power,15,True,0.09118,0.01776,0.05447,,0.2414,CLOSING,0.0,False,2,False,1
64571,25.8868,spectacles,high_power,15,True,0.09323,0.01597,0.0546,,0.2414,CLOSING,0.0,False,2,False,1
64602,25.9194,spectacles,high_power,15,True,0.09399,0.01533,0.05466,,0.2414,CLOSING,0.0,False,2,False,1
64635,25.9516,spectacles,high_power,15,True,0.09707,0.01513,0.0561,,0.2414,CLOSING,0.0,False,2,False,1
64666,25.9822,spectacles,high_power,15,True,0.10117,0.01536,0.05826,,0.2414,CLOSING,0.0,False,2,False,1
64704,26.0197,spectacles,high_power,15,True,0.09208,0.01734,0.05471,,0.2414,CLOSING,0.0,False,2,False,1
64729,26.0438,spectacles,high_power,15,True,0.08765,0.01817,0.05291,,0.2414,CLOSING,0.0,False,2,False,1
64753,26.0706,spectacles,high_power,15,True,0.08973,0.01757,0.05365,,0.2414,CLOSING,0.0,False,2,False,1
64779,26.0963,spectacles,high_power,15,True,0.0827,0.01718,0.04994,,0.2414,CLOSING,0.0,False,2,False,1
64810,26.1252,spectacles,high_power,15,True,0.08455,0.01537,0.04996,,0.2414,CLOSING,0.0,False,2,False,1
64843,26.1587,spectacles,high_power,15,True,0.08646,0.01439,0.05042,,0.2414,CLOSING,0.0,False,2,False,1
64873,26.1892,spectacles,high_power,15,True,0.08816,0.01289,0.05052,,0.2414,CLOSING,0.0,False,2,False,1
64946,26.266,spectacles,high_power,15,True,0.09983,0.01623,0.05803,,0.2414,CLOSING,0.0,False,2,False,1
64977,26.2934,spectacles,high_power,15,True,0.115,0.02411,0.06956,,0.2414,CLOSING,0.0,False,2,False,1
65003,26.3197,spectacles,high_power,15,True,0.11605,0.02608,0.07106,,0.2414,CLOSING,0.0,False,2,False,1
65035,26.3514,spectacles,high_power,15,True,0.1165,0.0285,0.0725,,0.2414,CLOSING,0.0,False,2,False,1
65067,26.3824,spectacles,high_power,15,True,0.11197,0.0287,0.07033,,0.2414,CLOSING,0.0,False,2,False,1
65094,26.409,spectacles,high_power,15,True,0.10608,0.0286,0.06734,,0.2414,CLOSING,0.0,False,2,False,1
65119,26.4344,spectacles,high_power,15,True,0.10687,0.02846,0.06767,,0.2414,CLOSING,0.0,False,2,False,1
65149,26.4644,spectacles,high_power,15,True,0.10799,0.02783,0.06791,,0.2414,CLOSING,0.0,False,2,False,1
65179,26.4941,spectacles,high_power,15,True,0.107,0.02973,0.06836,,0.2414,CLOSING,0.0,False,2,False,1
65210,26.5253,spectacles,high_power,15,True,0.10688,0.02892,0.0679,,0.2414,CLOSING,0.0,False,2,False,1
65242,26.557,spectacles,high_power,15,True,0.10695,0.02918,0.06807,,0.2414,CLOSING,0.0,False,2,False,1
65277,26.5943,spectacles,high_power,15,True,0.10363,0.02661,0.06512,,0.2414,CLOSING,0.0,False,2,False,1
65338,26.6514,spectacles,high_power,15,True,0.10833,0.02856,0.06845,,0.2414,CLOSING,0.0,False,2,False,1
65374,26.689,spectacles,high_power,15,True,0.11368,0.0314,0.07254,,0.2414,CLOSING,0.0,False,2,False,1
65402,26.716,spectacles,high_power,15,True,0.11526,0.02966,0.07246,,0.2414,CLOSING,0.0,False,2,False,1
65426,26.7403,spectacles,high_power,15,True,0.11824,0.02969,0.07397,,0.2414,CLOSING,0.0,False,2,False,1
65450,26.766,spectacles,high_power,15,True,0.11609,0.02917,0.07263,,0.2414,CLOSING,0.0,False,2,False,1
65482,26.7965,spectacles,high_power,15,True,0.11651,0.02748,0.07199,,0.2414,CLOSING,0.0,False,2,False,1
65515,26.8302,spectacles,high_power,15,True,0.11498,0.0247,0.06984,,0.2414,CLOSING,0.0,False,2,False,1
65546,26.862,spectacles,high_power,15,True,0.11445,0.02551,0.06998,,0.2414,CLOSING,0.0,False,2,False,1
65581,26.8964,spectacles,high_power,15,True,0.11102,0.02451,0.06777,,0.2414,CLOSING,0.0,False,2,False,1
65610,26.9256,spectacles,high_power,15,True,0.11473,0.02455,0.06964,,0.2414,CLOSING,0.0,False,2,False,1
65641,26.9564,spectacles,high_power,15,True,0.11217,0.02224,0.06721,,0.2414,CLOSING,0.0,False,2,False,1
65674,26.9877,spectacles,high_power,15,True,0.11599,0.02313,0.06956,,0.2414,CLOSING,0.0,False,2,False,1
65740,27.0559,spectacles,high_power,15,True,0.10923,0.02202,0.06562,,0.2414,CLOSING,0.0,False,2,False,1
65779,27.0947,spectacles,high_power,15,True,0.10406,0.01743,0.06075,,0.2414,CLOSING,0.0,False,2,False,1
65805,27.1199,spectacles,high_power,15,True,0.10133,0.01441,0.05787,,0.2414,CLOSING,0.0,False,2,False,1
65830,27.1456,spectacles,high_power,15,True,0.10145,0.01482,0.05814,,0.2414,CLOSING,0.0,False,2,False,1
65854,27.1691,spectacles,high_power,15,True,0.10111,0.01461,0.05786,,0.2414,CLOSING,0.0,False,2,False,1
65882,27.1977,spectacles,high_power,15,True,0.09901,0.01364,0.05633,,0.2414,CLOSING,0.0,False,2,False,1
65913,27.2286,spectacles,high_power,15,True,0.10201,0.01333,0.05767,,0.2414,CLOSING,0.0,False,2,False,1
65946,27.2623,spectacles,high_power,15,True,0.10456,0.01476,0.05966,,0.2414,CLOSING,0.0,False,2,False,1
65979,27.2945,spectacles,high_power,15,True,0.10542,0.01546,0.06044,,0.2414,CLOSING,0.0,False,2,False,1
66015,27.3308,spectacles,high_power,15,True,0.10279,0.01286,0.05783,,0.2414,CLOSING,0.0,False,2,False,1
66042,27.3575,spectacles,high_power,15,True,0.09864,0.01435,0.0565,,0.2414,CLOSING,0.0,False,2,False,1
66074,27.389,spectacles,high_power,15,True,0.096,0.01529,0.05565,,0.2414,CLOSING,0.0,False,2,False,1
66142,27.4584,spectacles,high_power,15,True,0.09936,0.01641,0.05789,,0.2414,CLOSING,0.0,False,2,False,1
66169,27.4859,spectacles,high_power,15,True,0.1005,0.01543,0.05797,,0.2414,CLOSING,0.0,False,2,False,1
66196,27.5099,spectacles,high_power,15,True,0.09633,0.01783,0.05708,,0.2414,CLOSING,0.0,False,2,False,1
66222,27.5364,spectacles,high_power,15,True,0.07587,0.01979,0.04783,,0.2414,CLOSING,0.0,False,2,False,1
66250,27.564,spectacles,high_power,15,True,0.06469,0.01991,0.0423,,0.2414,CLOSING,0.0,False,2,False,1
66282,27.5969,spectacles,high_power,15,True,0.06175,0.01992,0.04083,,0.2414,CLOSING,0.0,False,2,False,1
66315,27.6296,spectacles,high_power,15,True,0.06799,0.01926,0.04362,,0.2414,CLOSING,0.0,False,2,False,1
66347,27.6623,spectacles,high_power,15,True,0.1414,0.07985,0.11063,0.18832,0.2414,CLOSED,2.1757,False,2,False,1
66380,27.6951,spectacles,high_power,15,True,0.26344,0.2406,0.25202,0.21062,0.2414,CLOSED,2.2084,False,2,False,1
66412,27.7272,spectacles,high_power,15,True,0.3256,0.32675,0.32618,0.25106,0.2414,OPENING,2.2405,False,2,False,1
66448,27.763,spectacles,high_power,15,True,0.36037,0.36435,0.36236,0.29002,0.2414,OPEN,2.2763,False,2,True,2
66476,27.7915,spectacles,high_power,15,True,0.36437,0.37048,0.36743,0.31711,0.2414,OPEN,0.0,False,2,False,2
66506,27.8222,spectacles,high_power,15,True,0.36648,0.37423,0.37036,0.33575,0.2414,OPEN,0.0,False,2,False,2
66556,27.8714,spectacles,high_power,15,True,0.36312,0.37213,0.36762,0.3469,0.2414,OPEN,0.0,False,2,False,2
66586,27.9016,spectacles,high_power,15,True,0.36328,0.37421,0.36874,0.35455,0.2414,OPEN,0.0,False,2,False,2
66619,27.9355,spectacles,high_power,15,True,0.35897,0.36894,0.36396,0.35784,0.2414,OPEN,0.0,False,2,False,2
66655,27.9701,spectacles,high_power,15,True,0.36071,0.37247,0.36659,0.3609,0.2414,OPEN,0.0,False,2,False,2
66682,27.9966,spectacles,high_power,15,True,0.35888,0.36938,0.36413,0.36203,0.2414,OPEN,0.0,False,2,False,2
66716,28.0315,spectacles,high_power,15,True,0.35814,0.36534,0.36174,0.36193,0.2414,OPEN,0.0,False,2,False,2
66745,28.0604,spectacles,high_power,15,True,0.35928,0.36386,0.36157,0.36181,0.2414,OPEN,0.0,False,2,False,2
66779,28.0949,spectacles,high_power,15,True,0.35775,0.36192,0.35984,0.36112,0.2414,OPEN,0.0,False,2,False,2
66812,28.1285,spectacles,high_power,15,True,0.3581,0.3627,0.3604,0.36087,0.2414,OPEN,0.0,False,2,False,2
66846,28.1621,spectacles,high_power,15,True,0.35813,0.36359,0.36086,0.36086,0.2414,OPEN,0.0,False,2,False,2
66891,28.2078,spectacles,high_power,15,True,0.35417,0.36009,0.35713,0.35956,0.2414,OPEN,0.0,False,2,False,2
66922,28.2374,spectacles,high_power,15,True,0.35697,0.36126,0.35911,0.3594,0.2414,OPEN,0.0,False,2,False,2
66954,28.2692,spectacles,high_power,15,True,0.35385,0.35967,0.35676,0.35848,0.2414,OPEN,0.0,False,2,False,2
66986,28.3016,spectacles,high_power,15,True,0.35315,0.35882,0.35599,0.3576,0.2414,OPEN,0.0,False,2,False,2
67018,28.3331,spectacles,high_power,15,True,0.3536,0.35791,0.35575,0.35696,0.2414,OPEN,0.0,False,2,False,2
67052,28.3667,spectacles,high_power,15,True,0.35279,0.35566,0.35422,0.356,0.2414,OPEN,0.0,False,2,False,2
67085,28.4019,spectacles,high_power,15,True,0.35,0.35476,0.35238,0.35473,0.2414,OPEN,0.0,False,2,False,2
67114,28.4298,spectacles,high_power,15,True,0.34944,0.35274,0.35109,0.35346,0.2414,OPEN,0.0,False,2,False,2
67146,28.4614,spectacles,high_power,15,True,0.35014,0.35418,0.35216,0.353,0.2414,OPEN,0.0,False,2,False,2
67178,28.4929,spectacles,high_power,15,True,0.34891,0.35285,0.35088,0.35226,0.2414,OPEN,0.0,False,2,False,2
67210,28.5258,spectacles,high_power,15,True,0.34905,0.35448,0.35177,0.35209,0.2414,OPEN,0.0,False,2,False,2
67261,28.5763,spectacles,high_power,15,True,0.34185,0.35016,0.34601,0.34996,0.2414,OPEN,0.0,False,2,False,2
67294,28.6094,spectacles,high_power,15,True,0.33679,0.34537,0.34108,0.34685,0.2414,OPEN,0.0,False,2,False,2
67322,28.637,spectacles,high_power,15,True,0.29786,0.29637,0.29712,0.32944,0.2414,OPEN,0.0,False,2,False,2
67354,28.6699,spectacles,high_power,15,True,0.15545,0.09539,0.12542,0.25803,0.2414,OPEN,0.0,False,2,False,2
67387,28.7026,spectacles,high_power,15,True,0.15683,0.10334,0.13009,0.21325,0.2414,CLOSING,0.0,False,2,False,2
67419,28.7356,spectacles,high_power,15,True,0.18615,0.14905,0.1676,0.19728,0.2414,CLOSING,0.033,False,2,False,2
67450,28.7668,spectacles,high_power,15,True,0.19619,0.17253,0.18436,0.19276,0.2414,CLOSED,0.0643,False,2,False,2
67483,28.797,spectacles,high_power,15,True,0.21499,0.22018,0.21759,0.20145,0.2414,CLOSED,0.0944,False,2,False,2
67518,28.8346,spectacles,high_power,15,True,0.23239,0.24794,0.24017,0.215,0.2414,CLOSED,0.1321,False,2,False,2
67546,28.8605,spectacles,high_power,15,True,0.24556,0.26889,0.25722,0.22978,0.2414,CLOSED,0.1579,False,2,False,2
67578,28.8905,spectacles,high_power,15,True,0.26088,0.28174,0.27131,0.24431,0.2414,OPENING,0.1879,False,2,False,2
67627,28.9413,spectacles,high_power,15,True,0.26745,0.28777,0.27761,0.25597,0.2414,OPEN,0.2387,True,3,False,2
67658,28.9722,spectacles,high_power,15,True,0.26897,0.28934,0.27915,0.26408,0.2414,OPEN,0.0,False,3,False,2
67691,29.0047,spectacles,high_power,15,True,0.27939,0.29315,0.28627,0.27185,0.2414,OPEN,0.0,False,3,False,2
67726,29.0391,spectacles,high_power,15,True,0.28518,0.29692,0.29105,0.27857,0.2414,OPEN,0.0,False,3,False,2
67754,29.0681,spectacles,high_power,15,True,0.28874,0.30084,0.29479,0.28425,0.2414,OPEN,0.0,False,3,False,2
67788,29.1036,spectacles,high_power,15,True,0.29669,0.31061,0.30365,0.29104,0.2414,OPEN,0.0,False,3,False,2
67818,29.1329,spectacles,high_power,15,True,0.29997,0.31673,0.30835,0.2971,0.2414,OPEN,0.0,False,3,False,2
67851,29.1672,spectacles,high_power,15,True,0.30037,0.31835,0.30936,0.30139,0.2414,OPEN,0.0,False,3,False,2
67882,29.197,spectacles,high_power,15,True,0.30092,0.31737,0.30915,0.3041,0.2414,OPEN,0.0,False,3,False,2
67918,29.2321,spectacles,high_power,15,True,0.30359,0.31953,0.31156,0.30671,0.2414,OPEN,0.0,False,3,False,2
67965,29.2806,spectacles,high_power,15,True,0.30643,0.32129,0.31386,0.30922,0.2414,OPEN,0.0,False,3,False,2
67995,29.3101,spectacles,high_power,15,True,0.30597,0.31945,0.31271,0.31044,0.2414,OPEN,0.0,False,3,False,2
68027,29.3432,spectacles,high_power,15,True,0.30661,0.31969,0.31315,0.31139,0.2414,OPEN,0.0,False,3,False,2
68059,29.3744,spectacles,high_power,15,True,0.30723,0.32021,0.31372,0.3122,0.2414,OPEN,0.0,False,3,False,2
68090,29.4052,spectacles,high_power,15,True,0.30939,0.3222,0.31579,0.31346,0.2414,OPEN,0.0,False,3,False,2
68123,29.4385,spectacles,high_power,15,True,0.31177,0.32384,0.3178,0.31498,0.2414,OPEN,0.0,False,3,False,2
68157,29.472,spectacles,high_power,15,True,0.31415,0.32533,0.31974,0.31665,0.2414,OPEN,0.0,False,3,False,2
68186,29.5012,spectacles,high_power,15,True,0.31465,0.32348,0.31907,0.31749,0.2414,OPEN,0.0,False,3,False,2
68219,29.5365,spectacles,high_power,15,True,0.31503,0.32462,0.31983,0.31831,0.2414,OPEN,0.0,False,3,False,2
68250,29.5672,spectacles,high_power,15,True,0.31672,0.32529,0.321,0.31925,0.2414,OPEN,0.0,False,3,False,2
68283,29.5985,spectacles,high_power,15,True,0.31889,0.32845,0.32367,0.3208,0.2414,OPEN,0.0,False,3,False,2
68331,29.6485,spectacles,high_power,15,True,0.32004,0.33019,0.32511,0.32231,0.2414,OPEN,0.0,False,3,False,2
68366,29.6825,spectacles,high_power,15,True,0.32092,0.32997,0.32544,0.32341,0.2414,OPEN,0.0,False,3,False,2
68394,29.7094,spectacles,high_power,15,True,0.32127,0.32963,0.32545,0.32412,0.2414,OPEN,0.0,False,3,False,2
68427,29.742,spectacles,high_power,15,True,0.3194,0.32894,0.32417,0.32414,0.2414,OPEN,0.0,False,3,False,2
68458,29.7746,spectacles,high_power,15,True,0.3191,0.32912,0.32411,0.32413,0.2414,OPEN,0.0,False,3,False,2
68492,29.8066,spectacles,high_power,15,True,0.31969,0.32984,0.32476,0.32435,0.2414,OPEN,0.0,False,3,False,2
68522,29.8376,spectacles,high_power,15,True,0.32063,0.33063,0.32563,0.3248,0.2414,OPEN,0.0,False,3,False,2
68558,29.8733,spectacles,high_power,15,True,0.3226,0.33057,0.32658,0.32542,0.2414,OPEN,0.0,False,3,False,2
68590,29.9053,spectacles,high_power,15,True,0.32323,0.33067,0.32695,0.32596,0.2414,OPEN,0.0,False,3,False,2
68618,29.9328,spectacles,high_power,15,True,0.32455,0.3296,0.32708,0.32635,0.2414,OPEN,0.0,False,3,False,2
68651,29.966,spectacles,high_power,15,True,0.32634,0.33357,0.32996,0.32761,0.2414,OPEN,0.0,False,3,False,2
68700,30.015,spectacles,high_power,15,True,0.33264,0.33653,0.33458,0.33005,0.2414,OPEN,0.0,False,3,False,2
68730,30.0468,spectacles,high_power,15,True,0.33603,0.34112,0.33858,0.33304,0.2414,OPEN,0.0,False,3,False,2
68762,30.077,spectacles,high_power,15,True,0.33884,0.35059,0.34471,0.33712,0.2414,OPEN,0.0,False,3,False,2
68798,30.1136,spectacles,high_power,15,True,0.34752,0.36836,0.35794,0.34441,0.2414,OPEN,0.0,False,3,False,2
68827,30.1434,spectacles,high_power,15,True,0.35486,0.37542,0.36514,0.35167,0.2414,OPEN,0.0,False,3,False,2
68858,30.174,spectacles,high_power,15,True,0.36891,0.38456,0.37673,0.36044,0.2414,OPEN,0.0,False,3,False,2
68891,30.2064,spectacles,high_power,15,True,0.38164,0.39386,0.38775,0.37,0.2414,OPEN,0.0,False,3,False,2
68922,30.237,spectacles,high_power,15,True,0.387,0.39671,0.39186,0.37765,0.2414,OPEN,0.0,False,3,False,2
68955,30.2703,spectacles,high_power,15,True,0.37695,0.3935,0.38523,0.3803,0.2414,OPEN,0.0,False,3,False,2
68991,30.3066,spectacles,high_power,15,True,0.37045,0.39579,0.38312,0.38129,0.2414,OPEN,0.0,False,3,False,2
69035,30.352,spectacles,high_power,15,True,0.3704,0.38286,0.37663,0.37966,0.2414,OPEN,0.0,False,3,False,2
69066,30.3819,spectacles,high_power,15,True,0.37732,0.38857,0.38295,0.38081,0.2414,OPEN,0.0,False,3,False,2
69098,30.4143,spectacles,high_power,15,True,0.3832,0.39495,0.38908,0.3837,0.2414,OPEN,0.0,False,3,False,2
69130,30.4446,spectacles,high_power,15,True,0.38138,0.39332,0.38735,0.38498,0.2414,OPEN,0.0,False,3,False,2
69163,30.4795,spectacles,high_power,15,True,0.37527,0.38226,0.37877,0.3828,0.2414,OPEN,0.0,False,3,False,2
69194,30.5097,spectacles,high_power,15,True,0.35761,0.36909,0.36335,0.376,0.2414,OPEN,0.0,False,3,False,2
69231,30.5447,spectacles,high_power,15,True,0.23473,0.23328,0.23401,0.3263,0.2414,OPEN,0.0,False,3,False,2
69259,30.5752,spectacles,high_power,15,True,0.16322,0.07849,0.12085,0.25439,0.2414,OPEN,0.0,False,3,False,2
69291,30.6056,spectacles,high_power,15,True,0.10697,0.01019,0.05858,,0.2414,OPEN,0.0,False,3,False,2
69322,30.6399,spectacles,high_power,15,True,0.07353,0.03856,0.05605,,0.2414,OPEN,0.0,False,3,False,2
69354,30.6688,spectacles,high_power,15,True,0.07325,0.0478,0.06053,,0.2414,OPEN,0.0,False,3,False,2
69403,30.7193,spectacles,high_power,15,True,0.05279,0.05265,0.05272,,0.2414,OPEN,0.0,False,3,False,2
69438,30.7534,spectacles,high_power,15,True,0.04477,0.053,0.04889,,0.2414,OPEN,0.0,False,3,False,2
69467,30.7813,spectacles,high_power,15,True,0.04759,0.05667,0.05213,,0.2414,OPEN,0.0,False,3,False,2
69498,30.8134,spectacles,high_power,15,True,0.03863,0.07559,0.05711,,0.2414,OPEN,0.0,False,3,False,2
69531,30.8457,spectacles,high_power,15,True,0.06043,0.05936,0.05989,,0.2414,OPEN,0.0,False,3,False,2
69566,30.8809,spectacles,high_power,15,True,0.0678,0.04462,0.05621,,0.2414,OPEN,0.0,False,3,False,2
69594,30.9096,spectacles,high_power,15,True,0.08682,0.03464,0.06073,,0.2414,OPEN,0.0,False,3,False,2
69626,30.9405,spectacles,high_power,15,True,0.08881,0.02464,0.05672,,0.2414,OPEN,0.0,False,3,False,2
69662,30.9782,spectacles,high_power,15,True,0.07861,0.02818,0.05339,,0.2414,OPEN,0.0,False,3,False,2
69690,31.0048,spectacles,high_power,15,True,0.06941,0.02786,0.04863,,0.2414,OPEN,0.0,False,3,False,2
69723,31.0371,spectacles,high_power,15,True,0.06674,0.02932,0.04803,,0.2414,OPEN,0.0,False,3,False,2
69771,31.0877,spectacles,high_power,15,True,0.07965,0.02217,0.05091,,0.2414,OPEN,0.0,False,3,False,2
69803,31.1183,spectacles,high_power,15,True,0.07691,0.0189,0.04791,,0.2414,OPEN,0.0,False,3,False,2
69834,31.1472,spectacles,high_power,15,True,0.07578,0.01997,0.04787,,0.2414,OPEN,0.0,False,3,False,2
69870,31.1853,spectacles,high_power,15,True,0.07654,0.0179,0.04722,,0.2414,OPEN,0.0,False,3,False,2
69899,31.2138,spectacles,high_power,15,True,0.09562,0.01477,0.05519,,0.2414,OPEN,0.0,False,3,False,2
69930,31.2449,spectacles,high_power,15,True,0.09997,0.01751,0.05874,,0.2414,OPEN,0.0,False,3,False,2
69962,31.277,spectacles,high_power,15,True,0.09587,0.01257,0.05422,,0.2414,OPEN,0.0,False,3,False,2
69994,31.3097,spectacles,high_power,15,True,0.07698,0.0181,0.04754,,0.2414,OPEN,0.0,False,3,False,2
70027,31.3424,spectacles,high_power,15,True,0.08051,0.01475,0.04763,,0.2414,OPEN,0.0,False,3,False,2
70064,31.3823,spectacles,high_power,15,True,0.07656,0.01244,0.0445,,0.2414,OPEN,0.0,False,3,False,2
70092,31.407,spectacles,high_power,15,True,0.07081,0.0125,0.04165,,0.2414,OPEN,0.0,False,3,False,2
70140,31.4568,spectacles,high_power,15,True,0.09161,0.01146,0.05153,,0.2414,OPEN,0.0,False,3,False,2
70171,31.487,spectacles,high_power,15,True,0.07887,0.01183,0.04535,,0.2414,OPEN,0.0,False,3,False,2
70201,31.517,spectacles,high_power,15,True,0.07906,0.01428,0.04667,,0.2414,OPEN,0.0,False,3,False,2
70236,31.5519,spectacles,high_power,15,True,0.08698,0.01285,0.04991,,0.2414,OPEN,0.0,False,3,False,2
70266,31.5815,spectacles,high_power,15,True,0.09091,0.01237,0.05164,,0.2414,OPEN,0.0,False,3,False,2
70305,31.6222,spectacles,high_power,15,True,0.0882,0.01204,0.05012,,0.2414,OPEN,0.0,False,3,False,2
70332,31.6483,spectacles,high_power,15,True,0.08491,0.01249,0.0487,,0.2414,OPEN,0.0,False,3,False,2
70362,31.6791,spectacles,high_power,15,True,0.09209,0.01489,0.05349,,0.2414,OPEN,0.0,False,3,False,2
70394,31.7093,spectacles,high_power,15,True,0.11212,0.01261,0.06236,,0.2414,OPEN,0.0,False,3,False,2
70418,31.7329,spectacles,high_power,15,True,0.11728,0.01162,0.06445,,0.2414,OPEN,0.0,False,3,False,2
70443,31.7569,spectacles,high_power,15,True,0.11532,0.01155,0.06343,,0.2414,OPEN,0.0,False,3,False,2
70474,31.7904,spectacles,high_power,15,True,0.10632,0.01267,0.05949,,0.2414,OPEN,0.0,False,3,False,2
70540,31.8556,spectacles,high_power,15,True,0.10198,0.01331,0.05764,,0.2414,OPEN,0.0,False,3,False,2
70571,31.8879,spectacles,high_power,15,True,0.10365,0.01349,0.05857,,0.2414,OPEN,0.0,False,3,False,2
70603,31.9196,spectacles,high_power,15,True,0.10119,0.01262,0.05691,,0.2414,OPEN,0.0,False,3,False,2
70635,31.9511,spectacles,high_power,15,True,0.10232,0.01194,0.05713,,0.2414,OPEN,0.0,False,3,False,2
70667,31.9826,spectacles,high_power,15,True,0.10568,0.01129,0.05849,,0.2414,OPEN,0.0,False,3,False,2
70698,32.0146,spectacles,high_power,15,True,0.1038,0.01077,0.05729,,0.2414,OPEN,0.0,False,3,False,2
70735,32.051,spectacles,high_power,15,True,0.10539,0.00957,0.05748,,0.2414,OPEN,0.0,False,3,False,2
70762,32.0785,spectacles,high_power,15,True,0.10544,0.00996,0.0577,,0.2414,OPEN,0.0,False,3,False,2
70788,32.1033,spectacles,high_power,15,True,0.10451,0.01121,0.05786,,0.2414,OPEN,0.0,False,3,False,2
70812,32.1275,spectacles,high_power,15,True,0.09775,0.01224,0.055,,0.2414,OPEN,0.0,False,3,False,2
70843,32.1577,spectacles,high_power,15,True,0.0875,0.02386,0.05568,,0.2414,OPEN,0.0,False,3,False,2
70875,32.1909,spectacles,high_power,15,True,0.08954,0.02567,0.0576,,0.2414,OPEN,0.0,False,3,False,2
70950,32.2685,spectacles,high_power,15,True,0.09953,0.02203,0.06078,,0.2414,OPEN,0.0,False,3,False,2
70978,32.2965,spectacles,high_power,15,True,0.09755,0.02026,0.05891,,0.2414,OPEN,0.0,False,3,False,2
71007,32.324,spectacles,high_power,15,True,0.10101,0.0169,0.05896,,0.2414,OPEN,0.0,False,3,False,2
71035,32.3523,spectacles,high_power,15,True,0.10293,0.01745,0.06019,,0.2414,OPEN,0.0,False,3,False,2
71066,32.383,spectacles,high_power,15,True,0.1052,0.0175,0.06135,,0.2414,OPEN,0.0,False,3,False,2
71098,32.4145,spectacles,high_power,15,True,0.11093,0.01844,0.06469,,0.2414,OPEN,0.0,False,3,False,2
71135,32.4522,spectacles,high_power,15,True,0.09852,0.01644,0.05748,,0.2414,OPEN,0.0,False,3,False,2
71162,32.4807,spectacles,high_power,15,True,0.09274,0.01663,0.05469,,0.2414,OPEN,0.0,False,3,False,2
71191,32.511,spectacles,high_power,15,True,0.09257,0.01592,0.05424,,0.2414,OPEN,0.0,False,3,False,2
71221,32.5394,spectacles,high_power,15,True,0.09399,0.01646,0.05522,,0.2414,OPEN,0.0,False,3,False,2
71249,32.565,spectacles,high_power,15,True,0.09441,0.01732,0.05586,,0.2414,OPEN,0.0,False,3,False,2
71283,32.5976,spectacles,high_power,15,True,0.09425,0.01703,0.05564,,0.2414,OPEN,0.0,False,3,False,2
71340,32.6582,spectacles,high_power,15,True,0.09298,0.01722,0.0551,,0.2414,OPEN,0.0,False,3,False,2
71373,32.688,spectacles,high_power,15,True,0.09325,0.01863,0.05594,,0.2414,OPEN,0.0,False,3,False,2
71402,32.7189,spectacles,high_power,15,True,0.09295,0.0178,0.05538,,0.2414,OPEN,0.0,False,3,False,2
71434,32.7501,spectacles,high_power,15,True,0.08233,0.02089,0.05161,,0.2414,OPEN,0.0,False,3,False,2
71467,32.7822,spectacles,high_power,15,True,0.05116,0.03363,0.0424,,0.2414,OPEN,0.0,False,3,False,2
71491,32.8058,spectacles,high_power,15,True,0.04542,0.0366,0.04101,,0.2414,OPEN,0.0,False,3,False,2
71515,32.8298,spectacles,high_power,15,True,0.04962,0.03712,0.04337,,0.2414,OPEN,0.0,False,3,False,2
71546,32.8613,spectacles,high_power,15,True,0.05595,0.03702,0.04649,,0.2414,OPEN,0.0,False,3,False,2
71580,32.8953,spectacles,high_power,15,True,0.05417,0.03083,0.0425,,0.2414,OPEN,0.0,False,3,False,2
71611,32.9301,spectacles,high_power,15,True,0.14616,0.11332,0.12974,0.21076,0.2414,CLOSING,0.0,False,3,False,2
71643,32.96,spectacles,high_power,15,True,0.22711,0.22953,0.22832,0.21691,0.2414,CLOSING,0.0299,False,3,False,2
71675,32.991,spectacles,high_power,15,True,0.27459,0.28469,0.27964,0.23886,0.2414,CLOSED,0.0609,False,3,False,2
71741,33.0561,spectacles,high_power,15,True,0.31259,0.3268,0.3197,0.26716,0.2414,OPENING,0.126,False,3,False,2
71771,33.0869,spectacles,high_power,15,True,0.31929,0.33233,0.32581,0.28768,0.2414,OPEN,0.1568,True,4,False,2
71810,33.1262,spectacles,high_power,15,True,0.32363,0.33534,0.32948,0.30231,0.2414,OPEN,0.0,False,4,False,2
71836,33.1512,spectacles,high_power,15,True,0.32679,0.33577,0.33128,0.31245,0.2414,OPEN,0.0,False,4,False,2
71861,33.1751,spectacles,high_power,15,True,0.32835,0.33709,0.33272,0.31955,0.2414,OPEN,0.0,False,4,False,2
71884,33.1999,spectacles,high_power,15,True,0.32973,0.33972,0.33473,0.32486,0.2414,OPEN,0.0,False,4,False,2
71914,33.2308,spectacles,high_power,15,True,0.33088,0.34159,0.33623,0.32884,0.2414,OPEN,0.0,False,4,False,2
71948,33.2641,spectacles,high_power,15,True,0.33433,0.34503,0.33968,0.33263,0.2414,OPEN,0.0,False,4,False,2
71979,33.2913,spectacles,high_power,15,True,0.33548,0.34467,0.34008,0.33524,0.2414,OPEN,0.0,False,4,False,2
72014,33.3307,spectacles,high_power,15,True,0.33759,0.34461,0.3411,0.33729,0.2414,OPEN,0.0,False,4,False,2
72042,33.3565,spectacles,high_power,15,True,0.33791,0.34389,0.3409,0.33855,0.2414,OPEN,0.0,False,4,False,2
72073,33.3877,spectacles,high_power,15,True,0.34132,0.34559,0.34345,0.34027,0.2414,OPEN,0.0,False,4,False,2
72141,33.4588,spectacles,high_power,15,True,0.34766,0.352,0.34983,0.34362,0.2414,OPEN,0.0,False,4,False,2
72171,33.488,spectacles,high_power,15,True,0.34864,0.35219,0.35041,0.346,0.2414,OPEN,0.0,False,4,False,2
72209,33.5261,spectacles,high_power,15,True,0.34764,0.35293,0.35028,0.3475,0.2414,OPEN,0.0,False,4,False,2
72243,33.5599,spectacles,high_power,15,True,0.34783,0.3538,0.35082,0.34866,0.2414,OPEN,0.0,False,4,False,2
72269,33.5847,spectacles,high_power,15,True,0.34817,0.35227,0.35022,0.3492,0.2414,OPEN,0.0,False,4,False,2
72294,33.6097,spectacles,high_power,15,True,0.34635,0.34925,0.3478,0.34871,0.2414,OPEN,0.0,False,4,False,2
72320,33.6353,spectacles,high_power,15,True,0.34679,0.34919,0.34799,0.34846,0.2414,OPEN,0.0,False,4,False,2
72346,33.6619,spectacles,high_power,15,True,0.34598,0.3472,0.34659,0.34781,0.2414,OPEN,0.0,False,4,False,2
72379,33.695,spectacles,high_power,15,True,0.34176,0.34502,0.34339,0.34626,0.2414,OPEN,0.0,False,4,False,2
72410,33.7271,spectacles,high_power,15,True,0.34256,0.34535,0.34395,0.34545,0.2414,OPEN,0.0,False,4,False,2
72442,33.7611,spectacles,high_power,15,True,0.34368,0.34507,0.34438,0.34508,0.2414,OPEN,0.0,False,4,False,2
72474,33.7902,spectacles,high_power,15,True,0.34391,0.34407,0.34399,0.3447,0.2414,OPEN,0.0,False,4,False,2
72542,33.8592,spectacles,high_power,15,True,0.33473,0.33871,0.33672,0.3419,0.2414,OPEN,0.0,False,4,False,2
72577,33.8926,spectacles,high_power,15,True,0.33263,0.33544,0.33404,0.33915,0.2414,OPEN,0.0,False,4,False,2
72602,33.9171,spectacles,high_power,15,True,0.28263,0.24499,0.26381,0.31278,0.2414,OPEN,0.0,False,4,False,2
72626,33.9428,spectacles,high_power,15,True,0.17585,0.11074,0.1433,0.25346,0.2414,OPEN,0.0,False,4,False,2
72656,33.9711,spectacles,high_power,15,True,0.18824,0.14077,0.16451,0.22233,0.2414,CLOSING,0.0,False,4,False,2
72690,34.0045,spectacles,high_power,15,True,0.20092,0.15159,0.17626,0.2062,0.2414,CLOSING,0.0335,False,4,False,2
72724,34.0401,spectacles,high_power,15,True,0.21639,0.19059,0.20349,0.20525,0.2414,CLOSED,0.0691,False,4,False,2
72749,34.0653,spectacles,high_power,15,True,0.24364,0.22931,0.23647,0.21618,0.2414,CLOSED,0.0943,False,4,False,2
72779,34.0932,spectacles,high_power,15,True,0.27293,0.25922,0.26607,0.23364,0.2414,CLOSED,0.1222,False,4,False,2
72810,34.1251,spectacles,high_power,15,True,0.29365,0.2778,0.28573,0.25187,0.2414,OPENING,0.154,False,4,False,2
72842,34.1584,spectacles,high_power,15,True,0.30888,0.28966,0.29927,0.26846,0.2414,OPEN,0.1873,True,5,False,2
72880,34.1972,spectacles,high_power,15,True,0.31276,0.29503,0.3039,0.28086,0.2414,OPEN,0.0,False,5,False,2
72907,34.2224,spectacles,high_power,15,True,0.32104,0.30101,0.31103,0.29142,0.2414,OPEN,0.0,False,5,False,2
72938,34.2545,spectacles,high_power,15,True,0.32416,0.30772,0.31594,0.3,0.2414,OPEN,0.0,False,5,False,2
72988,34.3039,spectacles,high_power,15,True,0.32811,0.30814,0.31813,0.30635,0.2414,OPEN,0.0,False,5,False,2
73019,34.3341,spectacles,high_power,15,True,0.32627,0.30871,0.31749,0.31025,0.2414,OPEN,0.0,False,5,False,2
73050,34.3655,spectacles,high_power,15,True,0.32525,0.30888,0.31707,0.31263,0.2414,OPEN,0.0,False,5,False,2
73088,34.4027,spectacles,high_power,15,True,0.32635,0.31051,0.31843,0.31466,0.2414,OPEN,0.0,False,5,False,2
73123,34.4376,spectacles,high_power,15,True,0.32651,0.31271,0.31961,0.31639,0.2414,OPEN,0.0,False,5,False,2
73147,34.4633,spectacles,high_power,15,True,0.32914,0.31611,0.32262,0.31857,0.2414,OPEN,0.0,False,5,False,2
73179,34.4945,spectacles,high_power,15,True,0.32911,0.31618,0.32265,0.32,0.2414,OPEN,0.0,False,5,False,2
73211,34.5267,spectacles,high_power,15,True,0.32898,0.31728,0.32313,0.32109,0.2414,OPEN,0.0,False,5,False,2
73243,34.5592,spectacles,high_power,15,True,0.32962,0.32047,0.32505,0.32248,0.2414,OPEN,0.0,False,5,False,2
73274,34.5918,spectacles,high_power,15,True,0.32986,0.3208,0.32533,0.32348,0.2414,OPEN,0.0,False,5,False,2
73324,34.6396,spectacles,high_power,15,True,0.3268,0.32022,0.32351,0.32349,0.2414,OPEN,0.0,False,5,False,2
73355,34.672,spectacles,high_power,15,True,0.32799,0.32038,0.32419,0.32373,0.2414,OPEN,0.0,False,5,False,2
73387,34.702,spectacles,high_power,15,True,0.32739,0.32236,0.32488,0.32413,0.2414,OPEN,0.0,False,5,False,2
73418,34.733,spectacles,high_power,15,True,0.32742,0.32268,0.32505,0.32445,0.2414,OPEN,0.0,False,5,False,2
73450,34.7675,spectacles,high_power,15,True,0.3274,0.32307,0.32523,0.32473,0.2414,OPEN,0.0,False,5,False,2
73483,34.7987,spectacles,high_power,15,True,0.32688,0.32321,0.32505,0.32484,0.2414,OPEN,0.0,False,5,False,2
73517,34.833,spectacles,high_power,15,True,0.32801,0.32427,0.32614,0.32529,0.2414,OPEN,0.0,False,5,False,2
73547,34.8629,spectacles,high_power,15,True,0.32922,0.3258,0.32751,0.32607,0.2414,OPEN,0.0,False,5,False,2
73578,34.8928,spectacles,high_power,15,True,0.32957,0.3273,0.32844,0.3269,0.2414,OPEN,0.0,False,5,False,2
73611,34.9269,spectacles,high_power,15,True,0.32865,0.32733,0.32799,0.32728,0.2414,OPEN,0.0,False,5,False,2
73642,34.9588,spectacles,high_power,15,True,0.32844,0.32921,0.32882,0.32782,0.2414,OPEN,0.0,False,5,False,2
73692,35.0084,spectacles,high_power,15,True,0.32902,0.33245,0.33073,0.32884,0.2414,OPEN,0.0,False,5,False,2
73725,35.0409,spectacles,high_power,15,True,0.33031,0.33246,0.33139,0.32973,0.2414,OPEN,0.0,False,5,False,2
73754,35.0705,spectacles,high_power,15,True,0.33086,0.33266,0.33176,0.33044,0.2414,OPEN,0.0,False,5,False,2
73789,35.1037,spectacles,high_power,15,True,0.33075,0.33266,0.33171,0.33088,0.2414,OPEN,0.0,False,5,False,2
73818,35.1332,spectacles,high_power,15,True,0.33083,0.3334,0.33211,0.33132,0.2414,OPEN,0.0,False,5,False,2
73851,35.1671,spectacles,high_power,15,True,0.33216,0.33393,0.33304,0.33192,0.2414,OPEN,0.0,False,5,False,2
73883,35.1984,spectacles,high_power,15,True,0.3339,0.33317,0.33354,0.33249,0.2414,OPEN,0.0,False,5,False,2
73914,35.2305,spectacles,high_power,15,True,0.33402,0.33331,0.33367,0.3329,0.2414,OPEN,0.0,False,5,False,2
73951,35.2659,spectacles,high_power,15,True,0.33367,0.33336,0.33352,0.33312,0.2414,OPEN,0.0,False,5,False,2
73978,35.2948,spectacles,high_power,15,True,0.33435,0.3336,0.33398,0.33342,0.2414,OPEN,0.0,False,5,False,2
74028,35.3442,spectacles,high_power,15,True,0.32864,0.32953,0.32909,0.3319,0.2414,OPEN,0.0,False,5,False,2
74058,35.3737,spectacles,high_power,15,True,0.32484,0.32806,0.32645,0.32999,0.2414,OPEN,0.0,False,5,False,2
74090,35.4064,spectacles,high_power,15,True,0.31892,0.31934,0.31913,0.32619,0.2414,OPEN,0.0,False,5,False,2
74122,35.4362,spectacles,high_power,15,True,0.3151,0.31295,0.31402,0.32193,0.2414,OPEN,0.0,False,5,False,2
74158,35.474,spectacles,high_power,15,True,0.31457,0.31353,0.31405,0.31917,0.2414,OPEN,0.0,False,5,False,2
74186,35.5011,spectacles,high_power,15,True,0.31348,0.312,0.31274,0.31692,0.2414,OPEN,0.0,False,5,False,2
74219,35.5321,spectacles,high_power,15,True,0.31174,0.31183,0.31179,0.31513,0.2414,OPEN,0.0,False,5,False,2
74253,35.5675,spectacles,high_power,15,True,0.31422,0.31285,0.31354,0.31457,0.2414,OPEN,0.0,False,5,False,2
74282,35.599,spectacles,high_power,15,True,0.31426,0.31472,0.31449,0.31454,0.2414,OPEN,0.0,False,5,False,2
74314,35.6304,spectacles,high_power,15,True,0.31435,0.31728,0.31581,0.31499,0.2414,OPEN,0.0,False,5,False,2
74350,35.6644,spectacles,high_power,15,True,0.31545,0.31794,0.3167,0.31558,0.2414,OPEN,0.0,False,5,False,2
74394,35.7101,spectacles,high_power,15,True,0.31593,0.31942,0.31767,0.31632,0.2414,OPEN,0.0,False,5,False,2
74426,35.7431,spectacles,high_power,15,True,0.31794,0.3211,0.31952,0.31744,0.2414,OPEN,0.0,False,5,False,2
74458,35.7735,spectacles,high_power,15,True,0.31903,0.32244,0.32074,0.31859,0.2414,OPEN,0.0,False,5,False,2
74490,35.8064,spectacles,high_power,15,True,0.31887,0.32161,0.32024,0.31917,0.2414,OPEN,0.0,False,5,False,2
74523,35.8384,spectacles,high_power,15,True,0.31894,0.32367,0.3213,0.31992,0.2414,OPEN,0.0,False,5,False,2
74558,35.8743,spectacles,high_power,15,True,0.31805,0.32216,0.3201,0.31998,0.2414,OPEN,0.0,False,5,False,2
74588,35.9029,spectacles,high_power,15,True,0.3189,0.3223,0.3206,0.3202,0.2414,OPEN,0.0,False,5,False,2
74618,35.9331,spectacles,high_power,15,True,0.31988,0.32301,0.32144,0.32063,0.2414,OPEN,0.0,False,5,False,2
74651,35.9653,spectacles,high_power,15,True,0.32085,0.32379,0.32232,0.32122,0.2414,OPEN,0.0,False,5,False,2
74682,35.9987,spectacles,high_power,15,True,0.3217,0.32727,0.32448,0.32236,0.2414,OPEN,0.0,False,5,False,2
74719,36.0345,spectacles,high_power,15,True,0.32424,0.32913,0.32668,0.32388,0.2414,OPEN,0.0,False,5,False,2
74763,36.078,spectacles,high_power,15,True,0.32639,0.32966,0.32803,0.32533,0.2414,OPEN,0.0,False,5,False,2
74798,36.1134,spectacles,high_power,15,True,0.3251,0.32852,0.32681,0.32585,0.2414,OPEN,0.0,False,5,False,2
74826,36.1407,spectacles,high_power,15,True,0.32447,0.32814,0.32631,0.32601,0.2414,OPEN,0.0,False,5,False,2
74860,36.1752,spectacles,high_power,15,True,0.3237,0.32736,0.32553,0.32584,0.2414,OPEN,0.0,False,5,False,2
74890,36.2055,spectacles,high_power,15,True,0.3246,0.32726,0.32593,0.32587,0.2414,OPEN,0.0,False,5,False,2
74922,36.2369,spectacles,high_power,15,True,0.32334,0.32836,0.32585,0.32586,0.2414,OPEN,0.0,False,5,False,2
74954,36.2691,spectacles,high_power,15,True,0.32254,0.32789,0.32522,0.32564,0.2414,OPEN,0.0,False,5,False,2
74986,36.3013,spectacles,high_power,15,True,0.32357,0.32714,0.32535,0.32554,0.2414,OPEN,0.0,False,5,False,2
75022,36.3379,spectacles,high_power,15,True,0.32248,0.32658,0.32453,0.32518,0.2414,OPEN,0.0,False,5,False,2
75050,36.3646,spectacles,high_power,15,True,0.32127,0.32609,0.32368,0.32466,0.2414,OPEN,0.0,False,5,False,2
75100,36.4156,spectacles,high_power,15,True,0.31917,0.3218,0.32048,0.3232,0.2414,OPEN,0.0,False,5,False,2
75131,36.4456,spectacles,high_power,15,True,0.30697,0.30718,0.30707,0.31755,0.2414,OPEN,0.0,False,5,False,2
75162,36.4774,spectacles,high_power,15,True,0.22488,0.17898,0.20193,0.27709,0.2414,OPEN,0.0,False,5,False,2
75195,36.511,spectacles,high_power,15,True,0.12153,0.05416,0.08784,,0.2414,OPEN,0.0,False,5,False,2
75229,36.5453,spectacles,high_power,15,True,0.0987,0.0259,0.0623,,0.2414,OPEN,0.0,False,5,False,2
75258,36.5734,spectacles,high_power,15,True,0.08568,0.0192,0.05244,,0.2414,OPEN,0.0,False,5,False,2
75291,36.6064,spectacles,high_power,15,True,0.09255,0.01673,0.05464,,0.2414,OPEN,0.0,False,5,False,2
75322,36.6368,spectacles,high_power,15,True,0.09262,0.01479,0.0537,,0.2414,OPEN,0.0,False,5,False,2
75355,36.6692,spectacles,high_power,15,True,0.09025,0.01202,0.05114,,0.2414,OPEN,0.0,False,5,False,2
75388,36.704,spectacles,high_power,15,True,0.08896,0.01105,0.05,,0.2414,OPEN,0.0,False,5,False,2
75422,36.7368,spectacles,high_power,15,True,0.07945,0.01617,0.04781,,0.2414,OPEN,0.0,False,5,False,2
75467,36.7823,spectacles,high_power,15,True,0.07694,0.01497,0.04596,,0.2414,OPEN,0.0,False,5,False,2
75498,36.8144,spectacles,high_power,15,True,0.07684,0.022,0.04942,,0.2414,OPEN,0.0,False,5,False,2
75532,36.8471,spectacles,high_power,15,True,0.08055,0.02356,0.05205,,0.2414,OPEN,0.0,False,5,False,2
75562,36.8777,spectacles,high_power,15,True,0.07941,0.02187,0.05064,,0.2414,OPEN,0.0,False,5,False,2
75594,36.9094,spectacles,high_power,15,True,0.07835,0.02009,0.04922,,0.2414,OPEN,0.0,False,5,False,2
75627,36.9441,spectacles,high_power,15,True,0.07044,0.02523,0.04783,,0.2414,OPEN,0.0,False,5,False,2
75664,36.9791,spectacles,high_power,15,True,0.0697,0.01984,0.04477,,0.2414,OPEN,0.0,False,5,False,2
75691,37.0073,spectacles,high_power,15,True,0.07299,0.01724,0.04511,,0.2414,OPEN,0.0,False,5,False,2
75722,37.0376,spectacles,high_power,15,True,0.07184,0.01925,0.04555,,0.2414,OPEN,0.0,False,5,False,2
75754,37.0688,spectacles,high_power,15,True,0.07734,0.01834,0.04784,,0.2414,OPEN,0.0,False,5,False,2
75786,37.1013,spectacles,high_power,15,True,0.07817,0.01727,0.04772,,0.2414,OPEN,0.0,False,5,False,2
75837,37.1519,spectacles,high_power,15,True,0.07537,0.01634,0.04585,,0.2414,OPEN,0.0,False,5,False,2
75869,37.1835,spectacles,high_power,15,True,0.07917,0.01536,0.04727,,0.2414,OPEN,0.0,False,5,False,2
75898,37.2148,spectacles,high_power,15,True,0.07787,0.01668,0.04728,,0.2414,OPEN,0.0,False,5,False,2
75931,37.2458,spectacles,high_power,15,True,0.08477,0.01539,0.05008,,0.2414,OPEN,0.0,False,5,False,2
75963,37.2799,spectacles,high_power,15,True,0.08566,0.01517,0.05042,,0.2414,OPEN,0.0,False,5,False,2
75995,37.311,spectacles,high_power,15,True,0.08542,0.02067,0.05304,,0.2414,OPEN,0.0,False,5,False,2
76026,37.3408,spectacles,high_power,15,True,0.08435,0.02618,0.05527,,0.2414,OPEN,0.0,False,5,False,2
76059,37.3741,spectacles,high_power,15,True,0.08424,0.02016,0.0522,,0.2414,OPEN,0.0,False,5,False,2
76094,37.4101,spectacles,high_power,15,True,0.09124,0.01599,0.05361,,0.2414,OPEN,0.0,False,5,False,2
76122,37.4363,spectacles,high_power,15,True,0.09161,0.01674,0.05418,,0.2414,OPEN,0.0,False,5,False,2
76172,37.4884,spectacles,high_power,15,True,0.1002,0.01362,0.05691,,0.2414,OPEN,0.0,False,5,False,2
76203,37.5197,spectacles,high_power,15,True,0.0962,0.01319,0.0547,,0.2414,OPEN,0.0,False,5,False,2
76235,37.5513,spectacles,high_power,15,True,0.09495,0.01447,0.05471,,0.2414,OPEN,0.0,False,5,False,2
76268,37.584,spectacles,high_power,15,True,0.08679,0.01525,0.05102,,0.2414,OPEN,0.0,False,5,False,2
76302,37.6174,spectacles,high_power,15,True,0.08589,0.01447,0.05018,,0.2414,OPEN,0.0,False,5,False,2
76330,37.6447,spectacles,high_power,15,True,0.09083,0.01426,0.05254,,0.2414,OPEN,0.0,False,5,False,2
76362,37.6775,spectacles,high_power,15,True,0.1092,0.01611,0.06266,,0.2414,OPEN,0.0,False,5,False,2
76394,37.7099,spectacles,high_power,15,True,0.11182,0.01636,0.06409,,0.2414,OPEN,0.0,False,5,False,2
76428,37.7438,spectacles,high_power,15,True,0.11095,0.01811,0.06453,,0.2414,OPEN,0.0,False,5,False,2
76459,37.777,spectacles,high_power,15,True,0.11096,0.01606,0.06351,,0.2414,OPEN,0.0,False,5,False,2
76494,37.8065,spectacles,high_power,15,True,0.10376,0.01468,0.05922,,0.2414,OPEN,0.0,False,5,False,2
76542,37.8563,spectacles,high_power,15,True,0.09614,0.01405,0.05509,,0.2414,OPEN,0.0,False,5,False,2
76571,37.8832,spectacles,high_power,15,True,0.09643,0.01336,0.05489,,0.2414,OPEN,0.0,False,5,False,2
76602,37.9161,spectacles,high_power,15,True,0.09712,0.01473,0.05592,,0.2414,OPEN,0.0,False,5,False,2
76636,37.9507,spectacles,high_power,15,True,0.09609,0.01417,0.05513,,0.2414,OPEN,0.0,False,5,False,2
76666,37.9816,spectacles,high_power,15,True,0.10248,0.01527,0.05887,,0.2414,OPEN,0.0,False,5,False,2
76699,38.0126,spectacles,high_power,15,True,0.097,0.01607,0.05654,,0.2414,OPEN,0.0,False,5,False,2
76734,38.05,spectacles,high_power,15,True,0.09312,0.01746,0.05529,,0.2414,OPEN,0.0,False,5,False,2
76763,38.0794,spectacles,high_power,15,True,0.09329,0.01738,0.05534,,0.2414,OPEN,0.0,False,5,False,2
76794,38.1119,spectacles,high_power,15,True,0.09376,0.01395,0.05386,,0.2414,OPEN,0.0,False,5,False,2
76827,38.1426,spectacles,high_power,15,True,0.10004,0.01302,0.05653,,0.2414,OPEN,0.0,False,5,False,2
76853,38.1678,spectacles,high_power,15,True,0.10536,0.01249,0.05893,,0.2414,OPEN,0.0,False,5,False,2
76877,38.1922,spectacles,high_power,15,True,0.10871,0.01316,0.06094,,0.2414,OPEN,0.0,False,5,False,2
76946,38.2632,spectacles,high_power,15,True,0.10518,0.01484,0.06001,,0.2414,OPEN,0.0,False,5,False,2
76973,38.2876,spectacles,high_power,15,True,0.11091,0.01405,0.06248,,0.2414,OPEN,0.0,False,5,False,2
77002,38.3189,spectacles,high_power,15,True,0.10735,0.01313,0.06024,,0.2414,OPEN,0.0,False,5,False,2
77034,38.3497,spectacles,high_power,15,True,0.10044,0.01127,0.05585,,0.2414,OPEN,0.0,False,5,False,2
77066,38.3815,spectacles,high_power,15,True,0.09863,0.01138,0.05501,,0.2414,OPEN,0.0,False,5,False,2
77099,38.4141,spectacles,high_power,15,True,0.11178,0.01168,0.06173,,0.2414,OPEN,0.0,False,5,False,2
77131,38.4471,spectacles,high_power,15,True,0.10558,0.01317,0.05938,,0.2414,OPEN,0.0,False,5,False,2
77168,38.4824,spectacles,high_power,15,True,0.10786,0.01242,0.06014,,0.2414,OPEN,0.0,False,5,False,2
77195,38.5111,spectacles,high_power,15,True,0.10796,0.01214,0.06005,,0.2414,OPEN,0.0,False,5,False,2
77221,38.5378,spectacles,high_power,15,True,0.1082,0.01258,0.06039,,0.2414,OPEN,0.0,False,5,False,2
77247,38.5619,spectacles,high_power,15,True,0.1097,0.0126,0.06115,,0.2414,OPEN,0.0,False,5,False,2
77274,38.5901,spectacles,high_power,15,True,0.10367,0.01182,0.05775,,0.2414,OPEN,0.0,False,5,False,2
77341,38.6576,spectacles,high_power,15,True,0.06032,0.0245,0.04241,,0.2414,OPEN,0.0,False,5,False,2
77377,38.6929,spectacles,high_power,15,True,0.06492,0.01286,0.03889,,0.2414,OPEN,0.0,False,5,False,2
77403,38.7188,spectacles,high_power,15,True,0.15988,0.1162,0.13804,0.22842,0.2414,CLOSING,0.0,False,5,False,2
77435,38.7509,spectacles,high_power,15,True,0.24698,0.24161,0.2443,0.23398,0.2414,CLOSING,0.0321,False,5,False,2
77466,38.7833,spectacles,high_power,15,True,0.29524,0.31218,0.30371,0.25838,0.2414,OPEN,0.0,False,5,False,2
77499,38.8149,spectacles,high_power,15,True,0.3162,0.33821,0.3272,0.28247,0.2414,OPEN,0.0,False,5,False,2
77530,38.8452,spectacles,high_power,15,True,0.3297,0.34718,0.33844,0.30206,0.2414,OPEN,0.0,False,5,False,2
77568,38.8833,spectacles,high_power,15,True,0.32825,0.3443,0.33627,0.31403,0.2414,OPEN,0.0,False,5,False,2
77593,38.9084,spectacles,high_power,15,True,0.3261,0.34129,0.33369,0.32092,0.2414,OPEN,0.0,False,5,False,2
77618,38.933,spectacles,high_power,15,True,0.32888,0.33838,0.33363,0.32537,0.2414,OPEN,0.0,False,5,False,2
77642,38.958,spectacles,high_power,15,True,0.32989,0.33572,0.33281,0.32797,0.2414,OPEN,0.0,False,5,False,2
77675,38.9899,spectacles,high_power,15,True,0.33296,0.33732,0.33514,0.33048,0.2414,OPEN,0.0,False,5,False,2
77741,39.0583,spectacles,high_power,15,True,0.33506,0.33912,0.33709,0.33279,0.2414,OPEN,0.0,False,5,False,2
77771,39.0875,spectacles,high_power,15,True,0.33504,0.33711,0.33607,0.33394,0.2414,OPEN,0.0,False,5,False,2
77805,39.1205,spectacles,high_power,15,True,0.33434,0.33668,0.33551,0.33449,0.2414,OPEN,0.0,False,5,False,2
77835,39.1509,spectacles,high_power,15,True,0.33439,0.33709,0.33574,0.33493,0.2414,OPEN,0.0,False,5,False,2
77866,39.1809,spectacles,high_power,15,True,0.33422,0.33777,0.33599,0.3353,0.2414,OPEN,0.0,False,5,False,2
77899,39.2142,spectacles,high_power,15,True,0.33432,0.33991,0.33712,0.33594,0.2414,OPEN,0.0,False,5,False,2
77925,39.2391,spectacles,high_power,15,True,0.33464,0.34087,0.33776,0.33657,0.2414,OPEN,0.0,False,5,False,2
77948,39.2646,spectacles,high_power,15,True,0.33529,0.34089,0.33809,0.3371,0.2414,OPEN,0.0,False,5,False,2
77978,39.2935,spectacles,high_power,15,True,0.33556,0.33997,0.33776,0.33733,0.2414,OPEN,0.0,False,5,False,2
78014,39.3296,spectacles,high_power,15,True,0.33849,0.3421,0.34029,0.33837,0.2414,OPEN,0.0,False,5,False,2
78042,39.3576,spectacles,high_power,15,True,0.33974,0.34415,0.34194,0.33962,0.2414,OPEN,0.0,False,5,False,2
78074,39.3898,spectacles,high_power,15,True,0.33989,0.34446,0.34218,0.34051,0.2414,OPEN,0.0,False,5,False,2
78141,39.46,spectacles,high_power,15,True,0.34183,0.34383,0.34283,0.34133,0.2414,OPEN,0.0,False,5,False,2
78172,39.4891,spectacles,high_power,15,True,0.3423,0.34455,0.34343,0.34206,0.2414,OPEN,0.0,False,5,False,2
78202,39.5188,spectacles,high_power,15,True,0.34212,0.34453,0.34332,0.3425,0.2414,OPEN,0.0,False,5,False,2
78241,39.5594,spectacles,high_power,15,True,0.34094,0.34417,0.34256,0.34252,0.2414,OPEN,0.0,False,5,False,2
78271,39.5896,spectacles,high_power,15,True,0.34125,0.34348,0.34236,0.34247,0.2414,OPEN,0.0,False,5,False,2
78299,39.6141,spectacles,high_power,15,True,0.34111,0.34319,0.34215,0.34235,0.2414,OPEN,0.0,False,5,False,2
78323,39.638,spectacles,high_power,15,True,0.33812,0.34198,0.34005,0.34155,0.2414,OPEN,0.0,False,5,False,2
78348,39.6635,spectacles,high_power,15,True,0.33484,0.34143,0.33814,0.34035,0.2414,OPEN,0.0,False,5,False,2
78378,39.6929,spectacles,high_power,15,True,0.3346,0.34136,0.33798,0.33952,0.2414,OPEN,0.0,False,5,False,2
78409,39.7254,spectacles,high_power,15,True,0.33288,0.34069,0.33678,0.33856,0.2414,OPEN,0.0,False,5,False,2
78445,39.7604,spectacles,high_power,15,True,0.33348,0.34066,0.33707,0.33804,0.2414,OPEN,0.0,False,5,False,2
78474,39.789,spectacles,high_power,15,True,0.33364,0.34019,0.33691,0.33765,0.2414,OPEN,0.0,False,5,False,2
78542,39.86,spectacles,high_power,15,True,0.33083,0.33746,0.33415,0.33642,0.2414,OPEN,0.0,False,5,False,2
78572,39.8896,spectacles,high_power,15,True,0.33175,0.33772,0.33473,0.33583,0.2414,OPEN,0.0,False,5,False,2
78603,39.9202,spectacles,high_power,15,True,0.33192,0.3379,0.33491,0.33551,0.2414,OPEN,0.0,False,5,False,2
78639,39.9502,spectacles,high_power,15,True,0.33284,0.34012,0.33648,0.33585,0.2414,OPEN,0.0,False,5,False,2
78664,39.9808,spectacles,high_power,15,True,0.33285,0.34102,0.33693,0.33623,0.2414,OPEN,0.0,False,5,False,2
78691,40.009,spectacles,high_power,15,True,0.33331,0.34057,0.33694,0.33648,0.2414,OPEN,0.0,False,5,False,2
78720,40.0311,spectacles,high_power,15,True,0.33191,0.33922,0.33556,0.33616,0.2414,OPEN,0.0,False,5,False,2
78756,40.0737,spectacles,high_power,15,True,0.33055,0.33667,0.33361,0.33527,0.2414,OPEN,0.0,False,5,False,2
78784,40.0998,spectacles,high_power,15,True,0.33017,0.33543,0.3328,0.3344,0.2414,OPEN,0.0,False,5,False,2
78810,40.1232,spectacles,high_power,15,True,0.33055,0.33619,0.33337,0.33404,0.2414,OPEN,0.0,False,5,False,2
78843,40.1537,spectacles,high_power,15,True,0.33203,0.33597,0.334,0.33403,0.2414,OPEN,0.0,False,5,False,2
78875,40.1908,spectacles,high_power,15,True,0.33325,0.33708,0.33516,0.33442,0.2414,OPEN,0.0,False,5,False,2
78941,40.2566,spectacles,high_power,15,True,0.33174,0.33381,0.33278,0.33385,0.2414,OPEN,0.0,False,5,False,2
78972,40.2872,spectacles,high_power,15,True,0.32896,0.3333,0.33113,0.3329,0.2414,OPEN,0.0,False,5,False,2
78997,40.3128,spectacles,high_power,15,True,0.32753,0.33315,0.33034,0.332,0.2414,OPEN,0.0,False,5,False,2
79022,40.3392,spectacles,high_power,15,True,0.32678,0.33203,0.3294,0.33109,0.2414,OPEN,0.0,False,5,False,2
79051,40.3667,spectacles,high_power,15,True,0.32555,0.33153,0.32854,0.3302,0.2414,OPEN,0.0,False,5,False,2
79088,40.4039,spectacles,high_power,15,True,0.32471,0.33122,0.32797,0.32942,0.2414,OPEN,0.0,False,5,False,2
79115,40.4305,spectacles,high_power,15,True,0.32359,0.33003,0.32681,0.3285,0.2414,OPEN,0.0,False,5,False,2
79147,40.4626,spectacles,high_power,15,True,0.32251,0.32854,0.32553,0.32746,0.2414,OPEN,0.0,False,5,False,2
79179,40.4955,spectacles,high_power,15,True,0.32242,0.32815,0.32528,0.3267,0.2414,OPEN,0.0,False,5,False,2
79212,40.5273,spectacles,high_power,15,True,0.32231,0.3284,0.32536,0.32623,0.2414,OPEN,0.0,False,5,False,2
79244,40.5599,spectacles,high_power,15,True,0.32418,0.3286,0.32639,0.32628,0.2414,OPEN,0.0,False,5,False,2
79275,40.5909,spectacles,high_power,15,True,0.32487,0.32846,0.32666,0.32642,0.2414,OPEN,0.0,False,5,False,2
79341,40.6564,spectacles,high_power,15,True,0.32468,0.32825,0.32646,0.32643,0.2414,OPEN,0.0,False,5,False,2
79367,40.6824,spectacles,high_power,15,True,0.32497,0.3282,0.32658,0.32649,0.2414,OPEN,0.0,False,5,False,2
79393,40.7085,spectacles,high_power,15,True,0.32498,0.3281,0.32654,0.32651,0.2414,OPEN,0.0,False,5,False,2
79420,40.7355,spectacles,high_power,15,True,0.32441,0.32743,0.32592,0.3263,0.2414,OPEN,0.0,False,5,False,2
79450,40.7667,spectacles,high_power,15,True,0.32434,0.32816,0.32625,0.32628,0.2414,OPEN,0.0,False,5,False,2
79483,40.8001,spectacles,high_power,15,True,0.32425,0.32734,0.32579,0.32611,0.2414,OPEN,0.0,False,5,False,2
79518,40.8323,spectacles,high_power,15,True,0.32407,0.3263,0.32518,0.32579,0.2414,OPEN,0.0,False,5,False,2
79547,40.8627,spectacles,high_power,15,True,0.32381,0.32595,0.32488,0.32547,0.2414,OPEN,0.0,False,5,False,2
79579,40.8937,spectacles,high_power,15,True,0.32274,0.32467,0.3237,0.32485,0.2414,OPEN,0.0,False,5,False,2
79611,40.9261,spectacles,high_power,15,True,0.32529,0.32545,0.32537,0.32504,0.2414,OPEN,0.0,False,5,False,2
79643,40.9584,spectacles,high_power,15,True,0.32769,0.32914,0.32842,0.32622,0.2414,OPEN,0.0,False,5,False,2
79676,40.9914,spectacles,high_power,15,True,0.32732,0.33496,0.33114,0.32794,0.2414,OPEN,0.0,False,5,False,2
79710,41.0253,spectacles,high_power,15,True,0.32937,0.33533,0.33235,0.32948,0.2414,OPEN,0.0,False,5,False,2
79756,41.0706,spectacles,high_power,15,True,0.33498,0.33657,0.33578,0.33169,0.2414,OPEN,0.0,False,5,False,2
79788,41.1038,spectacles,high_power,15,True,0.33439,0.33723,0.33581,0.33313,0.2414,OPEN,0.0,False,5,False,2
79819,41.1346,spectacles,high_power,15,True,0.33457,0.33684,0.3357,0.33403,0.2414,OPEN,0.0,False,5,False,2
79852,41.1674,spectacles,high_power,15,True,0.33407,0.33728,0.33568,0.33461,0.2414,OPEN,0.0,False,5,False,2
79884,41.1994,spectacles,high_power,15,True,0.33413,0.33832,0.33623,0.33517,0.2414,OPEN,0.0,False,5,False,2
79915,41.2302,spectacles,high_power,15,True,0.33646,0.33927,0.33786,0.33612,0.2414,OPEN,0.0,False,5,False,2
79953,41.2689,spectacles,high_power,15,True,0.33642,0.33961,0.33801,0.33678,0.2414,OPEN,0.0,False,5,False,2
79979,41.2941,spectacles,high_power,15,True,0.33427,0.33871,0.33649,0.33668,0.2414,OPEN,0.0,False,5,False,2
80012,41.3289,spectacles,high_power,15,True,0.33537,0.33994,0.33765,0.33702,0.2414,OPEN,0.0,False,5,False,2
80042,41.3572,spectacles,high_power,15,True,0.33473,0.33918,0.33695,0.337,0.2414,OPEN,0.0,False,5,False,2
80075,41.3907,spectacles,high_power,15,True,0.33415,0.3394,0.33677,0.33692,0.2414,OPEN,0.0,False,5,False,2
80125,41.4399,spectacles,high_power,15,True,0.33034,0.33831,0.33433,0.33601,0.2414,OPEN,0.0,False,5,False,2
80160,41.4754,spectacles,high_power,15,True,0.32949,0.33817,0.33383,0.33525,0.2414,OPEN,0.0,False,5,False,2
80187,41.5023,spectacles,high_power,15,True,0.32861,0.33729,0.33295,0.33444,0.2414,OPEN,0.0,False,5,False,2
80219,41.5361,spectacles,high_power,15,True,0.32808,0.33711,0.3326,0.3338,0.2414,OPEN,0.0,False,5,False,2
80251,41.5663,spectacles,high_power,15,True,0.32837,0.33685,0.33261,0.33338,0.2414,OPEN,0.0,False,5,False,2
80283,41.5998,spectacles,high_power,15,True,0.32823,0.33645,0.33234,0.33302,0.2414,OPEN,0.0,False,5,False,2
80316,41.6314,spectacles,high_power,15,True,0.32816,0.33711,0.33264,0.33288,0.2414,OPEN,0.0,False,5,False,2
80346,41.662,spectacles,high_power,15,True,0.32871,0.33719,0.33295,0.33291,0.2414,OPEN,0.0,False,5,False,2
80384,41.6992,spectacles,high_power,15,True,0.32858,0.33698,0.33278,0.33286,0.2414,OPEN,0.0,False,5,False,2
80411,41.7259,spectacles,high_power,15,True,0.32781,0.33677,0.33229,0.33266,0.2414,OPEN,0.0,False,5,False,2
80461,41.7763,spectacles,high_power,15,True,0.32772,0.33712,0.33242,0.33258,0.2414,OPEN,0.0,False,5,False,2
80491,41.8072,spectacles,high_power,15,True,0.32774,0.33702,0.33238,0.33251,0.2414,OPEN,0.0,False,5,False,2
80525,41.8403,spectacles,high_power,15,True,0.31465,0.32523,0.31994,0.32811,0.2414,OPEN,0.0,False,5,False,2
80559,41.8744,spectacles,high_power,15,True,0.26024,0.2489,0.25457,0.30237,0.2414,OPEN,0.0,False,5,False,2
80592,41.9074,spectacles,high_power,15,True,0.16808,0.10074,0.13441,0.24358,0.2414,OPEN,0.0,False,5,False,2
80619,41.9334,spectacles,high_power,15,True,0.14599,0.0605,0.10324,0.19446,0.2414,CLOSING,0.0,False,5,False,2
80652,41.9673,spectacles,high_power,15,True,0.12126,0.03267,0.07697,,0.2414,CLOSING,0.0,False,5,False,2
80683,41.9985,spectacles,high_power,15,True,0.11255,0.02428,0.06842,,0.2414,CLOSING,0.0,False,5,False,2
80715,42.0315,spectacles,high_power,15,True,0.10949,0.01773,0.06361,,0.2414,CLOSING,0.0,False,5,False,2
80747,42.063,spectacles,high_power,15,True,0.1073,0.01497,0.06114,,0.2414,CLOSING,0.0,False,5,False,2
80782,42.0968,spectacles,high_power,15,True,0.1064,0.01419,0.0603,,0.2414,CLOSING,0.0,False,5,False,2
80827,42.1427,spectacles,high_power,15,True,0.09181,0.00916,0.05049,,0.2414,CLOSING,0.0,False,5,False,2
80858,42.1734,spectacles,high_power,15,True,0.09258,0.00944,0.05101,,0.2414,CLOSING,0.0,False,5,False,2
80891,42.2063,spectacles,high_power,15,True,0.0827,0.008,0.04535,,0.2414,CLOSING,0.0,False,5,False,2
80923,42.2386,spectacles,high_power,15,True,0.07719,0.0113,0.04424,,0.2414,CLOSING,0.0,False,5,False,2
80955,42.2706,spectacles,high_power,15,True,0.07757,0.01094,0.04426,,0.2414,CLOSING,0.0,False,5,False,2
80987,42.3007,spectacles,high_power,15,True,0.07753,0.01051,0.04402,,0.2414,CLOSING,0.0,False,5,False,2
81023,42.3377,spectacles,high_power,15,True,0.07685,0.01276,0.0448,,0.2414,CLOSING,0.0,False,5,False,2
81049,42.3635,spectacles,high_power,15,True,0.08225,0.01204,0.04714,,0.2414,CLOSING,0.0,False,5,False,2
81082,42.3927,spectacles,high_power,15,True,0.08411,0.01161,0.04786,,0.2414,CLOSING,0.0,False,5,False,2
81114,42.4297,spectacles,high_power,15,True,0.08557,0.01027,0.04792,,0.2414,CLOSING,0.0,False,5,False,2
81147,42.4629,spectacles,high_power,15,True,0.08612,0.01042,0.04827,,0.2414,CLOSING,0.0,False,5,False,2
81197,42.5131,spectacles,high_power,15,True,0.09131,0.01069,0.051,,0.2414,CLOSING,0.0,False,5,False,2
81230,42.5465,spectacles,high_power,15,True,0.08924,0.01077,0.05,,0.2414,CLOSING,0.0,False,5,False,2
81259,42.5743,spectacles,high_power,15,True,0.09101,0.01078,0.05089,,0.2414,CLOSING,0.0,False,5,False,2
81292,42.6068,spectacles,high_power,15,True,0.09016,0.01053,0.05034,,0.2414,CLOSING,0.0,False,5,False,2
81324,42.6392,spectacles,high_power,15,True,0.09276,0.01046,0.05161,,0.2414,CLOSING,0.0,False,5,False,2
81356,42.6705,spectacles,high_power,15,True,0.08921,0.01061,0.04991,,0.2414,CLOSING,0.0,False,5,False,2
81386,42.7014,spectacles,high_power,15,True,0.09095,0.01126,0.05111,,0.2414,CLOSING,0.0,False,5,False,2
81421,42.7362,spectacles,high_power,15,True,0.09511,0.01089,0.053,,0.2414,CLOSING,0.0,False,5,False,2
81454,42.7695,spectacles,high_power,15,True,0.09346,0.01028,0.05187,,0.2414,CLOSING,0.0,False,5,False,2
81483,42.7975,spectacles,high_power,15,True,0.09283,0.01057,0.0517,,0.2414,CLOSING,0.0,False,5,False,2
81533,42.8487,spectacles,high_power,15,True,0.09772,0.01107,0.05439,,0.2414,CLOSING,0.0,False,5,False,2
81562,42.8789,spectacles,high_power,15,True,0.10393,0.01381,0.05887,,0.2414,CLOSING,0.0,False,5,False,2
81596,42.9108,spectacles,high_power,15,True,0.09949,0.01085,0.05517,,0.2414,CLOSING,0.0,False,5,False,2
81627,42.9432,spectacles,high_power,15,True,0.10431,0.01526,0.05978,,0.2414,CLOSING,0.0,False,5,False,2
81662,42.9785,spectacles,high_power,15,True,0.10395,0.0208,0.06238,,0.2414,CLOSING,0.0,False,5,False,2
81691,43.0058,spectacles,high_power,15,True,0.0921,0.01939,0.05574,,0.2414,CLOSING,0.0,False,5,False,2
81722,43.0377,spectacles,high_power,15,True,0.08763,0.0173,0.05247,,0.2414,CLOSING,0.0,False,5,False,2
81756,43.0711,spectacles,high_power,15,True,0.07985,0.02646,0.05315,,0.2414,CLOSING,0.0,False,5,False,2
81786,43.1012,spectacles,high_power,15,True,0.06614,0.01155,0.03884,,0.2414,CLOSING,0.0,False,5,False,2
81819,43.1339,spectacles,high_power,15,True,0.08529,0.03085,0.05807,,0.2414,CLOSING,0.0,False,5,False,2
81855,43.1699,spectacles,high_power,15,True,0.08744,0.03013,0.05878,,0.2414,CLOSING,0.0,False,5,False,2
81901,43.2159,spectacles,high_power,15,True,0.08514,0.03602,0.06058,,0.2414,CLOSING,0.0,False,5,False,2
81931,43.2477,spectacles,high_power,15,True,0.0885,0.03711,0.06281,,0.2414,CLOSING,0.0,False,5,False,2
81963,43.2785,spectacles,high_power,15,True,0.09699,0.03196,0.06447,,0.2414,CLOSING,0.0,False,5,False,2
81996,43.3109,spectacles,high_power,15,True,0.09981,0.02801,0.06391,,0.2414,CLOSING,0.0,False,5,False,2
82028,43.3435,spectacles,high_power,15,True,0.08546,0.02226,0.05386,,0.2414,CLOSING,0.0,False,5,False,2
82058,43.3737,spectacles,high_power,15,True,0.0933,0.02297,0.05813,,0.2414,CLOSING,0.0,False,5,False,2
82096,43.4109,spectacles,high_power,15,True,0.10479,0.02635,0.06557,,0.2414,CLOSING,0.0,False,5,False,2
82123,43.4377,spectacles,high_power,15,True,0.0986,0.02284,0.06072,,0.2414,CLOSING,0.0,False,5,False,2
82156,43.4713,spectacles,high_power,15,True,0.09003,0.01654,0.05329,,0.2414,CLOSING,0.0,False,5,False,2
82188,43.5027,spectacles,high_power,15,True,0.09241,0.018,0.0552,,0.2414,CLOSING,0.0,False,5,False,2
82221,43.5371,spectacles,high_power,15,True,0.09761,0.0263,0.06196,,0.2414,CLOSING,0.0,False,5,False,2
82269,43.5847,spectacles,high_power,15,True,0.10618,0.03237,0.06927,,0.2414,CLOSING,0.0,False,5,False,2
82305,43.6214,spectacles,high_power,15,True,0.10411,0.03229,0.0682,,0.2414,CLOSING,0.0,False,5,False,2
82331,43.6454,spectacles,high_power,15,True,0.10051,0.02881,0.06466,,0.2414,CLOSING,0.0,False,5,False,2
82362,43.6776,spectacles,high_power,15,True,0.10998,0.02861,0.06929,,0.2414,CLOSING,0.0,False,5,False,2
82395,43.7107,spectacles,high_power,15,True,0.11161,0.0305,0.07106,,0.2414,CLOSING,0.0,False,5,False,2
82428,43.7436,spectacles,high_power,15,True,0.11005,0.02913,0.06959,,0.2414,CLOSING,0.0,False,5,False,2
82458,43.7739,spectacles,high_power,15,True,0.11231,0.03067,0.07149,,0.2414,CLOSING,0.0,False,5,False,2
82492,43.8066,spectacles,high_power,15,True,0.11275,0.03083,0.07179,,0.2414,CLOSING,0.0,False,5,False,2
82527,43.8426,spectacles,high_power,15,True,0.1172,0.03085,0.07403,,0.2414,CLOSING,0.0,False,5,False,2
82556,43.8704,spectacles,high_power,15,True,0.11615,0.02951,0.07283,,0.2414,CLOSING,0.0,False,5,False,2
82605,43.9197,spectacles,high_power,15,True,0.12289,0.03677,0.07983,,0.2414,CLOSING,0.0,False,5,False,2
82635,43.9504,spectacles,high_power,15,True,0.12021,0.03904,0.07963,,0.2414,CLOSING,0.0,False,5,False,2
82669,43.9847,spectacles,high_power,15,True,0.10881,0.03092,0.06987,,0.2414,CLOSING,0.0,False,5,False,2
82699,44.0148,spectacles,high_power,15,True,0.09584,0.03641,0.06612,,0.2414,CLOSING,0.0,False,5,False,2
82735,44.0495,spectacles,high_power,15,True,0.0957,0.03594,0.06582,,0.2414,CLOSING,0.0,False,5,False,2
82763,44.0783,spectacles,high_power,15,True,0.09963,0.0325,0.06606,,0.2414,CLOSING,0.0,False,5,False,2
82797,44.1124,spectacles,high_power,15,True,0.10812,0.04935,0.07873,,0.2414,CLOSING,0.0,False,5,False,2
82827,44.1424,spectacles,high_power,15,True,0.10911,0.05342,0.08127,,0.2414,CLOSING,0.0,False,5,False,2
82860,44.176,spectacles,high_power,15,True,0.11819,0.05643,0.08731,,0.2414,CLOSING,0.0,False,5,False,2
82892,44.2084,spectacles,high_power,15,True,0.11191,0.05459,0.08325,,0.2414,CLOSING,0.0,False,5,False,2
82927,44.2429,spectacles,high_power,15,True,0.13054,0.05457,0.09255,,0.2414,CLOSING,0.0,False,5,False,2
82973,44.2877,spectacles,high_power,15,True,0.12382,0.05206,0.08794,,0.2414,CLOSING,0.0,False,5,False,2
83004,44.3199,spectacles,high_power,15,True,0.12142,0.0509,0.08616,,0.2414,CLOSING,0.0,False,5,False,2
83036,44.3508,spectacles,high_power,15,True,0.12089,0.05298,0.08693,,0.2414,CLOSING,0.0,False,5,False,2
83066,44.381,spectacles,high_power,15,True,0.11929,0.0503,0.0848,,0.2414,CLOSING,0.0,False,5,False,2
83101,44.4161,spectacles,high_power,15,True,0.11041,0.04453,0.07747,,0.2414,CLOSING,0.0,False,5,False,2
83130,44.4457,spectacles,high_power,15,True,0.10861,0.04451,0.07656,,0.2414,CLOSING,0.0,False,5,False,2
83167,44.4824,spectacles,high_power,15,True,0.09342,0.02925,0.06133,,0.2414,CLOSING,0.0,False,5,False,2
83194,44.5094,spectacles,high_power,15,True,0.0933,0.02812,0.06071,,0.2414,CLOSING,0.0,False,5,False,2
83225,44.5397,spectacles,high_power,15,True,0.10023,0.03176,0.06599,,0.2414,CLOSING,0.0,False,5,False,2
83260,44.5724,spectacles,high_power,15,True,0.09065,0.02548,0.05806,,0.2414,CLOSING,0.0,False,5,False,2
83282,44.5952,spectacles,high_power,15,True,0.08573,0.02344,0.05458,,0.2414,CLOSING,0.0,False,5,False,2
83339,44.6536,spectacles,high_power,15,True,0.08261,0.01644,0.04952,,0.2414,CLOSING,0.0,False,5,False,2
83373,44.6888,spectacles,high_power,15,True,0.07969,0.01348,0.04659,,0.2414,CLOSING,0.0,False,5,False,2
83402,44.7176,spectacles,high_power,15,True,0.08047,0.0118,0.04614,,0.2414,CLOSING,0.0,False,5,False,2
83435,44.7497,spectacles,high_power,15,True,0.07567,0.00972,0.0427,,0.2414,CLOSING,0.0,False,5,False,2
83467,44.782,spectacles,high_power,15,True,0.07552,0.00941,0.04247,,0.2414,CLOSING,0.0,False,5,False,2
83499,44.8143,spectacles,high_power,15,True,0.07792,0.00909,0.04351,,0.2414,CLOSING,0.0,False,5,False,2
83531,44.8471,spectacles,high_power,15,True,0.07274,0.00934,0.04104,,0.2414,CLOSING,0.0,False,5,False,2
83568,44.8833,spectacles,high_power,15,True,0.07347,0.00936,0.04141,,0.2414,CLOSING,0.0,False,5,False,2
83613,44.9304,spectacles,high_power,15,True,0.07537,0.00974,0.04256,,0.2414,CLOSING,0.0,False,5,False,2
83640,44.9554,spectacles,high_power,15,True,0.07483,0.01383,0.04433,,0.2414,CLOSING,0.0,False,5,False,2
83666,44.9815,spectacles,high_power,15,True,0.07586,0.01725,0.04656,,0.2414,CLOSING,0.0,False,5,False,2
83691,45.0054,spectacles,high_power,15,True,0.07709,0.01335,0.04522,,0.2414,CLOSING,0.0,False,5,False,2
83742,45.0578,spectacles,high_power,15,True,0.07411,0.01231,0.04321,,0.2414,CLOSING,0.0,False,5,False,2
83772,45.087,spectacles,high_power,15,True,0.06569,0.00921,0.03745,,0.2414,CLOSING,0.0,False,5,False,2
83808,45.1227,spectacles,high_power,15,True,0.0726,0.00941,0.041,,0.2414,CLOSING,0.0,False,5,False,2
83834,45.1495,spectacles,high_power,15,True,0.07288,0.00937,0.04112,,0.2414,CLOSING,0.0,False,5,False,2
83867,45.1822,spectacles,high_power,15,True,0.08212,0.00914,0.04563,,0.2414,CLOSING,0.0,False,5,False,2
83901,45.2164,spectacles,high_power,15,True,0.07953,0.00878,0.04416,,0.2414,CLOSING,0.0,False,5,False,2
83931,45.2467,spectacles,high_power,15,True,0.07942,0.00855,0.04399,,0.2414,CLOSING,0.0,False,5,False,2
83966,45.2808,spectacles,high_power,15,True,0.07928,0.00841,0.04384,,0.2414,CLOSING,0.0,False,5,False,2
83991,45.3086,spectacles,high_power,15,True,0.08074,0.00862,0.04468,,0.2414,CLOSING,0.0,False,5,False,2
84019,45.3348,spectacles,high_power,15,True,0.07961,0.00847,0.04404,,0.2414,CLOSING,0.0,False,5,False,2
84045,45.3607,spectacles,high_power,15,True,0.07375,0.00882,0.04129,,0.2414,CLOSING,0.0,False,5,False,2
84074,45.3895,spectacles,high_power,15,True,0.0629,0.00999,0.03645,,0.2414,CLOSING,0.0,False,5,False,2
84141,45.4576,spectacles,high_power,15,True,0.06259,0.01049,0.03654,,0.2414,CLOSING,0.0,False,5,False,2
84171,45.4891,spectacles,high_power,15,True,0.05539,0.01258,0.03398,,0.2414,CLOSING,0.0,False,5,False,2
84203,45.5142,spectacles,high_power,15,True,0.04644,0.02613,0.03628,,0.2414,CLOSING,0.0,False,5,False,2
84239,45.5556,spectacles,high_power,15,True,0.04562,0.02905,0.03733,,0.2414,CLOSING,0.0,False,5,False,2
84266,45.5809,spectacles,high_power,15,True,0.05519,0.02711,0.04115,,0.2414,CLOSING,0.0,False,5,False,2
84298,45.6144,spectacles,high_power,15,True,0.1023,0.01949,0.06089,,0.2414,CLOSING,0.0,False,5,False,2
84331,45.6462,spectacles,high_power,15,True,0.20277,0.1835,0.19313,0.194,0.2414,CLOSED,3.7128,False,5,False,2
84357,45.6718,spectacles,high_power,15,True,0.24119,0.23563,0.23841,0.20954,0.2414,CLOSED,3.7384,False,5,False,2
84382,45.6972,spectacles,high_power,15,True,0.25917,0.26688,0.26303,0.22826,0.2414,CLOSED,3.7638,False,5,False,2
84411,45.7265,spectacles,high_power,15,True,0.27576,0.28569,0.28073,0.24662,0.2414,OPENING,3.7931,False,5,False,2
84445,45.7605,spectacles,high_power,15,True,0.28457,0.30027,0.29242,0.26265,0.2414,OPEN,3.8271,False,5,True,3
84475,45.7911,spectacles,high_power,15,True,0.3061,0.30898,0.30754,0.27836,0.2414,OPEN,0.0,False,5,False,3
84541,45.857,spectacles,high_power,15,True,0.30731,0.31394,0.31062,0.28966,0.2414,OPEN,0.0,False,5,False,3
84571,45.8862,spectacles,high_power,15,True,0.30755,0.31298,0.31027,0.29687,0.2414,OPEN,0.0,False,5,False,3
84603,45.9187,spectacles,high_power,15,True,0.30789,0.30802,0.30795,0.30075,0.2414,OPEN,0.0,False,5,False,3
84635,45.9508,spectacles,high_power,15,True,0.31522,0.30723,0.31122,0.30442,0.2414,OPEN,0.0,False,5,False,3
84671,45.9871,spectacles,high_power,15,True,0.31498,0.30626,0.31062,0.30659,0.2414,OPEN,0.0,False,5,False,3
84699,46.0145,spectacles,high_power,15,True,0.31584,0.30866,0.31225,0.30857,0.2414,OPEN,0.0,False,5,False,3
84724,46.0401,spectacles,high_power,15,True,0.31735,0.31137,0.31436,0.3106,0.2414,OPEN,0.0,False,5,False,3
84751,46.0657,spectacles,high_power,15,True,0.31742,0.31097,0.3142,0.31186,0.2414,OPEN,0.0,False,5,False,3
84777,46.0931,spectacles,high_power,15,True,0.31748,0.31204,0.31476,0.31287,0.2414,OPEN,0.0,False,5,False,3
84811,46.1275,spectacles,high_power,15,True,0.32322,0.31708,0.32015,0.31542,0.2414,OPEN,0.0,False,5,False,3
84842,46.1569,spectacles,high_power,15,True,0.32685,0.32174,0.32429,0.31853,0.2414,OPEN,0.0,False,5,False,3
84878,46.194,spectacles,high_power,15,True,0.32699,0.32249,0.32474,0.3207,0.2414,OPEN,0.0,False,5,False,3
84941,46.2566,spectacles,high_power,15,True,0.18321,0.11052,0.14687,0.25986,0.2414,OPEN,0.0,False,5,False,3
84971,46.2872,spectacles,high_power,15,True,0.02104,0.04316,0.0321,,0.2414,OPEN,0.0,False,5,False,3
85003,46.3195,spectacles,high_power,15,True,0.01893,0.07619,0.04756,,0.2414,OPEN,0.0,False,5,False,3
85037,46.3535,spectacles,high_power,15,True,0.016,0.07403,0.04501,,0.2414,OPEN,0.0,False,5,False,3
85063,46.3807,spectacles,high_power,15,True,0.02337,0.07233,0.04785,,0.2414,OPEN,0.0,False,5,False,3
85090,46.4046,spectacles,high_power,15,True,0.02991,0.0668,0.04836,,0.2414,OPEN,0.0,False,5,False,3
85123,46.4392,spectacles,high_power,15,True,0.02681,0.0403,0.03355,,0.2414,OPEN,0.0,False,5,False,3
85148,46.463,spectacles,high_power,15,True,0.19134,0.1682,0.17977,0.23183,0.2414,CLOSING,0.0,False,5,False,3
85178,46.4951,spectacles,high_power,15,True,0.27938,0.28048,0.27993,0.24866,0.2414,OPEN,0.0,False,5,False,3
85212,46.5281,spectacles,high_power,15,True,0.32254,0.32818,0.32536,0.27551,0.2414,OPEN,0.0,False,5,False,3
85243,46.56,spectacles,high_power,15,True,0.34029,0.35078,0.34553,0.30002,0.2414,OPEN,0.0,False,5,False,3
85275,46.5915,spectacles,high_power,15,True,0.35161,0.35509,0.35335,0.31868,0.2414,OPEN,0.0,False,5,False,3
85340,46.6557,spectacles,high_power,15,True,0.32194,0.32342,0.32268,0.32008,0.2414,OPEN,0.0,False,5,False,3
85370,46.6873,spectacles,high_power,15,True,0.06963,0.03059,0.05011,,0.2414,OPEN,0.0,False,5,False,3
85403,46.7179,spectacles,high_power,15,True,0.01564,0.06158,0.03861,,0.2414,OPEN,0.0,False,5,False,3
85427,46.7423,spectacles,high_power,15,True,0.01591,0.08407,0.04999,,0.2414,OPEN,0.0,False,5,False,3
85451,46.7668,spectacles,high_power,15,True,0.02694,0.07953,0.05324,,0.2414,OPEN,0.0,False,5,False,3
85481,46.7961,spectacles,high_power,15,True,0.02039,0.03779,0.02909,,0.2414,OPEN,0.0,False,5,False,3
85517,46.8302,spectacles,high_power,15,True,0.18662,0.15239,0.16951,0.26738,0.2414,OPEN,0.0,False,5,False,3
85548,46.8614,spectacles,high_power,15,True,0.27102,0.26527,0.26814,0.26765,0.2414,OPEN,0.0,False,5,False,3
85578,46.8946,spectacles,high_power,15,True,0.32368,0.32001,0.32185,0.28662,0.2414,OPEN,0.0,False,5,False,3
85610,46.926,spectacles,high_power,15,True,0.34152,0.34006,0.34079,0.30558,0.2414,OPEN,0.0,False,5,False,3
85644,46.9597,spectacles,high_power,15,True,0.3513,0.34294,0.34712,0.32012,0.2414,OPEN,0.0,False,5,False,3
85674,46.9915,spectacles,high_power,15,True,0.34375,0.34092,0.34234,0.3279,0.2414,OPEN,0.0,False,5,False,3
85746,47.0647,spectacles,high_power,15,True,0.09295,0.02655,0.05975,,0.2414,OPEN,0.0,False,5,False,3
85775,47.0928,spectacles,high_power,15,True,0.00892,0.04305,0.02598,,0.2414,OPEN,0.0,False,5,False,3
85802,47.1166,spectacles,high_power,15,True,0.01402,0.05648,0.03525,,0.2414,OPEN,0.0,False,5,False,3
85826,47.1409,spectacles,high_power,15,True,0.01098,0.06652,0.03875,,0.2414,OPEN,0.0,False,5,False,3
85850,47.1654,spectacles,high_power,15,True,0.01045,0.07754,0.044,,0.2414,OPEN,0.0,False,5,False,3
85883,47.1979,spectacles,high_power,15,True,0.01141,0.0849,0.04815,,0.2414,OPEN,0.0,False,5,False,3
85915,47.2295,spectacles,high_power,15,True,0.02231,0.07893,0.05062,,0.2414,OPEN,0.0,False,5,False,3
85950,47.2654,spectacles,high_power,15,True,0.03365,0.06704,0.05035,,0.2414,OPEN,0.0,False,5,False,3
85979,47.2952,spectacles,high_power,15,True,0.01915,0.06515,0.04215,,0.2414,OPEN,0.0,False,5,False,3
86010,47.3252,spectacles,high_power,15,True,0.03146,0.04181,0.03664,,0.2414,OPEN,0.0,False,5,False,3
86043,47.3589,spectacles,high_power,15,True,0.06281,0.01966,0.04124,,0.2414,OPEN,0.0,False,5,False,3
86075,47.3904,spectacles,high_power,15,True,0.1263,0.06005,0.09317,,0.2414,OPEN,0.0,False,5,False,3
86106,47.4202,spectacles,high_power,15,True,0.11435,0.04552,0.07993,,0.2414,OPEN,0.0,False,5,False,3
86142,47.4566,spectacles,high_power,15,True,0.11105,0.03717,0.07411,,0.2414,OPEN,0.0,False,5,False,3
86188,47.5037,spectacles,high_power,15,True,0.12369,0.06367,0.09368,,0.2414,OPEN,0.0,False,5,False,3
86218,47.5338,spectacles,high_power,15,True,0.13278,0.06368,0.09823,,0.2414,OPEN,0.0,False,5,False,3
86251,47.5662,spectacles,high_power,15,True,0.12529,0.05677,0.09103,,0.2414,OPEN,0.0,False,5,False,3
86283,47.5988,spectacles,high_power,15,True,0.12448,0.05588,0.09018,,0.2414,OPEN,0.0,False,5,False,3
86316,47.6318,spectacles,high_power,15,True,0.1224,0.05607,0.08923,,0.2414,OPEN,0.0,False,5,False,3
86346,47.6626,spectacles,high_power,15,True,0.12475,0.05543,0.09009,,0.2414,OPEN,0.0,False,5,False,3
86385,47.7004,spectacles,high_power,15,True,0.13241,0.05645,0.09443,,0.2414,OPEN,0.0,False,5,False,3
86420,47.7353,spectacles,high_power,15,True,0.13538,0.06178,0.09858,,0.2414,OPEN,0.0,False,5,False,3
86444,47.7588,spectacles,high_power,15,True,0.13789,0.06583,0.10186,0.24878,0.2414,OPEN,0.0,False,5,False,3
86474,47.7895,spectacles,high_power,15,True,0.1391,0.06422,0.10166,0.19729,0.2414,CLOSING,0.0,False,5,False,3
86525,47.841,spectacles,high_power,15,True,0.14059,0.06362,0.10211,0.16398,0.2414,CLOSED,0.0515,False,5,False,3
86559,47.8741,spectacles,high_power,15,True,0.14181,0.06121,0.10151,0.14211,0.2414,CLOSED,0.0846,False,5,False,3
86589,47.9044,spectacles,high_power,15,True,0.14167,0.06404,0.10285,0.12837,0.2414,CLOSED,0.1149,False,5,False,3
86618,47.9332,spectacles,high_power,15,True,0.14221,0.06354,0.10287,0.11945,0.2414,CLOSED,0.1437,False,5,False,3
86651,47.9659,spectacles,high_power,15,True,0.14205,0.06369,0.10287,0.11365,0.2414,CLOSED,0.1764,False,5,False,3
86682,47.9982,spectacles,high_power,15,True,0.14219,0.0635,0.10285,0.10987,0.2414,CLOSED,0.2086,False,5,False,3
86714,48.0295,spectacles,high_power,15,True,0.15037,0.06952,0.10995,0.10989,0.2414,CLOSED,0.24,False,5,False,3
86746,48.0609,spectacles,high_power,15,True,0.15091,0.07598,0.11345,0.11114,0.2414,CLOSED,0.2714,False,5,False,3
86779,48.0946,spectacles,high_power,15,True,0.15798,0.07685,0.11742,0.11334,0.2414,CLOSED,0.3051,False,5,False,3
86813,48.1264,spectacles,high_power,15,True,0.15638,0.07648,0.11643,0.11442,0.2414,CLOSED,0.3369,False,5,False,3
86843,48.1589,spectacles,high_power,15,True,0.15641,0.07723,0.11682,0.11526,0.2414,CLOSED,0.3694,False,5,False,3
86891,48.2077,spectacles,high_power,15,True,0.16384,0.07979,0.12181,0.11755,0.2414,CLOSED,0.4182,False,5,False,3
86923,48.2387,spectacles,high_power,15,True,0.17381,0.092,0.13291,0.12293,0.2414,CLOSED,0.4492,False,5,False,3
86954,48.2704,spectacles,high_power,15,True,0.18655,0.10244,0.1445,0.13048,0.2414,CLOSED,0.4809,False,5,False,3
86986,48.3013,spectacles,high_power,15,True,0.20818,0.14385,0.17602,0.14642,0.2414,CLOSED,0.5118,False,5,False,3
87022,48.3373,spectacles,high_power,15,True,0.22594,0.18521,0.20557,0.16712,0.2414,CLOSED,0.5478,False,5,False,3
87051,48.3675,spectacles,high_power,15,True,0.23911,0.21357,0.22634,0.18785,0.2414,CLOSED,0.578,False,5,False,3
87082,48.3968,spectacles,high_power,15,True,0.24777,0.22846,0.23812,0.20544,0.2414,CLOSED,0.6073,False,5,False,3
87115,48.4299,spectacles,high_power,15,True,0.25503,0.23615,0.24559,0.21949,0.2414,CLOSED,0.6404,False,5,False,3
87146,48.4612,spectacles,high_power,15,True,0.26525,0.25156,0.2584,0.23311,0.2414,CLOSED,0.6716,False,5,False,3
87180,48.4942,spectacles,high_power,15,True,0.27111,0.25965,0.26538,0.24441,0.2414,OPENING,0.7047,False,5,False,3
87213,48.5285,spectacles,high_power,15,True,0.27512,0.2641,0.26961,0.25323,0.2414,OPEN,0.739,True,6,False,3
87260,48.5768,spectacles,high_power,15,True,0.27719,0.26915,0.27317,0.26021,0.2414,OPEN,0.0,False,6,False,3
87290,48.6047,spectacles,high_power,15,True,0.28029,0.27177,0.27603,0.26574,0.2414,OPEN,0.0,False,6,False,3
87322,48.6372,spectacles,high_power,15,True,0.2807,0.27216,0.27643,0.26948,0.2414,OPEN,0.0,False,6,False,3
87354,48.67,spectacles,high_power,15,True,0.28242,0.27249,0.27745,0.27227,0.2414,OPEN,0.0,False,6,False,3
87387,48.7012,spectacles,high_power,15,True,0.28357,0.27267,0.27812,0.27432,0.2414,OPEN,0.0,False,6,False,3
87418,48.7333,spectacles,high_power,15,True,0.2862,0.27726,0.28173,0.27692,0.2414,OPEN,0.0,False,6,False,3
87455,48.7702,spectacles,high_power,15,True,0.29114,0.28075,0.28595,0.28008,0.2414,OPEN,0.0,False,6,False,3
87483,48.7988,spectacles,high_power,15,True,0.29406,0.28465,0.28935,0.28332,0.2414,OPEN,0.0,False,6,False,3
87516,48.832,spectacles,high_power,15,True,0.29529,0.28523,0.29026,0.28575,0.2414,OPEN,0.0,False,6,False,3
87546,48.8638,spectacles,high_power,15,True,0.29176,0.27871,0.28524,0.28557,0.2414,OPEN,0.0,False,6,False,3
87595,48.9096,spectacles,high_power,15,True,0.14896,0.05016,0.09956,,0.2414,OPEN,0.0,False,6,False,3
87626,48.9427,spectacles,high_power,15,True,0.0471,0.03389,0.0405,,0.2414,OPEN,0.0,False,6,False,3
87665,48.9796,spectacles,high_power,15,True,0.09098,0.01666,0.05382,,0.2414,OPEN,0.0,False,6,False,3
87691,49.0054,spectacles,high_power,15,True,0.08547,0.02773,0.0566,,0.2414,OPEN,0.0,False,6,False,3
87722,49.0363,spectacles,high_power,15,True,0.17701,0.15815,0.16758,0.24428,0.2414,OPEN,0.0,False,6,False,3
87756,49.0691,spectacles,high_power,15,True,0.22783,0.24366,0.23574,0.24129,0.2414,CLOSING,0.0,False,6,False,3
87788,49.1004,spectacles,high_power,15,True,0.25811,0.27934,0.26872,0.25089,0.2414,OPEN,0.0,False,6,False,3
87817,49.133,spectacles,high_power,15,True,0.27696,0.29962,0.28829,0.26398,0.2414,OPEN,0.0,False,6,False,3
87852,49.1664,spectacles,high_power,15,True,0.29054,0.30668,0.29861,0.2761,0.2414,OPEN,0.0,False,6,False,3
87887,49.2013,spectacles,high_power,15,True,0.29043,0.30792,0.29917,0.28418,0.2414,OPEN,0.0,False,6,False,3
87914,49.2296,spectacles,high_power,15,True,0.30192,0.31135,0.30664,0.29204,0.2414,OPEN,0.0,False,6,False,3
87965,49.2814,spectacles,high_power,15,True,0.29887,0.3075,0.30319,0.29594,0.2414,OPEN,0.0,False,6,False,3
87995,49.3117,spectacles,high_power,15,True,0.30043,0.30495,0.30269,0.2983,0.2414,OPEN,0.0,False,6,False,3
88026,49.3414,spectacles,high_power,15,True,0.30191,0.30372,0.30282,0.29988,0.2414,OPEN,0.0,False,6,False,3
88060,49.3759,spectacles,high_power,15,True,0.30481,0.30292,0.30387,0.30128,0.2414,OPEN,0.0,False,6,False,3
88094,49.4098,spectacles,high_power,15,True,0.30524,0.30372,0.30448,0.3024,0.2414,OPEN,0.0,False,6,False,3
88122,49.4379,spectacles,high_power,15,True,0.30699,0.30428,0.30563,0.30353,0.2414,OPEN,0.0,False,6,False,3
88155,49.471,spectacles,high_power,15,True,0.32211,0.31122,0.31666,0.30813,0.2414,OPEN,0.0,False,6,False,3
88186,49.5015,spectacles,high_power,15,True,0.31882,0.31126,0.31504,0.31055,0.2414,OPEN,0.0,False,6,False,3
88219,49.5347,spectacles,high_power,15,True,0.32534,0.3188,0.32207,0.31458,0.2414,OPEN,0.0,False,6,False,3
88251,49.5667,spectacles,high_power,15,True,0.32442,0.31776,0.32109,0.31686,0.2414,OPEN,0.0,False,6,False,3
88286,49.6025,spectacles,high_power,15,True,0.3251,0.319,0.32205,0.31868,0.2414,OPEN,0.0,False,6,False,3
88332,49.6486,spectacles,high_power,15,True,0.32607,0.31897,0.32252,0.32002,0.2414,OPEN,0.0,False,6,False,3
88364,49.6791,spectacles,high_power,15,True,0.32626,0.31864,0.32245,0.32087,0.2414,OPEN,0.0,False,6,False,3
88395,49.7101,spectacles,high_power,15,True,0.32581,0.31806,0.32193,0.32124,0.2414,OPEN,0.0,False,6,False,3
88428,49.7442,spectacles,high_power,15,True,0.32512,0.31893,0.32202,0.32152,0.2414,OPEN,0.0,False,6,False,3
88458,49.7724,spectacles,high_power,15,True,0.32005,0.31535,0.3177,0.32018,0.2414,OPEN,0.0,False,6,False,3
88490,49.8055,spectacles,high_power,15,True,0.15234,0.05818,0.10526,0.24496,0.2414,OPEN,0.0,False,6,False,3
88526,49.8407,spectacles,high_power,15,True,0.05931,0.01612,0.03771,,0.2414,OPEN,0.0,False,6,False,3
88554,49.8693,spectacles,high_power,15,True,0.05827,0.03048,0.04437,,0.2414,OPEN,0.0,False,6,False,3
88586,49.9013,spectacles,high_power,15,True,0.04451,0.04419,0.04435,,0.2414,OPEN,0.0,False,6,False,3
88619,49.9341,spectacles,high_power,15,True,0.03653,0.05365,0.04509,,0.2414,OPEN,0.0,False,6,False,3
88669,49.9842,spectacles,high_power,15,True,0.03226,0.04578,0.03902,,0.2414,OPEN,0.0,False,6,False,3
88698,50.0141,spectacles,high_power,15,True,0.03721,0.02889,0.03305,,0.2414,OPEN,0.0,False,6,False,3
88733,50.0484,spectacles,high_power,15,True,0.06826,0.03098,0.04962,,0.2414,OPEN,0.0,False,6,False,3
88762,50.0769,spectacles,high_power,15,True,0.13035,0.04674,0.08855,,0.2414,OPEN,0.0,False,6,False,3
88795,50.1102,spectacles,high_power,15,True,0.15017,0.05276,0.10147,0.19474,0.2414,CLOSING,0.0,False,6,False,3
88826,50.1411,spectacles,high_power,15,True,0.16658,0.07669,0.12164,0.16915,0.2414,CLOSING,0.031,False,6,False,3
88859,50.1756,spectacles,high_power,15,True,0.16089,0.07557,0.11823,0.15133,0.2414,CLOSED,0.0655,False,6,False,3
88891,50.2075,spectacles,high_power,15,True,0.1585,0.07669,0.11759,0.13952,0.2414,CLOSED,0.0974,False,6,False,3
88923,50.2392,spectacles,high_power,15,True,0.16102,0.06926,0.11514,0.13099,0.2414,CLOSED,0.129,False,6,False,3
88956,50.2731,spectacles,high_power,15,True,0.16124,0.07067,0.11596,0.12573,0.2414,CLOSED,0.163,False,6,False,3
88986,50.2993,spectacles,high_power,15,True,0.12953,0.04597,0.08775,,0.2414,CLOSED,0.0,False,6,False,3
89037,50.3535,spectacles,high_power,15,True,0.04097,0.04315,0.04206,,0.2414,CLOSED,0.0,False,6,False,3
89068,50.3844,spectacles,high_power,15,True,0.04263,0.05031,0.04647,,0.2414,CLOSED,0.0,False,6,False,3
89099,50.4156,spectacles,high_power,15,True,0.03713,0.05389,0.04551,,0.2414,CLOSED,0.0,False,6,False,3
89131,50.4458,spectacles,high_power,15,True,0.04217,0.04833,0.04525,,0.2414,CLOSED,0.0,False,6,False,3
89168,50.4839,spectacles,high_power,15,True,0.07357,0.03076,0.05217,,0.2414,CLOSED,0.0,False,6,False,3
89195,50.51,spectacles,high_power,15,True,0.1762,0.12399,0.15009,0.13426,0.2414,CLOSED,0.3998,False,6,False,3
89226,50.542,spectacles,high_power,15,True,0.21897,0.17964,0.1993,0.15702,0.2414,CLOSED,0.4318,False,6,False,3
89258,50.5741,spectacles,high_power,15,True,0.2468,0.22552,0.23616,0.18472,0.2414,CLOSED,0.4639,False,6,False,3
89291,50.6066,spectacles,high_power,15,True,0.27759,0.26636,0.27198,0.21526,0.2414,CLOSED,0.4965,False,6,False,3
89323,50.6379,spectacles,high_power,15,True,0.30679,0.30595,0.30637,0.24715,0.2414,OPENING,0.5277,False,6,False,3
89360,50.676,spectacles,high_power,15,True,0.30413,0.30186,0.30299,0.2667,0.2414,OPEN,0.5658,True,7,False,3
89404,50.7196,spectacles,high_power,15,True,0.2827,0.29393,0.28832,0.27426,0.2414,OPEN,0.0,False,7,False,3
89434,50.7499,spectacles,high_power,15,True,0.09464,0.04229,0.06847,,0.2414,OPEN,0.0,False,7,False,3
89467,50.7825,spectacles,high_power,15,True,0.03832,0.03494,0.03663,,0.2414,OPEN,0.0,False,7,False,3
89500,50.8156,spectacles,high_power,15,True,0.03808,0.05059,0.04434,,0.2414,OPEN,0.0,False,7,False,3
89531,50.8473,spectacles,high_power,15,True,0.07137,0.01458,0.04298,,0.2414,OPEN,0.0,False,7,False,3
89562,50.8776,spectacles,high_power,15,True,0.16751,0.10126,0.13438,0.22531,0.2414,CLOSING,0.0,False,7,False,3
89597,50.9116,spectacles,high_power,15,True,0.24071,0.20887,0.22479,0.22512,0.2414,CLOSING,0.034,False,7,False,3
89627,50.9425,spectacles,high_power,15,True,0.27347,0.24992,0.2617,0.23793,0.2414,CLOSED,0.0648,False,7,False,3
89658,50.9736,spectacles,high_power,15,True,0.29444,0.27554,0.28499,0.2544,0.2414,OPENING,0.096,False,7,False,3
89692,51.0084,spectacles,high_power,15,True,0.3019,0.2933,0.2976,0.26952,0.2414,OPEN,0.1307,True,8,False,3
89740,51.0554,spectacles,high_power,15,True,0.30622,0.29273,0.29947,0.28,0.2414,OPEN,0.0,False,8,False,3
89771,51.0874,spectacles,high_power,15,True,0.31217,0.29292,0.30255,0.28789,0.2414,OPEN,0.0,False,8,False,3
89805,51.1202,spectacles,high_power,15,True,0.14904,0.0664,0.10772,0.22483,0.2414,CLOSING,0.0,False,8,False,3
89835,51.1499,spectacles,high_power,15,True,0.03961,0.04085,0.04023,,0.2414,CLOSING,0.0,False,8,False,3
89866,51.1814,spectacles,high_power,15,True,0.03293,0.06898,0.05095,,0.2414,CLOSING,0.0,False,8,False,3
89900,51.2142,spectacles,high_power,15,True,0.06595,0.04922,0.05759,,0.2414,CLOSING,0.0,False,8,False,3
89931,51.2458,spectacles,high_power,15,True,0.08503,0.01421,0.04962,,0.2414,CLOSING,0.0,False,8,False,3
89965,51.2785,spectacles,high_power,15,True,0.17913,0.13517,0.15715,0.20114,0.2414,CLOSED,0.1583,False,8,False,3
89994,51.3067,spectacles,high_power,15,True,0.26291,0.25089,0.2569,0.22066,0.2414,CLOSED,0.1865,False,8,False,3
90030,51.3454,spectacles,high_power,15,True,0.31327,0.32095,0.31711,0.25442,0.2414,OPENING,0.2252,False,8,False,3
90059,51.3739,spectacles,high_power,15,True,0.33639,0.33744,0.33692,0.28329,0.2414,OPEN,0.2537,True,9,False,3
90083,51.3991,spectacles,high_power,15,True,0.34525,0.34384,0.34455,0.30473,0.2414,OPEN,0.0,False,9,False,3
90138,51.4546,spectacles,high_power,15,True,0.36206,0.35957,0.36081,0.32436,0.2414,OPEN,0.0,False,9,False,3
90171,51.4861,spectacles,high_power,15,True,0.37166,0.37152,0.37159,0.34089,0.2414,OPEN,0.0,False,9,False,3
90204,51.5218,spectacles,high_power,15,True,0.37683,0.37805,0.37744,0.35368,0.2414,OPEN,0.0,False,9,False,3
90236,51.5526,spectacles,high_power,15,True,0.37544,0.37458,0.37501,0.36115,0.2414,OPEN,0.0,False,9,False,3
90266,51.5814,spectacles,high_power,15,True,0.37271,0.371,0.37186,0.3649,0.2414,OPEN,0.0,False,9,False,3
90298,51.611,spectacles,high_power,15,True,0.36978,0.36815,0.36897,0.36632,0.2414,OPEN,0.0,False,9,False,3
90330,51.6461,spectacles,high_power,15,True,0.37102,0.36774,0.36938,0.36739,0.2414,OPEN,0.0,False,9,False,3
90362,51.6772,spectacles,high_power,15,True,0.37209,0.36772,0.3699,0.36827,0.2414,OPEN,0.0,False,9,False,3
90394,51.708,spectacles,high_power,15,True,0.3722,0.37035,0.37128,0.36932,0.2414,OPEN,0.0,False,9,False,3
90417,51.7356,spectacles,high_power,15,True,0.37172,0.37095,0.37133,0.37003,0.2414,OPEN,0.0,False,9,False,3
90445,51.7594,spectacles,high_power,15,True,0.36966,0.36943,0.36955,0.36986,0.2414,OPEN,0.0,False,9,False,3
90474,51.7885,spectacles,high_power,15,True,0.36757,0.36666,0.36712,0.3689,0.2414,OPEN,0.0,False,9,False,3
90540,51.8564,spectacles,high_power,15,True,0.36077,0.36217,0.36147,0.3663,0.2414,OPEN,0.0,False,9,False,3
90570,51.8861,spectacles,high_power,15,True,0.35691,0.35877,0.35784,0.36334,0.2414,OPEN,0.0,False,9,False,3
90602,51.9199,spectacles,high_power,15,True,0.35809,0.35901,0.35855,0.36167,0.2414,OPEN,0.0,False,9,False,3
90635,51.9512,spectacles,high_power,15,True,0.35918,0.3593,0.35924,0.36082,0.2414,OPEN,0.0,False,9,False,3
90669,51.9837,spectacles,high_power,15,True,0.35357,0.34878,0.35117,0.35744,0.2414,OPEN,0.0,False,9,False,3
90699,52.0139,spectacles,high_power,15,True,0.2718,0.20047,0.23613,0.31498,0.2414,OPEN,0.0,False,9,False,3
90731,52.0464,spectacles,high_power,15,True,0.04446,0.03086,0.03766,,0.2414,OPEN,0.0,False,9,False,3
90762,52.0768,spectacles,high_power,15,True,0.02231,0.07703,0.04967,,0.2414,OPEN,0.0,False,9,False,3
90786,52.1025,spectacles,high_power,15,True,0.02512,0.07076,0.04794,,0.2414,OPEN,0.0,False,9,False,3
90811,52.1264,spectacles,high_power,15,True,0.07747,0.02634,0.05191,,0.2414,OPEN,0.0,False,9,False,3
90842,52.1581,spectacles,high_power,15,True,0.07511,0.00424,0.03967,,0.2414,OPEN,0.0,False,9,False,3
90876,52.1916,spectacles,high_power,15,True,0.22165,0.19493,0.20829,0.27764,0.2414,OPEN,0.0,False,9,False,3
90940,52.2554,spectacles,high_power,15,True,0.33174,0.33564,0.33369,0.29726,0.2414,OPEN,0.0,False,9,False,3
90971,52.2852,spectacles,high_power,15,True,0.35068,0.36404,0.35736,0.31829,0.2414,OPEN,0.0,False,9,False,3
91002,52.317,spectacles,high_power,15,True,0.36087,0.37172,0.3663,0.3351,0.2414,OPEN,0.0,False,9,False,3
91034,52.3498,spectacles,high_power,15,True,0.36753,0.37048,0.36901,0.34696,0.2414,OPEN,0.0,False,9,False,3
91067,52.3828,spectacles,high_power,15,True,0.32738,0.33659,0.33198,0.34172,0.2414,OPEN,0.0,False,9,False,3
91101,52.4156,spectacles,high_power,15,True,0.13004,0.10147,0.11575,0.26263,0.2414,OPEN,0.0,False,9,False,3
91131,52.4459,spectacles,high_power,15,True,0.10346,0.04788,0.07567,,0.2414,OPEN,0.0,False,9,False,3
91156,52.4718,spectacles,high_power,15,True,0.08554,0.03425,0.05989,,0.2414,OPEN,0.0,False,9,False,3
91180,52.4957,spectacles,high_power,15,True,0.07172,0.03383,0.05277,,0.2414,OPEN,0.0,False,9,False,3
91211,52.5262,spectacles,high_power,15,True,0.0996,0.04434,0.07197,,0.2414,OPEN,0.0,False,9,False,3
91243,52.5571,spectacles,high_power,15,True,0.13167,0.09021,0.11094,0.20954,0.2414,CLOSING,0.0,False,9,False,3
91276,52.593,spectacles,high_power,15,True,0.12619,0.06062,0.09341,,0.2414,CLOSING,0.0,False,9,False,3
91341,52.6578,spectacles,high_power,15,True,0.08371,0.04049,0.0621,,0.2414,CLOSING,0.0,False,9,False,3
91371,52.686,spectacles,high_power,15,True,0.08678,0.03807,0.06243,,0.2414,CLOSING,0.0,False,9,False,3
91402,52.717,spectacles,high_power,15,True,0.17763,0.14202,0.15983,0.19214,0.2414,CLOSED,0.1599,False,9,False,3
91434,52.7501,spectacles,high_power,15,True,0.25324,0.24356,0.2484,0.21183,0.2414,CLOSED,0.193,False,9,False,3
91466,52.7819,spectacles,high_power,15,True,0.28512,0.28222,0.28367,0.23697,0.2414,CLOSED,0.2248,False,9,False,3
91492,52.8102,spectacles,high_power,15,True,0.30043,0.29616,0.29829,0.25844,0.2414,OPENING,0.253,False,9,False,3
91519,52.8343,spectacles,high_power,15,True,0.30742,0.29725,0.30233,0.2738,0.2414,OPEN,0.2772,True,10,False,3
91546,52.8618,spectacles,high_power,15,True,0.15869,0.09038,0.12454,0.22156,0.2414,CLOSING,0.0,False,10,False,3
91580,52.8958,spectacles,high_power,15,True,0.08337,0.02602,0.0547,,0.2414,CLOSING,0.0,False,10,False,3
91611,52.9269,spectacles,high_power,15,True,0.0785,0.02835,0.05343,,0.2414,CLOSING,0.0,False,10,False,3
91642,52.9578,spectacles,high_power,15,True,0.08282,0.02982,0.05632,,0.2414,CLOSING,0.0,False,10,False,3
91675,52.9904,spectacles,high_power,15,True,0.11831,0.02321,0.07076,,0.2414,CLOSING,0.0,False,10,False,3
91746,53.0619,spectacles,high_power,15,True,0.24608,0.23544,0.24076,0.22828,0.2414,CLOSED,0.2002,False,10,False,3
91771,53.088,spectacles,high_power,15,True,0.28675,0.27919,0.28297,0.24742,0.2414,OPENING,0.2262,False,10,False,3
91804,53.1206,spectacles,high_power,15,True,0.3072,0.30389,0.30555,0.26777,0.2414,OPEN,0.2588,True,11,False,3
91836,53.1516,spectacles,high_power,15,True,0.31708,0.29969,0.30838,0.28198,0.2414,OPEN,0.0,False,11,False,3
91862,53.1774,spectacles,high_power,15,True,0.32065,0.29822,0.30943,0.29159,0.2414,OPEN,0.0,False,11,False,3
91887,53.2034,spectacles,high_power,15,True,0.14512,0.05715,0.10114,0.22493,0.2414,CLOSING,0.0,False,11,False,3
91931,53.2513,spectacles,high_power,15,True,0.07545,0.0198,0.04763,,0.2414,CLOSING,0.0,False,11,False,3
91962,53.2767,spectacles,high_power,15,True,0.04932,0.03565,0.04248,,0.2414,CLOSING,0.0,False,11,False,3
91986,53.3024,spectacles,high_power,15,True,0.07767,0.01081,0.04424,,0.2414,CLOSING,0.0,False,11,False,3
92012,53.3281,spectacles,high_power,15,True,0.18058,0.12241,0.1515,0.19923,0.2414,CLOSED,0.1248,False,11,False,3
92043,53.3591,spectacles,high_power,15,True,0.26045,0.24154,0.25099,0.21735,0.2414,CLOSED,0.1557,False,11,False,3
92074,53.3891,spectacles,high_power,15,True,0.32109,0.30864,0.31486,0.25148,0.2414,OPENING,0.1857,False,11,False,3
92141,53.4584,spectacles,high_power,15,True,0.36132,0.35602,0.35867,0.28899,0.2414,OPEN,0.255,True,12,False,3
92176,53.4922,spectacles,high_power,15,True,0.3575,0.35524,0.35637,0.31258,0.2414,OPEN,0.0,False,12,False,3
92210,53.5241,spectacles,high_power,15,True,0.35727,0.35592,0.3566,0.32798,0.2414,OPEN,0.0,False,12,False,3
92233,53.545,spectacles,high_power,15,True,0.2395,0.15175,0.19562,0.28166,0.2414,OPEN,0.0,False,12,False,3
92254,53.5671,spectacles,high_power,15,True,0.12859,0.01889,0.07374,,0.2414,OPEN,0.0,False,12,False,3
92287,53.6026,spectacles,high_power,15,True,0.07389,0.03442,0.05415,,0.2414,OPEN,0.0,False,12,False,3
92315,53.6311,spectacles,high_power,15,True,0.11009,0.01286,0.06148,,0.2414,OPEN,0.0,False,12,False,3
92347,53.6619,spectacles,high_power,15,True,0.17369,0.09508,0.13438,0.23011,0.2414,CLOSING,0.0,False,12,False,3
92379,53.694,spectacles,high_power,15,True,0.23427,0.21971,0.22699,0.22902,0.2414,CLOSING,0.0321,False,12,False,3
92416,53.7304,spectacles,high_power,15,True,0.27786,0.28421,0.28104,0.24722,0.2414,OPEN,0.0,False,12,False,3
92442,53.7575,spectacles,high_power,15,True,0.29972,0.30816,0.30394,0.26708,0.2414,OPEN,0.0,False,12,False,3
92475,53.7907,spectacles,high_power,15,True,0.31357,0.32626,0.31991,0.28557,0.2414,OPEN,0.0,False,12,False,3
92541,53.8584,spectacles,high_power,15,True,0.33609,0.34971,0.3429,0.30563,0.2414,OPEN,0.0,False,12,False,3
92569,53.8852,spectacles,high_power,15,True,0.3403,0.35434,0.34732,0.32022,0.2414,OPEN,0.0,False,12,False,3
92595,53.9088,spectacles,high_power,15,True,0.34637,0.35733,0.35185,0.33129,0.2414,OPEN,0.0,False,12,False,3
92635,53.953,spectacles,high_power,15,True,0.34602,0.35622,0.35112,0.33823,0.2414,OPEN,0.0,False,12,False,3
92663,53.9789,spectacles,high_power,15,True,0.34667,0.35464,0.35065,0.34258,0.2414,OPEN,0.0,False,12,False,3
92690,54.0052,spectacles,high_power,15,True,0.34864,0.35457,0.3516,0.34574,0.2414,OPEN,0.0,False,12,False,3
92715,54.0299,spectacles,high_power,15,True,0.34962,0.35664,0.35313,0.34833,0.2414,OPEN,0.0,False,12,False,3
92747,54.063,spectacles,high_power,15,True,0.3521,0.35594,0.35402,0.35032,0.2414,OPEN,0.0,False,12,False,3
92779,54.094,spectacles,high_power,15,True,0.35286,0.35708,0.35497,0.35195,0.2414,OPEN,0.0,False,12,False,3
92811,54.127,spectacles,high_power,15,True,0.35087,0.35434,0.35261,0.35218,0.2414,OPEN,0.0,False,12,False,3
92844,54.1591,spectacles,high_power,15,True,0.34778,0.35075,0.34927,0.35116,0.2414,OPEN,0.0,False,12,False,3
92875,54.1904,spectacles,high_power,15,True,0.34788,0.34992,0.3489,0.35037,0.2414,OPEN,0.0,False,12,False,3
92908,54.2246,spectacles,high_power,15,True,0.34768,0.34895,0.34831,0.34965,0.2414,OPEN,0.0,False,12,False,3
92956,54.2736,spectacles,high_power,15,True,0.34716,0.34723,0.34719,0.34879,0.2414,OPEN,0.0,False,12,False,3
92986,54.3028,spectacles,high_power,15,True,0.34523,0.34633,0.34578,0.34774,0.2414,OPEN,0.0,False,12,False,3
93019,54.3359,spectacles,high_power,15,True,0.34369,0.34439,0.34404,0.34644,0.2414,OPEN,0.0,False,12,False,3
93056,54.373,spectacles,high_power,15,True,0.3414,0.34164,0.34152,0.34472,0.2414,OPEN,0.0,False,12,False,3
93088,54.4048,spectacles,high_power,15,True,0.34217,0.34265,0.34241,0.34391,0.2414,OPEN,0.0,False,12,False,3
93117,54.434,spectacles,high_power,15,True,0.34116,0.34099,0.34108,0.34292,0.2414,OPEN,0.0,False,12,False,3
93149,54.4654,spectacles,high_power,15,True,0.34315,0.34152,0.34234,0.34272,0.2414,OPEN,0.0,False,12,False,3
93179,54.496,spectacles,high_power,15,True,0.3415,0.33879,0.34015,0.34182,0.2414,OPEN,0.0,False,12,False,3
93210,54.5274,spectacles,high_power,15,True,0.34223,0.33724,0.33973,0.34109,0.2414,OPEN,0.0,False,12,False,3
93248,54.5654,spectacles,high_power,15,True,0.34289,0.33872,0.3408,0.34099,0.2414,OPEN,0.0,False,12,False,3
93282,54.5983,spectacles,high_power,15,True,0.33625,0.33581,0.33603,0.33925,0.2414,OPEN,0.0,False,12,False,3
93323,54.6391,spectacles,high_power,15,True,0.07276,0.04056,0.05666,,0.2414,OPEN,0.0,False,12,False,3
93354,54.6709,spectacles,high_power,15,True,0.03179,0.0197,0.02575,,0.2414,OPEN,0.0,False,12,False,3
93385,54.7009,spectacles,high_power,15,True,0.04076,0.03371,0.03723,,0.2414,OPEN,0.0,False,12,False,3
93418,54.735,spectacles,high_power,15,True,0.04602,0.01479,0.0304,,0.2414,OPEN,0.0,False,12,False,3
93451,54.7677,spectacles,high_power,15,True,0.09568,0.02355,0.05961,,0.2414,OPEN,0.0,False,12,False,3
93490,54.8077,spectacles,high_power,15,True,0.18027,0.19545,0.18786,0.28627,0.2414,OPEN,0.0,False,12,False,3
93525,54.8439,spectacles,high_power,15,True,0.23504,0.28799,0.26151,0.2776,0.2414,OPEN,0.0,False,12,False,3
93557,54.8718,spectacles,high_power,15,True,0.27978,0.3252,0.30249,0.28631,0.2414,OPEN,0.0,False,12,False,3
93581,54.8957,spectacles,high_power,15,True,0.31392,0.33802,0.32597,0.30019,0.2414,OPEN,0.0,False,12,False,3
93610,54.9252,spectacles,high_power,15,True,0.34292,0.34237,0.34265,0.31505,0.2414,OPEN,0.0,False,12,False,3
93642,54.9567,spectacles,high_power,15,True,0.36525,0.35552,0.36038,0.33092,0.2414,OPEN,0.0,False,12,False,3
93699,55.0152,spectacles,high_power,15,True,0.38165,0.37366,0.37766,0.34728,0.2414,OPEN,0.0,False,12,False,3
93725,55.0443,spectacles,high_power,15,True,0.38303,0.37573,0.37938,0.35851,0.2414,OPEN,0.0,False,12,False,3
93755,55.0702,spectacles,high_power,15,True,0.3896,0.3956,0.3926,0.37044,0.2414,OPEN,0.0,False,12,False,3
93786,55.1011,spectacles,high_power,15,True,0.40568,0.4155,0.41059,0.3845,0.2414,OPEN,0.0,False,12,False,3
93819,55.1346,spectacles,high_power,15,True,0.39813,0.4109,0.40452,0.3915,0.2414,OPEN,0.0,False,12,False,3
93850,55.1657,spectacles,high_power,15,True,0.39707,0.4143,0.40569,0.39647,0.2414,OPEN,0.0,False,12,False,3
93883,55.1977,spectacles,high_power,15,True,0.3902,0.40903,0.39962,0.39757,0.2414,OPEN,0.0,False,12,False,3
93919,55.2343,spectacles,high_power,15,True,0.40429,0.42021,0.41225,0.40271,0.2414,OPEN,0.0,False,12,False,3
93947,55.2628,spectacles,high_power,15,True,0.41811,0.4289,0.42351,0.40999,0.2414,OPEN,0.0,False,12,False,3
93978,55.2941,spectacles,high_power,15,True,0.43093,0.43759,0.43426,0.41848,0.2414,OPEN,0.0,False,12,False,3
94027,55.343,spectacles,high_power,15,True,0.43028,0.43046,0.43037,0.42264,0.2414,OPEN,0.0,False,12,False,3
94059,55.375,spectacles,high_power,15,True,0.29483,0.32369,0.30926,0.38296,0.2414,OPEN,0.0,False,12,False,3
94091,55.4066,spectacles,high_power,15,True,0.10077,0.09782,0.0993,,0.2414,OPEN,0.0,False,12,False,3
94125,55.4412,spectacles,high_power,15,True,0.03354,0.04748,0.04051,,0.2414,OPEN,0.0,False,12,False,3
94155,55.4712,spectacles,high_power,15,True,0.07726,0.02814,0.0527,,0.2414,OPEN,0.0,False,12,False,3
94186,55.5018,spectacles,high_power,15,True,0.1,0.05983,0.07992,,0.2414,OPEN,0.0,False,12,False,3
94217,55.5328,spectacles,high_power,15,True,0.14737,0.03653,0.09195,,0.2414,OPEN,0.0,False,12,False,3
94251,55.5659,spectacles,high_power,15,True,0.24267,0.13955,0.19111,0.31581,0.2414,OPEN,0.0,False,12,False,3
94282,55.5978,spectacles,high_power,15,True,0.32746,0.29186,0.30966,0.31366,0.2414,OPEN,0.0,False,12,False,3
94317,55.633,spectacles,high_power,15,True,0.39811,0.37272,0.38542,0.33877,0.2414,OPEN,0.0,False,12,False,3
94348,55.6631,spectacles,high_power,15,True,0.41831,0.39543,0.40687,0.36261,0.2414,OPEN,0.0,False,12,False,3
94396,55.7091,spectacles,high_power,15,True,0.41259,0.40473,0.40866,0.37873,0.2414,OPEN,0.0,False,12,False,3
94426,55.7421,spectacles,high_power,15,True,0.41102,0.40303,0.40702,0.38863,0.2414,OPEN,0.0,False,12,False,3
94458,55.7716,spectacles,high_power,15,True,0.41989,0.40914,0.41452,0.39769,0.2414,OPEN,0.0,False,12,False,3
94490,55.8018,spectacles,high_power,15,True,0.43016,0.42412,0.42714,0.408,0.2414,OPEN,0.0,False,12,False,3
94523,55.8381,spectacles,high_power,15,True,0.43185,0.42282,0.42734,0.41477,0.2414,OPEN,0.0,False,12,False,3
94558,55.8733,spectacles,high_power,15,True,0.42018,0.40522,0.4127,0.41404,0.2414,OPEN,0.0,False,12,False,3
94586,55.9011,spectacles,high_power,15,True,0.43838,0.42144,0.42991,0.41959,0.2414,OPEN,0.0,False,12,False,3
94619,55.9332,spectacles,high_power,15,True,0.43444,0.41787,0.42616,0.42189,0.2414,OPEN,0.0,False,12,False,3
94650,55.9655,spectacles,high_power,15,True,0.44236,0.43366,0.43801,0.42753,0.2414,OPEN,0.0,False,12,False,3
94683,55.9989,spectacles,high_power,15,True,0.45255,0.44101,0.44678,0.43427,0.2414,OPEN,0.0,False,12,False,3
94714,56.0289,spectacles,high_power,15,True,0.44383,0.43752,0.44068,0.43651,0.2414,OPEN,0.0,False,12,False,3
94769,56.084,spectacles,high_power,15,True,0.24646,0.18805,0.21725,0.35977,0.2414,OPEN,0.0,False,12,False,3
94803,56.12,spectacles,high_power,15,True,0.06162,0.02775,0.04468,,0.2414,OPEN,0.0,False,12,False,3
94829,56.1453,spectacles,high_power,15,True,0.02755,0.03539,0.03147,,0.2414,OPEN,0.0,False,12,False,3
94859,56.1765,spectacles,high_power,15,True,0.01537,0.04595,0.03066,,0.2414,OPEN,0.0,False,12,False,3
94890,56.2038,spectacles,high_power,15,True,0.0327,0.06952,0.05111,,0.2414,OPEN,0.0,False,12,False,3
94922,56.2373,spectacles,high_power,15,True,0.03587,0.06071,0.04829,,0.2414,OPEN,0.0,False,12,False,3
94954,56.2704,spectacles,high_power,15,True,0.02501,0.0465,0.03576,,0.2414,OPEN,0.0,False,12,False,3
94991,56.3063,spectacles,high_power,15,True,0.10088,0.05705,0.07897,,0.2414,OPEN,0.0,False,12,False,3
95019,56.3343,spectacles,high_power,15,True,0.2473,0.2246,0.23595,0.31643,0.2414,OPEN,0.0,False,12,False,3
95050,56.3662,spectacles,high_power,15,True,0.34903,0.34597,0.3475,0.32731,0.2414,OPEN,0.0,False,12,False,3
95100,56.4162,spectacles,high_power,15,True,0.39781,0.40137,0.39959,0.35261,0.2414,OPEN,0.0,False,12,False,3
95130,56.4464,spectacles,high_power,15,True,0.4164,0.41451,0.41545,0.3746,0.2414,OPEN,0.0,False,12,False,3
95163,56.4786,spectacles,high_power,15,True,0.39249,0.37833,0.38541,0.37839,0.2414,OPEN,0.0,False,12,False,3
95197,56.5128,spectacles,high_power,15,True,0.05946,0.07589,0.06768,,0.2414,OPEN,0.0,False,12,False,3
95226,56.5416,spectacles,high_power,15,True,0.02051,0.02767,0.02409,,0.2414,OPEN,0.0,False,12,False,3
95259,56.5746,spectacles,high_power,15,True,0.02657,0.06381,0.04519,,0.2414,OPEN,0.0,False,12,False,3
95290,56.6058,spectacles,high_power,15,True,0.06475,0.04116,0.05296,,0.2414,OPEN,0.0,False,12,False,3
95323,56.6383,spectacles,high_power,15,True,0.17226,0.11015,0.14121,0.29537,0.2414,OPEN,0.0,False,12,False,3
95354,56.6686,spectacles,high_power,15,True,0.25541,0.21164,0.23352,0.27373,0.2414,OPEN,0.0,False,12,False,3
95389,56.7039,spectacles,high_power,15,True,0.29179,0.25218,0.27198,0.27312,0.2414,OPEN,0.0,False,12,False,3
95419,56.7356,spectacles,high_power,15,True,0.15638,0.10344,0.12991,0.223,0.2414,CLOSING,0.0,False,12,False,3
95469,56.7849,spectacles,high_power,15,True,0.03734,0.04985,0.04359,,0.2414,CLOSING,0.0,False,12,False,3
95498,56.814,spectacles,high_power,15,True,0.03538,0.07505,0.05522,,0.2414,CLOSING,0.0,False,12,False,3
95530,56.8451,spectacles,high_power,15,True,0.0406,0.03918,0.03989,,0.2414,CLOSING,0.0,False,12,False,3
95563,56.8789,spectacles,high_power,15,True,0.13245,0.09454,0.1135,0.18467,0.2414,CLOSED,0.1433,False,12,False,3
95594,56.9094,spectacles,high_power,15,True,0.17453,0.15113,0.16283,0.17703,0.2414,CLOSED,0.1738,False,12,False,3
95629,56.9463,spectacles,high_power,15,True,0.21229,0.19097,0.20163,0.18564,0.2414,CLOSED,0.2107,False,12,False,3
95660,56.9767,spectacles,high_power,15,True,0.25837,0.23743,0.2479,0.20743,0.2414,CLOSED,0.2411,False,12,False,3
95691,57.008,spectacles,high_power,15,True,0.29486,0.26642,0.28064,0.23305,0.2414,CLOSED,0.2724,False,12,False,3
95721,57.0385,spectacles,high_power,15,True,0.31127,0.29105,0.30116,0.25689,0.2414,OPENING,0.3029,False,12,False,3
95755,57.071,spectacles,high_power,15,True,0.12402,0.0709,0.09746,,0.2414,OPENING,0.0,False,12,False,3
95787,57.1032,spectacles,high_power,15,True,0.05883,0.05479,0.05681,,0.2414,OPENING,0.0,False,12,False,3
95840,57.1554,spectacles,high_power,15,True,0.10786,0.03933,0.07359,,0.2414,OPENING,0.0,False,12,False,3
95866,57.1827,spectacles,high_power,15,True,0.1398,0.06235,0.10107,0.20235,0.2414,CLOSED,0.4471,False,12,False,3
95899,57.214,spectacles,high_power,15,True,0.26865,0.19682,0.23273,0.21299,0.2414,CLOSED,0.4784,False,12,False,3
95931,57.246,spectacles,high_power,15,True,0.32315,0.28444,0.3038,0.24477,0.2414,OPENING,0.5105,False,12,False,3
95962,57.2794,spectacles,high_power,15,True,0.34561,0.33277,0.33919,0.27782,0.2414,OPEN,0.5438,True,13,False,3
95994,57.3088,spectacles,high_power,15,True,0.35297,0.34852,0.35074,0.30334,0.2414,OPEN,0.0,False,13,False,3
96026,57.3412,spectacles,high_power,15,True,0.35012,0.35484,0.35248,0.32054,0.2414,OPEN,0.0,False,13,False,3
96061,57.3769,spectacles,high_power,15,True,0.35854,0.36168,0.36011,0.33439,0.2414,OPEN,0.0,False,13,False,3
96091,57.4071,spectacles,high_power,15,True,0.36747,0.3741,0.37078,0.34713,0.2414,OPEN,0.0,False,13,False,3
96122,57.4376,spectacles,high_power,15,True,0.37498,0.38456,0.37977,0.35855,0.2414,OPEN,0.0,False,13,False,3
96172,57.4884,spectacles,high_power,15,True,0.38191,0.39183,0.38687,0.36846,0.2414,OPEN,0.0,False,13,False,3
96202,57.5181,spectacles,high_power,15,True,0.38773,0.3962,0.39197,0.37669,0.2414,OPEN,0.0,False,13,False,3
96234,57.5502,spectacles,high_power,15,True,0.395,0.40029,0.39765,0.38402,0.2414,OPEN,0.0,False,13,False,3
96269,57.5848,spectacles,high_power,15,True,0.40334,0.40884,0.40609,0.39175,0.2414,OPEN,0.0,False,13,False,3
96299,57.6138,spectacles,high_power,15,True,0.40562,0.41441,0.41002,0.39814,0.2414,OPEN,0.0,False,13,False,3
96330,57.6451,spectacles,high_power,15,True,0.40943,0.42206,0.41574,0.4043,0.2414,OPEN,0.0,False,13,False,3
96362,57.6773,spectacles,high_power,15,True,0.40781,0.42683,0.41732,0.40886,0.2414,OPEN,0.0,False,13,False,3
96395,57.7105,spectacles,high_power,15,True,0.39688,0.38683,0.39186,0.40291,0.2414,OPEN,0.0,False,13,False,3
96427,57.7427,spectacles,high_power,15,True,0.12761,0.08153,0.10457,0.29849,0.2414,OPEN,0.0,False,13,False,3
96463,57.7783,spectacles,high_power,15,True,0.04643,0.04772,0.04708,,0.2414,OPEN,0.0,False,13,False,3
96487,57.8026,spectacles,high_power,15,True,0.03004,0.05235,0.04119,,0.2414,OPEN,0.0,False,13,False,3
96541,57.8569,spectacles,high_power,15,True,0.08208,0.05479,0.06844,,0.2414,OPEN,0.0,False,13,False,3
96571,57.8866,spectacles,high_power,15,True,0.1423,0.15127,0.14679,0.24539,0.2414,OPEN,0.0,False,13,False,3
96602,57.9174,spectacles,high_power,15,True,0.22397,0.25401,0.23899,0.24315,0.2414,OPEN,0.0,False,13,False,3
96634,57.9483,spectacles,high_power,15,True,0.27586,0.30142,0.28864,0.25907,0.2414,OPEN,0.0,False,13,False,3
96666,57.9807,spectacles,high_power,15,True,0.29656,0.31945,0.308,0.2762,0.2414,OPEN,0.0,False,13,False,3
96703,58.0157,spectacles,high_power,15,True,0.31209,0.32999,0.32104,0.29189,0.2414,OPEN,0.0,False,13,False,3
96730,58.0436,spectacles,high_power,15,True,0.32177,0.33731,0.32954,0.30507,0.2414,OPEN,0.0,False,13,False,3
96762,58.0789,spectacles,high_power,15,True,0.3359,0.34751,0.34171,0.31789,0.2414,OPEN,0.0,False,13,False,3
96795,58.1088,spectacles,high_power,15,True,0.34178,0.34832,0.34505,0.3274,0.2414,OPEN,0.0,False,13,False,3
96827,58.1424,spectacles,high_power,15,True,0.34719,0.34843,0.34781,0.33454,0.2414,OPEN,0.0,False,13,False,3
96852,58.1659,spectacles,high_power,15,True,0.35117,0.35077,0.35097,0.34029,0.2414,OPEN,0.0,False,13,False,3
96875,58.1889,spectacles,high_power,15,True,0.35544,0.35374,0.35459,0.3453,0.2414,OPEN,0.0,False,13,False,3
96940,58.2563,spectacles,high_power,15,True,0.3618,0.36051,0.36115,0.35085,0.2414,OPEN,0.0,False,13,False,3
96972,58.2878,spectacles,high_power,15,True,0.36627,0.36234,0.3643,0.35556,0.2414,OPEN,0.0,False,13,False,3
97003,58.3179,spectacles,high_power,15,True,0.37451,0.36701,0.37076,0.36088,0.2414,OPEN,0.0,False,13,False,3
97034,58.3509,spectacles,high_power,15,True,0.38303,0.3755,0.37927,0.36731,0.2414,OPEN,0.0,False,13,False,3
97067,58.3827,spectacles,high_power,15,True,0.31274,0.23705,0.27489,0.33497,0.2414,OPEN,0.0,False,13,False,3
97099,58.4145,spectacles,high_power,15,True,0.08814,0.02549,0.05681,,0.2414,OPEN,0.0,False,13,False,3
97135,58.4493,spectacles,high_power,15,True,0.04045,0.03782,0.03914,,0.2414,OPEN,0.0,False,13,False,3
97163,58.4771,spectacles,high_power,15,True,0.03382,0.05109,0.04245,,0.2414,OPEN,0.0,False,13,False,3
97196,58.5113,spectacles,high_power,15,True,0.04516,0.04696,0.04606,,0.2414,OPEN,0.0,False,13,False,3
97222,58.5371,spectacles,high_power,15,True,0.04364,0.04548,0.04456,,0.2414,OPEN,0.0,False,13,False,3
97247,58.5622,spectacles,high_power,15,True,0.04602,0.04953,0.04777,,0.2414,OPEN,0.0,False,13,False,3
97274,58.5895,spectacles,high_power,15,True,0.05442,0.04242,0.04842,,0.2414,OPEN,0.0,False,13,False,3
97345,58.6627,spectacles,high_power,15,True,0.05705,0.04023,0.04864,,0.2414,OPEN,0.0,False,13,False,3
97373,58.6908,spectacles,high_power,15,True,0.05674,0.03546,0.0461,,0.2414,OPEN,0.0,False,13,False,3
97402,58.7186,spectacles,high_power,15,True,0.05486,0.03441,0.04463,,0.2414,OPEN,0.0,False,13,False,3
97434,58.7504,spectacles,high_power,15,True,0.03325,0.04181,0.03753,,0.2414,OPEN,0.0,False,13,False,3
97466,58.7816,spectacles,high_power,15,True,0.03813,0.0423,0.04022,,0.2414,OPEN,0.0,False,13,False,3
97499,58.815,spectacles,high_power,15,True,0.09768,0.03213,0.0649,,0.2414,OPEN,0.0,False,13,False,3
97534,58.8491,spectacles,high_power,15,True,0.23794,0.16565,0.2018,0.28836,0.2414,OPEN,0.0,False,13,False,3
97559,58.8745,spectacles,high_power,15,True,0.26658,0.2056,0.23609,0.27006,0.2414,OPEN,0.0,False,13,False,3
97584,58.8982,spectacles,high_power,15,True,0.30058,0.27251,0.28654,0.27583,0.2414,OPEN,0.0,False,13,False,3
97611,58.9269,spectacles,high_power,15,True,0.33469,0.31723,0.32596,0.29338,0.2414,OPEN,0.0,False,13,False,3
97642,58.9571,spectacles,high_power,15,True,0.34657,0.3449,0.34573,0.3117,0.2414,OPEN,0.0,False,13,False,3
97675,58.9899,spectacles,high_power,15,True,0.35515,0.35445,0.3548,0.32679,0.2414,OPEN,0.0,False,13,False,3
97742,59.0583,spectacles,high_power,15,True,0.36211,0.35418,0.35814,0.33776,0.2414,OPEN,0.0,False,13,False,3
97776,59.0911,spectacles,high_power,15,True,0.37093,0.36724,0.36908,0.34872,0.2414,OPEN,0.0,False,13,False,3
97803,59.1201,spectacles,high_power,15,True,0.37646,0.37127,0.37387,0.35752,0.2414,OPEN,0.0,False,13,False,3
97835,59.1504,spectacles,high_power,15,True,0.3743,0.37582,0.37506,0.36366,0.2414,OPEN,0.0,False,13,False,3
97866,59.1816,spectacles,high_power,15,True,0.37829,0.38054,0.37942,0.36918,0.2414,OPEN,0.0,False,13,False,3
97899,59.2145,spectacles,high_power,15,True,0.37466,0.37749,0.37608,0.37159,0.2414,OPEN,0.0,False,13,False,3
97924,59.2404,spectacles,high_power,15,True,0.375,0.37648,0.37574,0.37304,0.2414,OPEN,0.0,False,13,False,3
97950,59.2643,spectacles,high_power,15,True,0.21377,0.12694,0.17035,0.3021,0.2414,OPEN,0.0,False,13,False,3
97980,59.2958,spectacles,high_power,15,True,0.06291,0.04208,0.0525,,0.2414,OPEN,0.0,False,13,False,3
98011,59.3258,spectacles,high_power,15,True,0.03248,0.0555,0.04399,,0.2414,OPEN,0.0,False,13,False,3
98042,59.3573,spectacles,high_power,15,True,0.03208,0.06133,0.04671,,0.2414,OPEN,0.0,False,13,False,3
98073,59.3887,spectacles,high_power,15,True,0.04092,0.05541,0.04816,,0.2414,OPEN,0.0,False,13,False,3
98141,59.4564,spectacles,high_power,15,True,0.05034,0.04822,0.04928,,0.2414,OPEN,0.0,False,13,False,3
98171,59.4872,spectacles,high_power,15,True,0.0481,0.04267,0.04539,,0.2414,OPEN,0.0,False,13,False,3
98205,59.5207,spectacles,high_power,15,True,0.05019,0.03926,0.04473,,0.2414,OPEN,0.0,False,13,False,3
98236,59.5508,spectacles,high_power,15,True,0.04892,0.03934,0.04413,,0.2414,OPEN,0.0,False,13,False,3
98266,59.5825,spectacles,high_power,15,True,0.03479,0.05398,0.04439,,0.2414,OPEN,0.0,False,13,False,3
98292,59.6082,spectacles,high_power,15,True,0.02627,0.05849,0.04238,,0.2414,OPEN,0.0,False,13,False,3
98317,59.6338,spectacles,high_power,15,True,0.02741,0.05649,0.04195,,0.2414,OPEN,0.0,False,13,False,3
98346,59.6624,spectacles,high_power,15,True,0.02934,0.0579,0.04362,,0.2414,OPEN,0.0,False,13,False,3
98378,59.6942,spectacles,high_power,15,True,0.03127,0.05544,0.04335,,0.2414,OPEN,0.0,False,13,False,3
98413,59.7286,spectacles,high_power,15,True,0.03308,0.05364,0.04336,,0.2414,OPEN,0.0,False,13,False,3
98443,59.7585,spectacles,high_power,15,True,0.03506,0.0527,0.04388,,0.2414,OPEN,0.0,False,13,False,3
98474,59.7891,spectacles,high_power,15,True,0.04144,0.05378,0.04761,,0.2414,OPEN,0.0,False,13,False,3
98542,59.8636,spectacles,high_power,15,True,0.0441,0.05129,0.04769,,0.2414,OPEN,0.0,False,13,False,3
98574,59.892,spectacles,high_power,15,True,0.04543,0.04986,0.04765,,0.2414,OPEN,0.0,False,13,False,3
98608,59.9251,spectacles,high_power,15,True,0.04925,0.0454,0.04733,,0.2414,OPEN,0.0,False,13,False,3
98636,59.9542,spectacles,high_power,15,True,0.05105,0.04392,0.04748,,0.2414,OPEN,0.0,False,13,False,3
98665,59.9816,spectacles,high_power,15,True,0.05243,0.0437,0.04806,,0.2414,OPEN,0.0,False,13,False,3
98692,60.0058,spectacles,high_power,15,True,0.05323,0.04343,0.04833,,0.2414,OPEN,0.0,False,13,False,3
98725,60.0413,spectacles,high_power,15,True,0.05741,0.04204,0.04972,,0.2414,OPEN,0.0,False,13,False,3
98750,60.0668,spectacles,high_power,15,True,0.05805,0.03877,0.04841,,0.2414,OPEN,0.0,False,13,False,3
98779,60.0955,spectacles,high_power,15,True,0.06828,0.02583,0.04705,,0.2414,OPEN,0.0,False,13,False,3
98810,60.1261,spectacles,high_power,15,True,0.14161,0.03174,0.08668,,0.2414,OPEN,0.0,False,13,False,3
98847,60.1625,spectacles,high_power,15,True,0.25779,0.21352,0.23565,0.27884,0.2414,OPEN,0.0,False,13,False,3
98873,60.1885,spectacles,high_power,15,True,0.3079,0.30196,0.30493,0.28798,0.2414,OPEN,0.0,False,13,False,3
98938,60.2508,spectacles,high_power,15,True,0.3246,0.32621,0.3254,0.30107,0.2414,OPEN,0.0,False,13,False,3
98970,60.2848,spectacles,high_power,15,True,0.33216,0.3286,0.33038,0.31133,0.2414,OPEN,0.0,False,13,False,3
98994,60.3085,spectacles,high_power,15,True,0.33657,0.33003,0.3333,0.31902,0.2414,OPEN,0.0,False,13,False,3
99018,60.3334,spectacles,high_power,15,True,0.34442,0.33149,0.33795,0.32565,0.2414,OPEN,0.0,False,13,False,3
99054,60.3698,spectacles,high_power,15,True,0.34592,0.33172,0.33882,0.33026,0.2414,OPEN,0.0,False,13,False,3
99082,60.3967,spectacles,high_power,15,True,0.34633,0.33534,0.34083,0.33396,0.2414,OPEN,0.0,False,13,False,3
99114,60.4287,spectacles,high_power,15,True,0.3459,0.33407,0.33998,0.33607,0.2414,OPEN,0.0,False,13,False,3
99146,60.4625,spectacles,high_power,15,True,0.34672,0.33649,0.34161,0.33801,0.2414,OPEN,0.0,False,13,False,3
99180,60.4961,spectacles,high_power,15,True,0.3511,0.34018,0.34564,0.34068,0.2414,OPEN,0.0,False,13,False,3
99211,60.5272,spectacles,high_power,15,True,0.35348,0.34236,0.34792,0.34321,0.2414,OPEN,0.0,False,13,False,3
99242,60.5571,spectacles,high_power,15,True,0.35424,0.34354,0.34889,0.3452,0.2414,OPEN,0.0,False,13,False,3
99277,60.5922,spectacles,high_power,15,True,0.35565,0.34515,0.3504,0.34702,0.2414,OPEN,0.0,False,13,False,3
99341,60.6571,spectacles,high_power,15,True,0.35515,0.34774,0.35145,0.34857,0.2414,OPEN,0.0,False,13,False,3
99367,60.6836,spectacles,high_power,15,True,0.35521,0.34829,0.35175,0.34968,0.2414,OPEN,0.0,False,13,False,3
99393,60.7098,spectacles,high_power,15,True,0.35603,0.35035,0.35319,0.35091,0.2414,OPEN,0.0,False,13,False,3
99419,60.7338,spectacles,high_power,15,True,0.35657,0.35227,0.35442,0.35214,0.2414,OPEN,0.0,False,13,False,3
99450,60.7662,spectacles,high_power,15,True,0.34949,0.34722,0.34836,0.35082,0.2414,OPEN,0.0,False,13,False,3
99487,60.8035,spectacles,high_power,15,True,0.30718,0.26403,0.28561,0.32799,0.2414,OPEN,0.0,False,13,False,3
99514,60.8287,spectacles,high_power,15,True,0.15642,0.0939,0.12516,0.257,0.2414,OPEN,0.0,False,13,False,3
99547,60.8637,spectacles,high_power,15,True,0.13431,0.06796,0.10113,0.20245,0.2414,CLOSING,0.0,False,13,False,3
99578,60.8936,spectacles,high_power,15,True,0.14708,0.10809,0.12758,0.17625,0.2414,CLOSING,0.0299,False,13,False,3
99612,60.9267,spectacles,high_power,15,True,0.18517,0.17261,0.17889,0.17717,0.2414,CLOSED,0.0631,False,13,False,3
99642,60.9573,spectacles,high_power,15,True,0.23727,0.24374,0.24051,0.19934,0.2414,CLOSED,0.0936,False,13,False,3
99677,60.9927,spectacles,high_power,15,True,0.29302,0.29252,0.29277,0.23204,0.2414,CLOSED,0.129,False,13,False,3
99706,61.0209,spectacles,high_power,15,True,0.32594,0.33009,0.32801,0.26563,0.2414,OPENING,0.1572,False,13,False,3
99756,61.0728,spectacles,high_power,15,True,0.35395,0.35635,0.35515,0.29696,0.2414,OPEN,0.2091,True,14,False,3
99787,61.1024,spectacles,high_power,15,True,0.36309,0.3634,0.36324,0.32016,0.2414,OPEN,0.0,False,14,False,3
99818,61.1335,spectacles,high_power,15,True,0.3617,0.35911,0.36041,0.33425,0.2414,OPEN,0.0,False,14,False,3
99850,61.1668,spectacles,high_power,15,True,0.35741,0.35465,0.35603,0.34187,0.2414,OPEN,0.0,False,14,False,3
99884,61.1991,spectacles,high_power,15,True,0.35425,0.35402,0.35413,0.34616,0.2414,OPEN,0.0,False,14,False,3
99916,61.2314,spectacles,high_power,15,True,0.35361,0.35525,0.35443,0.34906,0.2414,OPEN,0.0,False,14,False,3
99947,61.2617,spectacles,high_power,15,True,0.35307,0.35282,0.35295,0.35042,0.2414,OPEN,0.0,False,14,False,3
99978,61.2942,spectacles,high_power,15,True,0.3542,0.35293,0.35356,0.35152,0.2414,OPEN,0.0,False,14,False,3
100012,61.3268,spectacles,high_power,15,True,0.35381,0.35244,0.35312,0.35208,0.2414,OPEN,0.0,False,14,False,3
100042,61.3582,spectacles,high_power,15,True,0.35373,0.35311,0.35342,0.35255,0.2414,OPEN,0.0,False,14,False,3
100092,61.4071,spectacles,high_power,15,True,0.34652,0.31978,0.33315,0.34576,0.2414,OPEN,0.0,False,14,False,3
100126,61.4417,spectacles,high_power,15,True,0.13668,0.06067,0.09868,,0.2414,OPEN,0.0,False,14,False,3
100154,61.4699,spectacles,high_power,15,True,0.07232,0.01913,0.04573,,0.2414,OPEN,0.0,False,14,False,3
100188,61.5034,spectacles,high_power,15,True,0.06424,0.02723,0.04573,,0.2414,OPEN,0.0,False,14,False,3
100219,61.534,spectacles,high_power,15,True,0.07478,0.01952,0.04715,,0.2414,OPEN,0.0,False,14,False,3
100250,61.5656,spectacles,high_power,15,True,0.10262,0.02208,0.06235,,0.2414,OPEN,0.0,False,14,False,3
100283,61.5995,spectacles,high_power,15,True,0.17063,0.06509,0.11786,0.26599,0.2414,OPEN,0.0,False,14,False,3
100315,61.629,spectacles,high_power,15,True,0.2502,0.19946,0.22483,0.25159,0.2414,OPEN,0.0,False,14,False,3
100349,61.665,spectacles,high_power,15,True,0.30193,0.28422,0.29307,0.26611,0.2414,OPEN,0.0,False,14,False,3
100378,61.6944,spectacles,high_power,15,True,0.34344,0.32503,0.33423,0.28995,0.2414,OPEN,0.0,False,14,False,3
100411,61.7256,spectacles,high_power,15,True,0.36676,0.35079,0.35878,0.31404,0.2414,OPEN,0.0,False,14,False,3
100460,61.7757,spectacles,high_power,15,True,0.37411,0.36572,0.36992,0.3336,0.2414,OPEN,0.0,False,14,False,3
100491,61.8067,spectacles,high_power,15,True,0.37458,0.36916,0.37187,0.34699,0.2414,OPEN,0.0,False,14,False,3
100524,61.8395,spectacles,high_power,15,True,0.37541,0.37041,0.37291,0.35606,0.2414,OPEN,0.0,False,14,False,3
100559,61.8743,spectacles,high_power,15,True,0.381,0.37519,0.37809,0.36377,0.2414,OPEN,0.0,False,14,False,3
100586,61.901,spectacles,high_power,15,True,0.38048,0.37732,0.3789,0.36907,0.2414,OPEN,0.0,False,14,False,3
100619,61.9343,spectacles,high_power,15,True,0.38569,0.3843,0.38499,0.37464,0.2414,OPEN,0.0,False,14,False,3
100650,61.9666,spectacles,high_power,15,True,0.38688,0.38323,0.38506,0.37829,0.2414,OPEN,0.0,False,14,False,3
100684,62.0002,spectacles,high_power,15,True,0.38974,0.38247,0.38611,0.38102,0.2414,OPEN,0.0,False,14,False,3
100716,62.0306,spectacles,high_power,15,True,0.39064,0.38534,0.38799,0.38346,0.2414,OPEN,0.0,False,14,False,3
100750,62.0666,spectacles,high_power,15,True,0.3883,0.38329,0.3858,0.38428,0.2414,OPEN,0.0,False,14,False,3
100778,62.0945,spectacles,high_power,15,True,0.38733,0.38249,0.38491,0.3845,0.2414,OPEN,0.0,False,14,False,3
100829,62.1455,spectacles,high_power,15,True,0.38675,0.38218,0.38447,0.38449,0.2414,OPEN,0.0,False,14,False,3
100858,62.1735,spectacles,high_power,15,True,0.38642,0.38187,0.38415,0.38437,0.2414,OPEN,0.0,False,14,False,3
100891,62.2061,spectacles,high_power,15,True,0.38637,0.38241,0.38439,0.38438,0.2414,OPEN,0.0,False,14,False,3
100922,62.237,spectacles,high_power,15,True,0.38803,0.38507,0.38655,0.38514,0.2414,OPEN,0.0,False,14,False,3
100955,62.2703,spectacles,high_power,15,True,0.38806,0.38492,0.38649,0.38561,0.2414,OPEN,0.0,False,14,False,3
100989,62.3042,spectacles,high_power,15,True,0.38845,0.38681,0.38763,0.38632,0.2414,OPEN,0.0,False,14,False,3
101019,62.3353,spectacles,high_power,15,True,0.38494,0.38439,0.38466,0.38574,0.2414,OPEN,0.0,False,14,False,3
101050,62.3659,spectacles,high_power,15,True,0.38451,0.38481,0.38466,0.38536,0.2414,OPEN,0.0,False,14,False,3
101082,62.3963,spectacles,high_power,15,True,0.38256,0.38345,0.38301,0.38454,0.2414,OPEN,0.0,False,14,False,3
101116,62.4327,spectacles,high_power,15,True,0.38181,0.38166,0.38174,0.38356,0.2414,OPEN,0.0,False,14,False,3
101161,62.4717,spectacles,high_power,15,True,0.37928,0.38096,0.38012,0.38235,0.2414,OPEN,0.0,False,14,False,3
101198,62.5146,spectacles,high_power,15,True,0.37878,0.37918,0.37898,0.38117,0.2414,OPEN,0.0,False,14,False,3
101226,62.5423,spectacles,high_power,15,True,0.37826,0.37803,0.37815,0.38011,0.2414,OPEN,0.0,False,14,False,3
101259,62.5775,spectacles,high_power,15,True,0.37801,0.37672,0.37737,0.37915,0.2414,OPEN,0.0,False,14,False,3
101290,62.6045,spectacles,high_power,15,True,0.37555,0.37416,0.37486,0.37765,0.2414,OPEN,0.0,False,14,False,3
101322,62.6365,spectacles,high_power,15,True,0.37499,0.3742,0.3746,0.37658,0.2414,OPEN,0.0,False,14,False,3
101354,62.6686,spectacles,high_power,15,True,0.37231,0.36764,0.36998,0.37427,0.2414,OPEN,0.0,False,14,False,3
101386,62.702,spectacles,high_power,15,True,0.37221,0.36746,0.36983,0.37272,0.2414,OPEN,0.0,False,14,False,3
101421,62.7368,spectacles,high_power,15,True,0.37167,0.36704,0.36936,0.37154,0.2414,OPEN,0.0,False,14,False,3
101450,62.7655,spectacles,high_power,15,True,0.36959,0.3665,0.36804,0.37032,0.2414,OPEN,0.0,False,14,False,3
101482,62.7976,spectacles,high_power,15,True,0.3688,0.36541,0.36711,0.36919,0.2414,OPEN,0.0,False,14,False,3
101533,62.8492,spectacles,high_power,15,True,0.36765,0.36461,0.36613,0.36812,0.2414,OPEN,0.0,False,14,False,3
101562,62.8771,spectacles,high_power,15,True,0.36453,0.36306,0.36379,0.36661,0.2414,OPEN,0.0,False,14,False,3
101594,62.9099,spectacles,high_power,15,True,0.36393,0.36226,0.3631,0.36538,0.2414,OPEN,0.0,False,14,False,3
101632,62.9467,spectacles,high_power,15,True,0.36423,0.36213,0.36318,0.36461,0.2414,OPEN,0.0,False,14,False,3
101659,62.9751,spectacles,high_power,15,True,0.36392,0.36181,0.36286,0.364,0.2414,OPEN,0.0,False,14,False,3
101692,63.0074,spectacles,high_power,15,True,0.36081,0.35771,0.35926,0.36234,0.2414,OPEN,0.0,False,14,False,3
101723,63.038,spectacles,high_power,15,True,0.36132,0.35842,0.35987,0.36147,0.2414,OPEN,0.0,False,14,False,3
101755,63.0703,spectacles,high_power,15,True,0.36033,0.35659,0.35846,0.36042,0.2414,OPEN,0.0,False,14,False,3
101787,63.102,spectacles,high_power,15,True,0.35694,0.35235,0.35465,0.3584,0.2414,OPEN,0.0,False,14,False,3
101821,63.1357,spectacles,high_power,15,True,0.35849,0.35348,0.35599,0.35755,0.2414,OPEN,0.0,False,14,False,3
101850,63.1666,spectacles,high_power,15,True,0.35704,0.35107,0.35405,0.35633,0.2414,OPEN,0.0,False,14,False,3
101901,63.2171,spectacles,high_power,15,True,0.35172,0.34881,0.35026,0.35421,0.2414,OPEN,0.0,False,14,False,3
101930,63.2454,spectacles,high_power,15,True,0.35392,0.35019,0.35205,0.35345,0.2414,OPEN,0.0,False,14,False,3
101964,63.2776,spectacles,high_power,15,True,0.35378,0.34977,0.35177,0.35287,0.2414,OPEN,0.0,False,14,False,3
101994,63.3087,spectacles,high_power,15,True,0.35381,0.34961,0.35171,0.35246,0.2414,OPEN,0.0,False,14,False,3
102027,63.3428,spectacles,high_power,15,True,0.35681,0.35163,0.35422,0.35308,0.2414,OPEN,0.0,False,14,False,3
102061,63.376,spectacles,high_power,15,True,0.35599,0.35105,0.35352,0.35323,0.2414,OPEN,0.0,False,14,False,3
102091,63.4059,spectacles,high_power,15,True,0.35116,0.34134,0.34625,0.35079,0.2414,OPEN,0.0,False,14,False,3
102122,63.438,spectacles,high_power,15,True,0.32253,0.2924,0.30746,0.33562,0.2414,OPEN,0.0,False,14,False,3
102155,63.4704,spectacles,high_power,15,True,0.21441,0.13203,0.17322,0.27878,0.2414,OPEN,0.0,False,14,False,3
102187,63.5024,spectacles,high_power,15,True,0.118,0.04116,0.07958,,0.2414,OPEN,0.0,False,14,False,3
102236,63.553,spectacles,high_power,15,True,0.08734,0.02053,0.05394,,0.2414,OPEN,0.0,False,14,False,3
102268,63.5838,spectacles,high_power,15,True,0.11003,0.02129,0.06566,,0.2414,OPEN,0.0,False,14,False,3
102298,63.6136,spectacles,high_power,15,True,0.11866,0.02016,0.06941,,0.2414,OPEN,0.0,False,14,False,3
102332,63.6477,spectacles,high_power,15,True,0.12298,0.01895,0.07097,,0.2414,OPEN,0.0,False,14,False,3
102363,63.678,spectacles,high_power,15,True,0.12187,0.01627,0.06907,,0.2414,OPEN,0.0,False,14,False,3
102395,63.7119,spectacles,high_power,15,True,0.12139,0.01388,0.06763,,0.2414,OPEN,0.0,False,14,False,3
102428,63.7444,spectacles,high_power,15,True,0.11497,0.01377,0.06437,,0.2414,OPEN,0.0,False,14,False,3
102460,63.7764,spectacles,high_power,15,True,0.1176,0.01156,0.06458,,0.2414,OPEN,0.0,False,14,False,3
102493,63.8083,spectacles,high_power,15,True,0.11868,0.01138,0.06503,,0.2414,OPEN,0.0,False,14,False,3
102522,63.8367,spectacles,high_power,15,True,0.12548,0.01321,0.06935,,0.2414,OPEN,0.0,False,14,False,3
102555,63.8699,spectacles,high_power,15,True,0.12441,0.0122,0.0683,,0.2414,OPEN,0.0,False,14,False,3
102604,63.9202,spectacles,high_power,15,True,0.12281,0.01434,0.06858,,0.2414,OPEN,0.0,False,14,False,3
102634,63.9508,spectacles,high_power,15,True,0.12929,0.02562,0.07746,,0.2414,OPEN,0.0,False,14,False,3
102668,63.9844,spectacles,high_power,15,True,0.12994,0.02304,0.07649,,0.2414,OPEN,0.0,False,14,False,3
102703,64.0186,spectacles,high_power,15,True,0.13011,0.01925,0.07468,,0.2414,OPEN,0.0,False,14,False,3
102730,64.0445,spectacles,high_power,15,True,0.12934,0.02001,0.07468,,0.2414,OPEN,0.0,False,14,False,3
102762,64.0788,spectacles,high_power,15,True,0.12658,0.01966,0.07312,,0.2414,OPEN,0.0,False,14,False,3
102794,64.1083,spectacles,high_power,15,True,0.11393,0.01881,0.06637,,0.2414,OPEN,0.0,False,14,False,3
102827,64.1425,spectacles,high_power,15,True,0.12141,0.01692,0.06916,,0.2414,OPEN,0.0,False,14,False,3
102858,64.1733,spectacles,high_power,15,True,0.11578,0.01743,0.0666,,0.2414,OPEN,0.0,False,14,False,3
102894,64.209,spectacles,high_power,15,True,0.12113,0.01773,0.06943,,0.2414,OPEN,0.0,False,14,False,3
102922,64.2387,spectacles,high_power,15,True,0.12179,0.01719,0.06949,,0.2414,OPEN,0.0,False,14,False,3
102972,64.2873,spectacles,high_power,15,True,0.12324,0.01746,0.07035,,0.2414,OPEN,0.0,False,14,False,3
103002,64.3176,spectacles,high_power,15,True,0.12444,0.01744,0.07094,,0.2414,OPEN,0.0,False,14,False,3
103034,64.3514,spectacles,high_power,15,True,0.12428,0.01767,0.07098,,0.2414,OPEN,0.0,False,14,False,3
103068,64.3841,spectacles,high_power,15,True,0.11822,0.01765,0.06794,,0.2414,OPEN,0.0,False,14,False,3
103100,64.4146,spectacles,high_power,15,True,0.12733,0.01759,0.07246,,0.2414,OPEN,0.0,False,14,False,3
103133,64.4482,spectacles,high_power,15,True,0.11804,0.01694,0.06749,,0.2414,OPEN,0.0,False,14,False,3
103162,64.4779,spectacles,high_power,15,True,0.11582,0.01661,0.06622,,0.2414,OPEN,0.0,False,14,False,3
103194,64.5086,spectacles,high_power,15,True,0.10148,0.01695,0.05922,,0.2414,OPEN,0.0,False,14,False,3
103226,64.5416,spectacles,high_power,15,True,0.10656,0.01555,0.06106,,0.2414,OPEN,0.0,False,14,False,3
103258,64.5728,spectacles,high_power,15,True,0.10616,0.0157,0.06093,,0.2414,OPEN,0.0,False,14,False,3
103283,64.5992,spectacles,high_power,15,True,0.10808,0.01699,0.06254,,0.2414,OPEN,0.0,False,14,False,3
103343,64.6584,spectacles,high_power,15,True,0.08868,0.01867,0.05367,,0.2414,OPEN,0.0,False,14,False,3
103372,64.6855,spectacles,high_power,15,True,0.09669,0.02681,0.06175,,0.2414,OPEN,0.0,False,14,False,3
103402,64.7167,spectacles,high_power,15,True,0.09195,0.0225,0.05722,,0.2414,OPEN,0.0,False,14,False,3
103434,64.7488,spectacles,high_power,15,True,0.09072,0.01799,0.05436,,0.2414,OPEN,0.0,False,14,False,3
103466,64.7813,spectacles,high_power,15,True,0.08839,0.01579,0.05209,,0.2414,OPEN,0.0,False,14,False,3
103498,64.8137,spectacles,high_power,15,True,0.08858,0.01559,0.05209,,0.2414,OPEN,0.0,False,14,False,3
103529,64.8444,spectacles,high_power,15,True,0.09107,0.01542,0.05325,,0.2414,OPEN,0.0,False,14,False,3
103565,64.8823,spectacles,high_power,15,True,0.09462,0.01619,0.05541,,0.2414,OPEN,0.0,False,14,False,3
103594,64.9086,spectacles,high_power,15,True,0.10038,0.01722,0.0588,,0.2414,OPEN,0.0,False,14,False,3
103628,64.9429,spectacles,high_power,15,True,0.10491,0.0174,0.06115,,0.2414,OPEN,0.0,False,14,False,3
103653,64.9684,spectacles,high_power,15,True,0.10624,0.01802,0.06213,,0.2414,OPEN,0.0,False,14,False,3
103678,64.9936,spectacles,high_power,15,True,0.10843,0.01895,0.06369,,0.2414,OPEN,0.0,False,14,False,3
103740,65.0553,spectacles,high_power,15,True,0.08481,0.01655,0.05068,,0.2414,OPEN,0.0,False,14,False,3
103776,65.0928,spectacles,high_power,15,True,0.08619,0.01834,0.05226,,0.2414,OPEN,0.0,False,14,False,3
103802,65.1184,spectacles,high_power,15,True,0.08963,0.01823,0.05393,,0.2414,OPEN,0.0,False,14,False,3
103835,65.1505,spectacles,high_power,15,True,0.08918,0.01776,0.05347,,0.2414,OPEN,0.0,False,14,False,3
103867,65.1834,spectacles,high_power,15,True,0.08422,0.01624,0.05023,,0.2414,OPEN,0.0,False,14,False,3
103898,65.214,spectacles,high_power,15,True,0.08274,0.01581,0.04928,,0.2414,OPEN,0.0,False,14,False,3
103929,65.2452,spectacles,high_power,15,True,0.09477,0.01684,0.0558,,0.2414,OPEN,0.0,False,14,False,3
103966,65.2807,spectacles,high_power,15,True,0.08963,0.01501,0.05232,,0.2414,OPEN,0.0,False,14,False,3
103990,65.3057,spectacles,high_power,15,True,0.0822,0.01481,0.04851,,0.2414,OPEN,0.0,False,14,False,3
104015,65.331,spectacles,high_power,15,True,0.08409,0.01523,0.04966,,0.2414,OPEN,0.0,False,14,False,3
104042,65.3568,spectacles,high_power,15,True,0.08281,0.01532,0.04907,,0.2414,OPEN,0.0,False,14,False,3
104074,65.3896,spectacles,high_power,15,True,0.08411,0.01442,0.04927,,0.2414,OPEN,0.0,False,14,False,3
104141,65.4561,spectacles,high_power,15,True,0.0816,0.01361,0.0476,,0.2414,OPEN,0.0,False,14,False,3
104173,65.4889,spectacles,high_power,15,True,0.07252,0.01396,0.04324,,0.2414,OPEN,0.0,False,14,False,3
104207,65.5223,spectacles,high_power,15,True,0.08896,0.01289,0.05093,,0.2414,OPEN,0.0,False,14,False,3
104234,65.5489,spectacles,high_power,15,True,0.08681,0.01268,0.04974,,0.2414,OPEN,0.0,False,14,False,3
104268,65.5839,spectacles,high_power,15,True,0.0878,0.01316,0.05048,,0.2414,OPEN,0.0,False,14,False,3
104299,65.6152,spectacles,high_power,15,True,0.08729,0.0162,0.05175,,0.2414,OPEN,0.0,False,14,False,3
104330,65.6454,spectacles,high_power,15,True,0.11387,0.02439,0.06913,,0.2414,OPEN,0.0,False,14,False,3
104355,65.6704,spectacles,high_power,15,True,0.12722,0.02817,0.07769,,0.2414,OPEN,0.0,False,14,False,3
104380,65.6947,spectacles,high_power,15,True,0.11899,0.02725,0.07312,,0.2414,OPEN,0.0,False,14,False,3
104413,65.7284,spectacles,high_power,15,True,0.10793,0.01954,0.06374,,0.2414,OPEN,0.0,False,14,False,3
104442,65.7574,spectacles,high_power,15,True,0.10501,0.01733,0.06117,,0.2414,OPEN,0.0,False,14,False,3
104474,65.7901,spectacles,high_power,15,True,0.1041,0.02023,0.06217,,0.2414,OPEN,0.0,False,14,False,3
104540,65.8569,spectacles,high_power,15,True,0.08401,0.01838,0.0512,,0.2414,OPEN,0.0,False,14,False,3
104571,65.8872,spectacles,high_power,15,True,0.09838,0.02214,0.06026,,0.2414,OPEN,0.0,False,14,False,3
104604,65.9197,spectacles,high_power,15,True,0.09507,0.01899,0.05703,,0.2414,OPEN,0.0,False,14,False,3
104641,65.9567,spectacles,high_power,15,True,0.08786,0.02221,0.05504,,0.2414,OPEN,0.0,False,14,False,3
104674,65.9911,spectacles,high_power,15,True,0.09309,0.02412,0.05861,,0.2414,OPEN,0.0,False,14,False,3
104700,66.0161,spectacles,high_power,15,True,0.08981,0.01988,0.05485,,0.2414,OPEN,0.0,False,14,False,3
104726,66.041,spectacles,high_power,15,True,0.09385,0.0204,0.05712,,0.2414,OPEN,0.0,False,14,False,3
104750,66.0654,spectacles,high_power,15,True,0.08669,0.01773,0.05221,,0.2414,OPEN,0.0,False,14,False,3
104778,66.0935,spectacles,high_power,15,True,0.07202,0.01705,0.04453,,0.2414,OPEN,0.0,False,14,False,3
104810,66.1271,spectacles,high_power,15,True,0.073,0.01741,0.04521,,0.2414,OPEN,0.0,False,14,False,3
104845,66.1606,spectacles,high_power,15,True,0.08147,0.01613,0.0488,,0.2414,OPEN,0.0,False,14,False,3
104875,66.1905,spectacles,high_power,15,True,0.08924,0.0157,0.05247,,0.2414,OPEN,0.0,False,14,False,3
104941,66.2559,spectacles,high_power,15,True,0.06111,0.02153,0.04132,,0.2414,OPEN,0.0,False,14,False,3
104971,66.2878,spectacles,high_power,15,True,0.0656,0.02015,0.04288,,0.2414,OPEN,0.0,False,14,False,3
105003,66.3184,spectacles,high_power,15,True,0.07263,0.02026,0.04645,,0.2414,OPEN,0.0,False,14,False,3
105039,66.3543,spectacles,high_power,15,True,0.06259,0.01903,0.04081,,0.2414,OPEN,0.0,False,14,False,3
105063,66.3787,spectacles,high_power,15,True,0.05855,0.02256,0.04056,,0.2414,OPEN,0.0,False,14,False,3
105088,66.4039,spectacles,high_power,15,True,0.06105,0.024,0.04252,,0.2414,OPEN,0.0,False,14,False,3
105122,66.4388,spectacles,high_power,15,True,0.05745,0.02745,0.04245,,0.2414,OPEN,0.0,False,14,False,3
105148,66.4625,spectacles,high_power,15,True,0.06178,0.02423,0.04301,,0.2414,OPEN,0.0,False,14,False,3
105178,66.4941,spectacles,high_power,15,True,0.06215,0.02266,0.04241,,0.2414,OPEN,0.0,False,14,False,3
105210,66.524,spectacles,high_power,15,True,0.06307,0.02091,0.04199,,0.2414,OPEN,0.0,False,14,False,3
105242,66.5565,spectacles,high_power,15,True,0.06657,0.02036,0.04347,,0.2414,OPEN,0.0,False,14,False,3
105280,66.5962,spectacles,high_power,15,True,0.06673,0.02216,0.04445,,0.2414,OPEN,0.0,False,14,False,3
105341,66.6566,spectacles,high_power,15,True,0.06372,0.01989,0.04181,,0.2414,OPEN,0.0,False,14,False,3
105371,66.6876,spectacles,high_power,15,True,0.06429,0.01985,0.04207,,0.2414,OPEN,0.0,False,14,False,3
105403,66.7189,spectacles,high_power,15,True,0.06702,0.01558,0.0413,,0.2414,OPEN,0.0,False,14,False,3
105428,66.7435,spectacles,high_power,15,True,0.06755,0.01659,0.04207,,0.2414,OPEN,0.0,False,14,False,3
105452,66.7681,spectacles,high_power,15,True,0.07914,0.02707,0.0531,,0.2414,OPEN,0.0,False,14,False,3
105486,66.8008,spectacles,high_power,15,True,0.09325,0.0202,0.05673,,0.2414,OPEN,0.0,False,14,False,3
105515,66.8296,spectacles,high_power,15,True,0.08315,0.02116,0.05216,,0.2414,OPEN,0.0,False,14,False,3
105546,66.8622,spectacles,high_power,15,True,0.07457,0.01548,0.04502,,0.2414,OPEN,0.0,False,14,False,3
105577,66.8924,spectacles,high_power,15,True,0.07513,0.01685,0.04599,,0.2414,OPEN,0.0,False,14,False,3
105611,66.9257,spectacles,high_power,15,True,0.0751,0.01566,0.04538,,0.2414,OPEN,0.0,False,14,False,3
105644,66.9561,spectacles,high_power,15,True,0.06961,0.02219,0.0459,,0.2414,OPEN,0.0,False,14,False,3
105674,66.9886,spectacles,high_power,15,True,0.06055,0.02374,0.04215,,0.2414,OPEN,0.0,False,14,False,3
105741,67.0573,spectacles,high_power,15,True,0.05457,0.0306,0.04258,,0.2414,OPEN,0.0,False,14,False,3
105767,67.0792,spectacles,high_power,15,True,0.04995,0.02947,0.03971,,0.2414,OPEN,0.0,False,14,False,3
105789,67.105,spectacles,high_power,15,True,0.05488,0.02714,0.04101,,0.2414,OPEN,0.0,False,14,False,3
105818,67.1344,spectacles,high_power,15,True,0.06843,0.01611,0.04227,,0.2414,OPEN,0.0,False,14,False,3
105849,67.1659,spectacles,high_power,15,True,0.0609,0.01651,0.03871,,0.2414,OPEN,0.0,False,14,False,3
105884,67.1997,spectacles,high_power,15,True,0.06208,0.01642,0.03925,,0.2414,OPEN,0.0,False,14,False,3
105917,67.2324,spectacles,high_power,15,True,0.06444,0.01719,0.04082,,0.2414,OPEN,0.0,False,14,False,3
105946,67.2617,spectacles,high_power,15,True,0.07974,0.02671,0.05322,,0.2414,OPEN,0.0,False,14,False,3
105978,67.2931,spectacles,high_power,15,True,0.07878,0.0222,0.05049,,0.2414,OPEN,0.0,False,14,False,3
106011,67.3257,spectacles,high_power,15,True,0.07634,0.01666,0.0465,,0.2414,OPEN,0.0,False,14,False,3
106042,67.3572,spectacles,high_power,15,True,0.09297,0.02021,0.05659,,0.2414,OPEN,0.0,False,14,False,3
106074,67.3902,spectacles,high_power,15,True,0.0967,0.01752,0.05711,,0.2414,OPEN,0.0,False,14,False,3
106111,67.4268,spectacles,high_power,15,True,0.0965,0.02085,0.05868,,0.2414,OPEN,0.0,False,14,False,3
106138,67.4524,spectacles,high_power,15,True,0.10147,0.01902,0.06025,,0.2414,OPEN,0.0,False,14,False,3
106188,67.5062,spectacles,high_power,15,True,0.09615,0.02344,0.05979,,0.2414,OPEN,0.0,False,14,False,3
106218,67.5365,spectacles,high_power,15,True,0.09144,0.02189,0.05666,,0.2414,OPEN,0.0,False,14,False,3
106251,67.569,spectacles,high_power,15,True,0.08913,0.02064,0.05488,,0.2414,OPEN,0.0,False,14,False,3
106282,67.5991,spectacles,high_power,15,True,0.102,0.02178,0.06189,,0.2414,OPEN,0.0,False,14,False,3
106314,67.6323,spectacles,high_power,15,True,0.1188,0.02157,0.07019,,0.2414,OPEN,0.0,False,14,False,3
106350,67.6666,spectacles,high_power,15,True,0.12898,0.04264,0.08581,,0.2414,OPEN,0.0,False,14,False,3
106379,67.6956,spectacles,high_power,15,True,0.12297,0.03404,0.07851,,0.2414,OPEN,0.0,False,14,False,3
106411,67.728,spectacles,high_power,15,True,0.11798,0.02596,0.07197,,0.2414,OPEN,0.0,False,14,False,3
106443,67.7601,spectacles,high_power,15,True,0.11313,0.0255,0.06931,,0.2414,OPEN,0.0,False,14,False,3
106477,67.7937,spectacles,high_power,15,True,0.11229,0.02664,0.06946,,0.2414,OPEN,0.0,False,14,False,3
106524,67.8417,spectacles,high_power,15,True,0.11506,0.02437,0.06972,,0.2414,OPEN,0.0,False,14,False,3
106560,67.8784,spectacles,high_power,15,True,0.1099,0.02173,0.06582,,0.2414,OPEN,0.0,False,14,False,3
106593,67.911,spectacles,high_power,15,True,0.1088,0.02261,0.06571,,0.2414,OPEN,0.0,False,14,False,3
106621,67.9393,spectacles,high_power,15,True,0.10732,0.0211,0.06421,,0.2414,OPEN,0.0,False,14,False,3
106650,67.9661,spectacles,high_power,15,True,0.11377,0.02337,0.06857,,0.2414,OPEN,0.0,False,14,False,3
106683,67.9975,spectacles,high_power,15,True,0.11556,0.02478,0.07017,,0.2414,OPEN,0.0,False,14,False,3
106715,68.0309,spectacles,high_power,15,True,0.11587,0.02384,0.06985,,0.2414,OPEN,0.0,False,14,False,3
106747,68.0626,spectacles,high_power,15,True,0.12636,0.02441,0.07539,,0.2414,OPEN,0.0,False,14,False,3
106782,68.0971,spectacles,high_power,15,True,0.12699,0.02385,0.07542,,0.2414,OPEN,0.0,False,14,False,3
106810,68.1246,spectacles,high_power,15,True,0.12209,0.02484,0.07347,,0.2414,OPEN,0.0,False,14,False,3
106844,68.161,spectacles,high_power,15,True,0.12194,0.02331,0.07263,,0.2414,OPEN,0.0,False,14,False,3
106891,68.2063,spectacles,high_power,15,True,0.11758,0.02305,0.07032,,0.2414,OPEN,0.0,False,14,False,3
106922,68.2374,spectacles,high_power,15,True,0.11981,0.02183,0.07082,,0.2414,OPEN,0.0,False,14,False,3
106956,68.271,spectacles,high_power,15,True,0.12802,0.02199,0.075,,0.2414,OPEN,0.0,False,14,False,3
106992,68.3072,spectacles,high_power,15,True,0.12698,0.02358,0.07528,,0.2414,OPEN,0.0,False,14,False,3
107024,68.3403,spectacles,high_power,15,True,0.12625,0.02332,0.07479,,0.2414,OPEN,0.0,False,14,False,3
107050,68.367,spectacles,high_power,15,True,0.12566,0.02334,0.0745,,0.2414,OPEN,0.0,False,14,False,3
107083,68.3985,spectacles,high_power,15,True,0.11767,0.02318,0.07042,,0.2414,OPEN,0.0,False,14,False,3
107114,68.4319,spectacles,high_power,15,True,0.09383,0.02598,0.05991,,0.2414,OPEN,0.0,False,14,False,3
107147,68.4627,spectacles,high_power,15,True,0.06218,0.03272,0.04745,,0.2414,OPEN,0.0,False,14,False,3
107182,68.4973,spectacles,high_power,15,True,0.05376,0.04084,0.0473,,0.2414,OPEN,0.0,False,14,False,3
107210,68.5253,spectacles,high_power,15,True,0.05248,0.04322,0.04785,,0.2414,OPEN,0.0,False,14,False,3
107260,68.5761,spectacles,high_power,15,True,0.05165,0.04414,0.0479,,0.2414,OPEN,0.0,False,14,False,3
107291,68.6068,spectacles,high_power,15,True,0.05792,0.0358,0.04686,,0.2414,OPEN,0.0,False,14,False,3
107323,68.6383,spectacles,high_power,15,True,0.05991,0.03217,0.04604,,0.2414,OPEN,0.0,False,14,False,3
107354,68.6695,spectacles,high_power,15,True,0.0535,0.03061,0.04205,,0.2414,OPEN,0.0,False,14,False,3
107386,68.701,spectacles,high_power,15,True,0.05632,0.02926,0.04279,,0.2414,OPEN,0.0,False,14,False,3
107422,68.7372,spectacles,high_power,15,True,0.05615,0.02881,0.04248,,0.2414,OPEN,0.0,False,14,False,3
107450,68.7664,spectacles,high_power,15,True,0.05787,0.02979,0.04383,,0.2414,OPEN,0.0,False,14,False,3
107484,68.799,spectacles,high_power,15,True,0.05871,0.0291,0.04391,,0.2414,OPEN,0.0,False,14,False,3
107515,68.8295,spectacles,high_power,15,True,0.0595,0.02748,0.04349,,0.2414,OPEN,0.0,False,14,False,3
107546,68.8606,spectacles,high_power,15,True,0.06014,0.02524,0.04269,,0.2414,OPEN,0.0,False,14,False,3
107596,68.9105,spectacles,high_power,15,True,0.05938,0.02714,0.04326,,0.2414,OPEN,0.0,False,14,False,3
107629,68.9446,spectacles,high_power,15,True,0.05871,0.02699,0.04285,,0.2414,OPEN,0.0,False,14,False,3
107660,68.9748,spectacles,high_power,15,True,0.06036,0.02514,0.04275,,0.2414,OPEN,0.0,False,14,False,3
107691,69.0059,spectacles,high_power,15,True,0.05602,0.02517,0.0406,,0.2414,OPEN,0.0,False,14,False,3
107723,69.0383,spectacles,high_power,15,True,0.05079,0.02848,0.03964,,0.2414,OPEN,0.0,False,14,False,3
107754,69.069,spectacles,high_power,15,True,0.04657,0.03618,0.04137,,0.2414,OPEN,0.0,False,14,False,3
107787,69.0996,spectacles,high_power,15,True,0.04659,0.03338,0.03999,,0.2414,OPEN,0.0,False,14,False,3
107820,69.1357,spectacles,high_power,15,True,0.05091,0.02544,0.03818,,0.2414,OPEN,0.0,False,14,False,3
107855,69.1697,spectacles,high_power,15,True,0.10023,0.02852,0.06437,,0.2414,OPEN,0.0,False,14,False,3
107882,69.1983,spectacles,high_power,15,True,0.18502,0.17215,0.17858,0.24371,0.2414,OPEN,0.0,False,14,False,3
107915,69.2319,spectacles,high_power,15,True,0.24869,0.2515,0.2501,0.24595,0.2414,OPEN,0.0,False,14,False,3
107963,69.2778,spectacles,high_power,15,True,0.28429,0.28782,0.28605,0.25998,0.2414,OPEN,0.0,False,14,False,3
107995,69.3102,spectacles,high_power,15,True,0.29479,0.29507,0.29493,0.27222,0.2414,OPEN,0.0,False,14,False,3
108028,69.3438,spectacles,high_power,15,True,0.30131,0.30517,0.30324,0.28307,0.2414,OPEN,0.0,False,14,False,3
108061,69.3766,spectacles,high_power,15,True,0.30504,0.30881,0.30692,0.29142,0.2414,OPEN,0.0,False,14,False,3
108091,69.4063,spectacles,high_power,15,True,0.31081,0.31353,0.31217,0.29868,0.2414,OPEN,0.0,False,14,False,3
108122,69.4374,spectacles,high_power,15,True,0.31105,0.31143,0.31124,0.30308,0.2414,OPEN,0.0,False,14,False,3
108155,69.4713,spectacles,high_power,15,True,0.30872,0.30824,0.30848,0.30497,0.2414,OPEN,0.0,False,14,False,3
108189,69.5045,spectacles,high_power,15,True,0.31496,0.31342,0.31419,0.3082,0.2414,OPEN,0.0,False,14,False,3
108218,69.534,spectacles,high_power,15,True,0.31776,0.32005,0.3189,0.31194,0.2414,OPEN,0.0,False,14,False,3
108252,69.5664,spectacles,high_power,15,True,0.32039,0.322,0.32119,0.31518,0.2414,OPEN,0.0,False,14,False,3
108282,69.5989,spectacles,high_power,15,True,0.31869,0.32299,0.32084,0.31716,0.2414,OPEN,0.0,False,14,False,3
108331,69.6481,spectacles,high_power,15,True,0.32336,0.32424,0.3238,0.31949,0.2414,OPEN,0.0,False,14,False,3
108363,69.6807,spectacles,high_power,15,True,0.32594,0.32693,0.32644,0.32192,0.2414,OPEN,0.0,False,14,False,3
108394,69.7092,spectacles,high_power,15,True,0.32974,0.33363,0.33168,0.32534,0.2414,OPEN,0.0,False,14,False,3
108427,69.7431,spectacles,high_power,15,True,0.32578,0.32888,0.32733,0.32603,0.2414,OPEN,0.0,False,14,False,3
108459,69.7752,spectacles,high_power,15,True,0.32655,0.32812,0.32733,0.32649,0.2414,OPEN,0.0,False,14,False,3
108492,69.8078,spectacles,high_power,15,True,0.32147,0.31867,0.32007,0.32424,0.2414,OPEN,0.0,False,14,False,3
108523,69.8381,spectacles,high_power,15,True,0.32086,0.31845,0.31965,0.32264,0.2414,OPEN,0.0,False,14,False,3
108559,69.8719,spectacles,high_power,15,True,0.32151,0.32191,0.32171,0.32231,0.2414,OPEN,0.0,False,14,False,3
108592,69.9097,spectacles,high_power,15,True,0.32095,0.32197,0.32146,0.32201,0.2414,OPEN,0.0,False,14,False,3
108625,69.9422,spectacles,high_power,15,True,0.31922,0.32036,0.31979,0.32123,0.2414,OPEN,0.0,False,14,False,3
108666,69.9818,spectacles,high_power,15,True,0.31819,0.31878,0.31848,0.32027,0.2414,OPEN,0.0,False,14,False,3
108702,70.0176,spectacles,high_power,15,True,0.31729,0.31795,0.31762,0.31934,0.2414,OPEN,0.0,False,14,False,3
108730,70.0456,spectacles,high_power,15,True,0.31597,0.3181,0.31704,0.31854,0.2414,OPEN,0.0,False,14,False,3
108763,70.0798,spectacles,high_power,15,True,0.31606,0.31846,0.31726,0.31809,0.2414,OPEN,0.0,False,14,False,3
108795,70.1104,spectacles,high_power,15,True,0.31671,0.31857,0.31764,0.31793,0.2414,OPEN,0.0,False,14,False,3
108827,70.1423,spectacles,high_power,15,True,0.31608,0.31903,0.31755,0.3178,0.2414,OPEN,0.0,False,14,False,3
108860,70.1776,spectacles,high_power,15,True,0.31527,0.31876,0.31701,0.31752,0.2414,OPEN,0.0,False,14,False,3
108890,70.2052,spectacles,high_power,15,True,0.31183,0.31719,0.31451,0.31647,0.2414,OPEN,0.0,False,14,False,3
108926,70.2413,spectacles,high_power,15,True,0.30479,0.31075,0.30777,0.31342,0.2414,OPEN,0.0,False,14,False,3
108954,70.2687,spectacles,high_power,15,True,0.17744,0.12585,0.15164,0.2568,0.2414,OPEN,0.0,False,14,False,3
108987,70.302,spectacles,high_power,15,True,0.07764,0.03863,0.05813,,0.2414,OPEN,0.0,False,14,False,3
109036,70.3519,spectacles,high_power,15,True,0.10738,0.05384,0.08061,,0.2414,OPEN,0.0,False,14,False,3
109068,70.3841,spectacles,high_power,15,True,0.12683,0.0571,0.09197,,0.2414,OPEN,0.0,False,14,False,3
109100,70.4156,spectacles,high_power,15,True,0.16913,0.14749,0.15831,0.22233,0.2414,CLOSING,0.0,False,14,False,3
109139,70.4547,spectacles,high_power,15,True,0.19892,0.20367,0.20129,0.21497,0.2414,CLOSING,0.0391,False,14,False,3
109164,70.4808,spectacles,high_power,15,True,0.2231,0.24255,0.23282,0.22122,0.2414,CLOSED,0.0652,False,14,False,3
109194,70.5095,spectacles,high_power,15,True,0.24917,0.26624,0.2577,0.23399,0.2414,CLOSED,0.0939,False,14,False,3
109226,70.5406,spectacles,high_power,15,True,0.27177,0.28571,0.27874,0.24965,0.2414,OPENING,0.125,False,14,False,3
109259,70.575,spectacles,high_power,15,True,0.28312,0.29533,0.28922,0.2635,0.2414,OPEN,0.1594,True,15,False,3
109290,70.6064,spectacles,high_power,15,True,0.18681,0.1322,0.1595,0.2271,0.2414,CLOSING,0.0,False,15,False,3
109327,70.6425,spectacles,high_power,15,True,0.05108,0.02763,0.03936,,0.2414,CLOSING,0.0,False,15,False,3
109354,70.6688,spectacles,high_power,15,True,0.02291,0.06401,0.04346,,0.2414,CLOSING,0.0,False,15,False,3
109404,70.7198,spectacles,high_power,15,True,0.03068,0.05697,0.04383,,0.2414,CLOSING,0.0,False,15,False,3
109434,70.7494,spectacles,high_power,15,True,0.03767,0.045,0.04134,,0.2414,CLOSING,0.0,False,15,False,3
109467,70.783,spectacles,high_power,15,True,0.04824,0.0287,0.03847,,0.2414,CLOSING,0.0,False,15,False,3
109499,70.8151,spectacles,high_power,15,True,0.08043,0.00854,0.04449,,0.2414,CLOSING,0.0,False,15,False,3
109532,70.8474,spectacles,high_power,15,True,0.2062,0.14952,0.17786,0.20987,0.2414,CLOSED,0.241,False,15,False,3
109569,70.8844,spectacles,high_power,15,True,0.26048,0.24868,0.25458,0.22552,0.2414,CLOSED,0.278,False,15,False,3
109594,70.9097,spectacles,high_power,15,True,0.29007,0.2924,0.29123,0.24852,0.2414,OPENING,0.3033,False,15,False,3
109626,70.9415,spectacles,high_power,15,True,0.31522,0.32638,0.3208,0.27382,0.2414,OPEN,0.335,True,16,False,3
109658,70.9734,spectacles,high_power,15,True,0.33192,0.34408,0.338,0.29628,0.2414,OPEN,0.0,False,16,False,3
109691,71.0069,spectacles,high_power,15,True,0.32671,0.34092,0.33381,0.30942,0.2414,OPEN,0.0,False,16,False,3
109740,71.0555,spectacles,high_power,15,True,0.3246,0.33604,0.33032,0.31673,0.2414,OPEN,0.0,False,16,False,3
109773,71.0891,spectacles,high_power,15,True,0.32774,0.33789,0.33281,0.32236,0.2414,OPEN,0.0,False,16,False,3
109802,71.119,spectacles,high_power,15,True,0.32492,0.33615,0.33054,0.32522,0.2414,OPEN,0.0,False,16,False,3
109834,71.1503,spectacles,high_power,15,True,0.3291,0.3378,0.33345,0.3281,0.2414,OPEN,0.0,False,16,False,3
109868,71.1837,spectacles,high_power,15,True,0.32584,0.3346,0.33022,0.32884,0.2414,OPEN,0.0,False,16,False,3
109899,71.216,spectacles,high_power,15,True,0.32778,0.33496,0.33137,0.32973,0.2414,OPEN,0.0,False,16,False,3
109931,71.2469,spectacles,high_power,15,True,0.32476,0.33198,0.32837,0.32925,0.2414,OPEN,0.0,False,16,False,3
109962,71.2779,spectacles,high_power,15,True,0.32439,0.33244,0.32841,0.32896,0.2414,OPEN,0.0,False,16,False,3
109998,71.3133,spectacles,high_power,15,True,0.32472,0.3332,0.32896,0.32896,0.2414,OPEN,0.0,False,16,False,3
110026,71.3391,spectacles,high_power,15,True,0.32467,0.33434,0.3295,0.32915,0.2414,OPEN,0.0,False,16,False,3
110049,71.364,spectacles,high_power,15,True,0.32596,0.33441,0.33018,0.32951,0.2414,OPEN,0.0,False,16,False,3
110083,71.3983,spectacles,high_power,15,True,0.32803,0.33592,0.33198,0.33037,0.2414,OPEN,0.0,False,16,False,3
110137,71.4506,spectacles,high_power,15,True,0.33323,0.34074,0.33698,0.33269,0.2414,OPEN,0.0,False,16,False,3
110171,71.4849,spectacles,high_power,15,True,0.33618,0.34094,0.33856,0.33474,0.2414,OPEN,0.0,False,16,False,3
110208,71.5225,spectacles,high_power,15,True,0.33593,0.33984,0.33788,0.33584,0.2414,OPEN,0.0,False,16,False,3
110234,71.5477,spectacles,high_power,15,True,0.14354,0.08163,0.11258,0.2577,0.2414,OPEN,0.0,False,16,False,3
110267,71.5826,spectacles,high_power,15,True,0.03571,0.04002,0.03786,,0.2414,OPEN,0.0,False,16,False,3
110298,71.6134,spectacles,high_power,15,True,0.02504,0.04296,0.034,,0.2414,OPEN,0.0,False,16,False,3
110330,71.6446,spectacles,high_power,15,True,0.02106,0.0509,0.03598,,0.2414,OPEN,0.0,False,16,False,3
110362,71.6777,spectacles,high_power,15,True,0.02669,0.04557,0.03613,,0.2414,OPEN,0.0,False,16,False,3
110397,71.7115,spectacles,high_power,15,True,0.03459,0.04989,0.04224,,0.2414,OPEN,0.0,False,16,False,3
110421,71.7359,spectacles,high_power,15,True,0.03798,0.05013,0.04405,,0.2414,OPEN,0.0,False,16,False,3
110446,71.7613,spectacles,high_power,15,True,0.05558,0.0299,0.04274,,0.2414,OPEN,0.0,False,16,False,3
110475,71.7896,spectacles,high_power,15,True,0.0866,0.01982,0.05321,,0.2414,OPEN,0.0,False,16,False,3
110541,71.8586,spectacles,high_power,15,True,0.26507,0.23499,0.25003,0.25501,0.2414,OPEN,0.0,False,16,False,3
110574,71.892,spectacles,high_power,15,True,0.31201,0.30873,0.31037,0.27439,0.2414,OPEN,0.0,False,16,False,3
110604,71.9204,spectacles,high_power,15,True,0.34084,0.34184,0.34134,0.29782,0.2414,OPEN,0.0,False,16,False,3
110639,71.9612,spectacles,high_power,15,True,0.34696,0.34891,0.34793,0.31536,0.2414,OPEN,0.0,False,16,False,3
110671,71.9891,spectacles,high_power,15,True,0.35246,0.35816,0.35531,0.32934,0.2414,OPEN,0.0,False,16,False,3
110699,72.0154,spectacles,high_power,15,True,0.35361,0.3621,0.35786,0.33932,0.2414,OPEN,0.0,False,16,False,3
110731,72.0469,spectacles,high_power,15,True,0.35502,0.36007,0.35754,0.3457,0.2414,OPEN,0.0,False,16,False,3
110762,72.0787,spectacles,high_power,15,True,0.35487,0.358,0.35643,0.34946,0.2414,OPEN,0.0,False,16,False,3
110788,72.1037,spectacles,high_power,15,True,0.35612,0.3574,0.35676,0.35201,0.2414,OPEN,0.0,False,16,False,3
110812,72.1289,spectacles,high_power,15,True,0.3536,0.3529,0.35325,0.35245,0.2414,OPEN,0.0,False,16,False,3
110845,72.1622,spectacles,high_power,15,True,0.35693,0.35544,0.35619,0.35375,0.2414,OPEN,0.0,False,16,False,3
110874,72.1898,spectacles,high_power,15,True,0.3547,0.35388,0.35429,0.35394,0.2414,OPEN,0.0,False,16,False,3
110941,72.2571,spectacles,high_power,15,True,0.35467,0.35479,0.35473,0.35422,0.2414,OPEN,0.0,False,16,False,3
110971,72.2867,spectacles,high_power,15,True,0.35668,0.35661,0.35665,0.35507,0.2414,OPEN,0.0,False,16,False,3
111002,72.3177,spectacles,high_power,15,True,0.35763,0.35782,0.35773,0.356,0.2414,OPEN,0.0,False,16,False,3
111034,72.3557,spectacles,high_power,15,True,0.36057,0.36045,0.36051,0.35758,0.2414,OPEN,0.0,False,16,False,3
111070,72.3882,spectacles,high_power,15,True,0.35676,0.36131,0.35904,0.35809,0.2414,OPEN,0.0,False,16,False,3
111098,72.4115,spectacles,high_power,15,True,0.35775,0.36054,0.35915,0.35846,0.2414,OPEN,0.0,False,16,False,3
111121,72.4357,spectacles,high_power,15,True,0.35894,0.36135,0.36015,0.35905,0.2414,OPEN,0.0,False,16,False,3
111144,72.4612,spectacles,high_power,15,True,0.35961,0.36224,0.36093,0.35971,0.2414,OPEN,0.0,False,16,False,3
111179,72.4943,spectacles,high_power,15,True,0.36144,0.36434,0.36289,0.36082,0.2414,OPEN,0.0,False,16,False,3
111210,72.5257,spectacles,high_power,15,True,0.36994,0.36915,0.36955,0.36388,0.2414,OPEN,0.0,False,16,False,3
111242,72.5614,spectacles,high_power,15,True,0.37232,0.37194,0.37213,0.36676,0.2414,OPEN,0.0,False,16,False,3
111277,72.5934,spectacles,high_power,15,True,0.37505,0.37886,0.37695,0.37033,0.2414,OPEN,0.0,False,16,False,3
111340,72.6624,spectacles,high_power,15,True,0.37585,0.38088,0.37836,0.37314,0.2414,OPEN,0.0,False,16,False,3
111375,72.6928,spectacles,high_power,15,True,0.37632,0.37999,0.37816,0.3749,0.2414,OPEN,0.0,False,16,False,3
111410,72.7232,spectacles,high_power,15,True,0.24898,0.15966,0.20432,0.3152,0.2414,OPEN,0.0,False,16,False,3
111434,72.748,spectacles,high_power,15,True,0.07113,0.02602,0.04858,,0.2414,OPEN,0.0,False,16,False,3
111469,72.7837,spectacles,high_power,15,True,0.03524,0.03702,0.03613,,0.2414,OPEN,0.0,False,16,False,3
111493,72.8091,spectacles,high_power,15,True,0.02958,0.04244,0.03601,,0.2414,OPEN,0.0,False,16,False,3
111518,72.8325,spectacles,high_power,15,True,0.04021,0.03797,0.03909,,0.2414,OPEN,0.0,False,16,False,3
111546,72.8612,spectacles,high_power,15,True,0.03893,0.04016,0.03955,,0.2414,OPEN,0.0,False,16,False,3
111580,72.8947,spectacles,high_power,15,True,0.0324,0.04692,0.03966,,0.2414,OPEN,0.0,False,16,False,3
111610,72.9254,spectacles,high_power,15,True,0.03042,0.03911,0.03476,,0.2414,OPEN,0.0,False,16,False,3
111643,72.9604,spectacles,high_power,15,True,0.03588,0.03487,0.03537,,0.2414,OPEN,0.0,False,16,False,3
111674,72.9889,spectacles,high_power,15,True,0.04026,0.02172,0.03099,,0.2414,OPEN,0.0,False,16,False,3
111741,73.0607,spectacles,high_power,15,True,0.19312,0.18364,0.18838,0.27081,0.2414,OPEN,0.0,False,16,False,3
111771,73.0878,spectacles,high_power,15,True,0.29217,0.31567,0.30392,0.2824,0.2414,OPEN,0.0,False,16,False,3
111804,73.1203,spectacles,high_power,15,True,0.37039,0.39249,0.38144,0.31706,0.2414,OPEN,0.0,False,16,False,3
111835,73.1519,spectacles,high_power,15,True,0.4318,0.44781,0.43981,0.36002,0.2414,OPEN,0.0,False,16,False,3
111862,73.1766,spectacles,high_power,15,True,0.43414,0.45443,0.44429,0.38952,0.2414,OPEN,0.0,False,16,False,3
111887,73.2033,spectacles,high_power,15,True,0.45683,0.46889,0.46286,0.41519,0.2414,OPEN,0.0,False,16,False,3
111917,73.2318,spectacles,high_power,15,True,0.47369,0.48646,0.48008,0.4379,0.2414,OPEN,0.0,False,16,False,3
111947,73.2631,spectacles,high_power,15,True,0.48488,0.4981,0.49149,0.45665,0.2414,OPEN,0.0,False,16,False,3
111979,73.2953,spectacles,high_power,15,True,0.48704,0.49603,0.49154,0.46886,0.2414,OPEN,0.0,False,16,False,3
112011,73.3275,spectacles,high_power,15,True,0.49117,0.49434,0.49275,0.47723,0.2414,OPEN,0.0,False,16,False,3
112042,73.3584,spectacles,high_power,15,True,0.4919,0.49723,0.49456,0.48329,0.2414,OPEN,0.0,False,16,False,3
112073,73.3895,spectacles,high_power,15,True,0.49201,0.49626,0.49414,0.48709,0.2414,OPEN,0.0,False,16,False,3
112147,73.4643,spectacles,high_power,15,True,0.23098,0.22878,0.22988,0.39707,0.2414,OPEN,0.0,False,16,False,3
112173,73.489,spectacles,high_power,15,True,0.07025,0.08409,0.07717,,0.2414,OPEN,0.0,False,16,False,3
112198,73.5138,spectacles,high_power,15,True,0.03518,0.04837,0.04178,,0.2414,OPEN,0.0,False,16,False,3
112223,73.5395,spectacles,high_power,15,True,0.03558,0.04378,0.03968,,0.2414,OPEN,0.0,False,16,False,3
112257,73.5734,spectacles,high_power,15,True,0.0361,0.04196,0.03903,,0.2414,OPEN,0.0,False,16,False,3
112285,73.6029,spectacles,high_power,15,True,0.05361,0.05526,0.05443,,0.2414,OPEN,0.0,False,16,False,3
112314,73.6269,spectacles,high_power,15,True,0.03529,0.0479,0.04159,,0.2414,OPEN,0.0,False,16,False,3
112349,73.661,spectacles,high_power,15,True,0.04484,0.05118,0.04801,,0.2414,OPEN,0.0,False,16,False,3
112377,73.6919,spectacles,high_power,15,True,0.07004,0.08152,0.07578,,0.2414,OPEN,0.0,False,16,False,3
112410,73.7251,spectacles,high_power,15,True,0.09937,0.15807,0.12872,0.30314,0.2414,OPEN,0.0,False,16,False,3
112443,73.7579,spectacles,high_power,15,True,0.2464,0.21948,0.23294,0.27857,0.2414,OPEN,0.0,False,16,False,3
112474,73.7865,spectacles,high_power,15,True,0.36093,0.30397,0.33245,0.29743,0.2414,OPEN,0.0,False,16,False,3
112544,73.8601,spectacles,high_power,15,True,0.45803,0.43213,0.44508,0.34911,0.2414,OPEN,0.0,False,16,False,3
112569,73.8868,spectacles,high_power,15,True,0.46491,0.45383,0.45937,0.3877,0.2414,OPEN,0.0,False,16,False,3
112597,73.9129,spectacles,high_power,15,True,0.47096,0.46527,0.46811,0.41584,0.2414,OPEN,0.0,False,16,False,3
112623,73.9384,spectacles,high_power,15,True,0.47588,0.47426,0.47507,0.43657,0.2414,OPEN,0.0,False,16,False,3
112651,73.9661,spectacles,high_power,15,True,0.47643,0.47801,0.47722,0.4508,0.2414,OPEN,0.0,False,16,False,3
112682,73.9971,spectacles,high_power,15,True,0.47487,0.47889,0.47688,0.45993,0.2414,OPEN,0.0,False,16,False,3
112714,74.0286,spectacles,high_power,15,True,0.47609,0.4816,0.47884,0.46655,0.2414,OPEN,0.0,False,16,False,3
112747,74.0627,spectacles,high_power,15,True,0.48468,0.48769,0.48618,0.47342,0.2414,OPEN,0.0,False,16,False,3
112783,74.0979,spectacles,high_power,15,True,0.48433,0.4888,0.48657,0.47802,0.2414,OPEN,0.0,False,16,False,3
112810,74.1254,spectacles,high_power,15,True,0.48262,0.48705,0.48483,0.4804,0.2414,OPEN,0.0,False,16,False,3
112842,74.157,spectacles,high_power,15,True,0.4906,0.48632,0.48846,0.48322,0.2414,OPEN,0.0,False,16,False,3
112876,74.1926,spectacles,high_power,15,True,0.50174,0.49267,0.49721,0.48812,0.2414,OPEN,0.0,False,16,False,3
112907,74.2225,spectacles,high_power,15,True,0.50732,0.49242,0.49987,0.49223,0.2414,OPEN,0.0,False,16,False,3
112957,74.2732,spectacles,high_power,15,True,0.51266,0.48892,0.50079,0.49523,0.2414,OPEN,0.0,False,16,False,3
112991,74.306,spectacles,high_power,15,True,0.50283,0.47773,0.49028,0.4935,0.2414,OPEN,0.0,False,16,False,3
113019,74.3362,spectacles,high_power,15,True,0.49631,0.47176,0.48404,0.49019,0.2414,OPEN,0.0,False,16,False,3
113052,74.3669,spectacles,high_power,15,True,0.48936,0.46287,0.47612,0.48526,0.2414,OPEN,0.0,False,16,False,3
113084,74.3992,spectacles,high_power,15,True,0.4815,0.45622,0.46886,0.47952,0.2414,OPEN,0.0,False,16,False,3
113114,74.4301,spectacles,high_power,15,True,0.42404,0.4098,0.41692,0.45761,0.2414,OPEN,0.0,False,16,False,3
113147,74.4636,spectacles,high_power,15,True,0.36544,0.35866,0.36205,0.42417,0.2414,OPEN,0.0,False,16,False,3
113179,74.4937,spectacles,high_power,15,True,0.32881,0.31049,0.31965,0.38758,0.2414,OPEN,0.0,False,16,False,3
113216,74.5313,spectacles,high_power,15,True,0.30443,0.30094,0.30269,0.35787,0.2414,OPEN,0.0,False,16,False,3
113243,74.5577,spectacles,high_power,15,True,0.31339,0.30366,0.30853,0.3406,0.2414,OPEN,0.0,False,16,False,3
113275,74.5906,spectacles,high_power,15,True,0.32216,0.3024,0.31228,0.33069,0.2414,OPEN,0.0,False,16,False,3
113326,74.642,spectacles,high_power,15,True,0.32584,0.32148,0.32366,0.32823,0.2414,OPEN,0.0,False,16,False,3
113355,74.6708,spectacles,high_power,15,True,0.34019,0.33994,0.34006,0.33237,0.2414,OPEN,0.0,False,16,False,3
113387,74.7027,spectacles,high_power,15,True,0.35885,0.35127,0.35506,0.34031,0.2414,OPEN,0.0,False,16,False,3
113421,74.7376,spectacles,high_power,15,True,0.37097,0.35998,0.36547,0.34912,0.2414,OPEN,0.0,False,16,False,3
113451,74.7663,spectacles,high_power,15,True,0.37217,0.36292,0.36755,0.35557,0.2414,OPEN,0.0,False,16,False,3
113483,74.7994,spectacles,high_power,15,True,0.37753,0.36531,0.37142,0.36112,0.2414,OPEN,0.0,False,16,False,3
113514,74.8309,spectacles,high_power,15,True,0.37919,0.36841,0.3738,0.36555,0.2414,OPEN,0.0,False,16,False,3
113547,74.8632,spectacles,high_power,15,True,0.38276,0.36844,0.3756,0.36907,0.2414,OPEN,0.0,False,16,False,3
113578,74.895,spectacles,high_power,15,True,0.3873,0.3723,0.3798,0.37283,0.2414,OPEN,0.0,False,16,False,3
113616,74.9321,spectacles,high_power,15,True,0.38828,0.3717,0.37999,0.37533,0.2414,OPEN,0.0,False,16,False,3
113659,74.9752,spectacles,high_power,15,True,0.39389,0.3755,0.38469,0.37861,0.2414,OPEN,0.0,False,16,False,3
113690,75.0054,spectacles,high_power,15,True,0.39907,0.37989,0.38948,0.38241,0.2414,OPEN,0.0,False,16,False,3
113723,75.0386,spectacles,high_power,15,True,0.40708,0.38457,0.39582,0.38711,0.2414,OPEN,0.0,False,16,False,3
113754,75.0693,spectacles,high_power,15,True,0.4151,0.38911,0.4021,0.39236,0.2414,OPEN,0.0,False,16,False,3
113787,75.1031,spectacles,high_power,15,True,0.4105,0.38001,0.39525,0.39337,0.2414,OPEN,0.0,False,16,False,3
113818,75.136,spectacles,high_power,15,True,0.4082,0.37999,0.3941,0.39362,0.2414,OPEN,0.0,False,16,False,3
113854,75.1708,spectacles,high_power,15,True,0.40639,0.3795,0.39295,0.39339,0.2414,OPEN,0.0,False,16,False,3
113885,75.2009,spectacles,high_power,15,True,0.40669,0.38014,0.39341,0.3934,0.2414,OPEN,0.0,False,16,False,3
113915,75.2352,spectacles,high_power,15,True,0.40743,0.37942,0.39343,0.39341,0.2414,OPEN,0.0,False,16,False,3
113956,75.2742,spectacles,high_power,15,True,0.40741,0.37836,0.39288,0.39322,0.2414,OPEN,0.0,False,16,False,3
113985,75.3029,spectacles,high_power,15,True,0.40421,0.37675,0.39048,0.39226,0.2414,OPEN,0.0,False,16,False,3
114026,75.344,spectacles,high_power,15,True,0.40616,0.38066,0.39341,0.39267,0.2414,OPEN,0.0,False,16,False,3
114062,75.3819,spectacles,high_power,15,True,0.4066,0.37768,0.39214,0.39248,0.2414,OPEN,0.0,False,16,False,3
114091,75.4098,spectacles,high_power,15,True,0.39958,0.3717,0.38564,0.39009,0.2414,OPEN,0.0,False,16,False,3
114123,75.4395,spectacles,high_power,15,True,0.39548,0.37045,0.38296,0.38759,0.2414,OPEN,0.0,False,16,False,3
114158,75.4765,spectacles,high_power,15,True,0.39934,0.3684,0.38387,0.38629,0.2414,OPEN,0.0,False,16,False,3
114188,75.5052,spectacles,high_power,15,True,0.39208,0.36675,0.37942,0.38388,0.2414,OPEN,0.0,False,16,False,3
114219,75.5368,spectacles,high_power,15,True,0.40319,0.3716,0.3874,0.38511,0.2414,OPEN,0.0,False,16,False,3
114253,75.5707,spectacles,high_power,15,True,0.40765,0.37258,0.39011,0.38686,0.2414,OPEN,0.0,False,16,False,3
114287,75.6041,spectacles,high_power,15,True,0.41281,0.37332,0.39306,0.38903,0.2414,OPEN,0.0,False,16,False,3
114315,75.6329,spectacles,high_power,15,True,0.40922,0.37324,0.39123,0.3898,0.2414,OPEN,0.0,False,16,False,3
114346,75.6638,spectacles,high_power,15,True,0.41164,0.37903,0.39533,0.39174,0.2414,OPEN,0.0,False,16,False,3
114395,75.7131,spectacles,high_power,15,True,0.41188,0.38464,0.39826,0.39402,0.2414,OPEN,0.0,False,16,False,3
114426,75.7435,spectacles,high_power,15,True,0.4101,0.3819,0.396,0.39471,0.2414,OPEN,0.0,False,16,False,3
114458,75.7756,spectacles,high_power,15,True,0.41141,0.3776,0.3945,0.39464,0.2414,OPEN,0.0,False,16,False,3
114495,75.8105,spectacles,high_power,15,True,0.41255,0.37634,0.39445,0.39457,0.2414,OPEN,0.0,False,16,False,3
114523,75.8392,spectacles,high_power,15,True,0.41407,0.36549,0.38978,0.39289,0.2414,OPEN,0.0,False,16,False,3
114557,75.8734,spectacles,high_power,15,True,0.416,0.36856,0.39228,0.39268,0.2414,OPEN,0.0,False,16,False,3
114589,75.9027,spectacles,high_power,15,True,0.41377,0.37107,0.39242,0.39259,0.2414,OPEN,0.0,False,16,False,3
114618,75.9306,spectacles,high_power,15,True,0.41108,0.37009,0.39058,0.39189,0.2414,OPEN,0.0,False,16,False,3
114651,75.9671,spectacles,high_power,15,True,0.40806,0.36998,0.38902,0.39088,0.2414,OPEN,0.0,False,16,False,3
114685,75.9998,spectacles,high_power,15,True,0.41329,0.37519,0.39424,0.39206,0.2414,OPEN,0.0,False,16,False,3
114731,76.0483,spectacles,high_power,15,True,0.41741,0.37512,0.39627,0.39353,0.2414,OPEN,0.0,False,16,False,3
114763,76.0798,spectacles,high_power,15,True,0.41826,0.37751,0.39788,0.39505,0.2414,OPEN,0.0,False,16,False,3
114794,76.1098,spectacles,high_power,15,True,0.41774,0.37673,0.39724,0.39582,0.2414,OPEN,0.0,False,16,False,3
114826,76.1412,spectacles,high_power,15,True,0.42244,0.37771,0.40008,0.39731,0.2414,OPEN,0.0,False,16,False,3
114859,76.1752,spectacles,high_power,15,True,0.42184,0.37765,0.39975,0.39816,0.2414,OPEN,0.0,False,16,False,3
114891,76.2064,spectacles,high_power,15,True,0.42122,0.37938,0.4003,0.39891,0.2414,OPEN,0.0,False,16,False,3
114926,76.2415,spectacles,high_power,15,True,0.43006,0.38753,0.40879,0.40237,0.2414,OPEN,0.0,False,16,False,3
114954,76.2688,spectacles,high_power,15,True,0.43131,0.38809,0.4097,0.40494,0.2414,OPEN,0.0,False,16,False,3
114988,76.3035,spectacles,high_power,15,True,0.43499,0.39145,0.41322,0.40784,0.2414,OPEN,0.0,False,16,False,3
115019,76.3355,spectacles,high_power,15,True,0.43121,0.38696,0.40908,0.40827,0.2414,OPEN,0.0,False,16,False,3
115052,76.3681,spectacles,high_power,15,True,0.43296,0.39143,0.41219,0.40964,0.2414,OPEN,0.0,False,16,False,3
115101,76.417,spectacles,high_power,15,True,0.43397,0.39041,0.41219,0.41053,0.2414,OPEN,0.0,False,16,False,3
115132,76.4527,spectacles,high_power,15,True,0.4362,0.39026,0.41323,0.41148,0.2414,OPEN,0.0,False,16,False,3
115164,76.4797,spectacles,high_power,15,True,0.43542,0.38909,0.41225,0.41175,0.2414,OPEN,0.0,False,16,False,3
115196,76.5117,spectacles,high_power,15,True,0.43346,0.3872,0.41033,0.41125,0.2414,OPEN,0.0,False,16,False,3
115227,76.544,spectacles,high_power,15,True,0.43941,0.38679,0.4131,0.4119,0.2414,OPEN,0.0,False,16,False,3
115259,76.5762,spectacles,high_power,15,True,0.43572,0.38808,0.4119,0.4119,0.2414,OPEN,0.0,False,16,False,3
115291,76.607,spectacles,high_power,15,True,0.43217,0.38727,0.40972,0.41114,0.2414,OPEN,0.0,False,16,False,3
115324,76.6386,spectacles,high_power,15,True,0.43394,0.38701,0.41047,0.41091,0.2414,OPEN,0.0,False,16,False,3
115357,76.6732,spectacles,high_power,15,True,0.43268,0.38803,0.41035,0.41071,0.2414,OPEN,0.0,False,16,False,3
115387,76.7024,spectacles,high_power,15,True,0.43323,0.39158,0.41241,0.4113,0.2414,OPEN,0.0,False,16,False,3
115419,76.7352,spectacles,high_power,15,True,0.43114,0.39083,0.41098,0.41119,0.2414,OPEN,0.0,False,16,False,3
115469,76.786,spectacles,high_power,15,True,0.42734,0.39134,0.40934,0.41054,0.2414,OPEN,0.0,False,16,False,3
115501,76.8171,spectacles,high_power,15,True,0.4244,0.38927,0.40684,0.40925,0.2414,OPEN,0.0,False,16,False,3
115531,76.8481,spectacles,high_power,15,True,0.423,0.38655,0.40478,0.40768,0.2414,OPEN,0.0,False,16,False,3
115564,76.8792,spectacles,high_power,15,True,0.4212,0.3864,0.4038,0.40632,0.2414,OPEN,0.0,False,16,False,3
115596,76.9113,spectacles,high_power,15,True,0.4196,0.38782,0.40371,0.40541,0.2414,OPEN,0.0,False,16,False,3
115627,76.9425,spectacles,high_power,15,True,0.41682,0.38645,0.40163,0.40409,0.2414,OPEN,0.0,False,16,False,3
115659,76.974,spectacles,high_power,15,True,0.4131,0.38096,0.39703,0.40162,0.2414,OPEN,0.0,False,16,False,3
115691,77.006,spectacles,high_power,15,True,0.40536,0.37752,0.39144,0.39805,0.2414,OPEN,0.0,False,16,False,3
115723,77.0387,spectacles,high_power,15,True,0.3971,0.37372,0.38541,0.39363,0.2414,OPEN,0.0,False,16,False,3
115756,77.0718,spectacles,high_power,15,True,0.38542,0.36843,0.37693,0.38778,0.2414,OPEN,0.0,False,16,False,3
115805,77.1215,spectacles,high_power,15,True,0.38444,0.36681,0.37562,0.38353,0.2414,OPEN,0.0,False,16,False,3
115836,77.1531,spectacles,high_power,15,True,0.38231,0.36617,0.37424,0.38028,0.2414,OPEN,0.0,False,16,False,3
115867,77.1824,spectacles,high_power,15,True,0.3828,0.36733,0.37506,0.37845,0.2414,OPEN,0.0,False,16,False,3
115900,77.2136,spectacles,high_power,15,True,0.38548,0.36685,0.37616,0.37765,0.2414,OPEN,0.0,False,16,False,3
116160,77.5079,spectacles,high_power,15,True,0.392,0.36891,0.38046,0.37863,0.2414,OPEN,0.0,False,16,False,3
116235,77.5509,spectacles,high_power,15,True,0.39348,0.36738,0.38043,0.37926,0.2414,OPEN,0.0,False,16,False,3
116267,77.5766,spectacles,high_power,15,True,0.3957,0.36657,0.38113,0.37992,0.2414,OPEN,0.0,False,16,False,3
116294,77.6024,spectacles,high_power,15,True,0.39619,0.36709,0.38164,0.38052,0.2414,OPEN,0.0,False,16,False,3
116321,77.6276,spectacles,high_power,15,True,0.40109,0.36835,0.38472,0.38199,0.2414,OPEN,0.0,False,16,False,3
116339,77.6462,spectacles,high_power,15,True,0.40112,0.36836,0.38474,0.38295,0.2414,OPEN,0.0,False,16,False,3
116357,77.665,spectacles,high_power,15,True,0.4023,0.36845,0.38537,0.3838,0.2414,OPEN,0.0,False,16,False,3
116390,77.7005,spectacles,high_power,15,True,0.40147,0.36999,0.38573,0.38448,0.2414,OPEN,0.0,False,16,False,3
116417,77.7312,spectacles,high_power,15,True,0.39784,0.36957,0.38371,0.38421,0.2414,OPEN,0.0,False,16,False,3
116440,77.7486,spectacles,high_power,15,True,0.39634,0.36864,0.38249,0.38361,0.2414,OPEN,0.0,False,16,False,3
116474,77.7865,spectacles,high_power,15,True,0.39702,0.36899,0.383,0.38339,0.2414,OPEN,0.0,False,16,False,3
116509,77.8222,spectacles,high_power,15,True,0.40012,0.37047,0.3853,0.38406,0.2414,OPEN,0.0,False,16,False,3
116543,77.8531,spectacles,high_power,15,True,0.40019,0.37167,0.38593,0.38472,0.2414,OPEN,0.0,False,16,False,3
116577,77.8885,spectacles,high_power,15,True,0.40201,0.37457,0.38829,0.38597,0.2414,OPEN,0.0,False,16,False,3
116612,77.9242,spectacles,high_power,15,True,0.40082,0.37485,0.38783,0.38662,0.2414,OPEN,0.0,False,16,False,3
116652,77.9655,spectacles,high_power,15,True,0.40066,0.37632,0.38849,0.38727,0.2414,OPEN,0.0,False,16,False,3
116675,77.9841,spectacles,high_power,15,True,0.40066,0.37643,0.38854,0.38772,0.2414,OPEN,0.0,False,16,False,3
116710,78.0222,spectacles,high_power,15,True,0.40145,0.37571,0.38858,0.38802,0.2414,OPEN,0.0,False,16,False,3
116732,78.0444,spectacles,high_power,15,True,0.39969,0.37418,0.38694,0.38764,0.2414,OPEN,0.0,False,16,False,3
116766,78.0772,spectacles,high_power,15,True,0.37209,0.35536,0.36373,0.37927,0.2414,OPEN,0.0,False,16,False,3
116801,78.1093,spectacles,high_power,15,True,0.26917,0.25918,0.26418,0.33899,0.2414,OPEN,0.0,False,16,False,3
116842,78.1501,spectacles,high_power,15,True,0.24748,0.23144,0.23946,0.30415,0.2414,OPEN,0.0,False,16,False,3
116874,78.1831,spectacles,high_power,15,True,0.24096,0.22188,0.23142,0.2787,0.2414,OPEN,0.0,False,16,False,3
116908,78.2154,spectacles,high_power,15,True,0.25578,0.2314,0.24359,0.26641,0.2414,OPEN,0.0,False,16,False,3
116938,78.2509,spectacles,high_power,15,True,0.27777,0.2649,0.27133,0.26813,0.2414,OPEN,0.0,False,16,False,3
116972,78.2817,spectacles,high_power,15,True,0.29203,0.28361,0.28782,0.27502,0.2414,OPEN,0.0,False,16,False,3
117003,78.311,spectacles,high_power,15,True,0.30492,0.29821,0.30157,0.28431,0.2414,OPEN,0.0,False,16,False,3
117291,78.7023,spectacles,high_power,15,True,0.33282,0.32473,0.32878,0.29988,0.2414,OPEN,0.0,False,16,False,3
117437,78.7536,spectacles,high_power,15,True,0.36032,0.34692,0.35362,0.31869,0.2414,OPEN,0.0,False,16,False,3
117463,78.7763,spectacles,high_power,15,True,0.35917,0.34631,0.35274,0.3306,0.2414,OPEN,0.0,False,16,False,3
117499,78.8069,spectacles,high_power,15,True,0.35948,0.34651,0.35299,0.33844,0.2414,OPEN,0.0,False,16,False,3
117524,78.8325,spectacles,high_power,15,True,0.35889,0.34618,0.35253,0.34337,0.2414,OPEN,0.0,False,16,False,3
117542,78.8504,spectacles,high_power,15,True,0.36128,0.34855,0.35492,0.34741,0.2414,OPEN,0.0,False,16,False,3
117576,78.888,spectacles,high_power,15,True,0.36134,0.3489,0.35512,0.35011,0.2414,OPEN,0.0,False,16,False,3
117611,78.9205,spectacles,high_power,15,True,0.36094,0.34862,0.35478,0.35174,0.2414,OPEN,0.0,False,16,False,3
117645,78.9573,spectacles,high_power,15,True,0.3618,0.34824,0.35502,0.35289,0.2414,OPEN,0.0,False,16,False,3
117679,78.9932,spectacles,high_power,15,True,0.36225,0.3489,0.35557,0.35383,0.2414,OPEN,0.0,False,16,False,3
117705,79.0152,spectacles,high_power,15,True,0.36295,0.34903,0.35599,0.35458,0.2414,OPEN,0.0,False,16,False,3
117740,79.0535,spectacles,high_power,15,True,0.3655,0.34894,0.35722,0.35551,0.2414,OPEN,0.0,False,16,False,3
117763,79.0753,spectacles,high_power,15,True,0.36617,0.35,0.35809,0.35641,0.2414,OPEN,0.0,False,16,False,3
117784,79.0922,spectacles,high_power,15,True,0.36858,0.3517,0.36014,0.35772,0.2414,OPEN,0.0,False,16,False,3
117803,79.1092,spectacles,high_power,15,True,0.36777,0.35168,0.35973,0.35842,0.2414,OPEN,0.0,False,16,False,3
117837,79.1504,spectacles,high_power,15,True,0.36958,0.35518,0.36238,0.35981,0.2414,OPEN,0.0,False,16,False,3
117871,79.1808,spectacles,high_power,15,True,0.37973,0.36498,0.37235,0.3642,0.2414,OPEN,0.0,False,16,False,3
117904,79.2125,spectacles,high_power,15,True,0.38234,0.36701,0.37467,0.36786,0.2414,OPEN,0.0,False,16,False,3
117923,79.2318,spectacles,high_power,15,True,0.3821,0.36663,0.37437,0.37014,0.2414,OPEN,0.0,False,16,False,3
117956,79.2685,spectacles,high_power,15,True,0.35822,0.33026,0.34424,0.36108,0.2414,OPEN,0.0,False,16,False,3
118253,79.6081,spectacles,high_power,15,True,0.33853,0.31593,0.32723,0.34923,0.2414,OPEN,0.0,False,16,False,3
118333,79.6489,spectacles,high_power,15,True,0.32993,0.31049,0.32021,0.33907,0.2414,OPEN,0.0,False,16,False,3
118363,79.6722,spectacles,high_power,15,True,0.329,0.30735,0.31817,0.33176,0.2414,OPEN,0.0,False,16,False,3
118389,79.6961,spectacles,high_power,15,True,0.32497,0.30372,0.31435,0.32566,0.2414,OPEN,0.0,False,16,False,3
118424,79.733,spectacles,high_power,15,True,0.31933,0.29269,0.30601,0.31879,0.2414,OPEN,0.0,False,16,False,3
118459,79.7739,spectacles,high_power,15,True,0.32205,0.29427,0.30816,0.31507,0.2414,OPEN,0.0,False,16,False,3
118484,79.794,spectacles,high_power,15,True,0.32196,0.29426,0.30811,0.31263,0.2414,OPEN,0.0,False,16,False,3
118541,79.8567,spectacles,high_power,15,True,0.32128,0.29332,0.3073,0.31077,0.2414,OPEN,0.0,False,16,False,3
118575,79.8856,spectacles,high_power,15,True,0.32039,0.2916,0.30599,0.30909,0.2414,OPEN,0.0,False,16,False,3
118607,79.9165,spectacles,high_power,15,True,0.32177,0.29389,0.30783,0.30865,0.2414,OPEN,0.0,False,16,False,3
118920,80.2679,spectacles,high_power,15,True,0.31488,0.29081,0.30284,0.30662,0.2414,OPEN,0.0,False,16,False,3
118998,80.3139,spectacles,high_power,15,True,0.31992,0.29094,0.30543,0.3062,0.2414,OPEN,0.0,False,16,False,3
119028,80.3446,spectacles,high_power,15,True,0.32077,0.29141,0.30609,0.30616,0.2414,OPEN,0.0,False,16,False,3
119055,80.3657,spectacles,high_power,15,True,0.31833,0.29117,0.30475,0.30567,0.2414,OPEN,0.0,False,16,False,3
119083,80.3949,spectacles,high_power,15,True,0.3199,0.29425,0.30707,0.30616,0.2414,OPEN,0.0,False,16,False,3
119105,80.4155,spectacles,high_power,15,True,0.32511,0.2962,0.31066,0.30774,0.2414,OPEN,0.0,False,16,False,3
119133,80.4428,spectacles,high_power,15,True,0.33129,0.29902,0.31515,0.31033,0.2414,OPEN,0.0,False,16,False,3
119291,80.6086,spectacles,high_power,15,True,0.33245,0.30219,0.31732,0.31278,0.2414,OPEN,0.0,False,16,False,3
119346,80.6698,spectacles,high_power,15,True,0.33382,0.30482,0.31932,0.31507,0.2414,OPEN,0.0,False,16,False,3
119381,80.7053,spectacles,high_power,15,True,0.33502,0.30388,0.31945,0.3166,0.2414,OPEN,0.0,False,16,False,3
119417,80.7392,spectacles,high_power,15,True,0.34094,0.30253,0.32173,0.3184,0.2414,OPEN,0.0,False,16,False,3
119450,80.7684,spectacles,high_power,15,True,0.34469,0.29881,0.32175,0.31957,0.2414,OPEN,0.0,False,16,False,3
119485,80.7984,spectacles,high_power,15,True,0.34968,0.30391,0.3268,0.3221,0.2414,OPEN,0.0,False,16,False,3
119517,80.8251,spectacles,high_power,15,True,0.35317,0.3043,0.32873,0.32442,0.2414,OPEN,0.0,False,16,False,3
119704,81.0278,spectacles,high_power,15,True,0.34862,0.32001,0.33431,0.32788,0.2414,OPEN,0.0,False,16,False,3
119757,81.071,spectacles,high_power,15,True,0.34831,0.3256,0.33695,0.33106,0.2414,OPEN,0.0,False,16,False,3
119780,81.0915,spectacles,high_power,15,True,0.34737,0.32404,0.33571,0.33268,0.2414,OPEN,0.0,False,16,False,3
119815,81.127,spectacles,high_power,15,True,0.36084,0.32754,0.34419,0.33671,0.2414,OPEN,0.0,False,16,False,3
119852,81.1596,spectacles,high_power,15,True,0.36124,0.32033,0.34078,0.33814,0.2414,OPEN,0.0,False,16,False,3
119884,81.1911,spectacles,high_power,15,True,0.3693,0.32249,0.3459,0.34085,0.2414,OPEN,0.0,False,16,False,3
119917,81.2262,spectacles,high_power,15,True,0.3781,0.33102,0.35456,0.34565,0.2414,OPEN,0.0,False,16,False,3
120127,81.4415,spectacles,high_power,15,True,0.36402,0.31587,0.33995,0.34365,0.2414,OPEN,0.0,False,16,False,3
120172,81.4869,spectacles,high_power,15,True,0.34549,0.29924,0.32237,0.3362,0.2414,OPEN,0.0,False,16,False,3
120203,81.5154,spectacles,high_power,15,True,0.34734,0.29889,0.32311,0.33162,0.2414,OPEN,0.0,False,16,False,3
120228,81.5394,spectacles,high_power,15,True,0.35122,0.30833,0.32977,0.33097,0.2414,OPEN,0.0,False,16,False,3
120254,81.5647,spectacles,high_power,15,True,0.36697,0.31915,0.34306,0.33521,0.2414,OPEN,0.0,False,16,False,3
120287,81.5935,spectacles,high_power,15,True,0.35811,0.30871,0.33341,0.33458,0.2414,OPEN,0.0,False,16,False,3
120314,81.6235,spectacles,high_power,15,True,0.36894,0.32571,0.34732,0.33904,0.2414,OPEN,0.0,False,16,False,3
120348,81.6583,spectacles,high_power,15,True,0.35916,0.3197,0.33943,0.33917,0.2414,OPEN,0.0,False,16,False,3
120379,81.6901,spectacles,high_power,15,True,0.35788,0.31823,0.33805,0.33878,0.2414,OPEN,0.0,False,16,False,3
120410,81.72,spectacles,high_power,15,True,0.35711,0.31909,0.3381,0.33854,0.2414,OPEN,0.0,False,16,False,3
120459,81.7707,spectacles,high_power,15,True,0.36158,0.32575,0.34366,0.34033,0.2414,OPEN,0.0,False,16,False,3
120493,81.8054,spectacles,high_power,15,True,0.35867,0.3266,0.34263,0.34114,0.2414,OPEN,0.0,False,16,False,3
120527,81.8354,spectacles,high_power,15,True,0.35507,0.32141,0.33824,0.34012,0.2414,OPEN,0.0,False,16,False,3
120561,81.8689,spectacles,high_power,15,True,0.35855,0.31828,0.33842,0.33953,0.2414,OPEN,0.0,False,16,False,3
120587,81.8966,spectacles,high_power,15,True,0.3589,0.3175,0.3382,0.33906,0.2414,OPEN,0.0,False,16,False,3
120620,81.9291,spectacles,high_power,15,True,0.35891,0.32034,0.33963,0.33926,0.2414,OPEN,0.0,False,16,False,3
120655,81.9675,spectacles,high_power,15,True,0.35261,0.31254,0.33258,0.33692,0.2414,OPEN,0.0,False,16,False,3
120684,81.9974,spectacles,high_power,15,True,0.34726,0.30488,0.32607,0.33312,0.2414,OPEN,0.0,False,16,False,3
120718,82.0266,spectacles,high_power,15,True,0.34219,0.30411,0.32315,0.32963,0.2414,OPEN,0.0,False,16,False,3
120748,82.0614,spectacles,high_power,15,True,0.34317,0.3069,0.32503,0.32802,0.2414,OPEN,0.0,False,16,False,3
120779,82.0904,spectacles,high_power,15,True,0.34089,0.30982,0.32536,0.32709,0.2414,OPEN,0.0,False,16,False,3
120828,82.1397,spectacles,high_power,15,True,0.34199,0.30191,0.32195,0.32529,0.2414,OPEN,0.0,False,16,False,3
120858,82.1673,spectacles,high_power,15,True,0.34011,0.30383,0.32197,0.32413,0.2414,OPEN,0.0,False,16,False,3
120892,82.2044,spectacles,high_power,15,True,0.33593,0.3055,0.32072,0.32293,0.2414,OPEN,0.0,False,16,False,3
120927,82.2349,spectacles,high_power,15,True,0.33534,0.31551,0.32542,0.32381,0.2414,OPEN,0.0,False,16,False,3
120956,82.2683,spectacles,high_power,15,True,0.3476,0.32123,0.33441,0.32752,0.2414,OPEN,0.0,False,16,False,3
120990,82.3024,spectacles,high_power,15,True,0.33659,0.30957,0.32308,0.32597,0.2414,OPEN,0.0,False,16,False,3
121024,82.3344,spectacles,high_power,15,True,0.3334,0.30594,0.31967,0.32376,0.2414,OPEN,0.0,False,16,False,3
121059,82.3697,spectacles,high_power,15,True,0.33826,0.30277,0.32052,0.32263,0.2414,OPEN,0.0,False,16,False,3
121083,82.3896,spectacles,high_power,15,True,0.33913,0.29653,0.31783,0.32095,0.2414,OPEN,0.0,False,16,False,3
121121,82.4289,spectacles,high_power,15,True,0.35017,0.31148,0.33083,0.3244,0.2414,OPEN,0.0,False,16,False,3
121165,82.4775,spectacles,high_power,15,True,0.36336,0.32069,0.34203,0.33057,0.2414,OPEN,0.0,False,16,False,3
121196,82.5078,spectacles,high_power,15,True,0.35112,0.3164,0.33376,0.33169,0.2414,OPEN,0.0,False,16,False,3
121229,82.5405,spectacles,high_power,15,True,0.34941,0.32199,0.3357,0.33309,0.2414,OPEN,0.0,False,16,False,3
121262,82.5753,spectacles,high_power,15,True,0.34993,0.32327,0.3366,0.33432,0.2414,OPEN,0.0,False,16,False,3
121318,82.6382,spectacles,high_power,15,True,0.35061,0.32475,0.33768,0.3355,0.2414,OPEN,0.0,False,16,False,3
121358,82.6812,spectacles,high_power,15,True,0.34913,0.32305,0.33609,0.3357,0.2414,OPEN,0.0,False,16,False,3
121394,82.7248,spectacles,high_power,15,True,0.35012,0.32401,0.33706,0.33618,0.2414,OPEN,0.0,False,16,False,3
121447,82.7762,spectacles,high_power,15,True,0.34574,0.32163,0.33369,0.33531,0.2414,OPEN,0.0,False,16,False,3
121494,82.8154,spectacles,high_power,15,True,0.35388,0.32333,0.3386,0.33646,0.2414,OPEN,0.0,False,16,False,3
121526,82.8428,spectacles,high_power,15,True,0.35119,0.32159,0.33639,0.33644,0.2414,OPEN,0.0,False,16,False,3
121560,82.882,spectacles,high_power,15,True,0.34366,0.3219,0.33278,0.33516,0.2414,OPEN,0.0,False,16,False,3
121596,82.9112,spectacles,high_power,15,True,0.34526,0.32024,0.33275,0.33431,0.2414,OPEN,0.0,False,16,False,3
121628,82.9444,spectacles,high_power,15,True,0.35007,0.31504,0.33255,0.3337,0.2414,OPEN,0.0,False,16,False,3
121660,82.9762,spectacles,high_power,15,True,0.35434,0.32094,0.33764,0.33508,0.2414,OPEN,0.0,False,16,False,3
121691,83.0067,spectacles,high_power,15,True,0.34557,0.30452,0.32504,0.33156,0.2414,OPEN,0.0,False,16,False,3
121723,83.0386,spectacles,high_power,15,True,0.34228,0.30171,0.32199,0.32821,0.2414,OPEN,0.0,False,16,False,3
121755,83.0702,spectacles,high_power,15,True,0.32071,0.28225,0.30148,0.31886,0.2414,OPEN,0.0,False,16,False,3
121788,83.1039,spectacles,high_power,15,True,0.33355,0.28999,0.31177,0.31638,0.2414,OPEN,0.0,False,16,False,3
121818,83.1342,spectacles,high_power,15,True,0.33017,0.28778,0.30897,0.31379,0.2414,OPEN,0.0,False,16,False,3
121848,83.1639,spectacles,high_power,15,True,0.33362,0.28514,0.30938,0.31224,0.2414,OPEN,0.0,False,16,False,3
121879,83.1963,spectacles,high_power,15,True,0.32644,0.28637,0.3064,0.3102,0.2414,OPEN,0.0,False,16,False,3
121910,83.226,spectacles,high_power,15,True,0.33091,0.29077,0.31084,0.31042,0.2414,OPEN,0.0,False,16,False,3
121943,83.2587,spectacles,high_power,15,True,0.33052,0.29266,0.31159,0.31083,0.2414,OPEN,0.0,False,16,False,3
121974,83.2934,spectacles,high_power,15,True,0.33492,0.29397,0.31444,0.3121,0.2414,OPEN,0.0,False,16,False,3
122010,83.3262,spectacles,high_power,15,True,0.33429,0.29406,0.31418,0.31282,0.2414,OPEN,0.0,False,16,False,3
122041,83.358,spectacles,high_power,15,True,0.33767,0.29381,0.31574,0.31384,0.2414,OPEN,0.0,False,16,False,3
122073,83.3901,spectacles,high_power,15,True,0.33524,0.29321,0.31423,0.31398,0.2414,OPEN,0.0,False,16,False,3
122106,83.4211,spectacles,high_power,15,True,0.33619,0.29727,0.31673,0.31494,0.2414,OPEN,0.0,False,16,False,3
122137,83.4537,spectacles,high_power,15,True,0.33461,0.29505,0.31483,0.3149,0.2414,OPEN,0.0,False,16,False,3
122169,83.4869,spectacles,high_power,15,True,0.33568,0.2957,0.31569,0.31518,0.2414,OPEN,0.0,False,16,False,3
122202,83.5178,spectacles,high_power,15,True,0.33164,0.29269,0.31216,0.31412,0.2414,OPEN,0.0,False,16,False,3
122233,83.5499,spectacles,high_power,15,True,0.32923,0.29359,0.31141,0.31317,0.2414,OPEN,0.0,False,16,False,3
122266,83.5809,spectacles,high_power,15,True,0.31952,0.27866,0.29909,0.30824,0.2414,OPEN,0.0,False,16,False,3
122298,83.614,spectacles,high_power,15,True,0.31898,0.2714,0.29519,0.30368,0.2414,OPEN,0.0,False,16,False,3
122345,83.6619,spectacles,high_power,15,True,0.31959,0.26852,0.29406,0.30031,0.2414,OPEN,0.0,False,16,False,3
122377,83.6919,spectacles,high_power,15,True,0.32443,0.27192,0.29817,0.29956,0.2414,OPEN,0.0,False,16,False,3
122409,83.7271,spectacles,high_power,15,True,0.33098,0.2827,0.30684,0.30211,0.2414,OPEN,0.0,False,16,False,3
122443,83.7589,spectacles,high_power,15,True,0.32028,0.27787,0.29907,0.30105,0.2414,OPEN,0.0,False,16,False,3
122475,83.7903,spectacles,high_power,15,True,0.31518,0.27106,0.29312,0.29827,0.2414,OPEN,0.0,False,16,False,3
122507,83.8231,spectacles,high_power,15,True,0.32011,0.27523,0.29767,0.29806,0.2414,OPEN,0.0,False,16,False,3
122539,83.8554,spectacles,high_power,15,True,0.31732,0.27118,0.29425,0.29673,0.2414,OPEN,0.0,False,16,False,3
122570,83.8864,spectacles,high_power,15,True,0.32716,0.27719,0.30217,0.29863,0.2414,OPEN,0.0,False,16,False,3
122602,83.919,spectacles,high_power,15,True,0.32624,0.28069,0.30346,0.30032,0.2414,OPEN,0.0,False,16,False,3
122636,83.951,spectacles,high_power,15,True,0.33047,0.28466,0.30756,0.30286,0.2414,OPEN,0.0,False,16,False,3
122665,83.9805,spectacles,high_power,15,True,0.33149,0.28674,0.30911,0.30505,0.2414,OPEN,0.0,False,16,False,3
122697,84.0123,spectacles,high_power,15,True,0.32914,0.2851,0.30712,0.30577,0.2414,OPEN,0.0,False,16,False,3
122729,84.0446,spectacles,high_power,15,True,0.33139,0.28895,0.31017,0.30731,0.2414,OPEN,0.0,False,16,False,3
122761,84.0759,spectacles,high_power,15,True,0.33782,0.29142,0.31462,0.30987,0.2414,OPEN,0.0,False,16,False,3
122793,84.1076,spectacles,high_power,15,True,0.34252,0.30254,0.32253,0.3143,0.2414,OPEN,0.0,False,16,False,3
122825,84.14,spectacles,high_power,15,True,0.35595,0.31148,0.33372,0.3211,0.2414,OPEN,0.0,False,16,False,3
122856,84.1745,spectacles,high_power,15,True,0.36248,0.31973,0.34111,0.3281,0.2414,OPEN,0.0,False,16,False,3
122889,84.2042,spectacles,high_power,15,True,0.37061,0.32919,0.3499,0.33573,0.2414,OPEN,0.0,False,16,False,3
122913,84.2282,spectacles,high_power,15,True,0.37402,0.33066,0.35234,0.34154,0.2414,OPEN,0.0,False,16,False,3
122946,84.2607,spectacles,high_power,15,True,0.36999,0.32731,0.34865,0.34403,0.2414,OPEN,0.0,False,16,False,3
122978,84.295,spectacles,high_power,15,True,0.37046,0.32581,0.34814,0.34547,0.2414,OPEN,0.0,False,16,False,3
123010,84.325,spectacles,high_power,15,True,0.36944,0.32505,0.34725,0.34609,0.2414,OPEN,0.0,False,16,False,3
123042,84.3579,spectacles,high_power,15,True,0.37476,0.32967,0.35222,0.34823,0.2414,OPEN,0.0,False,16,False,3
123082,84.4006,spectacles,high_power,15,True,0.37591,0.32975,0.35283,0.34984,0.2414,OPEN,0.0,False,16,False,3
123114,84.43,spectacles,high_power,15,True,0.37599,0.32966,0.35283,0.35089,0.2414,OPEN,0.0,False,16,False,3
123145,84.4603,spectacles,high_power,15,True,0.37647,0.33205,0.35426,0.35207,0.2414,OPEN,0.0,False,16,False,3
123177,84.4915,spectacles,high_power,15,True,0.37552,0.33271,0.35412,0.35278,0.2414,OPEN,0.0,False,16,False,3
123209,84.5242,spectacles,high_power,15,True,0.37588,0.33537,0.35562,0.35378,0.2414,OPEN,0.0,False,16,False,3
123240,84.5599,spectacles,high_power,15,True,0.3756,0.33704,0.35632,0.35467,0.2414,OPEN,0.0,False,16,False,3
123275,84.5904,spectacles,high_power,15,True,0.37512,0.33762,0.35637,0.35527,0.2414,OPEN,0.0,False,16,False,3
123307,84.6232,spectacles,high_power,15,True,0.37494,0.33718,0.35606,0.35554,0.2414,OPEN,0.0,False,16,False,3
123356,84.6729,spectacles,high_power,15,True,0.37643,0.3374,0.35691,0.35602,0.2414,OPEN,0.0,False,16,False,3
123387,84.7031,spectacles,high_power,15,True,0.37487,0.33781,0.35634,0.35614,0.2414,OPEN,0.0,False,16,False,3
123418,84.7377,spectacles,high_power,15,True,0.37718,0.33758,0.35738,0.35657,0.2414,OPEN,0.0,False,16,False,3
123464,84.7801,spectacles,high_power,15,True,0.37708,0.336,0.35654,0.35656,0.2414,OPEN,0.0,False,16,False,3
123496,84.8156,spectacles,high_power,15,True,0.37825,0.33337,0.35581,0.3563,0.2414,OPEN,0.0,False,16,False,3
123532,84.8487,spectacles,high_power,15,True,0.37718,0.33095,0.35406,0.35552,0.2414,OPEN,0.0,False,16,False,3
123564,84.88,spectacles,high_power,15,True,0.3773,0.33205,0.35467,0.35522,0.2414,OPEN,0.0,False,16,False,3
123611,84.9268,spectacles,high_power,15,True,0.37668,0.33136,0.35402,0.3548,0.2414,OPEN,0.0,False,16,False,3
123643,84.9568,spectacles,high_power,15,True,0.37587,0.32982,0.35285,0.35412,0.2414,OPEN,0.0,False,16,False,3
123690,85.0076,spectacles,high_power,15,True,0.3745,0.32923,0.35187,0.35333,0.2414,OPEN,0.0,False,16,False,3
123722,85.0377,spectacles,high_power,15,True,0.37515,0.33033,0.35274,0.35312,0.2414,OPEN,0.0,False,16,False,3
123754,85.0696,spectacles,high_power,15,True,0.37505,0.32991,0.35248,0.3529,0.2414,OPEN,0.0,False,16,False,3
123785,85.0996,spectacles,high_power,15,True,0.35833,0.31052,0.33442,0.34643,0.2414,OPEN,0.0,False,16,False,3
123817,85.1346,spectacles,high_power,15,True,0.34297,0.28541,0.31419,0.33515,0.2414,OPEN,0.0,False,16,False,3
123849,85.1652,spectacles,high_power,15,True,0.33859,0.28167,0.31013,0.32639,0.2414,OPEN,0.0,False,16,False,3
123880,85.1968,spectacles,high_power,15,True,0.33552,0.27692,0.30622,0.31933,0.2414,OPEN,0.0,False,16,False,3
123912,85.2303,spectacles,high_power,15,True,0.32729,0.27194,0.29961,0.31243,0.2414,OPEN,0.0,False,16,False,3
123947,85.2631,spectacles,high_power,15,True,0.33062,0.27673,0.30368,0.30937,0.2414,OPEN,0.0,False,16,False,3
123981,85.2975,spectacles,high_power,15,True,0.33486,0.28101,0.30794,0.30887,0.2414,OPEN,0.0,False,16,False,3
124013,85.3285,spectacles,high_power,15,True,0.33063,0.28064,0.30564,0.30774,0.2414,OPEN,0.0,False,16,False,3
124043,85.3589,spectacles,high_power,15,True,0.32928,0.27831,0.3038,0.30636,0.2414,OPEN,0.0,False,16,False,3
124075,85.3913,spectacles,high_power,15,True,0.33248,0.27405,0.30326,0.30527,0.2414,OPEN,0.0,False,16,False,3
124108,85.4265,spectacles,high_power,15,True,0.33044,0.2749,0.30267,0.30436,0.2414,OPEN,0.0,False,16,False,3
124140,85.4582,spectacles,high_power,15,True,0.32368,0.27569,0.29969,0.30273,0.2414,OPEN,0.0,False,16,False,3
124180,85.4953,spectacles,high_power,15,True,0.32287,0.2985,0.31068,0.30551,0.2414,OPEN,0.0,False,16,False,3
124212,85.5279,spectacles,high_power,15,True,0.34231,0.31191,0.32711,0.31307,0.2414,OPEN,0.0,False,16,False,3
124244,85.5609,spectacles,high_power,15,True,0.35696,0.32466,0.34081,0.32278,0.2414,OPEN,0.0,False,16,False,3
124276,85.5923,spectacles,high_power,15,True,0.37007,0.33222,0.35115,0.33271,0.2414,OPEN,0.0,False,16,False,3
124309,85.6253,spectacles,high_power,15,True,0.3689,0.33188,0.35039,0.3389,0.2414,OPEN,0.0,False,16,False,3
124340,85.66,spectacles,high_power,15,True,0.37528,0.33115,0.35322,0.34391,0.2414,OPEN,0.0,False,16,False,3
124378,85.6934,spectacles,high_power,15,True,0.37514,0.33009,0.35261,0.34695,0.2414,OPEN,0.0,False,16,False,3
124409,85.7256,spectacles,high_power,15,True,0.3727,0.32705,0.34987,0.34798,0.2414,OPEN,0.0,False,16,False,3
124442,85.758,spectacles,high_power,15,True,0.37309,0.32704,0.35007,0.34871,0.2414,OPEN,0.0,False,16,False,3
124473,85.7902,spectacles,high_power,15,True,0.37108,0.32728,0.34918,0.34887,0.2414,OPEN,0.0,False,16,False,3
124506,85.8238,spectacles,high_power,15,True,0.36993,0.32693,0.34843,0.34872,0.2414,OPEN,0.0,False,16,False,3
124537,85.8549,spectacles,high_power,15,True,0.36923,0.32709,0.34816,0.34852,0.2414,OPEN,0.0,False,16,False,3
124570,85.8866,spectacles,high_power,15,True,0.3711,0.32831,0.34971,0.34894,0.2414,OPEN,0.0,False,16,False,3
124619,85.9356,spectacles,high_power,15,True,0.37187,0.32865,0.35026,0.3494,0.2414,OPEN,0.0,False,16,False,3
124650,85.9663,spectacles,high_power,15,True,0.37381,0.3298,0.3518,0.35024,0.2414,OPEN,0.0,False,16,False,3
124682,85.9972,spectacles,high_power,15,True,0.37785,0.33183,0.35484,0.35185,0.2414,OPEN,0.0,False,16,False,3
124714,86.0296,spectacles,high_power,15,True,0.37317,0.33003,0.3516,0.35176,0.2414,OPEN,0.0,False,16,False,3
124746,86.0625,spectacles,high_power,15,True,0.36735,0.32759,0.34747,0.35026,0.2414,OPEN,0.0,False,16,False,3
124777,86.0975,spectacles,high_power,15,True,0.36461,0.32678,0.34569,0.34866,0.2414,OPEN,0.0,False,16,False,3
124810,86.1253,spectacles,high_power,15,True,0.36726,0.32848,0.34787,0.34838,0.2414,OPEN,0.0,False,16,False,3
124841,86.1562,spectacles,high_power,15,True,0.36485,0.32823,0.34654,0.34774,0.2414,OPEN,0.0,False,16,False,3
124873,86.1888,spectacles,high_power,15,True,0.36409,0.3282,0.34615,0.34718,0.2414,OPEN,0.0,False,16,False,3
124905,86.2212,spectacles,high_power,15,True,0.36488,0.32828,0.34658,0.34697,0.2414,OPEN,0.0,False,16,False,3
124937,86.2537,spectacles,high_power,15,True,0.36633,0.32799,0.34716,0.34704,0.2414,OPEN,0.0,False,16,False,3
124969,86.2846,spectacles,high_power,15,True,0.3657,0.3291,0.3474,0.34716,0.2414,OPEN,0.0,False,16,False,3
125001,86.3194,spectacles,high_power,15,True,0.3645,0.3268,0.34565,0.34663,0.2414,OPEN,0.0,False,16,False,3
125035,86.3505,spectacles,high_power,15,True,0.36424,0.32668,0.34546,0.34622,0.2414,OPEN,0.0,False,16,False,3
125068,86.3832,spectacles,high_power,15,True,0.36431,0.32668,0.3455,0.34597,0.2414,OPEN,0.0,False,16,False,3
125099,86.4153,spectacles,high_power,15,True,0.36461,0.32821,0.34641,0.34612,0.2414,OPEN,0.0,False,16,False,3
125130,86.4461,spectacles,high_power,15,True,0.36841,0.3306,0.34951,0.34731,0.2414,OPEN,0.0,False,16,False,3
125161,86.4771,spectacles,high_power,15,True,0.36931,0.33128,0.3503,0.34835,0.2414,OPEN,0.0,False,16,False,3
125193,86.5087,spectacles,high_power,15,True,0.36819,0.33009,0.34914,0.34863,0.2414,OPEN,0.0,False,16,False,3
125293,86.6312,spectacles,high_power,15,True,0.36485,0.32869,0.34677,0.34798,0.2414,OPEN,0.0,False,16,False,3
125354,86.6794,spectacles,high_power,15,True,0.3663,0.32922,0.34776,0.3479,0.2414,OPEN,0.0,False,16,False,3
125402,86.7201,spectacles,high_power,15,True,0.36944,0.32788,0.34866,0.34817,0.2414,OPEN,0.0,False,16,False,3
125432,86.7635,spectacles,high_power,15,True,0.36883,0.32692,0.34788,0.34807,0.2414,OPEN,0.0,False,16,False,3
125480,86.7971,spectacles,high_power,15,True,0.36859,0.32733,0.34796,0.34803,0.2414,OPEN,0.0,False,16,False,3
125514,86.8302,spectacles,high_power,15,True,0.3689,0.32805,0.34847,0.34818,0.2414,OPEN,0.0,False,16,False,3
125541,86.8565,spectacles,high_power,15,True,0.36968,0.32916,0.34942,0.34862,0.2414,OPEN,0.0,False,16,False,3
125573,86.8919,spectacles,high_power,15,True,0.35784,0.31789,0.33786,0.34485,0.2414,OPEN,0.0,False,16,False,3
125605,86.9244,spectacles,high_power,15,True,0.35847,0.32198,0.34023,0.34323,0.2414,OPEN,0.0,False,16,False,3
125641,86.9578,spectacles,high_power,15,True,0.35938,0.32479,0.34209,0.34283,0.2414,OPEN,0.0,False,16,False,3
125673,86.9905,spectacles,high_power,15,True,0.3622,0.32717,0.34469,0.34348,0.2414,OPEN,0.0,False,16,False,3
125704,87.0212,spectacles,high_power,15,True,0.36315,0.3268,0.34498,0.34401,0.2414,OPEN,0.0,False,16,False,3
125737,87.0562,spectacles,high_power,15,True,0.36279,0.32593,0.34436,0.34413,0.2414,OPEN,0.0,False,16,False,3
125768,87.0828,spectacles,high_power,15,True,0.36279,0.32593,0.34436,0.34421,0.2414,OPEN,0.0,False,16,False,3
125801,87.1144,spectacles,high_power,15,True,0.36095,0.32611,0.34353,0.34397,0.2414,OPEN,0.0,False,16,False,3
125832,87.1539,spectacles,high_power,15,True,0.3597,0.32482,0.34226,0.34337,0.2414,OPEN,0.0,False,16,False,3
125872,87.1874,spectacles,high_power,15,True,0.36052,0.32477,0.34264,0.34312,0.2414,OPEN,0.0,False,16,False,3
125921,87.2353,spectacles,high_power,15,True,0.35767,0.32522,0.34145,0.34253,0.2414,OPEN,0.0,False,16,False,3
125954,87.2693,spectacles,high_power,15,True,0.35684,0.32586,0.34135,0.34212,0.2414,OPEN,0.0,False,16,False,3
125985,87.3023,spectacles,high_power,15,True,0.35762,0.32449,0.34105,0.34175,0.2414,OPEN,0.0,False,16,False,3
126017,87.3341,spectacles,high_power,15,True,0.34092,0.31349,0.3272,0.33666,0.2414,OPEN,0.0,False,16,False,3
126049,87.3652,spectacles,high_power,15,True,0.33819,0.31122,0.3247,0.33247,0.2414,OPEN,0.0,False,16,False,3
126090,87.4068,spectacles,high_power,15,True,0.32543,0.28368,0.30455,0.3227,0.2414,OPEN,0.0,False,16,False,3
126122,87.4375,spectacles,high_power,15,True,0.32974,0.2913,0.31052,0.31844,0.2414,OPEN,0.0,False,16,False,3
126154,87.4715,spectacles,high_power,15,True,0.32962,0.29157,0.31059,0.31569,0.2414,OPEN,0.0,False,16,False,3
126185,87.5021,spectacles,high_power,15,True,0.31185,0.24939,0.28062,0.30342,0.2414,OPEN,0.0,False,16,False,3
126218,87.5348,spectacles,high_power,15,True,0.29932,0.23744,0.26838,0.29115,0.2414,OPEN,0.0,False,16,False,3
126249,87.5662,spectacles,high_power,15,True,0.30015,0.22995,0.26505,0.28202,0.2414,OPEN,0.0,False,16,False,3
126282,87.6011,spectacles,high_power,15,True,0.30821,0.22966,0.26893,0.27744,0.2414,OPEN,0.0,False,16,False,3
126314,87.6288,spectacles,high_power,15,True,0.30294,0.22,0.26147,0.27185,0.2414,OPEN,0.0,False,16,False,3
126346,87.6623,spectacles,high_power,15,True,0.30515,0.22959,0.26737,0.27028,0.2414,OPEN,0.0,False,16,False,3
126377,87.694,spectacles,high_power,15,True,0.30386,0.23472,0.26929,0.26993,0.2414,OPEN,0.0,False,16,False,3
126411,87.7278,spectacles,high_power,15,True,0.30432,0.24087,0.27259,0.27086,0.2414,OPEN,0.0,False,16,False,3
126440,87.7563,spectacles,high_power,15,True,0.30374,0.24003,0.27188,0.27122,0.2414,OPEN,0.0,False,16,False,3
126473,87.7889,spectacles,high_power,15,True,0.30589,0.22691,0.2664,0.26953,0.2414,OPEN,0.0,False,16,False,3
126505,87.8221,spectacles,high_power,15,True,0.30591,0.2198,0.26286,0.2672,0.2414,OPEN,0.0,False,16,False,3
126537,87.852,spectacles,high_power,15,True,0.31055,0.21856,0.26455,0.26627,0.2414,OPEN,0.0,False,16,False,3
126569,87.8859,spectacles,high_power,15,True,0.31687,0.23529,0.27608,0.2697,0.2414,OPEN,0.0,False,16,False,3
126600,87.9172,spectacles,high_power,15,True,0.31859,0.24631,0.28245,0.27416,0.2414,OPEN,0.0,False,16,False,3
126632,87.948,spectacles,high_power,15,True,0.31951,0.24638,0.28295,0.27724,0.2414,OPEN,0.0,False,16,False,3
126664,87.9802,spectacles,high_power,15,True,0.32147,0.24711,0.28429,0.27971,0.2414,OPEN,0.0,False,16,False,3
126695,88.0129,spectacles,high_power,15,True,0.32055,0.24705,0.2838,0.28114,0.2414,OPEN,0.0,False,16,False,3
126729,88.0452,spectacles,high_power,15,True,0.32399,0.25104,0.28752,0.28337,0.2414,OPEN,0.0,False,16,False,3
126761,88.0772,spectacles,high_power,15,True,0.30535,0.23512,0.27024,0.27877,0.2414,OPEN,0.0,False,16,False,3
126793,88.1092,spectacles,high_power,15,True,0.30336,0.2322,0.26778,0.27493,0.2414,OPEN,0.0,False,16,False,3
126824,88.1409,spectacles,high_power,15,True,0.30266,0.23122,0.26694,0.27213,0.2414,OPEN,0.0,False,16,False,3
126856,88.1776,spectacles,high_power,15,True,0.3025,0.23621,0.26935,0.27116,0.2414,OPEN,0.0,False,16,False,3
126903,88.2195,spectacles,high_power,15,True,0.30774,0.24389,0.27582,0.27279,0.2414,OPEN,0.0,False,16,False,3
126945,88.2614,spectacles,high_power,15,True,0.30201,0.24126,0.27164,0.27239,0.2414,OPEN,0.0,False,16,False,3
