timestamp,elapsed_seconds,left_ear,right_ear,average_ear,smoothed_ear,eye_state,blink_event,blink_duration,face_detected
2026-08-11T22:31:36.788541,0.5712,0.387266,0.406596,0.396931,0.396931,OPEN,0,0.0,1
2026-08-11T22:31:36.926052,0.71,0.424462,0.42922,0.426841,0.407399,OPEN,0,0.0,1
2026-08-11T22:31:36.982815,0.7544,0.427533,0.428321,0.427927,0.414584,OPEN,0,0.0,1
2026-08-11T22:31:37.021297,0.8017,0.431114,0.427549,0.429331,0.419746,OPEN,0,0.0,1
2026-08-11T22:31:37.086396,0.8726,0.448607,0.426012,0.437309,0.425893,OPEN,0,0.0,1
2026-08-11T22:31:37.114795,0.901,0.449843,0.424548,0.437195,0.429849,OPEN,0,0.0,1
2026-08-11T22:31:37.145752,0.9303,0.450669,0.424226,0.437447,0.432508,OPEN,0,0.0,1
2026-08-11T22:31:37.194688,0.9721,0.391599,0.412214,0.401906,0.421798,OPEN,0,0.0,1
2026-08-11T22:31:37.225422,1.0092,0.370313,0.405386,0.38785,0.409916,OPEN,0,0.0,1
2026-08-11T22:31:37.271738,1.0395,0.369553,0.402775,0.386164,0.401603,OPEN,0,0.0,1
2026-08-11T22:31:37.311267,1.0868,0.365063,0.398294,0.381679,0.394629,OPEN,0,0.0,1
2026-08-11T22:31:37.346835,1.1348,0.358756,0.39814,0.378448,0.388966,OPEN,0,0.0,1
2026-08-11T22:31:37.376014,1.1609,0.356602,0.398556,0.377579,0.38498,OPEN,0,0.0,1
2026-08-11T22:31:37.403733,1.1899,0.380901,0.410985,0.395943,0.388817,OPEN,0,0.0,1
2026-08-11T22:31:37.428429,1.218,0.388856,0.414426,0.401641,0.393305,OPEN,0,0.0,1
2026-08-11T22:31:37.465215,1.2459,0.393076,0.415116,0.404096,0.397082,OPEN,0,0.0,1
2026-08-11T22:31:37.489012,1.2791,0.394182,0.407776,0.400979,0.398446,OPEN,0,0.0,1
2026-08-11T22:31:37.513949,1.3028,0.392095,0.406356,0.399226,0.398719,OPEN,0,0.0,1
2026-08-11T22:31:37.540006,1.329,0.389092,0.404712,0.396902,0.398083,OPEN,0,0.0,1
2026-08-11T22:31:37.584094,1.3689,0.385634,0.400722,0.393178,0.396366,OPEN,0,0.0,1
2026-08-11T22:31:37.612019,1.3984,0.378072,0.397186,0.387629,0.393308,OPEN,0,0.0,1
2026-08-11T22:31:37.647721,1.429,0.372364,0.394315,0.38334,0.389819,OPEN,0,0.0,1
2026-08-11T22:31:37.689217,1.4695,0.355016,0.376467,0.365741,0.381392,OPEN,0,0.0,1
2026-08-11T22:31:37.734369,1.5037,0.353163,0.380066,0.366615,0.37622,OPEN,0,0.0,1
2026-08-11T22:31:37.766249,1.5487,0.350082,0.381569,0.365826,0.372582,OPEN,0,0.0,1
2026-08-11T22:31:37.801287,1.581,0.360651,0.395166,0.377908,0.374446,OPEN,0,0.0,1
2026-08-11T22:31:37.826504,1.6151,0.359367,0.404988,0.382178,0.377152,OPEN,0,0.0,1
2026-08-11T22:31:37.859911,1.6494,0.361998,0.413604,0.387801,0.380879,OPEN,0,0.0,1
2026-08-11T22:31:37.890612,1.6777,0.366846,0.392268,0.379557,0.380417,OPEN,0,0.0,1
2026-08-11T22:31:37.925024,1.7114,0.374498,0.394714,0.384606,0.381883,OPEN,0,0.0,1
2026-08-11T22:31:37.959565,1.7454,0.375669,0.398189,0.386929,0.383649,OPEN,0,0.0,1
2026-08-11T22:31:37.987101,1.7741,0.380463,0.37503,0.377746,0.381583,OPEN,0,0.0,1
2026-08-11T22:31:38.018891,1.8005,0.384121,0.384153,0.384137,0.382477,OPEN,0,0.0,1
2026-08-11T22:31:38.043225,1.8329,0.385476,0.390059,0.387767,0.384329,OPEN,0,0.0,1
2026-08-11T22:31:38.083193,1.8665,0.389931,0.398405,0.394168,0.387773,OPEN,0,0.0,1
2026-08-11T22:31:38.108562,1.8981,0.390283,0.404247,0.397265,0.391095,OPEN,0,0.0,1
2026-08-11T22:31:38.143971,1.9325,0.390368,0.407611,0.39899,0.393858,OPEN,0,0.0,1
2026-08-11T22:31:38.175721,1.9647,0.378221,0.399813,0.389017,0.392164,OPEN,0,0.0,1
2026-08-11T22:31:38.211677,1.9898,0.370943,0.404998,0.38797,0.390696,OPEN,0,0.0,1
2026-08-11T22:31:38.253158,2.0259,0.369441,0.408244,0.388842,0.390047,OPEN,0,0.0,1
2026-08-11T22:31:38.285181,2.072,0.366105,0.393367,0.379736,0.386438,OPEN,0,0.0,1
2026-08-11T22:31:38.314504,2.0996,0.362388,0.396499,0.379444,0.38399,OPEN,0,0.0,1
2026-08-11T22:31:38.346694,2.1284,0.358809,0.396223,0.377516,0.381724,OPEN,0,0.0,1
2026-08-11T22:31:38.380585,2.1689,0.293161,0.312254,0.302707,0.354068,OPEN,0,0.0,1
2026-08-11T22:31:38.408895,2.1937,0.266975,0.284586,0.27578,0.326668,OPEN,0,0.0,1
2026-08-11T22:31:38.447403,2.2227,0.24455,0.265674,0.255112,0.301623,OPEN,0,0.0,1
2026-08-11T22:31:38.479426,2.2686,0.242235,0.26052,0.251378,0.284037,OPEN,0,0.0,1
2026-08-11T22:31:38.512056,2.3023,0.233403,0.24876,0.241082,0.269003,OPEN,0,0.0,1
2026-08-11T22:31:38.536138,2.326,0.233537,0.244684,0.23911,0.25854,OPEN,0,0.0,1
2026-08-11T22:31:38.595335,2.3787,0.300259,0.329387,0.314823,0.278239,OPEN,0,0.0,1
2026-08-11T22:31:38.626147,2.4096,0.316434,0.351541,0.333988,0.297751,OPEN,0,0.0,1
2026-08-11T22:31:38.657974,2.4406,0.325268,0.365053,0.345161,0.314345,OPEN,0,0.0,1
2026-08-11T22:31:38.698250,2.4774,0.338,0.372906,0.355453,0.328733,OPEN,0,0.0,1
2026-08-11T22:31:38.722918,2.5123,0.336121,0.375345,0.355733,0.338183,OPEN,0,0.0,1
2026-08-11T22:31:38.759375,2.5446,0.334236,0.376708,0.355472,0.344234,OPEN,0,0.0,1
2026-08-11T22:31:38.790933,2.5787,0.368446,0.388999,0.378723,0.356305,OPEN,0,0.0,1
2026-08-11T22:31:38.821256,2.6046,0.375727,0.395036,0.385381,0.366482,OPEN,0,0.0,1
2026-08-11T22:31:38.854059,2.6391,0.374519,0.39567,0.385094,0.372996,OPEN,0,0.0,1
2026-08-11T22:31:38.881128,2.6678,0.373919,0.400765,0.387342,0.378017,OPEN,0,0.0,1
2026-08-11T22:31:38.920863,2.7113,0.377337,0.410613,0.393975,0.383602,OPEN,0,0.0,1
2026-08-11T22:31:38.946653,2.7346,0.377364,0.412338,0.394851,0.387539,OPEN,0,0.0,1
2026-08-11T22:31:38.996724,2.7807,0.375237,0.407349,0.391293,0.388853,OPEN,0,0.0,1
2026-08-11T22:31:39.020784,2.8102,0.377676,0.405564,0.39162,0.389822,OPEN,0,0.0,1
2026-08-11T22:31:39.058286,2.8447,0.379047,0.404108,0.391578,0.390436,OPEN,0,0.0,1
2026-08-11T22:31:39.083769,2.8718,0.392343,0.410002,0.401172,0.394194,OPEN,0,0.0,1
2026-08-11T22:31:39.107166,2.8977,0.395331,0.408659,0.401995,0.396924,OPEN,0,0.0,1
2026-08-11T22:31:39.135721,2.9213,0.397504,0.408005,0.402755,0.398965,OPEN,0,0.0,1
2026-08-11T22:31:39.179241,2.9685,0.392475,0.407095,0.399785,0.399252,OPEN,0,0.0,1
2026-08-11T22:31:39.204646,2.9932,0.392522,0.407116,0.399819,0.39945,OPEN,0,0.0,1
2026-08-11T22:31:39.238831,3.0281,0.390864,0.406514,0.398689,0.399184,OPEN,0,0.0,1
2026-08-11T22:31:39.280425,3.0689,0.3727,0.404197,0.388449,0.395427,OPEN,0,0.0,1
2026-08-11T22:31:39.325035,3.1111,0.363716,0.400852,0.382284,0.390827,OPEN,0,0.0,1
2026-08-11T22:31:39.352338,3.1372,0.357894,0.400628,0.379261,0.386779,OPEN,0,0.0,1
2026-08-11T22:31:39.389253,3.1771,0.364608,0.404794,0.384701,0.386052,OPEN,0,0.0,1
2026-08-11T22:31:39.425454,3.211,0.370781,0.408936,0.389858,0.387384,OPEN,0,0.0,1
2026-08-11T22:31:39.454006,3.2442,0.375001,0.411064,0.393033,0.389361,OPEN,0,0.0,1
2026-08-11T22:31:39.489350,3.2765,0.390897,0.408908,0.399903,0.393051,OPEN,0,0.0,1
2026-08-11T22:31:39.524402,3.3107,0.39668,0.406496,0.401588,0.396039,OPEN,0,0.0,1
2026-08-11T22:31:39.547833,3.3383,0.40019,0.406338,0.403264,0.398568,OPEN,0,0.0,1
2026-08-11T22:31:39.580792,3.3686,0.201263,0.186538,0.1939,0.326934,OPEN,0,0.0,1
2026-08-11T22:31:39.607193,3.3945,0.173267,0.139714,0.15649,0.267279,OPEN,0,0.0,1
2026-08-11T22:31:39.639265,3.4291,0.166239,0.128007,0.147123,0.225224,CLOSING,0,0.0,1
2026-08-11T22:31:39.679336,3.469,0.17041,0.115777,0.143093,0.196479,CLOSING,0,0.0,1
2026-08-11T22:31:39.711408,3.5014,0.183725,0.116688,0.150206,0.180283,CLOSED,0,0.0,1
2026-08-11T22:31:39.734934,3.5252,0.186938,0.118492,0.152715,0.170634,CLOSED,0,0.0,1
2026-08-11T22:31:39.784273,3.5752,0.334596,0.33923,0.336913,0.228832,CLOSED,0,0.0,1
2026-08-11T22:31:39.810405,3.5984,0.345434,0.37145,0.358442,0.274195,OPENING,0,0.0,1
2026-08-11T22:31:39.836144,3.6247,0.35189,0.383091,0.36749,0.306849,OPEN,1,0.195523,1
2026-08-11T22:31:39.883299,3.6704,0.391547,0.420798,0.406172,0.341612,OPEN,0,0.0,1
2026-08-11T22:31:39.909577,3.6976,0.40127,0.433765,0.417517,0.368179,OPEN,0,0.0,1
2026-08-11T22:31:39.932582,3.7229,0.395093,0.432259,0.413676,0.384103,OPEN,0,0.0,1
2026-08-11T22:31:39.985738,3.7729,0.403363,0.426929,0.415146,0.394968,OPEN,0,0.0,1
2026-08-11T22:31:40.013729,3.7997,0.404388,0.424385,0.414386,0.401764,OPEN,0,0.0,1
2026-08-11T22:31:40.038172,3.8275,0.402809,0.421952,0.412381,0.40548,OPEN,0,0.0,1
2026-08-11T22:31:40.074480,3.864,0.406905,0.41999,0.413447,0.408269,OPEN,0,0.0,1
2026-08-11T22:31:40.097813,3.8872,0.406867,0.416965,0.411916,0.409545,OPEN,0,0.0,1
2026-08-11T22:31:40.122766,3.9117,0.408216,0.417056,0.412636,0.410627,OPEN,0,0.0,1
2026-08-11T22:31:40.190722,3.9791,0.40345,0.416311,0.409881,0.410366,OPEN,0,0.0,1
2026-08-11T22:31:40.215856,4.0048,0.406892,0.419497,0.413195,0.411356,OPEN,0,0.0,1
2026-08-11T22:31:40.244846,4.0298,0.407982,0.420632,0.414307,0.412389,OPEN,0,0.0,1
2026-08-11T22:31:40.280914,4.0719,0.407275,0.419434,0.413354,0.412727,OPEN,0,0.0,1
2026-08-11T22:31:40.304660,4.0953,0.407652,0.419079,0.413365,0.41295,OPEN,0,0.0,1
2026-08-11T22:31:40.329814,4.1185,0.407996,0.418842,0.413419,0.413114,OPEN,0,0.0,1
2026-08-11T22:31:40.378868,4.1679,0.423354,0.421749,0.422552,0.416417,OPEN,0,0.0,1
2026-08-11T22:31:40.430629,4.1929,0.426865,0.423159,0.425012,0.419426,OPEN,0,0.0,1
2026-08-11T22:31:40.468854,4.2451,0.42566,0.424822,0.425241,0.421461,OPEN,0,0.0,1
2026-08-11T22:31:40.496464,4.2829,0.428244,0.428578,0.428411,0.423893,OPEN,0,0.0,1
2026-08-11T22:31:40.520482,4.3107,0.42809,0.433762,0.430926,0.426355,OPEN,0,0.0,1
2026-08-11T22:31:40.560778,4.3443,0.427574,0.437613,0.432593,0.428538,OPEN,0,0.0,1
2026-08-11T22:31:40.587113,4.3771,0.422188,0.429729,0.425958,0.427635,OPEN,0,0.0,1
2026-08-11T22:31:40.620872,4.4111,0.418592,0.425403,0.421998,0.425662,OPEN,0,0.0,1
2026-08-11T22:31:40.648794,4.4344,0.417129,0.423965,0.420547,0.423872,OPEN,0,0.0,1
2026-08-11T22:31:40.691210,4.4738,0.414987,0.422216,0.418601,0.422027,OPEN,0,0.0,1
2026-08-11T22:31:40.722990,4.5054,0.413081,0.420161,0.416621,0.420135,OPEN,0,0.0,1
2026-08-11T22:31:40.760906,4.5371,0.41153,0.419181,0.415355,0.418462,OPEN,0,0.0,1
2026-08-11T22:31:40.785546,4.5746,0.302088,0.322841,0.312464,0.381363,OPEN,0,0.0,1
2026-08-11T22:31:40.827819,4.609,0.269142,0.289541,0.279341,0.345655,OPEN,0,0.0,1
2026-08-11T22:31:40.856974,4.6417,0.267256,0.286095,0.276675,0.321512,OPEN,0,0.0,1
2026-08-11T22:31:40.892195,4.6804,0.186537,0.149179,0.167858,0.267733,OPEN,0,0.0,1
2026-08-11T22:31:40.917626,4.7058,0.182573,0.133558,0.158065,0.22935,CLOSING,0,0.0,1
2026-08-11T22:31:40.941792,4.7319,0.187373,0.133357,0.160365,0.205205,CLOSING,0,0.0,1
2026-08-11T22:31:41.009456,4.783,0.203379,0.13785,0.170614,0.193098,CLOSED,0,0.0,1
2026-08-11T22:31:41.036639,4.8232,0.200004,0.14384,0.171922,0.185686,CLOSED,0,0.0,1
2026-08-11T22:31:41.067885,4.8496,0.201091,0.146177,0.173634,0.181468,CLOSED,0,0.0,1
2026-08-11T22:31:41.094575,4.8821,0.210059,0.144146,0.177103,0.17994,CLOSED,0,0.0,1
2026-08-11T22:31:41.118214,4.9082,0.211145,0.144201,0.177673,0.179147,CLOSED,0,0.0,1
2026-08-11T22:31:41.145801,4.931,0.20864,0.140112,0.174376,0.177477,CLOSED,0,0.0,1
2026-08-11T22:31:41.181210,4.9684,0.329381,0.307966,0.318674,0.226896,CLOSED,0,0.0,1
2026-08-11T22:31:41.210869,4.995,0.351864,0.343299,0.347582,0.269136,OPENING,0,0.0,1
2026-08-11T22:31:41.235778,5.0247,0.359673,0.358701,0.359187,0.300654,OPEN,1,0.318915,1
2026-08-11T22:31:41.301233,5.0859,0.409875,0.405891,0.407883,0.338184,OPEN,0,0.0,1
2026-08-11T22:31:41.331527,5.1153,0.415602,0.415959,0.415781,0.365343,OPEN,0,0.0,1
2026-08-11T22:31:41.372613,5.1455,0.41434,0.422526,0.418433,0.383924,OPEN,0,0.0,1
2026-08-11T22:31:41.404048,5.1866,0.420836,0.421942,0.421389,0.397037,OPEN,0,0.0,1
2026-08-11T22:31:41.435481,5.2186,0.40946,0.417921,0.41369,0.402866,OPEN,0,0.0,1
2026-08-11T22:31:41.470626,5.2496,0.403307,0.416453,0.40988,0.405321,OPEN,0,0.0,1
2026-08-11T22:31:41.501849,5.2856,0.407584,0.419317,0.413451,0.408166,OPEN,0,0.0,1
2026-08-11T22:31:41.528034,5.3163,0.403928,0.417952,0.41094,0.409137,OPEN,0,0.0,1
2026-08-11T22:31:41.555918,5.3424,0.402164,0.417096,0.40963,0.40931,OPEN,0,0.0,1
2026-08-11T22:31:41.593459,5.3754,0.414076,0.438079,0.426078,0.415178,OPEN,0,0.0,1
2026-08-11T22:31:41.621537,5.4077,0.405513,0.438269,0.421891,0.417528,OPEN,0,0.0,1
2026-08-11T22:31:41.649669,5.4351,0.399735,0.435669,0.417702,0.417589,OPEN,0,0.0,1
2026-08-11T22:31:41.691781,5.4808,0.39056,0.430606,0.410583,0.415137,OPEN,0,0.0,1
2026-08-11T22:31:41.719490,5.5058,0.391787,0.431048,0.411418,0.413835,OPEN,0,0.0,1
2026-08-11T22:31:41.747382,5.5329,0.392692,0.430674,0.411683,0.413082,OPEN,0,0.0,1
2026-08-11T22:31:41.800350,5.5832,0.381948,0.415195,0.398572,0.408003,OPEN,0,0.0,1
2026-08-11T22:31:41.838486,5.6144,0.373792,0.406988,0.39039,0.401839,OPEN,0,0.0,1
2026-08-11T22:31:41.867747,5.6523,0.368688,0.401203,0.384945,0.395926,OPEN,0,0.0,1
2026-08-11T22:31:41.894784,5.682,0.363421,0.400653,0.382037,0.391065,OPEN,0,0.0,1
2026-08-11T22:31:41.921840,5.709,0.36432,0.400113,0.382216,0.387968,OPEN,0,0.0,1
2026-08-11T22:31:41.945577,5.7355,0.366236,0.400896,0.383566,0.386427,OPEN,0,0.0,1
2026-08-11T22:31:41.986294,5.7726,0.366054,0.386768,0.376411,0.382921,OPEN,0,0.0,1
2026-08-11T22:31:42.013084,5.8003,0.365302,0.388588,0.376945,0.38083,OPEN,0,0.0,1
2026-08-11T22:31:42.042744,5.8264,0.3602,0.386194,0.373197,0.378158,OPEN,0,0.0,1
2026-08-11T22:31:42.109665,5.8814,0.282566,0.280236,0.281401,0.344293,OPEN,0,0.0,1
2026-08-11T22:31:42.136236,5.9226,0.274091,0.255701,0.264896,0.316504,OPEN,0,0.0,1
2026-08-11T22:31:42.162190,5.9501,0.27233,0.252668,0.262499,0.297603,OPEN,0,0.0,1
2026-08-11T22:31:42.188561,5.9779,0.216341,0.177081,0.196711,0.26229,OPEN,0,0.0,1
2026-08-11T22:31:42.215266,6.0026,0.204577,0.167931,0.186254,0.235678,CLOSING,0,0.0,1
2026-08-11T22:31:42.239642,6.0291,0.196535,0.157192,0.176864,0.215093,CLOSING,0,0.0,1
2026-08-11T22:31:42.288326,6.0762,0.204611,0.15239,0.1785,0.202285,CLOSED,0,0.0,1
2026-08-11T22:31:42.311827,6.1021,0.210957,0.151912,0.181435,0.194988,CLOSED,0,0.0,1
2026-08-11T22:31:42.337218,6.1262,0.205986,0.14768,0.176833,0.188634,CLOSED,0,0.0,1
2026-08-11T22:31:42.380807,6.1682,0.216174,0.165608,0.190891,0.189424,CLOSED,0,0.0,1
2026-08-11T22:31:42.413935,6.195,0.220072,0.173013,0.196543,0.191915,CLOSED,0,0.0,1
2026-08-11T22:31:42.457778,6.2286,0.222028,0.17701,0.199519,0.194576,CLOSED,0,0.0,1
2026-08-11T22:31:42.502120,6.2861,0.339341,0.359594,0.349468,0.248788,CLOSED,0,0.0,1
2026-08-11T22:31:42.533316,6.3201,0.35913,0.38726,0.373195,0.292331,OPENING,0,0.0,1
2026-08-11T22:31:42.568122,6.3544,0.371034,0.397245,0.38414,0.324464,OPEN,1,0.351876,1
2026-08-11T22:31:42.595956,6.3825,0.387777,0.414499,0.401138,0.3513,OPEN,0,0.0,1
2026-08-11T22:31:42.621882,6.4102,0.392202,0.420622,0.406412,0.370589,OPEN,0,0.0,1
2026-08-11T22:31:42.648788,6.4357,0.392984,0.422348,0.407666,0.383566,OPEN,0,0.0,1
2026-08-11T22:31:42.694831,6.4716,0.379425,0.425027,0.402226,0.390097,OPEN,0,0.0,1
2026-08-11T22:31:42.736788,6.5083,0.372206,0.423195,0.397701,0.392758,OPEN,0,0.0,1
2026-08-11T22:31:42.780986,6.5509,0.364422,0.423416,0.393919,0.393164,OPEN,0,0.0,1
2026-08-11T22:31:42.813116,6.5955,0.381259,0.42652,0.403889,0.396918,OPEN,0,0.0,1
2026-08-11T22:31:42.846068,6.6268,0.381144,0.423661,0.402403,0.398838,OPEN,0,0.0,1
2026-08-11T22:31:42.878569,6.6617,0.379428,0.4203,0.399864,0.399197,OPEN,0,0.0,1
2026-08-11T22:31:42.905282,6.6933,0.394064,0.425493,0.409778,0.4029,OPEN,0,0.0,1
2026-08-11T22:31:42.935597,6.719,0.39846,0.427495,0.412977,0.406427,OPEN,0,0.0,1
2026-08-11T22:31:42.962418,6.7491,0.400131,0.427858,0.413994,0.409076,OPEN,0,0.0,1
2026-08-11T22:31:42.993614,6.7772,0.382133,0.422463,0.402298,0.406704,OPEN,0,0.0,1
2026-08-11T22:31:43.020181,6.8078,0.376996,0.420031,0.398513,0.403837,OPEN,0,0.0,1
2026-08-11T22:31:43.048416,6.8345,0.370849,0.418826,0.394838,0.400687,OPEN,0,0.0,1
2026-08-11T22:31:43.091611,6.877,0.377192,0.423399,0.400295,0.40055,OPEN,0,0.0,1
2026-08-11T22:31:43.121497,6.9055,0.377212,0.42228,0.399746,0.400269,OPEN,0,0.0,1
2026-08-11T22:31:43.153052,6.9399,0.37735,0.423005,0.400178,0.400237,OPEN,0,0.0,1
2026-08-11T22:31:43.194487,6.9845,0.378155,0.419953,0.399054,0.399823,OPEN,0,0.0,1
2026-08-11T22:31:43.230803,7.0084,0.386303,0.423332,0.404817,0.401571,OPEN,0,0.0,1
2026-08-11T22:31:43.278267,7.0451,0.390874,0.424375,0.407624,0.40369,OPEN,0,0.0,1
2026-08-11T22:31:43.306846,7.0932,0.398697,0.424998,0.411848,0.406545,OPEN,0,0.0,1
2026-08-11T22:31:43.337147,7.1209,0.402752,0.425478,0.414115,0.409194,OPEN,0,0.0,1
2026-08-11T22:31:43.364630,7.1509,0.403845,0.424861,0.414353,0.411,OPEN,0,0.0,1
2026-08-11T22:31:43.391587,7.1789,0.402004,0.422964,0.412484,0.411519,OPEN,0,0.0,1
2026-08-11T22:31:43.425946,7.2055,0.403173,0.423413,0.413293,0.41214,OPEN,0,0.0,1
2026-08-11T22:31:43.468763,7.2399,0.402659,0.422962,0.412811,0.412375,OPEN,0,0.0,1
2026-08-11T22:31:43.499863,7.2821,0.402045,0.415647,0.408846,0.41114,OPEN,0,0.0,1
2026-08-11T22:31:43.526324,7.3142,0.40471,0.417326,0.411018,0.411097,OPEN,0,0.0,1
2026-08-11T22:31:43.552957,7.3401,0.404953,0.417103,0.411028,0.411073,OPEN,0,0.0,1
2026-08-11T22:31:43.601674,7.3906,0.314364,0.340136,0.32725,0.381735,OPEN,0,0.0,1
2026-08-11T22:31:43.630061,7.4156,0.294909,0.32912,0.312015,0.357333,OPEN,0,0.0,1
2026-08-11T22:31:43.661807,7.4443,0.29278,0.327913,0.310346,0.340888,OPEN,0,0.0,1
2026-08-11T22:31:43.702450,7.482,0.184974,0.165385,0.175179,0.28289,OPEN,0,0.0,1
2026-08-11T22:31:43.747736,7.5173,0.179891,0.157992,0.168942,0.243008,CLOSING,0,0.0,1
2026-08-11T22:31:43.781319,7.5624,0.186368,0.145984,0.166176,0.216117,CLOSING,0,0.0,1
2026-08-11T22:31:43.811841,7.5949,0.171979,0.122033,0.147006,0.191928,CLOSED,0,0.0,1
2026-08-11T22:31:43.845885,7.6255,0.16419,0.122956,0.143573,0.175004,CLOSED,0,0.0,1
2026-08-11T22:31:43.885077,7.6605,0.161417,0.123906,0.142661,0.163684,CLOSED,0,0.0,1
2026-08-11T22:31:43.915603,7.6991,0.157785,0.128836,0.143311,0.156553,CLOSED,0,0.0,1
2026-08-11T22:31:43.943110,7.7295,0.161509,0.133536,0.147523,0.153393,CLOSED,0,0.0,1
2026-08-11T22:31:43.969719,7.7579,0.168552,0.136608,0.15258,0.153108,CLOSED,0,0.0,1
2026-08-11T22:31:43.996348,7.7841,0.27426,0.302206,0.288233,0.200402,CLOSED,0,0.0,1
2026-08-11T22:31:44.023980,7.8107,0.317256,0.362869,0.340063,0.249283,CLOSED,0,0.0,1
2026-08-11T22:31:44.051354,7.8366,0.338678,0.386242,0.36246,0.288895,OPENING,0,0.0,1
2026-08-11T22:31:44.101586,7.8825,0.384797,0.4255,0.405148,0.329584,OPEN,1,0.365155,1
2026-08-11T22:31:44.131607,7.9155,0.369284,0.43006,0.399672,0.354115,OPEN,0,0.0,1
2026-08-11T22:31:44.157027,7.9457,0.370595,0.429258,0.399926,0.370149,OPEN,0,0.0,1
2026-08-11T22:31:44.205074,7.9761,0.355197,0.416488,0.385843,0.375642,OPEN,0,0.0,1
2026-08-11T22:31:44.246381,8.0187,0.357081,0.406763,0.381922,0.37784,OPEN,0,0.0,1
2026-08-11T22:31:44.278945,8.0621,0.350672,0.401971,0.376321,0.377308,OPEN,0,0.0,1
2026-08-11T22:31:44.304994,8.0929,0.380476,0.422514,0.401495,0.385774,OPEN,0,0.0,1
2026-08-11T22:31:44.336339,8.1256,0.377044,0.42492,0.400982,0.391097,OPEN,0,0.0,1
2026-08-11T22:31:44.365947,8.1501,0.380075,0.428016,0.404046,0.395629,OPEN,0,0.0,1
2026-08-11T22:31:44.396822,8.1845,0.379382,0.42153,0.400456,0.397318,OPEN,0,0.0,1
2026-08-11T22:31:44.431086,8.2127,0.3771,0.418978,0.398039,0.39757,OPEN,0,0.0,1
2026-08-11T22:31:44.460765,8.2454,0.375917,0.417089,0.396503,0.397197,OPEN,0,0.0,1
2026-08-11T22:31:44.496538,8.2808,0.376509,0.420111,0.39831,0.397586,OPEN,0,0.0,1
2026-08-11T22:31:44.523651,8.311,0.375506,0.421895,0.398701,0.397977,OPEN,0,0.0,1
2026-08-11T22:31:44.555416,8.3418,0.374888,0.422282,0.398585,0.398189,OPEN,0,0.0,1
2026-08-11T22:31:44.598906,8.3824,0.385394,0.429,0.407197,0.401342,OPEN,0,0.0,1
2026-08-11T22:31:44.637425,8.4168,0.393694,0.433754,0.413724,0.405676,OPEN,0,0.0,1
2026-08-11T22:31:44.668167,8.4523,0.397872,0.435463,0.416667,0.409523,OPEN,0,0.0,1
2026-08-11T22:31:44.699544,8.4822,0.397839,0.435734,0.416787,0.412065,OPEN,0,0.0,1
2026-08-11T22:31:44.736795,8.5142,0.399541,0.435729,0.417635,0.414015,OPEN,0,0.0,1
2026-08-11T22:31:44.767732,8.5511,0.400027,0.435625,0.417826,0.415349,OPEN,0,0.0,1
2026-08-11T22:31:44.800738,8.5889,0.401072,0.437893,0.419483,0.416796,OPEN,0,0.0,1
2026-08-11T22:31:44.827627,8.6151,0.401912,0.440131,0.421021,0.418275,OPEN,0,0.0,1
2026-08-11T22:31:44.867289,8.6518,0.403573,0.442249,0.422911,0.419897,OPEN,0,0.0,1
2026-08-11T22:31:44.899532,8.6823,0.33359,0.378298,0.355944,0.397514,OPEN,0,0.0,1
2026-08-11T22:31:44.939143,8.7144,0.321183,0.357426,0.339305,0.377141,OPEN,0,0.0,1
2026-08-11T22:31:44.969917,8.7533,0.32176,0.352333,0.337047,0.363108,OPEN,0,0.0,1
2026-08-11T22:31:45.009219,8.7889,0.20216,0.197532,0.199846,0.305966,OPEN,0,0.0,1
2026-08-11T22:31:45.034190,8.8236,0.182379,0.172746,0.177563,0.261025,OPEN,0,0.0,1
2026-08-11T22:31:45.063380,8.8485,0.181786,0.169816,0.175801,0.231197,CLOSING,0,0.0,1
2026-08-11T22:31:45.094752,8.8779,0.194523,0.137801,0.166162,0.208434,CLOSING,0,0.0,1
2026-08-11T22:31:45.128481,8.9092,0.191526,0.130254,0.16089,0.191794,CLOSED,0,0.0,1
2026-08-11T22:31:45.160195,8.9427,0.195853,0.135227,0.16554,0.182605,CLOSED,0,0.0,1
2026-08-11T22:31:45.201599,8.9852,0.220934,0.153002,0.186968,0.184132,CLOSED,0,0.0,1
2026-08-11T22:31:45.233525,9.0197,0.234648,0.184713,0.20968,0.193074,CLOSED,0,0.0,1
2026-08-11T22:31:45.260871,9.0482,0.241552,0.189503,0.215528,0.200933,CLOSED,0,0.0,1
2026-08-11T22:31:45.309457,9.0821,0.35183,0.301878,0.326854,0.245005,CLOSED,0,0.0,1
2026-08-11T22:31:45.344388,9.1249,0.385301,0.347824,0.366562,0.28755,OPENING,0,0.0,1
2026-08-11T22:31:45.382006,9.1587,0.390852,0.363803,0.377327,0.318972,OPEN,1,0.310186,1
2026-08-11T22:31:45.413722,9.1962,0.382899,0.409289,0.396094,0.345965,OPEN,0,0.0,1
2026-08-11T22:31:45.442013,9.2279,0.383792,0.430098,0.406945,0.367308,OPEN,0,0.0,1
2026-08-11T22:31:45.470585,9.2593,0.385829,0.438814,0.412321,0.383063,OPEN,0,0.0,1
2026-08-11T22:31:45.503768,9.2891,0.411974,0.448575,0.430275,0.399587,OPEN,0,0.0,1
2026-08-11T22:31:45.534185,9.3226,0.387477,0.438553,0.413015,0.404287,OPEN,0,0.0,1
2026-08-11T22:31:45.566736,9.3562,0.37691,0.432017,0.404464,0.404349,OPEN,0,0.0,1
2026-08-11T22:31:45.601207,9.3885,0.384995,0.434583,0.409789,0.406253,OPEN,0,0.0,1
2026-08-11T22:31:45.632522,9.4161,0.395824,0.435846,0.415835,0.409606,OPEN,0,0.0,1
2026-08-11T22:31:45.665375,9.4472,0.39833,0.436099,0.417214,0.412269,OPEN,0,0.0,1
2026-08-11T22:31:45.690993,9.4815,0.396088,0.438435,0.417262,0.414017,OPEN,0,0.0,1
2026-08-11T22:31:45.723046,9.5054,0.393691,0.438425,0.416058,0.414731,OPEN,0,0.0,1
2026-08-11T22:31:45.750227,9.537,0.390927,0.437559,0.414243,0.41456,OPEN,0,0.0,1
2026-08-11T22:31:45.794437,9.5769,0.216382,0.212944,0.214663,0.344596,OPEN,0,0.0,1
2026-08-11T22:31:45.825927,9.6085,0.222996,0.196113,0.209555,0.297332,OPEN,0,0.0,1
2026-08-11T22:31:45.853069,9.6423,0.220182,0.188818,0.2045,0.264841,OPEN,0,0.0,1
2026-08-11T22:31:45.902803,9.6925,0.238845,0.189936,0.21439,0.247183,CLOSING,0,0.0,1
2026-08-11T22:31:45.925867,9.7168,0.242428,0.202123,0.222276,0.238466,CLOSING,0,0.0,1
2026-08-11T22:31:45.958285,9.7437,0.245493,0.209045,0.227269,0.234547,CLOSED,0,0.0,1
2026-08-11T22:31:45.998053,9.7831,0.233615,0.205173,0.219394,0.229243,CLOSED,0,0.0,1
2026-08-11T22:31:46.022599,9.8122,0.238818,0.207437,0.223128,0.227103,CLOSED,0,0.0,1
2026-08-11T22:31:46.046381,9.8361,0.237865,0.206746,0.222305,0.225424,CLOSED,0,0.0,1
2026-08-11T22:31:46.088435,9.8789,0.338391,0.345262,0.341826,0.266165,OPENING,0,0.0,1
2026-08-11T22:31:46.113665,9.9022,0.345851,0.373339,0.359595,0.298865,OPEN,1,0.209648,1
2026-08-11T22:31:46.141713,9.9276,0.347685,0.387704,0.367694,0.322955,OPEN,0,0.0,1
2026-08-11T22:31:46.191433,9.9802,0.386045,0.431868,0.408956,0.353056,OPEN,0,0.0,1
2026-08-11T22:31:46.219790,10.0061,0.391195,0.433498,0.412347,0.373808,OPEN,0,0.0,1
2026-08-11T22:31:46.247317,10.0338,0.390327,0.43152,0.410923,0.386798,OPEN,0,0.0,1
2026-08-11T22:31:46.299354,10.0872,0.382494,0.432482,0.407488,0.394039,OPEN,0,0.0,1
2026-08-11T22:31:46.323316,10.1129,0.380926,0.428412,0.404669,0.39776,OPEN,0,0.0,1
2026-08-11T22:31:46.347108,10.137,0.381879,0.428863,0.405371,0.400424,OPEN,0,0.0,1
2026-08-11T22:31:46.402331,10.1894,0.380104,0.424475,0.40229,0.401077,OPEN,0,0.0,1
2026-08-11T22:31:46.438067,10.2249,0.383676,0.424304,0.40399,0.402097,OPEN,0,0.0,1
2026-08-11T22:31:46.462579,10.2522,0.385547,0.423784,0.404665,0.402996,OPEN,0,0.0,1
2026-08-11T22:31:46.496765,10.2797,0.404218,0.443561,0.42389,0.410309,OPEN,0,0.0,1
2026-08-11T22:31:46.524092,10.3118,0.412339,0.452247,0.432293,0.418003,OPEN,0,0.0,1
2026-08-11T22:31:46.551437,10.3389,0.417792,0.458024,0.437908,0.42497,OPEN,0,0.0,1
2026-08-11T22:31:46.594903,10.3814,0.405541,0.457986,0.431763,0.427348,OPEN,0,0.0,1
2026-08-11T22:31:46.620584,10.4089,0.401669,0.457194,0.429432,0.428077,OPEN,0,0.0,1
2026-08-11T22:31:46.652243,10.4347,0.400518,0.456599,0.428559,0.428246,OPEN,0,0.0,1
2026-08-11T22:31:46.677264,10.466,0.400698,0.456061,0.428379,0.428292,OPEN,0,0.0,1
2026-08-11T22:31:46.709829,10.4915,0.228309,0.264243,0.246276,0.364587,OPEN,0,0.0,1
2026-08-11T22:31:46.734554,10.5239,0.183122,0.201855,0.192488,0.304352,OPEN,0,0.0,1
2026-08-11T22:31:46.803116,10.5846,0.15029,0.163804,0.157047,0.252795,OPEN,0,0.0,1
2026-08-11T22:31:46.834270,10.6174,0.176014,0.169347,0.172681,0.224755,CLOSING,0,0.0,1
2026-08-11T22:31:46.867328,10.6484,0.181588,0.175305,0.178446,0.208547,CLOSING,0,0.0,1
2026-08-11T22:31:46.898199,10.6857,0.174869,0.170732,0.1728,0.196036,CLOSED,0,0.0,1
2026-08-11T22:31:46.923803,10.7124,0.177249,0.164871,0.17106,0.187294,CLOSED,0,0.0,1
2026-08-11T22:31:46.945302,10.7367,0.178668,0.162629,0.170649,0.181468,CLOSED,0,0.0,1
2026-08-11T22:31:46.988828,10.7766,0.320914,0.357331,0.339123,0.236647,CLOSED,0,0.0,1
2026-08-11T22:31:47.014174,10.8024,0.338737,0.388157,0.363447,0.281027,OPENING,0,0.0,1
2026-08-11T22:31:47.040601,10.8298,0.355574,0.405513,0.380543,0.315858,OPEN,1,0.212459,1
2026-08-11T22:31:47.062311,10.854,0.358295,0.405315,0.381805,0.338939,OPEN,0,0.0,1
2026-08-11T22:31:47.100489,10.8902,0.385775,0.434861,0.410318,0.363922,OPEN,0,0.0,1
2026-08-11T22:31:47.133956,10.9215,0.368353,0.435371,0.401862,0.377201,OPEN,0,0.0,1
2026-08-11T22:31:47.194198,10.9847,0.371891,0.440876,0.406384,0.387415,OPEN,0,0.0,1
2026-08-11T22:31:47.220716,11.0069,0.36943,0.440071,0.40475,0.393482,OPEN,0,0.0,1
2026-08-11T22:31:47.248844,11.0349,0.36757,0.438607,0.403089,0.396844,OPEN,0,0.0,1
2026-08-11T22:31:47.288349,11.079,0.388863,0.453307,0.421085,0.405329,OPEN,0,0.0,1
2026-08-11T22:31:47.313067,11.1023,0.399505,0.457566,0.428535,0.413451,OPEN,0,0.0,1
2026-08-11T22:31:47.346622,11.1365,0.406391,0.464851,0.435621,0.421211,OPEN,0,0.0,1
2026-08-11T22:31:47.393988,11.1812,0.406832,0.459577,0.433205,0.425409,OPEN,0,0.0,1
2026-08-11T22:31:47.421270,11.208,0.406491,0.45677,0.43163,0.427586,OPEN,0,0.0,1
2026-08-11T22:31:47.448926,11.2349,0.405579,0.455094,0.430336,0.428549,OPEN,0,0.0,1
2026-08-11T22:31:47.477275,11.2629,0.404867,0.453838,0.429352,0.42883,OPEN,0,0.0,1
2026-08-11T22:31:47.508911,11.2924,0.410342,0.455837,0.43309,0.430321,OPEN,0,0.0,1
2026-08-11T22:31:47.538138,11.323,0.412694,0.455751,0.434223,0.431686,OPEN,0,0.0,1
2026-08-11T22:31:47.596329,11.3841,0.324592,0.399747,0.362169,0.407355,OPEN,0,0.0,1
2026-08-11T22:31:47.622836,11.4104,0.321881,0.392902,0.357391,0.389868,OPEN,0,0.0,1
2026-08-11T22:31:47.649679,11.4366,0.321245,0.389974,0.355609,0.377877,OPEN,0,0.0,1
2026-08-11T22:31:47.698608,11.4849,0.213803,0.196926,0.205365,0.317498,OPEN,0,0.0,1
2026-08-11T22:31:47.728956,11.5125,0.209033,0.181079,0.195056,0.274643,OPEN,0,0.0,1
2026-08-11T22:31:47.753612,11.5429,0.207055,0.173487,0.190271,0.245113,CLOSING,0,0.0,1
2026-08-11T22:31:47.803639,11.5912,0.167875,0.144196,0.156035,0.213936,CLOSING,0,0.0,1
2026-08-11T22:31:47.831400,11.6181,0.164909,0.138059,0.151484,0.192078,CLOSED,0,0.0,1
2026-08-11T22:31:47.856301,11.645,0.168352,0.139286,0.153819,0.178687,CLOSED,0,0.0,1
2026-08-11T22:31:47.892412,11.6701,0.171099,0.140864,0.155982,0.17074,CLOSED,0,0.0,1
2026-08-11T22:31:47.919954,11.7066,0.174685,0.158007,0.166346,0.169202,CLOSED,0,0.0,1
2026-08-11T22:31:47.950885,11.7347,0.182479,0.163775,0.173127,0.170576,CLOSED,0,0.0,1
2026-08-11T22:31:47.994165,11.7829,0.350117,0.356774,0.353446,0.23458,CLOSED,0,0.0,1
2026-08-11T22:31:48.018723,11.8082,0.377594,0.393922,0.385758,0.287492,OPENING,0,0.0,1
2026-08-11T22:31:48.045058,11.8328,0.382269,0.405376,0.393823,0.324708,OPEN,1,0.289918,1
2026-08-11T22:31:48.091750,11.8791,0.390488,0.416397,0.403443,0.352265,OPEN,0,0.0,1
2026-08-11T22:31:48.119130,11.9057,0.393061,0.425715,0.409388,0.372258,OPEN,0,0.0,1
2026-08-11T22:31:48.146742,11.9327,0.395991,0.429612,0.412801,0.386448,OPEN,0,0.0,1
2026-08-11T22:31:48.208298,11.996,0.39694,0.426436,0.411688,0.395282,OPEN,0,0.0,1
2026-08-11T22:31:48.235415,12.0226,0.395128,0.423154,0.409141,0.400133,OPEN,0,0.0,1
2026-08-11T22:31:48.263085,12.0492,0.39463,0.421071,0.407851,0.402834,OPEN,0,0.0,1
2026-08-11T22:31:48.285860,12.0756,0.394479,0.42035,0.407415,0.404437,OPEN,0,0.0,1
2026-08-11T22:31:48.318063,12.1094,0.405187,0.436044,0.420616,0.4101,OPEN,0,0.0,1
2026-08-11T22:31:48.351926,12.1433,0.412815,0.447504,0.430159,0.417121,OPEN,0,0.0,1
2026-08-11T22:31:48.398734,12.186,0.415468,0.44397,0.429719,0.42153,OPEN,0,0.0,1
2026-08-11T22:31:48.422845,12.2126,0.416918,0.443068,0.429993,0.424492,OPEN,0,0.0,1
2026-08-11T22:31:48.446313,12.2365,0.417198,0.442441,0.42982,0.426357,OPEN,0,0.0,1
2026-08-11T22:31:48.494062,12.2849,0.266885,0.254395,0.26064,0.368356,OPEN,0,0.0,1
2026-08-11T22:31:48.518115,12.3077,0.230004,0.215565,0.222784,0.317406,OPEN,0,0.0,1
2026-08-11T22:31:48.541244,12.3308,0.223432,0.207008,0.21522,0.281641,OPEN,0,0.0,1
2026-08-11T22:31:48.600926,12.3909,0.213084,0.166635,0.189859,0.249517,CLOSING,0,0.0,1
2026-08-11T22:31:48.624760,12.4136,0.211741,0.156924,0.184332,0.226703,CLOSING,0,0.0,1
2026-08-11T22:31:48.651007,12.4384,0.207991,0.150773,0.179382,0.21014,CLOSING,0,0.0,1
2026-08-11T22:31:48.683297,12.4649,0.205907,0.147268,0.176588,0.198397,CLOSED,0,0.0,1
2026-08-11T22:31:48.708027,12.4964,0.217873,0.171416,0.194645,0.197084,CLOSED,0,0.0,1
2026-08-11T22:31:48.731497,12.5221,0.225206,0.179562,0.202384,0.198939,CLOSED,0,0.0,1
2026-08-11T22:31:48.796753,12.5855,0.364548,0.374579,0.369563,0.258657,OPENING,0,0.0,1
2026-08-11T22:31:48.822141,12.6104,0.391047,0.403673,0.39736,0.307203,OPEN,1,0.219528,1
2026-08-11T22:31:48.846745,12.6355,0.398009,0.409016,0.403512,0.340912,OPEN,0,0.0,1
2026-08-11T22:31:48.898431,12.6877,0.404898,0.405623,0.40526,0.363434,OPEN,0,0.0,1
2026-08-11T22:31:48.923859,12.7122,0.404781,0.401663,0.403222,0.37736,OPEN,0,0.0,1
2026-08-11T22:31:48.948849,12.7379,0.404165,0.400234,0.4022,0.386054,OPEN,0,0.0,1
2026-08-11T22:31:48.974938,12.7626,0.404242,0.400282,0.402262,0.391727,OPEN,0,0.0,1
2026-08-11T22:31:49.004376,12.7924,0.409934,0.410711,0.410322,0.398235,OPEN,0,0.0,1
2026-08-11T22:31:49.030281,12.8183,0.406204,0.413951,0.410078,0.40238,OPEN,0,0.0,1
2026-08-11T22:31:49.058038,12.8445,0.402274,0.414863,0.408569,0.404546,OPEN,0,0.0,1
2026-08-11T22:31:49.098943,12.888,0.408062,0.409966,0.409014,0.40611,OPEN,0,0.0,1
2026-08-11T22:31:49.121117,12.9115,0.407155,0.408428,0.407791,0.406698,OPEN,0,0.0,1
2026-08-11T22:31:49.199628,12.9903,0.398718,0.410601,0.404659,0.405985,OPEN,0,0.0,1
2026-08-11T22:31:49.225361,13.0133,0.396823,0.410729,0.403776,0.405212,OPEN,0,0.0,1
2026-08-11T22:31:49.248084,13.0392,0.395018,0.41046,0.402739,0.404346,OPEN,0,0.0,1
2026-08-11T22:31:49.289581,13.0798,0.39062,0.413896,0.402258,0.403615,OPEN,0,0.0,1
2026-08-11T22:31:49.311360,13.1022,0.389947,0.415355,0.402651,0.403278,OPEN,0,0.0,1
2026-08-11T22:31:49.337679,13.125,0.389308,0.416273,0.402791,0.403107,OPEN,0,0.0,1
2026-08-11T22:31:49.362973,13.1504,0.389388,0.417292,0.40334,0.403189,OPEN,0,0.0,1
2026-08-11T22:31:49.408419,13.1963,0.297239,0.2833,0.29027,0.363667,OPEN,0,0.0,1
2026-08-11T22:31:49.434035,13.2223,0.284505,0.284232,0.284369,0.335913,OPEN,0,0.0,1
2026-08-11T22:31:49.459712,13.2478,0.274278,0.286465,0.280371,0.316473,OPEN,0,0.0,1
2026-08-11T22:31:49.496719,13.2876,0.204502,0.176722,0.190612,0.272422,OPEN,0,0.0,1
2026-08-11T22:31:49.521161,13.3105,0.18683,0.154735,0.170783,0.236848,CLOSING,0,0.0,1
2026-08-11T22:31:49.592380,13.3824,0.204097,0.191,0.197548,0.223093,CLOSED,0,0.0,1
2026-08-11T22:31:49.617466,13.4063,0.214976,0.196032,0.205504,0.216937,CLOSED,0,0.0,1
2026-08-11T22:31:49.642134,13.4313,0.213735,0.19893,0.206332,0.213225,CLOSED,0,0.0,1
2026-08-11T22:31:49.696944,13.485,0.357148,0.366675,0.361911,0.265265,OPENING,0,0.0,1
2026-08-11T22:31:49.722383,13.5108,0.382351,0.392998,0.387675,0.308109,OPEN,1,0.20031,1
2026-08-11T22:31:49.747239,13.5366,0.39767,0.407777,0.402724,0.341224,OPEN,0,0.0,1
2026-08-11T22:31:49.772769,13.5606,0.403005,0.412191,0.407598,0.364455,OPEN,0,0.0,1
2026-08-11T22:31:49.803617,13.5926,0.409866,0.421222,0.415544,0.382336,OPEN,0,0.0,1
2026-08-11T22:31:49.830310,13.6172,0.408065,0.422898,0.415481,0.393937,OPEN,0,0.0,1
2026-08-11T22:31:49.852957,13.644,0.405206,0.423716,0.414461,0.40112,OPEN,0,0.0,1
2026-08-11T22:31:49.898376,13.6877,0.420591,0.433958,0.427274,0.410274,OPEN,0,0.0,1
2026-08-11T22:31:49.920810,13.712,0.424557,0.437277,0.430917,0.417499,OPEN,0,0.0,1
2026-08-11T22:31:50.005570,13.7924,0.433704,0.448811,0.441257,0.425815,OPEN,0,0.0,1
2026-08-11T22:31:50.031632,13.8196,0.436024,0.450619,0.443322,0.431942,OPEN,0,0.0,1
2026-08-11T22:31:50.056196,13.8454,0.43659,0.45064,0.443615,0.436028,OPEN,0,0.0,1
2026-08-11T22:31:50.107575,13.8974,0.428295,0.442654,0.435474,0.435834,OPEN,0,0.0,1
2026-08-11T22:31:50.131544,13.9216,0.425164,0.440547,0.432856,0.434792,OPEN,0,0.0,1
2026-08-11T22:31:50.166041,13.9563,0.422909,0.438959,0.430934,0.433441,OPEN,0,0.0,1
2026-08-11T22:31:50.208877,13.9907,0.420524,0.437136,0.42883,0.431827,OPEN,0,0.0,1
2026-08-11T22:31:50.232368,14.0229,0.39322,0.40345,0.398335,0.420105,OPEN,0,0.0,1
2026-08-11T22:31:50.254970,14.0459,0.383923,0.396662,0.390293,0.409671,OPEN,0,0.0,1
2026-08-11T22:31:50.278419,14.0686,0.375951,0.389524,0.382737,0.400244,OPEN,0,0.0,1
2026-08-11T22:31:50.300704,14.0919,0.293827,0.265173,0.2795,0.357984,OPEN,0,0.0,1
2026-08-11T22:31:50.323641,14.1142,0.273826,0.239753,0.256789,0.322566,OPEN,0,0.0,1
2026-08-11T22:31:50.394287,14.185,0.205234,0.1713,0.188267,0.275561,OPEN,0,0.0,1
2026-08-11T22:31:50.417189,14.2071,0.204124,0.169987,0.187055,0.244584,CLOSING,0,0.0,1
2026-08-11T22:31:50.442314,14.2308,0.199414,0.167141,0.183278,0.223127,CLOSING,0,0.0,1
2026-08-11T22:31:50.513177,14.3004,0.252858,0.256051,0.254455,0.234092,CLOSED,0,0.0,1
2026-08-11T22:31:50.539892,14.3269,0.295841,0.32009,0.307966,0.259947,OPENING,0,0.0,1
2026-08-11T22:31:50.566204,14.3532,0.31193,0.341763,0.326847,0.283362,OPEN,1,0.146124,1
2026-08-11T22:31:50.591644,14.3793,0.322977,0.355254,0.339115,0.302876,OPEN,0,0.0,1
2026-08-11T22:31:50.617103,14.405,0.346097,0.380447,0.363272,0.324014,OPEN,0,0.0,1
2026-08-11T22:31:50.641621,14.4312,0.355854,0.390937,0.373396,0.341298,OPEN,0,0.0,1
2026-08-11T22:31:50.665822,14.4552,0.360377,0.396634,0.378506,0.354321,OPEN,0,0.0,1
2026-08-11T22:31:50.699765,14.4889,0.366492,0.423656,0.395074,0.368584,OPEN,0,0.0,1
2026-08-11T22:31:50.728096,14.5139,0.376939,0.435865,0.406402,0.381821,OPEN,0,0.0,1
2026-08-11T22:31:50.801170,14.588,0.370839,0.430865,0.400852,0.388482,OPEN,0,0.0,1
2026-08-11T22:31:50.826437,14.6149,0.36791,0.427357,0.397633,0.391685,OPEN,0,0.0,1
2026-08-11T22:31:50.857142,14.6487,0.366596,0.424952,0.395774,0.393116,OPEN,0,0.0,1
2026-08-11T22:31:50.907334,14.698,0.368418,0.42194,0.395179,0.393838,OPEN,0,0.0,1
2026-08-11T22:31:50.945133,14.7321,0.368728,0.42111,0.394919,0.394216,OPEN,0,0.0,1
2026-08-11T22:31:50.972700,14.7591,0.368652,0.420469,0.394561,0.394337,OPEN,0,0.0,1
2026-08-11T22:31:51.002375,14.7884,0.368858,0.420047,0.394452,0.394377,OPEN,0,0.0,1
2026-08-11T22:31:51.025472,14.8161,0.364623,0.408606,0.386614,0.39166,OPEN,0,0.0,1
2026-08-11T22:31:51.048946,14.8399,0.361471,0.39174,0.376605,0.386391,OPEN,0,0.0,1
2026-08-11T22:31:51.072786,14.8626,0.358202,0.37351,0.365856,0.379204,OPEN,0,0.0,1
2026-08-11T22:31:51.095675,14.8867,0.269723,0.206174,0.237948,0.329764,OPEN,0,0.0,1
2026-08-11T22:31:51.120115,14.9095,0.249798,0.16488,0.207339,0.286915,OPEN,0,0.0,1
2026-08-11T22:31:51.204798,14.9943,0.299143,0.242804,0.270974,0.281336,OPEN,0,0.0,1
2026-08-11T22:31:51.234344,15.0189,0.305867,0.253999,0.279933,0.280845,OPEN,0,0.0,1
2026-08-11T22:31:51.261724,15.0483,0.308715,0.263449,0.286082,0.282678,OPEN,0,0.0,1
2026-08-11T22:31:51.286040,15.0755,0.311583,0.270378,0.29098,0.285584,OPEN,0,0.0,1
2026-08-11T22:31:51.308182,15.0987,0.332121,0.341416,0.336769,0.303498,OPEN,0,0.0,1
2026-08-11T22:31:51.332267,15.122,0.362748,0.384499,0.373624,0.328042,OPEN,0,0.0,1
2026-08-11T22:31:51.365006,15.1559,0.380631,0.404161,0.392396,0.350566,OPEN,0,0.0,1
2026-08-11T22:31:51.406580,15.1941,0.397212,0.415791,0.406501,0.370143,OPEN,0,0.0,1
2026-08-11T22:31:51.430274,15.2192,0.398376,0.415883,0.407129,0.383088,OPEN,0,0.0,1
2026-08-11T22:31:51.456357,15.2444,0.399319,0.415687,0.407503,0.391634,OPEN,0,0.0,1
2026-08-11T22:31:51.502583,15.2923,0.408546,0.424654,0.4166,0.400372,OPEN,0,0.0,1
2026-08-11T22:31:51.525133,15.316,0.411141,0.426647,0.418894,0.406855,OPEN,0,0.0,1
2026-08-11T22:31:51.595708,15.3845,0.401863,0.428918,0.415391,0.409842,OPEN,0,0.0,1
2026-08-11T22:31:51.621334,15.4086,0.399054,0.429414,0.414234,0.411379,OPEN,0,0.0,1
2026-08-11T22:31:51.645499,15.4351,0.397224,0.429521,0.413372,0.412077,OPEN,0,0.0,1
2026-08-11T22:31:51.670902,15.4592,0.396421,0.428652,0.412536,0.412238,OPEN,0,0.0,1
2026-08-11T22:31:51.710648,15.4988,0.274709,0.257506,0.266107,0.361092,OPEN,0,0.0,1
2026-08-11T22:31:51.735714,15.5233,0.2394,0.213543,0.226471,0.313975,OPEN,0,0.0,1
2026-08-11T22:31:51.760801,15.5494,0.21861,0.191056,0.204833,0.275775,OPEN,0,0.0,1
2026-08-11T22:31:51.805238,15.5928,0.253072,0.197702,0.225387,0.258139,OPEN,0,0.0,1
2026-08-11T22:31:51.830462,15.6179,0.261216,0.194978,0.228097,0.247625,CLOSING,0,0.0,1
2026-08-11T22:31:51.857569,15.6455,0.268509,0.199424,0.233967,0.242844,CLOSING,0,0.0,1
2026-08-11T22:31:51.898371,15.6865,0.343438,0.316386,0.329912,0.273318,OPEN,0,0.0,1
2026-08-11T22:31:51.924212,15.7123,0.364517,0.348729,0.356623,0.302475,OPEN,0,0.0,1
2026-08-11T22:31:51.999678,15.7883,0.401528,0.423422,0.412475,0.340975,OPEN,0,0.0,1
2026-08-11T22:31:52.024520,15.8136,0.410395,0.435641,0.423018,0.36969,OPEN,0,0.0,1
2026-08-11T22:31:52.048796,15.8383,0.412531,0.438769,0.42565,0.389276,OPEN,0,0.0,1
2026-08-11T22:31:52.071903,15.8626,0.41328,0.439997,0.426639,0.402353,OPEN,0,0.0,1
2026-08-11T22:31:52.106195,15.8947,0.417032,0.445636,0.431334,0.412496,OPEN,0,0.0,1
2026-08-11T22:31:52.133981,15.9216,0.418851,0.448648,0.433749,0.419935,OPEN,0,0.0,1
2026-08-11T22:31:52.159118,15.9481,0.419893,0.448585,0.434239,0.424941,OPEN,0,0.0,1
2026-08-11T22:31:52.202147,15.9913,0.306884,0.280187,0.293536,0.378949,OPEN,0,0.0,1
2026-08-11T22:31:52.225723,16.0163,0.27773,0.241426,0.259578,0.337169,OPEN,0,0.0,1
2026-08-11T22:31:52.251400,16.0394,0.263256,0.2292,0.246228,0.30534,OPEN,0,0.0,1
2026-08-11T22:31:52.305194,16.0927,0.235797,0.183412,0.209604,0.271832,OPEN,0,0.0,1
2026-08-11T22:31:52.329058,16.1192,0.238664,0.175108,0.206886,0.249101,CLOSING,0,0.0,1
2026-08-11T22:31:52.413432,16.2013,0.330351,0.329655,0.330003,0.277417,OPEN,0,0.0,1
2026-08-11T22:31:52.438416,16.227,0.345026,0.354641,0.349834,0.302763,OPEN,0,0.0,1
2026-08-11T22:31:52.465521,16.2526,0.350447,0.367201,0.358824,0.322384,OPEN,0,0.0,1
2026-08-11T22:31:52.492628,16.2783,0.352932,0.372811,0.362871,0.336555,OPEN,0,0.0,1
2026-08-11T22:31:52.515680,16.3053,0.398817,0.418368,0.408593,0.361768,OPEN,0,0.0,1
2026-08-11T22:31:52.539518,16.3293,0.411089,0.432913,0.422001,0.38285,OPEN,0,0.0,1
2026-08-11T22:31:52.563505,16.354,0.416771,0.440734,0.428753,0.398916,OPEN,0,0.0,1
2026-08-11T22:31:52.605311,16.3928,0.414002,0.450119,0.43206,0.410516,OPEN,0,0.0,1
2026-08-11T22:31:52.630008,16.4192,0.411809,0.453176,0.432493,0.418208,OPEN,0,0.0,1
2026-08-11T22:31:52.656368,16.4438,0.410209,0.453811,0.43201,0.423039,OPEN,0,0.0,1
2026-08-11T22:31:52.698020,16.4883,0.410938,0.453868,0.432403,0.426316,OPEN,0,0.0,1
2026-08-11T22:31:52.722615,16.5117,0.406362,0.453773,0.430067,0.427629,OPEN,0,0.0,1
2026-08-11T22:31:52.815936,16.6036,0.209269,0.191356,0.200313,0.348068,OPEN,0,0.0,1
2026-08-11T22:31:52.843569,16.6297,0.206706,0.183971,0.195339,0.294613,OPEN,0,0.0,1
2026-08-11T22:31:52.870978,16.6575,0.207584,0.183201,0.195392,0.259886,OPEN,0,0.0,1
2026-08-11T22:31:52.897568,16.6839,0.211076,0.184189,0.197632,0.238097,CLOSING,0,0.0,1
2026-08-11T22:31:52.924758,16.711,0.224621,0.19938,0.212001,0.228963,CLOSING,0,0.0,1
2026-08-11T22:31:52.949414,16.7375,0.239003,0.207949,0.223476,0.227043,CLOSED,0,0.0,1
2026-08-11T22:31:52.976608,16.763,0.244996,0.214437,0.229716,0.227979,CLOSED,0,0.0,1
2026-08-11T22:31:53.001315,16.7907,0.341935,0.356564,0.349249,0.270423,OPENING,0,0.0,1
2026-08-11T22:31:53.025554,16.8151,0.37234,0.401614,0.386977,0.311217,OPEN,1,0.13119,1
2026-08-11T22:31:53.051367,16.8393,0.382506,0.416483,0.399495,0.342114,OPEN,0,0.0,1
2026-08-11T22:31:53.103774,16.8934,0.388988,0.416758,0.402873,0.36338,OPEN,0,0.0,1
2026-08-11T22:31:53.130717,16.9188,0.388323,0.415784,0.402053,0.376916,OPEN,0,0.0,1
2026-08-11T22:31:53.210355,16.9987,0.387204,0.425674,0.406439,0.387249,OPEN,0,0.0,1
2026-08-11T22:31:53.236975,17.0232,0.388743,0.431004,0.409874,0.395167,OPEN,0,0.0,1
2026-08-11T22:31:53.261920,17.0508,0.391686,0.436369,0.414027,0.401768,OPEN,0,0.0,1
2026-08-11T22:31:53.291136,17.0758,0.392608,0.438669,0.415639,0.406623,OPEN,0,0.0,1
2026-08-11T22:31:53.317203,17.1051,0.408203,0.439321,0.423762,0.412622,OPEN,0,0.0,1
2026-08-11T22:31:53.343193,17.131,0.412514,0.438093,0.425304,0.41706,OPEN,0,0.0,1
2026-08-11T22:31:53.371261,17.1575,0.414193,0.436871,0.425532,0.420026,OPEN,0,0.0,1
2026-08-11T22:31:53.404020,17.1909,0.402297,0.428693,0.415495,0.41844,OPEN,0,0.0,1
2026-08-11T22:31:53.425850,17.2168,0.393233,0.426207,0.40972,0.415388,OPEN,0,0.0,1
2026-08-11T22:31:53.456722,17.2395,0.387481,0.423558,0.405519,0.411934,OPEN,0,0.0,1
2026-08-11T22:31:53.506643,17.2922,0.29542,0.261567,0.278494,0.36523,OPEN,0,0.0,1
2026-08-11T22:31:53.551716,17.3213,0.266407,0.203003,0.234705,0.319546,OPEN,0,0.0,1
2026-08-11T22:31:53.596160,17.3661,0.261055,0.182391,0.221723,0.285308,OPEN,0,0.0,1
2026-08-11T22:31:53.633769,17.4104,0.234168,0.16093,0.197549,0.254592,OPEN,0,0.0,1
2026-08-11T22:31:53.666889,17.448,0.235075,0.15132,0.193198,0.233104,CLOSING,0,0.0,1
2026-08-11T22:31:53.695040,17.4826,0.24198,0.153814,0.197897,0.220782,CLOSING,0,0.0,1
2026-08-11T22:31:53.719138,17.509,0.255723,0.176348,0.216036,0.219121,CLOSED,0,0.0,1
2026-08-11T22:31:53.753584,17.5428,0.259821,0.190245,0.225033,0.22119,CLOSED,0,0.0,1
2026-08-11T22:31:53.776186,17.5674,0.261546,0.195656,0.228601,0.223784,CLOSED,0,0.0,1
2026-08-11T22:31:53.805111,17.5959,0.350697,0.355654,0.353176,0.269071,OPENING,0,0.0,1
2026-08-11T22:31:53.841283,17.6309,0.375216,0.409592,0.392404,0.312238,OPEN,1,0.182966,1
2026-08-11T22:31:53.868033,17.6552,0.37694,0.419593,0.398266,0.342348,OPEN,0,0.0,1
2026-08-11T22:31:53.899503,17.6882,0.405423,0.443074,0.424249,0.371013,OPEN,0,0.0,1
2026-08-11T22:31:53.923424,17.7134,0.413516,0.448846,0.431181,0.392072,OPEN,0,0.0,1
2026-08-11T22:31:53.945614,17.737,0.417501,0.450885,0.434193,0.406814,OPEN,0,0.0,1
2026-08-11T22:31:54.018599,17.8067,0.410115,0.440246,0.425181,0.413243,OPEN,0,0.0,1
2026-08-11T22:31:54.041923,17.8313,0.409717,0.43829,0.424004,0.417009,OPEN,0,0.0,1
2026-08-11T22:31:54.066344,17.8549,0.409878,0.437801,0.42384,0.4194,OPEN,0,0.0,1
2026-08-11T22:31:54.104575,17.8947,0.396341,0.423832,0.410087,0.41614,OPEN,0,0.0,1
2026-08-11T22:31:54.129946,17.9198,0.396652,0.422151,0.409402,0.413782,OPEN,0,0.0,1
2026-08-11T22:31:54.158258,17.9439,0.396309,0.420647,0.408478,0.411925,OPEN,0,0.0,1
2026-08-11T22:31:54.203179,17.9914,0.391516,0.417262,0.404389,0.409288,OPEN,0,0.0,1
2026-08-11T22:31:54.235572,18.0253,0.386117,0.41532,0.400718,0.406288,OPEN,0,0.0,1
2026-08-11T22:31:54.259820,18.0496,0.383518,0.414242,0.39888,0.403695,OPEN,0,0.0,1
2026-08-11T22:31:54.300696,18.0916,0.386894,0.416659,0.401776,0.403024,OPEN,0,0.0,1
2026-08-11T22:31:54.328926,18.1146,0.387782,0.417551,0.402667,0.402899,OPEN,0,0.0,1
2026-08-11T22:31:54.361148,18.1431,0.388338,0.418176,0.403257,0.403024,OPEN,0,0.0,1
2026-08-11T22:31:54.418083,18.2004,0.404181,0.429673,0.416927,0.40789,OPEN,0,0.0,1
2026-08-11T22:31:54.460702,18.2322,0.415767,0.436509,0.426138,0.414277,OPEN,0,0.0,1
2026-08-11T22:31:54.497451,18.275,0.424846,0.443845,0.434345,0.421301,OPEN,0,0.0,1
2026-08-11T22:31:54.522527,18.3121,0.432433,0.439777,0.436105,0.426482,OPEN,0,0.0,1
2026-08-11T22:31:54.555597,18.347,0.41485,0.436738,0.425794,0.426241,OPEN,0,0.0,1
2026-08-11T22:31:54.577682,18.3693,0.412275,0.435654,0.423965,0.425445,OPEN,0,0.0,1
2026-08-11T22:31:54.607242,18.3967,0.301548,0.267748,0.284648,0.376166,OPEN,0,0.0,1
2026-08-11T22:31:54.630866,18.4207,0.261819,0.21451,0.238165,0.327865,OPEN,0,0.0,1
2026-08-11T22:31:54.657860,18.4453,0.240986,0.189589,0.215288,0.288463,OPEN,0,0.0,1
2026-08-11T22:31:54.715177,18.5042,0.236848,0.172932,0.20489,0.259213,OPEN,0,0.0,1
2026-08-11T22:31:54.747815,18.5379,0.239247,0.171877,0.205562,0.240435,CLOSING,0,0.0,1
2026-08-11T22:31:54.779387,18.5618,0.240456,0.170453,0.205455,0.228192,CLOSING,0,0.0,1
2026-08-11T22:31:54.826571,18.6097,0.293442,0.268604,0.281023,0.246683,CLOSED,0,0.0,1
2026-08-11T22:31:54.853314,18.6393,0.304896,0.295289,0.300092,0.265376,OPENING,0,0.0,1
2026-08-11T22:31:54.880518,18.6685,0.319931,0.317664,0.318797,0.284074,OPEN,1,0.130574,1
2026-08-11T22:31:54.912198,18.6967,0.360621,0.393699,0.37716,0.316654,OPEN,0,0.0,1
2026-08-11T22:31:54.943941,18.7261,0.387012,0.425105,0.406059,0.347946,OPEN,0,0.0,1
2026-08-11T22:31:54.975047,18.7583,0.395963,0.438975,0.417469,0.372279,OPEN,0,0.0,1
2026-08-11T22:31:55.007796,18.7923,0.411441,0.451016,0.431228,0.392911,OPEN,0,0.0,1
2026-08-11T22:31:55.041483,18.8214,0.419443,0.45497,0.437206,0.408414,OPEN,0,0.0,1
2026-08-11T22:31:55.074179,18.8557,0.424389,0.456252,0.440321,0.419582,OPEN,0,0.0,1
2026-08-11T22:31:55.121186,18.9093,0.431911,0.465163,0.448537,0.429716,OPEN,0,0.0,1
2026-08-11T22:31:55.147496,18.9354,0.431178,0.461231,0.446204,0.435487,OPEN,0,0.0,1
2026-08-11T22:31:55.171791,18.9603,0.431035,0.459859,0.445447,0.438973,OPEN,0,0.0,1
2026-08-11T22:31:55.210164,18.9991,0.420066,0.451753,0.43591,0.437901,OPEN,0,0.0,1
2026-08-11T22:31:55.239305,19.0237,0.412712,0.44729,0.430001,0.435136,OPEN,0,0.0,1
2026-08-11T22:31:55.268823,19.0531,0.408822,0.444285,0.426553,0.432132,OPEN,0,0.0,1
2026-08-11T22:31:55.314633,19.0962,0.400545,0.431453,0.415999,0.426485,OPEN,0,0.0,1
2026-08-11T22:31:55.344010,19.1287,0.397095,0.427212,0.412153,0.421469,OPEN,0,0.0,1
2026-08-11T22:31:55.373154,19.1591,0.393905,0.423407,0.408656,0.416985,OPEN,0,0.0,1
2026-08-11T22:31:55.416929,19.1978,0.342549,0.384486,0.363517,0.398271,OPEN,0,0.0,1
2026-08-11T22:31:55.443602,19.2306,0.341503,0.376664,0.359084,0.384555,OPEN,0,0.0,1
2026-08-11T22:31:55.487681,19.2575,0.333748,0.3698,0.351774,0.373082,OPEN,0,0.0,1
2026-08-11T22:31:55.533505,19.3052,0.232045,0.188885,0.210465,0.316166,OPEN,0,0.0,1
2026-08-11T22:31:55.578229,19.3469,0.229178,0.17438,0.201779,0.27613,OPEN,0,0.0,1
2026-08-11T22:31:55.613321,19.3915,0.226349,0.16579,0.19607,0.248109,CLOSING,0,0.0,1
2026-08-11T22:31:55.644582,19.4275,0.246007,0.179978,0.212993,0.235818,CLOSING,0,0.0,1
2026-08-11T22:31:55.676684,19.4594,0.276376,0.227556,0.251966,0.24147,CLOSED,0,0.0,1
2026-08-11T22:31:55.704672,19.4908,0.293167,0.24936,0.271264,0.251898,OPENING,0,0.0,1
2026-08-11T22:31:55.731293,19.5188,0.331096,0.344219,0.337658,0.281914,OPEN,1,0.127283,1
2026-08-11T22:31:55.765912,19.5529,0.359832,0.392157,0.375994,0.314842,OPEN,0,0.0,1
2026-08-11T22:31:55.794993,19.5799,0.368315,0.406779,0.387547,0.340289,OPEN,0,0.0,1
2026-08-11T22:31:55.821438,19.609,0.400463,0.433848,0.417156,0.367192,OPEN,0,0.0,1
2026-08-11T22:31:55.845683,19.6363,0.41252,0.440313,0.426416,0.387921,OPEN,0,0.0,1
2026-08-11T22:31:55.881286,19.6591,0.417345,0.444034,0.430689,0.40289,OPEN,0,0.0,1
2026-08-11T22:31:55.936991,19.7049,0.395438,0.425514,0.410476,0.405545,OPEN,0,0.0,1
2026-08-11T22:31:55.969041,19.7519,0.370203,0.413442,0.391822,0.400742,OPEN,0,0.0,1
2026-08-11T22:31:55.996066,19.7829,0.367346,0.408453,0.387899,0.396247,OPEN,0,0.0,1
2026-08-11T22:31:56.027744,19.8167,0.380386,0.42216,0.401273,0.398006,OPEN,0,0.0,1
2026-08-11T22:31:56.062576,19.8502,0.387511,0.430457,0.408984,0.401848,OPEN,0,0.0,1
2026-08-11T22:31:56.095595,19.878,0.390981,0.433243,0.412112,0.405441,OPEN,0,0.0,1
2026-08-11T22:31:56.118515,19.9092,0.387483,0.431773,0.409628,0.406906,OPEN,0,0.0,1
2026-08-11T22:31:56.156947,19.9431,0.386099,0.430243,0.408171,0.407349,OPEN,0,0.0,1
2026-08-11T22:31:56.183341,19.9708,0.385315,0.429056,0.407186,0.407292,OPEN,0,0.0,1
2026-08-11T22:31:56.213815,20.0042,0.314119,0.317526,0.315822,0.375277,OPEN,0,0.0,1
2026-08-11T22:31:56.241835,20.0278,0.306794,0.320948,0.313871,0.353785,OPEN,0,0.0,1
2026-08-11T22:31:56.277211,20.0556,0.302335,0.319176,0.310756,0.338725,OPEN,0,0.0,1
2026-08-11T22:31:56.324318,20.1107,0.244254,0.200807,0.22253,0.298057,OPEN,0,0.0,1
2026-08-11T22:31:56.357861,20.1452,0.226925,0.157633,0.192279,0.261035,OPEN,0,0.0,1
2026-08-11T22:31:56.385051,20.1719,0.222558,0.148049,0.185303,0.234529,CLOSING,0,0.0,1
2026-08-11T22:31:56.408558,20.1998,0.223761,0.161549,0.192655,0.219873,CLOSING,0,0.0,1
2026-08-11T22:31:56.439392,20.2224,0.226892,0.172019,0.199455,0.212727,CLOSED,0,0.0,1
2026-08-11T22:31:56.464042,20.2534,0.217428,0.172289,0.194859,0.206473,CLOSED,0,0.0,1
2026-08-11T22:31:56.504757,20.2955,0.357792,0.36109,0.359441,0.260012,OPENING,0,0.0,1
2026-08-11T22:31:56.528129,20.3185,0.371723,0.37695,0.374336,0.300025,OPEN,1,0.146607,1
2026-08-11T22:31:56.555150,20.342,0.378276,0.38807,0.383173,0.329127,OPEN,0,0.0,1
2026-08-11T22:31:56.605875,20.3958,0.387121,0.415862,0.401492,0.354455,OPEN,0,0.0,1
2026-08-11T22:31:56.629476,20.4195,0.386693,0.416317,0.401505,0.370922,OPEN,0,0.0,1
2026-08-11T22:31:56.652440,20.4439,0.387158,0.417966,0.402562,0.381996,OPEN,0,0.0,1
2026-08-11T22:31:56.714021,20.5042,0.392901,0.418828,0.405865,0.39035,OPEN,0,0.0,1
2026-08-11T22:31:56.747436,20.5303,0.395239,0.41923,0.407235,0.39626,OPEN,0,0.0,1
2026-08-11T22:31:56.779526,20.5632,0.395496,0.419312,0.407404,0.40016,OPEN,0,0.0,1
2026-08-11T22:31:56.815294,20.6007,0.405472,0.424735,0.415103,0.40539,OPEN,0,0.0,1
2026-08-11T22:31:56.843392,20.6293,0.406936,0.426823,0.416879,0.409411,OPEN,0,0.0,1
2026-08-11T22:31:56.872715,20.6573,0.407462,0.427981,0.417721,0.41232,OPEN,0,0.0,1
2026-08-11T22:31:56.916826,20.704,0.408163,0.427656,0.417909,0.414276,OPEN,0,0.0,1
2026-08-11T22:31:56.939823,20.7293,0.408757,0.429009,0.418883,0.415889,OPEN,0,0.0,1
2026-08-11T22:31:56.963687,20.7534,0.409215,0.43039,0.419803,0.417258,OPEN,0,0.0,1
2026-08-11T22:31:57.016429,20.8067,0.40994,0.432635,0.421287,0.418669,OPEN,0,0.0,1
2026-08-11T22:31:57.041088,20.83,0.409071,0.432872,0.420972,0.419475,OPEN,0,0.0,1
2026-08-11T22:31:57.066843,20.855,0.406971,0.43389,0.42043,0.419809,OPEN,0,0.0,1
2026-08-11T22:31:57.117107,20.9074,0.410278,0.434867,0.422573,0.420776,OPEN,0,0.0,1
2026-08-11T22:31:57.140699,20.9306,0.413558,0.436856,0.425207,0.422327,OPEN,0,0.0,1
2026-08-11T22:31:57.165769,20.9532,0.415292,0.43816,0.426726,0.423867,OPEN,0,0.0,1
2026-08-11T22:31:57.210214,20.9997,0.324681,0.260897,0.292789,0.37799,OPEN,0,0.0,1
2026-08-11T22:31:57.232001,21.0227,0.287888,0.22607,0.256979,0.335636,OPEN,0,0.0,1
2026-08-11T22:31:57.256451,21.0463,0.283189,0.221293,0.252241,0.306448,OPEN,0,0.0,1
2026-08-11T22:31:57.306336,21.0968,0.283404,0.21516,0.249282,0.28644,OPEN,0,0.0,1
2026-08-11T22:31:57.342369,21.1295,0.278321,0.214465,0.246393,0.272423,OPEN,0,0.0,1
2026-08-11T22:31:57.366163,21.1561,0.277206,0.214292,0.245749,0.263087,OPEN,0,0.0,1
2026-08-11T22:31:57.422754,21.214,0.293901,0.225112,0.259506,0.261834,OPEN,0,0.0,1
2026-08-11T22:31:57.447135,21.2366,0.297955,0.224075,0.261015,0.261547,OPEN,0,0.0,1
2026-08-11T22:31:57.485350,21.2717,0.301114,0.222982,0.262048,0.261723,OPEN,0,0.0,1
2026-08-11T22:31:57.513618,21.3033,0.30972,0.236742,0.273231,0.265751,OPEN,0,0.0,1
2026-08-11T22:31:57.536273,21.3259,0.309642,0.241018,0.27533,0.269104,OPEN,0,0.0,1
2026-08-11T22:31:57.560173,21.3504,0.308381,0.244644,0.276513,0.271697,OPEN,0,0.0,1
2026-08-11T22:31:57.615438,21.4009,0.327899,0.274153,0.301026,0.281962,OPEN,0,0.0,1
2026-08-11T22:31:57.641272,21.4294,0.33097,0.278683,0.304826,0.289964,OPEN,0,0.0,1
2026-08-11T22:31:57.667951,21.4548,0.336237,0.285691,0.310964,0.297314,OPEN,0,0.0,1
2026-08-11T22:31:57.716808,21.5003,0.342954,0.286071,0.314513,0.303334,OPEN,0,0.0,1
2026-08-11T22:31:57.745882,21.5337,0.345135,0.286055,0.315595,0.307625,OPEN,0,0.0,1
2026-08-11T22:31:57.778196,21.5685,0.347968,0.287391,0.317679,0.311144,OPEN,0,0.0,1
2026-08-11T22:31:57.818687,21.6077,0.325827,0.264252,0.295039,0.305507,OPEN,0,0.0,1
2026-08-11T22:31:57.842889,21.6327,0.316743,0.248259,0.282501,0.297455,OPEN,0,0.0,1
2026-08-11T22:31:57.865965,21.6563,0.312826,0.240281,0.276553,0.29014,OPEN,0,0.0,1
2026-08-11T22:31:57.917506,21.7063,0.320904,0.253361,0.287133,0.289087,OPEN,0,0.0,1
2026-08-11T22:31:57.941921,21.7313,0.321015,0.252264,0.286639,0.28823,OPEN,0,0.0,1
2026-08-11T22:31:57.969707,21.7556,0.318682,0.250096,0.284389,0.286886,OPEN,0,0.0,1
2026-08-11T22:31:58.011246,21.8001,0.304465,0.231106,0.267785,0.280201,OPEN,0,0.0,1
2026-08-11T22:31:58.037201,21.8251,0.297998,0.221112,0.259555,0.272975,OPEN,0,0.0,1
2026-08-11T22:31:58.063768,21.8512,0.294723,0.216668,0.255696,0.266927,OPEN,0,0.0,1
2026-08-11T22:31:58.110952,21.9003,0.292924,0.214375,0.25365,0.26228,OPEN,0,0.0,1
2026-08-11T22:31:58.136304,21.9247,0.291369,0.212354,0.251862,0.258634,OPEN,0,0.0,1
2026-08-11T22:31:58.160054,21.9501,0.2908,0.210951,0.250876,0.255918,OPEN,0,0.0,1
2026-08-11T22:31:58.218326,22.0068,0.301013,0.253704,0.277358,0.263422,OPEN,0,0.0,1
2026-08-11T22:31:58.240569,22.0311,0.298111,0.251349,0.27473,0.26738,OPEN,0,0.0,1
2026-08-11T22:31:58.265285,22.0545,0.29618,0.249311,0.272746,0.269258,OPEN,0,0.0,1
2026-08-11T22:31:58.313838,22.1041,0.294237,0.249123,0.27168,0.270106,OPEN,0,0.0,1
2026-08-11T22:31:58.338749,22.1265,0.294218,0.248963,0.271591,0.270625,OPEN,0,0.0,1
2026-08-11T22:31:58.365895,22.1529,0.29462,0.248823,0.271722,0.271009,OPEN,0,0.0,1
2026-08-11T22:31:58.416565,22.2044,0.288604,0.242298,0.265451,0.269064,OPEN,0,0.0,1
2026-08-11T22:31:58.440236,22.2302,0.296061,0.243881,0.269971,0.269381,OPEN,0,0.0,1
2026-08-11T22:31:58.464673,22.253,0.299061,0.244273,0.271667,0.270181,OPEN,0,0.0,1
2026-08-11T22:31:58.507438,22.2953,0.300315,0.2442,0.272258,0.270908,OPEN,0,0.0,1
2026-08-11T22:31:58.532558,22.3212,0.298674,0.239388,0.269031,0.270251,OPEN,0,0.0,1
2026-08-11T22:31:58.558171,22.3468,0.297722,0.237053,0.267388,0.269249,OPEN,0,0.0,1
2026-08-11T22:31:58.626342,22.4129,0.287091,0.233325,0.260208,0.266085,OPEN,0,0.0,1
2026-08-11T22:31:58.655730,22.4401,0.282942,0.234199,0.258571,0.263455,OPEN,0,0.0,1
2026-08-11T22:31:58.679854,22.4694,0.278024,0.235703,0.256863,0.261148,OPEN,0,0.0,1
2026-08-11T22:31:58.720412,22.5064,0.279742,0.237749,0.258745,0.260307,OPEN,0,0.0,1
2026-08-11T22:31:58.745237,22.5346,0.283383,0.244209,0.263796,0.261528,OPEN,0,0.0,1
2026-08-11T22:31:58.770949,22.559,0.284306,0.24461,0.264458,0.262554,OPEN,0,0.0,1
2026-08-11T22:31:58.813627,22.6016,0.274441,0.229703,0.252072,0.258885,OPEN,0,0.0,1
2026-08-11T22:31:58.839935,22.6278,0.276109,0.230907,0.253508,0.257003,OPEN,0,0.0,1
2026-08-11T22:31:58.861593,22.6523,0.274011,0.228838,0.251424,0.25505,OPEN,0,0.0,1
2026-08-11T22:31:58.910576,22.7002,0.282502,0.225134,0.253818,0.254619,OPEN,0,0.0,1
2026-08-11T22:31:58.933740,22.7247,0.283669,0.22239,0.25303,0.254063,OPEN,0,0.0,1
2026-08-11T22:31:58.956305,22.7471,0.284612,0.220956,0.252784,0.253615,OPEN,0,0.0,1
2026-08-11T22:31:59.031794,22.8123,0.283179,0.219188,0.251183,0.252764,OPEN,0,0.0,1
2026-08-11T22:31:59.053685,22.8448,0.274049,0.215696,0.244872,0.250002,OPEN,0,0.0,1
2026-08-11T22:31:59.089832,22.8787,0.267114,0.213255,0.240185,0.246566,CLOSING,0,0.0,1
2026-08-11T22:31:59.114638,22.9042,0.27276,0.21715,0.244955,0.246002,CLOSING,0,0.0,1
2026-08-11T22:31:59.136212,22.9272,0.280245,0.218014,0.249129,0.247097,CLOSING,0,0.0,1
2026-08-11T22:31:59.159695,22.9505,0.285195,0.220403,0.252799,0.249092,CLOSED,0,0.0,1
2026-08-11T22:31:59.215949,23.0055,0.283334,0.219506,0.25142,0.249907,CLOSED,0,0.0,1
2026-08-11T22:31:59.240759,23.0299,0.283089,0.219784,0.251437,0.250442,OPENING,0,0.0,1
2026-08-11T22:31:59.265144,23.0533,0.282768,0.220188,0.251478,0.250805,OPEN,1,0.174604,1
2026-08-11T22:31:59.320070,23.111,0.288939,0.219265,0.254102,0.251959,OPEN,0,0.0,1
2026-08-11T22:31:59.343812,23.1342,0.287415,0.216725,0.25207,0.251998,OPEN,0,0.0,1
2026-08-11T22:31:59.367299,23.1565,0.286684,0.214181,0.250433,0.25145,OPEN,0,0.0,1
2026-08-11T22:31:59.425234,23.2138,0.277726,0.212974,0.24535,0.249315,CLOSING,0,0.0,1
2026-08-11T22:31:59.447980,23.2389,0.271564,0.213079,0.242322,0.246867,CLOSING,0,0.0,1
2026-08-11T22:31:59.471085,23.2615,0.270089,0.213293,0.241691,0.245056,CLOSING,0,0.0,1
2026-08-11T22:31:59.512237,23.303,0.275035,0.222114,0.248574,0.246287,CLOSED,0,0.0,1
2026-08-11T22:31:59.533534,23.3247,0.276671,0.222919,0.249795,0.247515,CLOSED,0,0.0,1
2026-08-11T22:31:59.556410,23.3475,0.280594,0.226173,0.253383,0.249569,CLOSED,0,0.0,1
2026-08-11T22:31:59.611687,23.4018,0.269101,0.221754,0.245428,0.248119,CLOSED,0,0.0,1
2026-08-11T22:31:59.634623,23.4251,0.263796,0.217026,0.240411,0.245421,CLOSED,0,0.0,1
2026-08-11T22:31:59.656434,23.4473,0.260077,0.213618,0.236847,0.24242,CLOSED,0,0.0,1
2026-08-11T22:31:59.728966,23.5175,0.26681,0.219077,0.242943,0.242603,CLOSED,0,0.0,1
2026-08-11T22:31:59.751297,23.5419,0.26289,0.217942,0.240416,0.241838,CLOSED,0,0.0,1
2026-08-11T22:31:59.774798,23.5642,0.261648,0.217058,0.239353,0.240968,CLOSED,0,0.0,1
2026-08-11T22:31:59.817549,23.6083,0.248028,0.214227,0.231127,0.237524,CLOSED,0,0.0,1
2026-08-11T22:31:59.843108,23.6311,0.247022,0.213906,0.230464,0.235053,CLOSED,0,0.0,1
2026-08-11T22:31:59.870751,23.657,0.244643,0.213891,0.229267,0.233028,CLOSED,0,0.0,1
2026-08-11T22:31:59.917998,23.7043,0.248269,0.216707,0.232488,0.232839,CLOSED,0,0.0,1
2026-08-11T22:31:59.942884,23.7309,0.248054,0.217765,0.23291,0.232864,CLOSED,0,0.0,1
2026-08-11T22:31:59.966652,23.7567,0.248462,0.219901,0.234181,0.233325,CLOSED,0,0.0,1
2026-08-11T22:32:00.016497,23.8054,0.25661,0.233447,0.245028,0.237421,CLOSED,0,0.0,1
2026-08-11T22:32:00.042609,23.8304,0.265509,0.243722,0.254616,0.243439,CLOSED,0,0.0,1
2026-08-11T22:32:00.067654,23.8563,0.26995,0.247032,0.258491,0.248707,CLOSED,0,0.0,1
2026-08-11T22:32:00.120816,23.9114,0.300265,0.255277,0.277771,0.25888,OPENING,0,0.0,1
2026-08-11T22:32:00.144804,23.934,0.304147,0.254943,0.279545,0.266113,OPEN,1,0.720183,1
2026-08-11T22:32:00.171225,23.9583,0.307981,0.256525,0.282253,0.271762,OPEN,0,0.0,1
2026-08-11T22:32:00.226599,24.0132,0.275465,0.246084,0.260775,0.267916,OPEN,0,0.0,1
2026-08-11T22:32:00.249482,24.0394,0.276138,0.243421,0.25978,0.265068,OPEN,0,0.0,1
2026-08-11T22:32:00.273073,24.063,0.276576,0.239796,0.258186,0.26266,OPEN,0,0.0,1
2026-08-11T22:32:00.313934,24.1046,0.280812,0.23547,0.258141,0.261078,OPEN,0,0.0,1
2026-08-11T22:32:00.336898,24.1274,0.287115,0.233353,0.260234,0.260783,OPEN,0,0.0,1
2026-08-11T22:32:00.359283,24.1506,0.285487,0.228959,0.257223,0.259537,OPEN,0,0.0,1
2026-08-11T22:32:00.418593,24.2092,0.298152,0.245828,0.27199,0.263895,OPEN,0,0.0,1
2026-08-11T22:32:00.442530,24.2323,0.301625,0.2555,0.278563,0.269029,OPEN,0,0.0,1
2026-08-11T22:32:00.465088,24.2554,0.30561,0.258516,0.282063,0.273591,OPEN,0,0.0,1
2026-08-11T22:32:00.524032,24.3135,0.303722,0.243671,0.273697,0.273628,OPEN,0,0.0,1
2026-08-11T22:32:00.547231,24.3368,0.297403,0.23926,0.268332,0.271774,OPEN,0,0.0,1
2026-08-11T22:32:00.582211,24.3714,0.287532,0.231044,0.259288,0.267404,OPEN,0,0.0,1
2026-08-11T22:32:00.616796,24.4075,0.286848,0.225372,0.25611,0.263451,OPEN,0,0.0,1
2026-08-11T22:32:00.653386,24.4426,0.283368,0.222395,0.252882,0.259752,OPEN,0,0.0,1
2026-08-11T22:32:00.676740,24.4672,0.282048,0.219571,0.25081,0.256622,OPEN,0,0.0,1
2026-08-11T22:32:00.719082,24.5108,0.324925,0.252822,0.288874,0.26791,OPEN,0,0.0,1
2026-08-11T22:32:00.742132,24.5327,0.328813,0.255227,0.29202,0.276349,OPEN,0,0.0,1
2026-08-11T22:32:00.766491,24.5559,0.333116,0.257835,0.295476,0.283043,OPEN,0,0.0,1
2026-08-11T22:32:00.808303,24.5988,0.331821,0.266209,0.299015,0.288633,OPEN,0,0.0,1
2026-08-11T22:32:00.830507,24.6208,0.33244,0.268676,0.300558,0.292807,OPEN,0,0.0,1
2026-08-11T22:32:00.854482,24.6441,0.335174,0.274426,0.3048,0.297004,OPEN,0,0.0,1
2026-08-11T22:32:00.930017,24.7206,0.299567,0.246323,0.272945,0.288584,OPEN,0,0.0,1
2026-08-11T22:32:00.952787,24.7438,0.291041,0.23837,0.264705,0.280226,OPEN,0,0.0,1
2026-08-11T22:32:00.976597,24.7666,0.286695,0.233653,0.260174,0.273208,OPEN,0,0.0,1
2026-08-11T22:32:01.020845,24.8099,0.287485,0.252266,0.269876,0.272042,OPEN,0,0.0,1
2026-08-11T22:32:01.044199,24.8348,0.290483,0.251556,0.27102,0.271684,OPEN,0,0.0,1
2026-08-11T22:32:01.066116,24.857,0.292532,0.252175,0.272353,0.271918,OPEN,0,0.0,1
2026-08-11T22:32:01.114811,24.9048,0.293323,0.24382,0.268571,0.270747,OPEN,0,0.0,1
2026-08-11T22:32:01.137202,24.9276,0.296904,0.243464,0.270184,0.27055,OPEN,0,0.0,1
2026-08-11T22:32:01.160627,24.9511,0.302183,0.243602,0.272892,0.27137,OPEN,0,0.0,1
2026-08-11T22:32:01.218011,25.0065,0.301739,0.24814,0.27494,0.272619,OPEN,0,0.0,1
2026-08-11T22:32:01.240982,25.031,0.301155,0.25386,0.277507,0.27433,OPEN,0,0.0,1
2026-08-11T22:32:01.263516,25.0545,0.300113,0.255734,0.277924,0.275588,OPEN,0,0.0,1
2026-08-11T22:32:01.325381,25.1145,0.28767,0.23542,0.261545,0.270673,OPEN,0,0.0,1
2026-08-11T22:32:01.351681,25.1401,0.28289,0.231785,0.257338,0.266006,OPEN,0,0.0,1
2026-08-11T22:32:01.378010,25.1655,0.279351,0.228562,0.253957,0.261788,OPEN,0,0.0,1
2026-08-11T22:32:01.418745,25.2085,0.280073,0.229095,0.254584,0.259267,OPEN,0,0.0,1
2026-08-11T22:32:01.441099,25.2325,0.276729,0.222664,0.249696,0.255917,OPEN,0,0.0,1
2026-08-11T22:32:01.467376,25.2552,0.278253,0.222301,0.250277,0.253943,OPEN,0,0.0,1
2026-08-11T22:32:01.520516,25.3103,0.342713,0.26568,0.304196,0.271532,OPEN,0,0.0,1
2026-08-11T22:32:01.542480,25.3334,0.348056,0.268606,0.308331,0.284411,OPEN,0,0.0,1
2026-08-11T22:32:01.566159,25.3553,0.351143,0.271185,0.311164,0.293775,OPEN,0,0.0,1
2026-08-11T22:32:01.628537,25.4189,0.325042,0.264975,0.295009,0.294207,OPEN,0,0.0,1
2026-08-11T22:32:01.661804,25.4531,0.321592,0.264631,0.293111,0.293823,OPEN,0,0.0,1
2026-08-11T22:32:01.697469,25.4885,0.317045,0.262259,0.289652,0.292363,OPEN,0,0.0,1
2026-08-11T22:32:01.725675,25.5171,0.3085,0.263117,0.285809,0.290069,OPEN,0,0.0,1
2026-08-11T22:32:01.747872,25.5394,0.305238,0.262378,0.283808,0.287878,OPEN,0,0.0,1
2026-08-11T22:32:01.770831,25.5606,0.302329,0.261817,0.282073,0.285846,OPEN,0,0.0,1
2026-08-11T22:32:01.818488,25.608,0.316849,0.290522,0.303685,0.29209,OPEN,0,0.0,1
2026-08-11T22:32:01.841726,25.6331,0.32228,0.302548,0.312414,0.299203,OPEN,0,0.0,1
2026-08-11T22:32:01.866270,25.6559,0.325326,0.308477,0.316901,0.305398,OPEN,0,0.0,1
2026-08-11T22:32:01.913986,25.7025,0.312622,0.285209,0.298916,0.303129,OPEN,0,0.0,1
2026-08-11T22:32:01.935932,25.7266,0.316769,0.281853,0.299311,0.301793,OPEN,0,0.0,1
2026-08-11T22:32:01.958029,25.7498,0.319355,0.280195,0.299775,0.301087,OPEN,0,0.0,1
2026-08-11T22:32:02.039993,25.8301,0.32184,0.290614,0.306227,0.302886,OPEN,0,0.0,1
2026-08-11T22:32:02.071950,25.8539,0.320899,0.290249,0.305574,0.303827,OPEN,0,0.0,1
2026-08-11T22:32:02.100084,25.887,0.321018,0.287671,0.304345,0.304008,OPEN,0,0.0,1
2026-08-11T22:32:02.125182,25.9132,0.318718,0.283998,0.301358,0.30308,OPEN,0,0.0,1
2026-08-11T22:32:02.152898,25.9389,0.313746,0.281336,0.297541,0.301142,OPEN,0,0.0,1
2026-08-11T22:32:02.177556,25.9659,0.308629,0.278305,0.293467,0.298456,OPEN,0,0.0,1
2026-08-11T22:32:02.219318,26.0064,0.290596,0.260407,0.275502,0.290422,OPEN,0,0.0,1
2026-08-11T22:32:02.244549,26.0332,0.28768,0.253854,0.270767,0.283543,OPEN,0,0.0,1
2026-08-11T22:32:02.270079,26.0582,0.291152,0.25238,0.271766,0.279421,OPEN,0,0.0,1
2026-08-11T22:32:02.322736,26.1114,0.33123,0.28815,0.30969,0.290015,OPEN,0,0.0,1
2026-08-11T22:32:02.345397,26.1355,0.340573,0.291471,0.316022,0.299118,OPEN,0,0.0,1
2026-08-11T22:32:02.367755,26.158,0.346785,0.295001,0.320893,0.306739,OPEN,0,0.0,1
2026-08-11T22:32:02.428390,26.2179,0.344531,0.302368,0.323449,0.312588,OPEN,0,0.0,1
2026-08-11T22:32:02.463850,26.2518,0.340558,0.30368,0.322119,0.315924,OPEN,0,0.0,1
2026-08-11T22:32:02.484943,26.2764,0.337025,0.305252,0.321138,0.317749,OPEN,0,0.0,1
2026-08-11T22:32:02.522325,26.3117,0.33988,0.31169,0.325785,0.320561,OPEN,0,0.0,1
2026-08-11T22:32:02.542890,26.3349,0.343274,0.314788,0.329031,0.323526,OPEN,0,0.0,1
2026-08-11T22:32:02.565424,26.3555,0.343261,0.316499,0.32988,0.32575,OPEN,0,0.0,1
2026-08-11T22:32:02.624595,26.4149,0.345649,0.318885,0.332267,0.328031,OPEN,0,0.0,1
2026-08-11T22:32:02.660250,26.4507,0.343705,0.321718,0.332712,0.329669,OPEN,0,0.0,1
2026-08-11T22:32:02.683569,26.4738,0.343695,0.322071,0.332883,0.330794,OPEN,0,0.0,1
2026-08-11T22:32:02.715670,26.5044,0.33696,0.307063,0.322012,0.32772,OPEN,0,0.0,1
2026-08-11T22:32:02.737417,26.5284,0.330608,0.304324,0.317466,0.324131,OPEN,0,0.0,1
2026-08-11T22:32:02.759914,26.5501,0.32754,0.303458,0.315499,0.32111,OPEN,0,0.0,1
2026-08-11T22:32:02.837110,26.6273,0.334678,0.294363,0.31452,0.318803,OPEN,0,0.0,1
2026-08-11T22:32:02.874957,26.664,0.33171,0.28282,0.307265,0.314765,OPEN,0,0.0,1
2026-08-11T22:32:02.910853,26.6976,0.32978,0.276482,0.303131,0.310693,OPEN,0,0.0,1
2026-08-11T22:32:02.939569,26.7292,0.324471,0.271097,0.297784,0.306175,OPEN,0,0.0,1
2026-08-11T22:32:02.966618,26.7533,0.331151,0.274647,0.302899,0.305028,OPEN,0,0.0,1
2026-08-11T22:32:02.993208,26.7826,0.332392,0.275199,0.303796,0.304597,OPEN,0,0.0,1
2026-08-11T22:32:03.016756,26.8085,0.319189,0.28834,0.303764,0.304306,OPEN,0,0.0,1
2026-08-11T22:32:03.052163,26.8432,0.316171,0.292525,0.304348,0.30432,OPEN,0,0.0,1
2026-08-11T22:32:03.089495,26.8776,0.318002,0.298458,0.30823,0.305689,OPEN,0,0.0,1
2026-08-11T22:32:03.119253,26.9079,0.312581,0.276362,0.294471,0.301763,OPEN,0,0.0,1
2026-08-11T22:32:03.149133,26.9407,0.307717,0.264999,0.286358,0.296371,OPEN,0,0.0,1
2026-08-11T22:32:03.170320,26.9618,0.305821,0.259469,0.282645,0.291567,OPEN,0,0.0,1
2026-08-11T22:32:03.231334,27.0181,0.284667,0.236634,0.260651,0.280746,OPEN,0,0.0,1
2026-08-11T22:32:03.253368,27.0445,0.280786,0.224997,0.252892,0.270997,OPEN,0,0.0,1
2026-08-11T22:32:03.276525,27.0664,0.267869,0.211898,0.239884,0.260107,OPEN,0,0.0,1
2026-08-11T22:32:03.322808,27.1116,0.335884,0.312063,0.323973,0.28246,OPEN,0,0.0,1
2026-08-11T22:32:03.345808,27.1357,0.341946,0.331287,0.336617,0.301415,OPEN,0,0.0,1
2026-08-11T22:32:03.369046,27.1594,0.34426,0.341078,0.342669,0.315854,OPEN,0,0.0,1
2026-08-11T22:32:03.426197,27.2148,0.376139,0.390234,0.383187,0.33942,OPEN,0,0.0,1
2026-08-11T22:32:03.449235,27.239,0.381623,0.39321,0.387416,0.356219,OPEN,0,0.0,1
2026-08-11T22:32:03.473249,27.263,0.382763,0.396014,0.389388,0.367828,OPEN,0,0.0,1
2026-08-11T22:32:03.513670,27.3042,0.397357,0.412639,0.404998,0.380838,OPEN,0,0.0,1
2026-08-11T22:32:03.548402,27.338,0.399073,0.419912,0.409492,0.390867,OPEN,0,0.0,1
2026-08-11T22:32:03.582721,27.3719,0.40046,0.425056,0.412758,0.398529,OPEN,0,0.0,1
2026-08-11T22:32:03.632540,27.4226,0.393515,0.420991,0.407253,0.401582,OPEN,0,0.0,1
2026-08-11T22:32:03.666996,27.457,0.39107,0.417366,0.404218,0.402505,OPEN,0,0.0,1
2026-08-11T22:32:03.690095,27.481,0.390368,0.415631,0.403,0.402678,OPEN,0,0.0,1
2026-08-11T22:32:03.721683,27.5107,0.391458,0.414159,0.402808,0.402724,OPEN,0,0.0,1
2026-08-11T22:32:03.743876,27.5343,0.396595,0.415521,0.406058,0.403891,OPEN,0,0.0,1
2026-08-11T22:32:03.778385,27.5687,0.401577,0.417622,0.409599,0.405889,OPEN,0,0.0,1
2026-08-11T22:32:03.821898,27.6094,0.405251,0.423278,0.414265,0.40882,OPEN,0,0.0,1
2026-08-11T22:32:03.855451,27.6445,0.407125,0.425576,0.41635,0.411456,OPEN,0,0.0,1
2026-08-11T22:32:03.890333,27.6786,0.408885,0.426416,0.41765,0.413624,OPEN,0,0.0,1
2026-08-11T22:32:03.934836,27.7247,0.381311,0.409701,0.395506,0.407283,OPEN,0,0.0,1
2026-08-11T22:32:03.956799,27.7488,0.354,0.384755,0.369378,0.394016,OPEN,0,0.0,1
2026-08-11T22:32:03.992501,27.7828,0.33483,0.358685,0.346758,0.377475,OPEN,0,0.0,1
2026-08-11T22:32:04.029917,27.8184,0.301532,0.252916,0.277224,0.342387,OPEN,0,0.0,1
2026-08-11T22:32:04.062152,27.8518,0.297483,0.229522,0.263502,0.314778,OPEN,0,0.0,1
2026-08-11T22:32:04.084046,27.875,0.298896,0.222786,0.260841,0.2959,OPEN,0,0.0,1
2026-08-11T22:32:04.128123,27.9113,0.253576,0.193754,0.223665,0.270618,OPEN,0,0.0,1
2026-08-11T22:32:04.157377,27.9429,0.235783,0.189089,0.212436,0.250254,OPEN,0,0.0,1
2026-08-11T22:32:04.190020,27.9715,0.229204,0.187826,0.208515,0.235645,CLOSING,0,0.0,1
2026-08-11T22:32:04.236452,28.0157,0.22966,0.176078,0.202869,0.224174,CLOSING,0,0.0,1
2026-08-11T22:32:04.277334,28.065,0.221132,0.171653,0.196393,0.21445,CLOSED,0,0.0,1
2026-08-11T22:32:04.309923,28.0991,0.219837,0.171031,0.195434,0.207795,CLOSED,0,0.0,1
2026-08-11T22:32:04.343009,28.1336,0.266941,0.257983,0.262462,0.226928,CLOSED,0,0.0,1
2026-08-11T22:32:04.374866,28.1668,0.250723,0.269942,0.260332,0.23862,CLOSED,0,0.0,1
2026-08-11T22:32:04.429772,28.2023,0.242607,0.274307,0.258457,0.245563,CLOSED,0,0.0,1
2026-08-11T22:32:04.452215,28.2426,0.318475,0.346543,0.332509,0.275994,OPENING,0,0.0,1
2026-08-11T22:32:04.476356,28.2651,0.332293,0.360785,0.346539,0.300685,OPEN,1,0.293638,1
2026-08-11T22:32:04.511093,28.2989,0.339775,0.362529,0.351152,0.318348,OPEN,0,0.0,1
2026-08-11T22:32:04.539030,28.3252,0.338696,0.362912,0.350804,0.329708,OPEN,0,0.0,1
2026-08-11T22:32:04.564524,28.3517,0.339078,0.362762,0.35092,0.337132,OPEN,0,0.0,1
2026-08-11T22:32:04.590458,28.3788,0.338643,0.363202,0.350923,0.341959,OPEN,0,0.0,1
2026-08-11T22:32:04.623884,28.4124,0.338431,0.366915,0.352673,0.345709,OPEN,0,0.0,1
2026-08-11T22:32:04.650864,28.4375,0.344496,0.369142,0.356819,0.349597,OPEN,0,0.0,1
2026-08-11T22:32:04.674204,28.4636,0.345628,0.369871,0.357749,0.35245,OPEN,0,0.0,1
2026-08-11T22:32:04.706180,28.4963,0.347217,0.371109,0.359163,0.3548,OPEN,0,0.0,1
2026-08-11T22:32:04.731255,28.5199,0.34668,0.37218,0.35943,0.35642,OPEN,0,0.0,1
2026-08-11T22:32:04.762885,28.5541,0.347701,0.375366,0.361533,0.35821,OPEN,0,0.0,1
2026-08-11T22:32:04.825801,28.6163,0.357676,0.38614,0.371908,0.363004,OPEN,0,0.0,1
2026-08-11T22:32:04.848093,28.6398,0.354856,0.386515,0.370685,0.365693,OPEN,0,0.0,1
2026-08-11T22:32:04.870168,28.6617,0.350324,0.387269,0.368796,0.366779,OPEN,0,0.0,1
2026-08-11T22:32:04.934750,28.7232,0.339979,0.385387,0.362683,0.365345,OPEN,0,0.0,1
2026-08-11T22:32:04.962055,28.7487,0.34331,0.386757,0.365033,0.365236,OPEN,0,0.0,1
2026-08-11T22:32:04.988657,28.776,0.344085,0.387291,0.365688,0.365394,OPEN,0,0.0,1
2026-08-11T22:32:05.019749,28.8071,0.345426,0.384546,0.364986,0.365251,OPEN,0,0.0,1
2026-08-11T22:32:05.046090,28.8343,0.344345,0.382775,0.36356,0.364659,OPEN,0,0.0,1
2026-08-11T22:32:05.072503,28.8599,0.344143,0.380945,0.362544,0.363919,OPEN,0,0.0,1
2026-08-11T22:32:05.097414,28.8859,0.344427,0.379977,0.362202,0.363318,OPEN,0,0.0,1
2026-08-11T22:32:05.141259,28.9282,0.27738,0.29792,0.28765,0.336834,OPEN,0,0.0,1
2026-08-11T22:32:05.165937,28.9551,0.254334,0.269113,0.261724,0.310546,OPEN,0,0.0,1
2026-08-11T22:32:05.235041,29.0173,0.180265,0.159147,0.169706,0.261252,OPEN,0,0.0,1
2026-08-11T22:32:05.261419,29.0479,0.166682,0.136415,0.151548,0.222856,CLOSING,0,0.0,1
2026-08-11T22:32:05.287235,29.0744,0.158655,0.127024,0.14284,0.19485,CLOSING,0,0.0,1
2026-08-11T22:32:05.321888,29.1115,0.107,0.105088,0.106044,0.163768,CLOSED,0,0.0,1
2026-08-11T22:32:05.354778,29.1447,0.129967,0.110718,0.120342,0.148569,CLOSED,0,0.0,1
2026-08-11T22:32:05.377599,29.1683,0.127022,0.110529,0.118776,0.138141,CLOSED,0,0.0,1
2026-08-11T22:32:05.424459,29.2149,0.151548,0.147335,0.149442,0.142096,CLOSED,0,0.0,1
2026-08-11T22:32:05.448495,29.2383,0.150308,0.153256,0.151782,0.145486,CLOSED,0,0.0,1
2026-08-11T22:32:05.469152,29.261,0.151304,0.156508,0.153906,0.148433,CLOSED,0,0.0,1
2026-08-11T22:32:05.505705,29.2954,0.157365,0.167001,0.162183,0.153246,CLOSED,0,0.0,1
2026-08-11T22:32:05.528716,29.3197,0.183223,0.210198,0.19671,0.168458,CLOSED,0,0.0,1
2026-08-11T22:32:05.564199,29.3544,0.212005,0.238742,0.225373,0.188379,CLOSED,0,0.0,1
2026-08-11T22:32:05.626305,29.4166,0.234804,0.262432,0.248618,0.209462,CLOSED,0,0.0,1
2026-08-11T22:32:05.659646,29.4496,0.250672,0.273836,0.262254,0.22794,CLOSED,0,0.0,1
2026-08-11T22:32:05.693231,29.4833,0.260154,0.281633,0.270893,0.242973,CLOSED,0,0.0,1
2026-08-11T22:32:05.726243,29.5171,0.274688,0.30087,0.287779,0.258655,OPENING,0,0.0,1
2026-08-11T22:32:05.761743,29.5515,0.271438,0.307792,0.289615,0.269491,OPEN,1,0.503588,1
2026-08-11T22:32:05.783977,29.5745,0.268996,0.310561,0.289779,0.276592,OPEN,0,0.0,1
2026-08-11T22:32:05.815915,29.6072,0.283602,0.326495,0.305048,0.286552,OPEN,0,0.0,1
2026-08-11T22:32:05.852426,29.6419,0.291795,0.335176,0.313486,0.295979,OPEN,0,0.0,1
2026-08-11T22:32:05.874509,29.6652,0.292638,0.337637,0.315137,0.302684,OPEN,0,0.0,1
2026-08-11T22:32:05.896266,29.6871,0.292436,0.339255,0.315846,0.307291,OPEN,0,0.0,1
2026-08-11T22:32:05.933728,29.7251,0.289702,0.335934,0.312818,0.309225,OPEN,0,0.0,1
2026-08-11T22:32:05.957010,29.748,0.288014,0.33448,0.311247,0.309933,OPEN,0,0.0,1
2026-08-11T22:32:06.030079,29.8183,0.291279,0.339093,0.315186,0.311771,OPEN,0,0.0,1
2026-08-11T22:32:06.063025,29.853,0.291344,0.340909,0.316127,0.313296,OPEN,0,0.0,1
2026-08-11T22:32:06.085028,29.8758,0.291814,0.341696,0.316755,0.314507,OPEN,0,0.0,1
2026-08-11T22:32:06.124970,29.9151,0.31564,0.352428,0.334034,0.321341,OPEN,0,0.0,1
2026-08-11T22:32:06.148504,29.9376,0.324264,0.354391,0.339328,0.327637,OPEN,0,0.0,1
2026-08-11T22:32:06.169737,29.9612,0.326939,0.355451,0.341195,0.332382,OPEN,0,0.0,1
2026-08-11T22:32:06.243194,30.0328,0.310923,0.337811,0.324367,0.329577,OPEN,0,0.0,1
2026-08-11T22:32:06.277317,30.0676,0.307561,0.338372,0.322966,0.327263,OPEN,0,0.0,1
2026-08-11T22:32:06.312200,30.1021,0.301186,0.33523,0.318208,0.324094,OPEN,0,0.0,1
2026-08-11T22:32:06.346291,30.1359,0.30058,0.33332,0.31695,0.321593,OPEN,0,0.0,1
2026-08-11T22:32:06.367344,30.159,0.143977,0.15924,0.151609,0.262099,OPEN,0,0.0,1
2026-08-11T22:32:06.389910,30.1812,0.112118,0.11969,0.115904,0.210931,CLOSING,0,0.0,1
2026-08-11T22:32:06.426278,30.2177,0.134488,0.125559,0.130023,0.182613,CLOSING,0,0.0,1
2026-08-11T22:32:06.448535,30.2392,0.136562,0.125109,0.130835,0.164491,CLOSED,0,0.0,1
2026-08-11T22:32:06.472240,30.2627,0.135637,0.119203,0.12742,0.151516,CLOSED,0,0.0,1
2026-08-11T22:32:06.526794,30.3185,0.132772,0.122652,0.127712,0.143185,CLOSED,0,0.0,1
2026-08-11T22:32:06.550263,30.3394,0.138724,0.127516,0.13312,0.139662,CLOSED,0,0.0,1
2026-08-11T22:32:06.573612,30.3641,0.138063,0.130673,0.134368,0.137809,CLOSED,0,0.0,1
2026-08-11T22:32:06.634990,30.4255,0.273505,0.258186,0.265846,0.182622,CLOSED,0,0.0,1
2026-08-11T22:32:06.669762,30.4595,0.302156,0.289726,0.295941,0.222284,CLOSED,0,0.0,1
2026-08-11T22:32:06.705535,30.495,0.318557,0.309438,0.313998,0.254384,OPENING,0,0.0,1
2026-08-11T22:32:06.732113,30.5231,0.324596,0.318358,0.321477,0.277866,OPEN,1,0.341956,1
2026-08-11T22:32:06.761247,30.5524,0.330799,0.342986,0.336893,0.298525,OPEN,0,0.0,1
2026-08-11T22:32:06.783228,30.5739,0.336416,0.35622,0.346318,0.315253,OPEN,0,0.0,1
2026-08-11T22:32:06.824026,30.615,0.371878,0.37217,0.372024,0.335123,OPEN,0,0.0,1
2026-08-11T22:32:06.849381,30.6369,0.373961,0.374639,0.3743,0.348835,OPEN,0,0.0,1
2026-08-11T22:32:06.872691,30.6624,0.37492,0.376708,0.375814,0.358278,OPEN,0,0.0,1
2026-08-11T22:32:06.927559,30.7165,0.392259,0.377379,0.384819,0.367567,OPEN,0,0.0,1
2026-08-11T22:32:06.953902,30.7407,0.389131,0.378988,0.38406,0.373339,OPEN,0,0.0,1
2026-08-11T22:32:06.982955,30.773,0.386895,0.379944,0.383419,0.376867,OPEN,0,0.0,1
2026-08-11T22:32:07.008464,30.7971,0.385914,0.380768,0.383341,0.379133,OPEN,0,0.0,1
2026-08-11T22:32:07.032418,30.8222,0.381877,0.37907,0.380474,0.379602,OPEN,0,0.0,1
2026-08-11T22:32:07.057557,30.8471,0.378606,0.378675,0.37864,0.379266,OPEN,0,0.0,1
2026-08-11T22:32:07.090826,30.8815,0.376718,0.378331,0.377525,0.378656,OPEN,0,0.0,1
2026-08-11T22:32:07.131777,30.9214,0.375671,0.384472,0.380072,0.379152,OPEN,0,0.0,1
2026-08-11T22:32:07.156284,30.9471,0.375047,0.388695,0.381871,0.380103,OPEN,0,0.0,1
2026-08-11T22:32:07.231744,31.0225,0.377131,0.389407,0.383269,0.381212,OPEN,0,0.0,1
2026-08-11T22:32:07.266448,31.0557,0.379143,0.393665,0.386404,0.383029,OPEN,0,0.0,1
2026-08-11T22:32:07.300088,31.0895,0.37974,0.396506,0.388123,0.384812,OPEN,0,0.0,1
2026-08-11T22:32:07.322950,31.114,0.383785,0.396756,0.39027,0.386722,OPEN,0,0.0,1
2026-08-11T22:32:07.454100,31.2415,0.403087,0.412481,0.407784,0.394094,OPEN,0,0.0,1
2026-08-11T22:32:07.479357,31.2682,0.403592,0.414051,0.408822,0.399249,OPEN,0,0.0,1
2026-08-11T22:32:07.504975,31.2933,0.404139,0.415274,0.409707,0.402909,OPEN,0,0.0,1
2026-08-11T22:32:07.531158,31.3204,0.408272,0.410898,0.409585,0.405246,OPEN,0,0.0,1
2026-08-11T22:32:07.557409,31.3451,0.411306,0.408772,0.410039,0.406923,OPEN,0,0.0,1
2026-08-11T22:32:07.630150,31.4192,0.404794,0.407768,0.406281,0.406698,OPEN,0,0.0,1
2026-08-11T22:32:07.658000,31.4444,0.404362,0.408945,0.406653,0.406683,OPEN,0,0.0,1
2026-08-11T22:32:07.683006,31.472,0.40324,0.409357,0.406299,0.406548,OPEN,0,0.0,1
2026-08-11T22:32:07.731097,31.5203,0.398478,0.405302,0.40189,0.404918,OPEN,0,0.0,1
2026-08-11T22:32:07.758197,31.5449,0.399026,0.40545,0.402238,0.40398,OPEN,0,0.0,1
2026-08-11T22:32:07.783405,31.572,0.398859,0.405196,0.402027,0.403296,OPEN,0,0.0,1
2026-08-11T22:32:07.810181,31.5973,0.398939,0.405195,0.402067,0.402866,OPEN,0,0.0,1
2026-08-11T22:32:07.837057,31.6255,0.394064,0.401927,0.397996,0.401162,OPEN,0,0.0,1
2026-08-11T22:32:07.862787,31.651,0.391291,0.401299,0.396295,0.399458,OPEN,0,0.0,1
2026-08-11T22:32:07.890227,31.6766,0.389133,0.400549,0.394841,0.397842,OPEN,0,0.0,1
2026-08-11T22:32:07.929840,31.72,0.389504,0.399109,0.394307,0.396605,OPEN,0,0.0,1
2026-08-11T22:32:07.955478,31.7438,0.386261,0.397678,0.391969,0.394982,OPEN,0,0.0,1
2026-08-11T22:32:08.039658,31.8295,0.392704,0.400535,0.396619,0.395555,OPEN,0,0.0,1
2026-08-11T22:32:08.066839,31.8534,0.39339,0.400852,0.397121,0.396103,OPEN,0,0.0,1
2026-08-11T22:32:08.095574,31.8806,0.394172,0.400832,0.397502,0.396593,OPEN,0,0.0,1
2026-08-11T22:32:08.122650,31.9113,0.398764,0.405579,0.402171,0.398545,OPEN,0,0.0,1
2026-08-11T22:32:08.146580,31.9364,0.401388,0.407001,0.404194,0.400523,OPEN,0,0.0,1
2026-08-11T22:32:08.169957,31.9606,0.402821,0.407929,0.405375,0.402221,OPEN,0,0.0,1
2026-08-11T22:32:08.194033,31.9837,0.40377,0.408638,0.406204,0.403615,OPEN,0,0.0,1
2026-08-11T22:32:08.239972,32.0302,0.384103,0.407782,0.395942,0.40093,OPEN,0,0.0,1
2026-08-11T22:32:08.264340,32.0538,0.382599,0.407267,0.394933,0.398831,OPEN,0,0.0,1
2026-08-11T22:32:08.288035,32.078,0.381089,0.406809,0.393949,0.397122,OPEN,0,0.0,1
2026-08-11T22:32:08.330693,32.1207,0.388289,0.407017,0.397653,0.397308,OPEN,0,0.0,1
2026-08-11T22:32:08.355662,32.1446,0.391449,0.407389,0.399419,0.398047,OPEN,0,0.0,1
2026-08-11T22:32:08.429258,32.2187,0.391675,0.408685,0.40018,0.398793,OPEN,0,0.0,1
2026-08-11T22:32:08.462784,32.2526,0.393516,0.411209,0.402363,0.400043,OPEN,0,0.0,1
2026-08-11T22:32:08.485134,32.2755,0.394657,0.41216,0.403409,0.401221,OPEN,0,0.0,1
2026-08-11T22:32:08.544694,32.3347,0.393648,0.41245,0.403049,0.401861,OPEN,0,0.0,1
2026-08-11T22:32:08.577480,32.368,0.395567,0.413511,0.404539,0.402798,OPEN,0,0.0,1
2026-08-11T22:32:08.614812,32.4023,0.395745,0.414398,0.405071,0.403594,OPEN,0,0.0,1
2026-08-11T22:32:08.643111,32.4294,0.400248,0.415215,0.407732,0.405042,OPEN,0,0.0,1
2026-08-11T22:32:08.740702,32.5285,0.399619,0.416055,0.407837,0.40602,OPEN,0,0.0,1
2026-08-11T22:32:08.771132,32.5552,0.399376,0.415317,0.407347,0.406484,OPEN,0,0.0,1
2026-08-11T22:32:08.842921,32.6287,0.393884,0.414042,0.403963,0.405602,OPEN,0,0.0,1
2026-08-11T22:32:08.874122,32.6571,0.394249,0.414394,0.404322,0.405154,OPEN,0,0.0,1
2026-08-11T22:32:08.901116,32.6884,0.393885,0.414473,0.404179,0.404813,OPEN,0,0.0,1
2026-08-11T22:32:08.944022,32.7284,0.401079,0.417407,0.409243,0.406363,OPEN,0,0.0,1
2026-08-11T22:32:08.970909,32.758,0.404119,0.418145,0.411132,0.408032,OPEN,0,0.0,1
2026-08-11T22:32:09.004226,32.792,0.406751,0.419179,0.412965,0.409759,OPEN,0,0.0,1
2026-08-11T22:32:09.037752,32.8184,0.407814,0.419687,0.413751,0.411156,OPEN,0,0.0,1
2026-08-11T22:32:09.069240,32.8581,0.408795,0.411217,0.410006,0.410754,OPEN,0,0.0,1
2026-08-11T22:32:09.100880,32.8925,0.407489,0.41001,0.40875,0.410052,OPEN,0,0.0,1
2026-08-11T22:32:09.123942,32.9146,0.405672,0.407562,0.406617,0.40885,OPEN,0,0.0,1
2026-08-11T22:32:09.148499,32.938,0.404295,0.408453,0.406374,0.407983,OPEN,0,0.0,1
2026-08-11T22:32:09.174585,32.9623,0.403561,0.40918,0.406371,0.407419,OPEN,0,0.0,1
2026-08-11T22:32:09.231510,33.0204,0.403447,0.410632,0.40704,0.407286,OPEN,0,0.0,1
2026-08-11T22:32:09.256647,33.0461,0.404119,0.411121,0.40762,0.407403,OPEN,0,0.0,1
2026-08-11T22:32:09.282109,33.0702,0.403561,0.410676,0.407118,0.407303,OPEN,0,0.0,1
2026-08-11T22:32:09.309142,33.0956,0.40407,0.41087,0.40747,0.407362,OPEN,0,0.0,1
2026-08-11T22:32:09.336443,33.1278,0.403573,0.409477,0.406525,0.407069,OPEN,0,0.0,1
2026-08-11T22:32:09.358776,33.15,0.40147,0.408948,0.405209,0.406418,OPEN,0,0.0,1
2026-08-11T22:32:09.381588,33.1725,0.401423,0.408479,0.404951,0.405904,OPEN,0,0.0,1
2026-08-11T22:32:09.437750,33.2252,0.39818,0.401096,0.399638,0.403711,OPEN,0,0.0,1
2026-08-11T22:32:09.462292,33.2515,0.398281,0.401183,0.399732,0.402318,OPEN,0,0.0,1
2026-08-11T22:32:09.484955,33.2759,0.398333,0.401288,0.39981,0.401441,OPEN,0,0.0,1
2026-08-11T22:32:09.533570,33.3241,0.40351,0.403483,0.403496,0.40216,OPEN,0,0.0,1
2026-08-11T22:32:09.556531,33.3472,0.404607,0.405248,0.404927,0.403129,OPEN,0,0.0,1
2026-08-11T22:32:09.626801,33.4168,0.406919,0.404687,0.405803,0.404065,OPEN,0,0.0,1
2026-08-11T22:32:09.648929,33.4396,0.407126,0.403588,0.405357,0.404517,OPEN,0,0.0,1
2026-08-11T22:32:09.673474,33.4629,0.405459,0.402044,0.403751,0.404249,OPEN,0,0.0,1
2026-08-11T22:32:09.695463,33.4862,0.403312,0.400916,0.402114,0.403502,OPEN,0,0.0,1
2026-08-11T22:32:09.742562,33.5341,0.388937,0.312946,0.350941,0.385106,OPEN,0,0.0,1
2026-08-11T22:32:09.766566,33.5567,0.38651,0.294039,0.340274,0.369415,OPEN,0,0.0,1
2026-08-11T22:32:09.790211,33.5804,0.380571,0.280856,0.330714,0.355869,OPEN,0,0.0,1
2026-08-11T22:32:09.836333,33.6256,0.257078,0.203001,0.23004,0.311829,OPEN,0,0.0,1
2026-08-11T22:32:09.859152,33.65,0.243781,0.188805,0.216293,0.278391,OPEN,0,0.0,1
2026-08-11T22:32:09.881777,33.6728,0.241636,0.181206,0.211421,0.254952,OPEN,0,0.0,1
2026-08-11T22:32:09.932442,33.7223,0.233592,0.173876,0.203734,0.237025,CLOSING,0,0.0,1
2026-08-11T22:32:09.955199,33.7454,0.238963,0.179067,0.209015,0.227222,CLOSING,0,0.0,1
2026-08-11T22:32:10.035611,33.8248,0.269896,0.217547,0.243722,0.232997,CLOSED,0,0.0,1
2026-08-11T22:32:10.060526,33.8496,0.265627,0.211561,0.238594,0.234956,CLOSED,0,0.0,1
2026-08-11T22:32:10.087763,33.8749,0.257822,0.203883,0.230853,0.23352,CLOSED,0,0.0,1
2026-08-11T22:32:10.116274,33.9024,0.252471,0.197838,0.225154,0.230592,CLOSED,0,0.0,1
2026-08-11T22:32:10.141956,33.9302,0.265577,0.202836,0.234206,0.231857,CLOSED,0,0.0,1
2026-08-11T22:32:10.170137,33.9559,0.270372,0.197135,0.233753,0.232521,CLOSED,0,0.0,1
2026-08-11T22:32:10.195423,33.9839,0.273096,0.195547,0.234322,0.233151,CLOSED,0,0.0,1
2026-08-11T22:32:10.235455,34.024,0.267293,0.19106,0.229176,0.23176,CLOSED,0,0.0,1
2026-08-11T22:32:10.260210,34.0495,0.271517,0.201687,0.236602,0.233455,CLOSED,0,0.0,1
2026-08-11T22:32:10.287368,34.0766,0.272953,0.203232,0.238092,0.235078,CLOSED,0,0.0,1
2026-08-11T22:32:10.341115,34.1282,0.295301,0.202897,0.249099,0.239985,CLOSED,0,0.0,1
2026-08-11T22:32:10.368584,34.1549,0.324702,0.211856,0.268279,0.249888,CLOSED,0,0.0,1
2026-08-11T22:32:10.426064,34.2159,0.311762,0.216198,0.26398,0.25482,OPENING,0,0.0,1
2026-08-11T22:32:10.459035,34.2497,0.296331,0.216625,0.256478,0.255401,OPEN,1,0.52746,1
2026-08-11T22:32:10.481602,34.2717,0.28652,0.215777,0.251149,0.253912,OPEN,0,0.0,1
2026-08-11T22:32:10.506014,34.2959,0.284333,0.21642,0.250377,0.252675,OPEN,0,0.0,1
2026-08-11T22:32:10.544622,34.3352,0.304411,0.211178,0.257794,0.254467,OPEN,0,0.0,1
2026-08-11T22:32:10.566346,34.3573,0.310375,0.219595,0.264985,0.258148,OPEN,0,0.0,1
2026-08-11T22:32:10.590280,34.3804,0.313169,0.224201,0.268685,0.261836,OPEN,0,0.0,1
2026-08-11T22:32:10.634727,34.4251,0.277977,0.200032,0.239005,0.253845,OPEN,0,0.0,1
2026-08-11T22:32:10.657045,34.4476,0.273476,0.19514,0.234308,0.247007,CLOSING,0,0.0,1
2026-08-11T22:32:10.680340,34.4708,0.263843,0.186804,0.225323,0.239418,CLOSING,0,0.0,1
2026-08-11T22:32:10.732279,34.5226,0.308263,0.253091,0.280677,0.253859,OPEN,0,0.0,1
2026-08-11T22:32:10.755275,34.5452,0.327744,0.277759,0.302751,0.270971,OPEN,0,0.0,1
2026-08-11T22:32:10.850310,34.6373,0.345761,0.283254,0.314508,0.286209,OPEN,0,0.0,1
2026-08-11T22:32:10.883537,34.6688,0.349055,0.282296,0.315676,0.296522,OPEN,0,0.0,1
2026-08-11T22:32:10.915268,34.6974,0.351108,0.283468,0.317288,0.30379,OPEN,0,0.0,1
2026-08-11T22:32:10.968549,34.7421,0.352766,0.283729,0.318248,0.30885,OPEN,0,0.0,1
2026-08-11T22:32:10.995764,34.7818,0.351702,0.263813,0.307757,0.308468,OPEN,0,0.0,1
2026-08-11T22:32:11.018583,34.8098,0.347187,0.255324,0.301256,0.305944,OPEN,0,0.0,1
2026-08-11T22:32:11.054688,34.8456,0.352617,0.265129,0.308873,0.306969,OPEN,0,0.0,1
2026-08-11T22:32:11.134830,34.9263,0.350665,0.261295,0.30598,0.306623,OPEN,0,0.0,1
2026-08-11T22:32:11.157297,34.9476,0.349663,0.260123,0.304893,0.306017,OPEN,0,0.0,1
2026-08-11T22:32:11.242823,35.0331,0.33521,0.229961,0.282586,0.297816,OPEN,0,0.0,1
2026-08-11T22:32:11.264692,35.0556,0.33392,0.228673,0.281297,0.292034,OPEN,0,0.0,1
2026-08-11T22:32:11.288450,35.0785,0.331348,0.226091,0.278719,0.287374,OPEN,0,0.0,1
2026-08-11T22:32:11.311211,35.1023,0.328949,0.224627,0.276788,0.283669,OPEN,0,0.0,1
2026-08-11T22:32:11.345948,35.1344,0.321888,0.222818,0.272353,0.279708,OPEN,0,0.0,1
2026-08-11T22:32:11.368375,35.1589,0.320738,0.22467,0.272704,0.277257,OPEN,0,0.0,1
2026-08-11T22:32:11.392564,35.1834,0.319915,0.224429,0.272172,0.275477,OPEN,0,0.0,1
2026-08-11T22:32:11.433400,35.2243,0.322237,0.240372,0.281304,0.277517,OPEN,0,0.0,1
2026-08-11T22:32:11.458330,35.2471,0.323065,0.24271,0.282887,0.279396,OPEN,0,0.0,1
2026-08-11T22:32:11.484153,35.2711,0.324955,0.24805,0.286502,0.281883,OPEN,0,0.0,1
2026-08-11T22:32:11.536883,35.3244,0.349317,0.27758,0.313449,0.292931,OPEN,0,0.0,1
2026-08-11T22:32:11.562143,35.3502,0.35287,0.283692,0.318281,0.301804,OPEN,0,0.0,1
2026-08-11T22:32:11.589181,35.3762,0.360201,0.290313,0.325257,0.310012,OPEN,0,0.0,1
2026-08-11T22:32:11.641857,35.432,0.347498,0.271122,0.30931,0.309767,OPEN,0,0.0,1
2026-08-11T22:32:11.664597,35.4554,0.340409,0.272194,0.306301,0.308554,OPEN,0,0.0,1
2026-08-11T22:32:11.689216,35.4784,0.336351,0.27181,0.304081,0.306988,OPEN,0,0.0,1
2026-08-11T22:32:11.741174,35.5298,0.338325,0.284077,0.311201,0.308463,OPEN,0,0.0,1
2026-08-11T22:32:11.763699,35.5547,0.340365,0.289235,0.3148,0.310681,OPEN,0,0.0,1
2026-08-11T22:32:11.786897,35.5771,0.341421,0.293491,0.317456,0.313052,OPEN,0,0.0,1
2026-08-11T22:32:11.838783,35.6292,0.343827,0.302926,0.323376,0.316666,OPEN,0,0.0,1
2026-08-11T22:32:11.860977,35.6513,0.340634,0.30254,0.321587,0.318388,OPEN,0,0.0,1
2026-08-11T22:32:11.896755,35.6874,0.338869,0.300558,0.319713,0.318852,OPEN,0,0.0,1
2026-08-11T22:32:11.929773,35.7206,0.338104,0.300745,0.319424,0.319052,OPEN,0,0.0,1
2026-08-11T22:32:11.952081,35.7441,0.338851,0.301949,0.3204,0.319524,OPEN,0,0.0,1
2026-08-11T22:32:11.975164,35.7659,0.338408,0.301513,0.31996,0.319677,OPEN,0,0.0,1
2026-08-11T22:32:12.048424,35.8385,0.336927,0.285186,0.311057,0.31666,OPEN,0,0.0,1
2026-08-11T22:32:12.070896,35.862,0.336297,0.287144,0.311721,0.314931,OPEN,0,0.0,1
2026-08-11T22:32:12.095606,35.8836,0.335391,0.287225,0.311308,0.313663,OPEN,0,0.0,1
2026-08-11T22:32:12.137318,35.9281,0.338129,0.281271,0.3097,0.312276,OPEN,0,0.0,1
2026-08-11T22:32:12.159842,35.9503,0.344852,0.283373,0.314113,0.312919,OPEN,0,0.0,1
2026-08-11T22:32:12.182170,35.9728,0.347708,0.284517,0.316112,0.314036,OPEN,0,0.0,1
2026-08-11T22:32:12.236712,36.0262,0.348152,0.286656,0.317404,0.315215,OPEN,0,0.0,1
2026-08-11T22:32:12.259092,36.0495,0.348324,0.282786,0.315555,0.315334,OPEN,0,0.0,1
2026-08-11T22:32:12.281813,36.0719,0.348888,0.281599,0.315243,0.315302,OPEN,0,0.0,1
2026-08-11T22:32:12.335877,36.1252,0.344516,0.266935,0.305725,0.31195,OPEN,0,0.0,1
2026-08-11T22:32:12.360458,36.1497,0.347333,0.268475,0.307904,0.310534,OPEN,0,0.0,1
2026-08-11T22:32:12.393632,36.1837,0.34808,0.263103,0.305591,0.308804,OPEN,0,0.0,1
2026-08-11T22:32:12.444304,36.2333,0.374056,0.317268,0.345662,0.321704,OPEN,0,0.0,1
2026-08-11T22:32:12.468611,36.2577,0.375234,0.319287,0.34726,0.330649,OPEN,0,0.0,1
2026-08-11T22:32:12.502060,36.293,0.378648,0.326115,0.352382,0.338255,OPEN,0,0.0,1
2026-08-11T22:32:12.539253,36.329,0.407048,0.366265,0.386657,0.355196,OPEN,0,0.0,1
2026-08-11T22:32:12.575608,36.3646,0.417398,0.380804,0.399101,0.370563,OPEN,0,0.0,1
2026-08-11T22:32:12.598551,36.3889,0.421851,0.387319,0.404585,0.38247,OPEN,0,0.0,1
2026-08-11T22:32:12.638233,36.4285,0.423511,0.399576,0.411544,0.392646,OPEN,0,0.0,1
2026-08-11T22:32:12.672469,36.4628,0.425281,0.410115,0.417698,0.401414,OPEN,0,0.0,1
2026-08-11T22:32:12.708518,36.4976,0.425321,0.414376,0.419849,0.407866,OPEN,0,0.0,1
2026-08-11T22:32:12.731170,36.5221,0.424511,0.419879,0.422195,0.412881,OPEN,0,0.0,1
2026-08-11T22:32:12.754019,36.545,0.422552,0.421003,0.421778,0.415995,OPEN,0,0.0,1
2026-08-11T22:32:12.789896,36.5799,0.424066,0.423522,0.423794,0.418725,OPEN,0,0.0,1
2026-08-11T22:32:12.848003,36.6384,0.418036,0.4189,0.418468,0.418635,OPEN,0,0.0,1
2026-08-11T22:32:12.870674,36.6614,0.417517,0.416857,0.417187,0.418128,OPEN,0,0.0,1
2026-08-11T22:32:12.895514,36.6833,0.417297,0.416259,0.416778,0.417655,OPEN,0,0.0,1
2026-08-11T22:32:12.938629,36.7288,0.414943,0.417044,0.415994,0.417074,OPEN,0,0.0,1
2026-08-11T22:32:12.961112,36.7514,0.414388,0.417656,0.416022,0.416706,OPEN,0,0.0,1
2026-08-11T22:32:12.987110,36.7738,0.414419,0.418871,0.416645,0.416684,OPEN,0,0.0,1
2026-08-11T22:32:13.037661,36.8272,0.424092,0.422894,0.423493,0.419068,OPEN,0,0.0,1
2026-08-11T22:32:13.074087,36.8562,0.426398,0.423848,0.425123,0.421187,OPEN,0,0.0,1
2026-08-11T22:32:13.105691,36.8881,0.428468,0.424321,0.426395,0.42301,OPEN,0,0.0,1
2026-08-11T22:32:13.152676,36.9403,0.30732,0.247275,0.277297,0.37201,OPEN,0,0.0,1
2026-08-11T22:32:13.175616,36.967,0.308951,0.238721,0.273836,0.337649,OPEN,0,0.0,1
2026-08-11T22:32:13.209103,37.0006,0.306369,0.230961,0.268665,0.313505,OPEN,0,0.0,1
2026-08-11T22:32:13.244632,37.0352,0.282932,0.226344,0.254638,0.292901,OPEN,0,0.0,1
2026-08-11T22:32:13.266283,37.0575,0.262389,0.224319,0.243354,0.27556,OPEN,0,0.0,1
2026-08-11T22:32:13.288567,37.0791,0.257004,0.22769,0.242347,0.263935,OPEN,0,0.0,1
2026-08-11T22:32:13.338403,37.1288,0.280684,0.256371,0.268528,0.265543,OPEN,0,0.0,1
2026-08-11T22:32:13.361382,37.1519,0.291359,0.268109,0.279734,0.27051,OPEN,0,0.0,1
2026-08-11T22:32:13.384023,37.1752,0.296916,0.274586,0.285751,0.275844,OPEN,0,0.0,1
2026-08-11T22:32:13.440735,37.2314,0.376877,0.372227,0.374552,0.310392,OPEN,0,0.0,1
2026-08-11T22:32:13.463270,37.2544,0.385138,0.386752,0.385945,0.336836,OPEN,0,0.0,1
2026-08-11T22:32:13.486262,37.2777,0.391538,0.391873,0.391705,0.35604,OPEN,0,0.0,1
2026-08-11T22:32:13.546268,37.336,0.416537,0.413895,0.415216,0.376752,OPEN,0,0.0,1
2026-08-11T22:32:13.567997,37.3592,0.42074,0.419434,0.420087,0.391919,OPEN,0,0.0,1
2026-08-11T22:32:13.591379,37.3818,0.420426,0.420283,0.420355,0.401871,OPEN,0,0.0,1
2026-08-11T22:32:13.647659,37.4383,0.427978,0.429553,0.428766,0.411284,OPEN,0,0.0,1
2026-08-11T22:32:13.669844,37.4605,0.43031,0.431067,0.430688,0.418076,OPEN,0,0.0,1
2026-08-11T22:32:13.694113,37.4827,0.432237,0.431952,0.432094,0.422982,OPEN,0,0.0,1
2026-08-11T22:32:13.739609,37.5294,0.427838,0.431843,0.42984,0.425383,OPEN,0,0.0,1
2026-08-11T22:32:13.763973,37.5525,0.424853,0.435511,0.430182,0.427062,OPEN,0,0.0,1
2026-08-11T22:32:13.788224,37.5777,0.422764,0.437442,0.430103,0.428127,OPEN,0,0.0,1
2026-08-11T22:32:13.839757,37.6287,0.418964,0.432053,0.425508,0.42721,OPEN,0,0.0,1
2026-08-11T22:32:13.864980,37.6537,0.417951,0.430467,0.424209,0.42616,OPEN,0,0.0,1
2026-08-11T22:32:13.892602,37.679,0.416794,0.42914,0.422967,0.425042,OPEN,0,0.0,1
2026-08-11T22:32:13.944114,37.7345,0.416782,0.431452,0.424117,0.424718,OPEN,0,0.0,1
2026-08-11T22:32:13.966557,37.7578,0.416845,0.432229,0.424537,0.424655,OPEN,0,0.0,1
2026-08-11T22:32:13.989013,37.7803,0.416785,0.432664,0.424724,0.424679,OPEN,0,0.0,1
2026-08-11T22:32:14.047536,37.833,0.424274,0.440764,0.432519,0.427423,OPEN,0,0.0,1
2026-08-11T22:32:14.073035,37.8622,0.432938,0.442245,0.437592,0.430982,OPEN,0,0.0,1
2026-08-11T22:32:14.097029,37.8858,0.43379,0.444764,0.439277,0.433885,OPEN,0,0.0,1
2026-08-11T22:32:14.143106,37.934,0.425764,0.431318,0.428541,0.432015,OPEN,0,0.0,1
2026-08-11T22:32:14.176557,37.9668,0.424623,0.428948,0.426785,0.430184,OPEN,0,0.0,1
2026-08-11T22:32:14.201346,37.9895,0.423715,0.427311,0.425513,0.428549,OPEN,0,0.0,1
2026-08-11T22:32:14.236101,38.0256,0.440541,0.435751,0.438146,0.431908,OPEN,0,0.0,1
2026-08-11T22:32:14.270152,38.0602,0.447489,0.442292,0.444891,0.436452,OPEN,0,0.0,1
2026-08-11T22:32:14.305531,38.0957,0.454286,0.447336,0.450811,0.441478,OPEN,0,0.0,1
2026-08-11T22:32:14.350001,38.1411,0.446959,0.446392,0.446676,0.443297,OPEN,0,0.0,1
2026-08-11T22:32:14.373356,38.1636,0.445116,0.446815,0.445965,0.444231,OPEN,0,0.0,1
2026-08-11T22:32:14.398456,38.1869,0.44288,0.446235,0.444557,0.444345,OPEN,0,0.0,1
2026-08-11T22:32:14.441048,38.2316,0.271319,0.200682,0.236,0.371424,OPEN,0,0.0,1
2026-08-11T22:32:14.465292,38.2568,0.298674,0.203956,0.251315,0.329386,OPEN,0,0.0,1
2026-08-11T22:32:14.487394,38.2784,0.318596,0.207917,0.263257,0.306241,OPEN,0,0.0,1
2026-08-11T22:32:14.538434,38.3288,0.291072,0.209748,0.25041,0.2867,OPEN,0,0.0,1
2026-08-11T22:32:14.571488,38.3619,0.281854,0.206738,0.244296,0.271858,OPEN,0,0.0,1
2026-08-11T22:32:14.605061,38.3951,0.278208,0.204663,0.241436,0.26121,OPEN,0,0.0,1
2026-08-11T22:32:14.637855,38.4287,0.34449,0.261005,0.302747,0.275748,OPEN,0,0.0,1
2026-08-11T22:32:14.672632,38.4636,0.37506,0.278883,0.326971,0.293676,OPEN,0,0.0,1
2026-08-11T22:32:14.694247,38.4853,0.383869,0.284764,0.334317,0.3079,OPEN,0,0.0,1
2026-08-11T22:32:14.745873,38.5365,0.405251,0.351778,0.378515,0.332615,OPEN,0,0.0,1
2026-08-11T22:32:14.781314,38.5703,0.405698,0.372694,0.389196,0.352419,OPEN,0,0.0,1
2026-08-11T22:32:14.817949,38.6043,0.407008,0.387109,0.397058,0.368043,OPEN,0,0.0,1
2026-08-11T22:32:14.840884,38.6303,0.436771,0.422365,0.429568,0.389576,OPEN,0,0.0,1
2026-08-11T22:32:14.874823,38.6643,0.441703,0.43524,0.438471,0.40669,OPEN,0,0.0,1
2026-08-11T22:32:14.896744,38.6874,0.443197,0.442378,0.442787,0.419324,OPEN,0,0.0,1
2026-08-11T22:32:14.942870,38.7336,0.43579,0.43927,0.43753,0.425696,OPEN,0,0.0,1
2026-08-11T22:32:14.965601,38.7567,0.434372,0.439157,0.436765,0.42957,OPEN,0,0.0,1
2026-08-11T22:32:14.989060,38.7797,0.433571,0.439774,0.436672,0.432056,OPEN,0,0.0,1
2026-08-11T22:32:15.033532,38.8244,0.430596,0.44313,0.436863,0.433738,OPEN,0,0.0,1
2026-08-11T22:32:15.056567,38.8471,0.428188,0.442787,0.435488,0.434351,OPEN,0,0.0,1
2026-08-11T22:32:15.077391,38.8691,0.426145,0.442108,0.434127,0.434272,OPEN,0,0.0,1
2026-08-11T22:32:15.151004,38.9415,0.42402,0.440909,0.432464,0.433639,OPEN,0,0.0,1
2026-08-11T22:32:15.173396,38.9645,0.423583,0.440233,0.431908,0.433033,OPEN,0,0.0,1
2026-08-11T22:32:15.210111,38.9997,0.422823,0.439585,0.431204,0.432393,OPEN,0,0.0,1
2026-08-11T22:32:15.241653,39.0309,0.418623,0.439517,0.42907,0.43123,OPEN,0,0.0,1
2026-08-11T22:32:15.264304,39.0551,0.415798,0.43861,0.427204,0.429821,OPEN,0,0.0,1
2026-08-11T22:32:15.286899,39.0778,0.413699,0.438231,0.425965,0.428471,OPEN,0,0.0,1
2026-08-11T22:32:15.338761,39.1282,0.418548,0.438937,0.428743,0.428566,OPEN,0,0.0,1
2026-08-11T22:32:15.361112,39.1517,0.419743,0.439004,0.429373,0.428849,OPEN,0,0.0,1
2026-08-11T22:32:15.382756,39.1741,0.423698,0.439205,0.431451,0.42976,OPEN,0,0.0,1
2026-08-11T22:32:15.466059,39.2555,0.427667,0.44016,0.433913,0.431213,OPEN,0,0.0,1
2026-08-11T22:32:15.490177,39.2805,0.42814,0.440673,0.434407,0.432331,OPEN,0,0.0,1
2026-08-11T22:32:15.512151,39.3029,0.429031,0.441267,0.435149,0.433317,OPEN,0,0.0,1
2026-08-11T22:32:15.543731,39.3348,0.432642,0.441612,0.437127,0.434651,OPEN,0,0.0,1
2026-08-11T22:32:15.566423,39.3565,0.432608,0.441286,0.436947,0.435454,OPEN,0,0.0,1
2026-08-11T22:32:15.589516,39.3793,0.432535,0.441077,0.436806,0.435927,OPEN,0,0.0,1
2026-08-11T22:32:15.642282,39.4328,0.435238,0.444846,0.440042,0.437368,OPEN,0,0.0,1
2026-08-11T22:32:15.664529,39.4552,0.435499,0.446206,0.440853,0.438587,OPEN,0,0.0,1
2026-08-11T22:32:15.687699,39.4774,0.433117,0.447067,0.440092,0.439114,OPEN,0,0.0,1
2026-08-11T22:32:15.754062,39.5377,0.434911,0.445476,0.440193,0.439492,OPEN,0,0.0,1
2026-08-11T22:32:15.783421,39.5744,0.4361,0.44314,0.43962,0.439537,OPEN,0,0.0,1
2026-08-11T22:32:15.812530,39.5988,0.435959,0.442058,0.439009,0.439352,OPEN,0,0.0,1
2026-08-11T22:32:15.848817,39.6393,0.431739,0.442891,0.437315,0.438639,OPEN,0,0.0,1
2026-08-11T22:32:15.875652,39.6629,0.430646,0.44217,0.436408,0.437858,OPEN,0,0.0,1
2026-08-11T22:32:15.917264,39.6987,0.429229,0.441191,0.43521,0.436931,OPEN,0,0.0,1
2026-08-11T22:32:15.954970,39.7449,0.425531,0.439842,0.432687,0.435446,OPEN,0,0.0,1
2026-08-11T22:32:15.976494,39.7674,0.427744,0.440916,0.43433,0.435055,OPEN,0,0.0,1
2026-08-11T22:32:15.998790,39.79,0.429402,0.441451,0.435427,0.435185,OPEN,0,0.0,1
2026-08-11T22:32:16.038719,39.8301,0.391524,0.403317,0.39742,0.421968,OPEN,0,0.0,1
2026-08-11T22:32:16.062029,39.8523,0.375121,0.386854,0.380987,0.407624,OPEN,0,0.0,1
2026-08-11T22:32:16.085048,39.8749,0.367507,0.376334,0.37192,0.395128,OPEN,0,0.0,1
2026-08-11T22:32:16.143886,39.9316,0.312697,0.251925,0.282311,0.355642,OPEN,0,0.0,1
2026-08-11T22:32:16.168483,39.9567,0.303679,0.24427,0.273974,0.327058,OPEN,0,0.0,1
2026-08-11T22:32:16.195862,39.9823,0.298093,0.230972,0.264532,0.305174,OPEN,0,0.0,1
2026-08-11T22:32:16.250742,40.0382,0.249082,0.202257,0.225669,0.277348,OPEN,0,0.0,1
2026-08-11T22:32:16.284901,40.0734,0.244826,0.198487,0.221657,0.257856,OPEN,0,0.0,1
2026-08-11T22:32:16.316889,40.0991,0.239599,0.195817,0.217708,0.243804,CLOSING,0,0.0,1
2026-08-11T22:32:16.364308,40.1362,0.306191,0.280792,0.293491,0.261195,OPEN,0,0.0,1
2026-08-11T22:32:16.412368,40.1792,0.300747,0.280347,0.290547,0.271468,OPEN,0,0.0,1
2026-08-11T22:32:16.442110,40.2264,0.311373,0.295535,0.303454,0.282663,OPEN,0,0.0,1
2026-08-11T22:32:16.474037,40.2657,0.389322,0.383018,0.38617,0.31889,OPEN,0,0.0,1
2026-08-11T22:32:16.498947,40.2879,0.404686,0.397199,0.400942,0.347609,OPEN,0,0.0,1
2026-08-11T22:32:16.538910,40.3235,0.413095,0.404811,0.408953,0.369079,OPEN,0,0.0,1
2026-08-11T22:32:16.562011,40.3528,0.424761,0.419157,0.421959,0.387587,OPEN,0,0.0,1
2026-08-11T22:32:16.598372,40.3872,0.430079,0.42699,0.428535,0.401919,OPEN,0,0.0,1
2026-08-11T22:32:16.635834,40.4223,0.432434,0.431623,0.432028,0.412457,OPEN,0,0.0,1
2026-08-11T22:32:16.671748,40.4599,0.42937,0.428309,0.42884,0.418191,OPEN,0,0.0,1
2026-08-11T22:32:16.703147,40.494,0.428302,0.426839,0.427571,0.421474,OPEN,0,0.0,1
2026-08-11T22:32:16.726609,40.517,0.427248,0.426148,0.426698,0.423302,OPEN,0,0.0,1
2026-08-11T22:32:16.761418,40.5514,0.428907,0.429675,0.429291,0.425398,OPEN,0,0.0,1
2026-08-11T22:32:16.794887,40.5854,0.429252,0.432415,0.430833,0.427301,OPEN,0,0.0,1
2026-08-11T22:32:16.832541,40.6185,0.428981,0.435005,0.431993,0.428943,OPEN,0,0.0,1
2026-08-11T22:32:16.863870,40.6536,0.429146,0.436004,0.432575,0.430214,OPEN,0,0.0,1
2026-08-11T22:32:16.887246,40.6779,0.428578,0.435784,0.432181,0.430902,OPEN,0,0.0,1
2026-08-11T22:32:16.909683,40.7003,0.428839,0.436517,0.432678,0.431524,OPEN,0,0.0,1
2026-08-11T22:32:16.941485,40.7328,0.42876,0.43827,0.433515,0.432221,OPEN,0,0.0,1
2026-08-11T22:32:16.964386,40.7554,0.427827,0.438653,0.43324,0.432578,OPEN,0,0.0,1
2026-08-11T22:32:16.987311,40.7782,0.426368,0.439569,0.432969,0.432714,OPEN,0,0.0,1
2026-08-11T22:32:17.054539,40.8412,0.417648,0.438883,0.428266,0.431157,OPEN,0,0.0,1
2026-08-11T22:32:17.082956,40.8689,0.410153,0.437809,0.423981,0.428646,OPEN,0,0.0,1
2026-08-11T22:32:17.109364,40.8972,0.406118,0.438578,0.422348,0.426441,OPEN,0,0.0,1
2026-08-11T22:32:17.145556,40.9353,0.419192,0.439806,0.429499,0.427512,OPEN,0,0.0,1
2026-08-11T22:32:17.171791,40.9596,0.419657,0.439866,0.429762,0.428299,OPEN,0,0.0,1
2026-08-11T22:32:17.196247,40.9851,0.422571,0.440538,0.431555,0.429439,OPEN,0,0.0,1
2026-08-11T22:32:17.250978,41.0399,0.416153,0.433532,0.424842,0.42783,OPEN,0,0.0,1
2026-08-11T22:32:17.278610,41.0649,0.419985,0.433447,0.426716,0.42744,OPEN,0,0.0,1
2026-08-11T22:32:17.305770,41.0927,0.423561,0.434411,0.428986,0.427981,OPEN,0,0.0,1
2026-08-11T22:32:17.344465,41.1316,0.419657,0.427458,0.423557,0.426433,OPEN,0,0.0,1
2026-08-11T22:32:17.372713,41.1597,0.418733,0.426489,0.422611,0.425095,OPEN,0,0.0,1
2026-08-11T22:32:17.400276,41.1865,0.419339,0.425398,0.422368,0.424141,OPEN,0,0.0,1
2026-08-11T22:32:17.460196,41.2485,0.425208,0.428987,0.427097,0.425175,OPEN,0,0.0,1
2026-08-11T22:32:17.485784,41.2756,0.427322,0.430641,0.428982,0.426508,OPEN,0,0.0,1
2026-08-11T22:32:17.510907,41.2997,0.428564,0.431899,0.430231,0.427811,OPEN,0,0.0,1
2026-08-11T22:32:17.548998,41.3348,0.341403,0.285781,0.313592,0.387834,OPEN,0,0.0,1
2026-08-11T22:32:17.575949,41.3628,0.35074,0.275578,0.313159,0.361698,OPEN,0,0.0,1
2026-08-11T22:32:17.604903,41.39,0.347126,0.264492,0.305809,0.342137,OPEN,0,0.0,1
2026-08-11T22:32:17.658786,41.4331,0.362242,0.297875,0.330059,0.33791,OPEN,0,0.0,1
2026-08-11T22:32:17.687953,41.4732,0.365698,0.304671,0.335185,0.336956,OPEN,0,0.0,1
2026-08-11T22:32:17.713185,41.502,0.367182,0.308437,0.337809,0.337255,OPEN,0,0.0,1
2026-08-11T22:32:17.755853,41.5465,0.415709,0.387409,0.401559,0.359761,OPEN,0,0.0,1
2026-08-11T22:32:17.785115,41.5766,0.428061,0.411045,0.419553,0.380688,OPEN,0,0.0,1
2026-08-11T22:32:17.820964,41.6108,0.434096,0.422706,0.428401,0.397388,OPEN,0,0.0,1
2026-08-11T22:32:17.852802,41.6437,0.432508,0.424612,0.42856,0.408298,OPEN,0,0.0,1
2026-08-11T22:32:17.874414,41.6654,0.431565,0.426341,0.428953,0.415527,OPEN,0,0.0,1
2026-08-11T22:32:17.909646,41.6994,0.430861,0.427332,0.429096,0.420276,OPEN,0,0.0,1
2026-08-11T22:32:17.943928,41.7355,0.427492,0.43393,0.430711,0.423928,OPEN,0,0.0,1
2026-08-11T22:32:17.967934,41.758,0.427213,0.43879,0.433001,0.427104,OPEN,0,0.0,1
2026-08-11T22:32:18.000707,41.7917,0.427135,0.442657,0.434896,0.429831,OPEN,0,0.0,1
2026-08-11T22:32:18.046713,41.8377,0.40217,0.387309,0.394739,0.417549,OPEN,0,0.0,1
2026-08-11T22:32:18.069513,41.8606,0.401203,0.381361,0.391282,0.408355,OPEN,0,0.0,1
2026-08-11T22:32:18.092099,41.8822,0.401969,0.379195,0.390582,0.402135,OPEN,0,0.0,1
2026-08-11T22:32:18.153526,41.9438,0.323038,0.235053,0.279045,0.359053,OPEN,0,0.0,1
2026-08-11T22:32:18.176335,41.9674,0.304378,0.211352,0.257865,0.323638,OPEN,0,0.0,1
2026-08-11T22:32:18.199161,41.9901,0.304386,0.209978,0.257182,0.300378,OPEN,0,0.0,1
2026-08-11T22:32:18.255684,42.0457,0.337969,0.304944,0.321456,0.307756,OPEN,0,0.0,1
2026-08-11T22:32:18.277592,42.0685,0.3442,0.325963,0.335082,0.31732,OPEN,0,0.0,1
2026-08-11T22:32:18.299244,42.0903,0.348917,0.34186,0.345388,0.327144,OPEN,0,0.0,1
2026-08-11T22:32:18.347314,42.1365,0.432599,0.404581,0.41859,0.35915,OPEN,0,0.0,1
2026-08-11T22:32:18.371119,42.1614,0.448196,0.424009,0.436102,0.386083,OPEN,0,0.0,1
2026-08-11T22:32:18.396819,42.184,0.464449,0.435894,0.450171,0.408514,OPEN,0,0.0,1
2026-08-11T22:32:18.451212,42.2379,0.453693,0.436818,0.445255,0.421373,OPEN,0,0.0,1
2026-08-11T22:32:18.477116,42.2651,0.450899,0.439836,0.445368,0.429771,OPEN,0,0.0,1
2026-08-11T22:32:18.502906,42.2913,0.448649,0.440981,0.444815,0.435037,OPEN,0,0.0,1
2026-08-11T22:32:18.555445,42.3448,0.448523,0.443585,0.446054,0.438893,OPEN,0,0.0,1
2026-08-11T22:32:18.578813,42.3685,0.447628,0.444511,0.446069,0.441405,OPEN,0,0.0,1
2026-08-11T22:32:18.601394,42.3924,0.447359,0.444853,0.446106,0.44305,OPEN,0,0.0,1
2026-08-11T22:32:18.650785,42.4407,0.4413,0.444105,0.442702,0.442928,OPEN,0,0.0,1
2026-08-11T22:32:18.676616,42.4644,0.439491,0.443486,0.441489,0.442424,OPEN,0,0.0,1
2026-08-11T22:32:18.700485,42.4917,0.43793,0.443501,0.440716,0.441826,OPEN,0,0.0,1
2026-08-11T22:32:18.753032,42.5433,0.360821,0.305648,0.333234,0.403819,OPEN,0,0.0,1
2026-08-11T22:32:18.777480,42.5668,0.330251,0.257523,0.293887,0.365343,OPEN,0,0.0,1
2026-08-11T22:32:18.800976,42.5914,0.324652,0.244542,0.284597,0.337082,OPEN,0,0.0,1
2026-08-11T22:32:18.844532,42.6338,0.340827,0.270836,0.305831,0.326144,OPEN,0,0.0,1
2026-08-11T22:32:18.867177,42.6582,0.353521,0.303643,0.328582,0.326997,OPEN,0,0.0,1
2026-08-11T22:32:18.890128,42.681,0.353035,0.312975,0.333005,0.3291,OPEN,0,0.0,1
2026-08-11T22:32:18.964464,42.7542,0.388154,0.386935,0.387545,0.349556,OPEN,0,0.0,1
2026-08-11T22:32:18.989512,42.7787,0.392312,0.400159,0.396236,0.365894,OPEN,0,0.0,1
2026-08-11T22:32:19.015051,42.8034,0.399371,0.409242,0.404307,0.379338,OPEN,0,0.0,1
2026-08-11T22:32:19.053914,42.8423,0.393561,0.406706,0.400134,0.386617,OPEN,0,0.0,1
2026-08-11T22:32:19.079105,42.868,0.391415,0.407063,0.399239,0.391035,OPEN,0,0.0,1
2026-08-11T22:32:19.103791,42.893,0.390674,0.406526,0.3986,0.393682,OPEN,0,0.0,1
2026-08-11T22:32:19.148187,42.9341,0.413639,0.428318,0.420979,0.403236,OPEN,0,0.0,1
2026-08-11T22:32:19.174139,42.9625,0.419456,0.430686,0.425071,0.410878,OPEN,0,0.0,1
2026-08-11T22:32:19.201052,42.9879,0.422561,0.432207,0.427384,0.416655,OPEN,0,0.0,1
2026-08-11T22:32:19.253825,43.043,0.436267,0.452319,0.444293,0.426328,OPEN,0,0.0,1
2026-08-11T22:32:19.279079,43.0677,0.445181,0.46075,0.452966,0.435651,OPEN,0,0.0,1
2026-08-11T22:32:19.304033,43.0929,0.450492,0.46414,0.457316,0.443234,OPEN,0,0.0,1
2026-08-11T22:32:19.358901,43.1472,0.434992,0.459134,0.447063,0.444574,OPEN,0,0.0,1
2026-08-11T22:32:19.389948,43.1748,0.43782,0.458859,0.44834,0.445892,OPEN,0,0.0,1
2026-08-11T22:32:19.418551,43.2047,0.439963,0.457743,0.448853,0.446928,OPEN,0,0.0,1
2026-08-11T22:32:19.452703,43.2388,0.43856,0.453241,0.4459,0.446569,OPEN,0,0.0,1
2026-08-11T22:32:19.480726,43.2667,0.436743,0.450997,0.44387,0.445624,OPEN,0,0.0,1
2026-08-11T22:32:19.504635,43.2943,0.436652,0.450136,0.443394,0.444844,OPEN,0,0.0,1
2026-08-11T22:32:19.548343,43.3399,0.381281,0.32488,0.353081,0.412727,OPEN,0,0.0,1
2026-08-11T22:32:19.577626,43.3694,0.368779,0.279026,0.323903,0.381638,OPEN,0,0.0,1
2026-08-11T22:32:19.614594,43.4041,0.355159,0.254176,0.304667,0.354698,OPEN,0,0.0,1
2026-08-11T22:32:19.662333,43.451,0.366046,0.276699,0.321372,0.343034,OPEN,0,0.0,1
2026-08-11T22:32:19.690939,43.4762,0.370387,0.285741,0.328064,0.337795,OPEN,0,0.0,1
2026-08-11T22:32:19.718757,43.5045,0.372699,0.290731,0.331715,0.335667,OPEN,0,0.0,1
2026-08-11T22:32:19.765391,43.5494,0.432516,0.390215,0.411365,0.362161,OPEN,0,0.0,1
2026-08-11T22:32:19.794451,43.5807,0.445597,0.415789,0.430693,0.386147,OPEN,0,0.0,1
2026-08-11T22:32:19.819747,43.6086,0.448721,0.42641,0.437566,0.404144,OPEN,0,0.0,1
2026-08-11T22:32:19.853739,43.6433,0.432234,0.440303,0.436269,0.415388,OPEN,0,0.0,1
2026-08-11T22:32:19.885661,43.6773,0.424305,0.444676,0.434491,0.422074,OPEN,0,0.0,1
2026-08-11T22:32:19.922681,43.7117,0.418386,0.445839,0.432112,0.425587,OPEN,0,0.0,1
2026-08-11T22:32:19.947716,43.7368,0.424149,0.448872,0.436511,0.42941,OPEN,0,0.0,1
2026-08-11T22:32:19.970180,43.7612,0.426407,0.450036,0.438222,0.432494,OPEN,0,0.0,1
2026-08-11T22:32:19.992945,43.7837,0.426454,0.449418,0.437936,0.434399,OPEN,0,0.0,1
2026-08-11T22:32:20.069879,43.8589,0.414289,0.44538,0.429835,0.432801,OPEN,0,0.0,1
2026-08-11T22:32:20.097427,43.8839,0.412249,0.445345,0.428797,0.4314,OPEN,0,0.0,1
2026-08-11T22:32:20.122258,43.911,0.411799,0.445073,0.428436,0.430363,OPEN,0,0.0,1
2026-08-11T22:32:20.154784,43.9438,0.416501,0.444867,0.430684,0.430475,OPEN,0,0.0,1
2026-08-11T22:32:20.180798,43.9689,0.41903,0.445424,0.432227,0.431088,OPEN,0,0.0,1
2026-08-11T22:32:20.206246,43.9947,0.42018,0.445874,0.433027,0.431767,OPEN,0,0.0,1
2026-08-11T22:32:20.253050,44.0385,0.400585,0.4244,0.412492,0.425021,OPEN,0,0.0,1
2026-08-11T22:32:20.281223,44.0669,0.388875,0.405432,0.397153,0.415267,OPEN,0,0.0,1
2026-08-11T22:32:20.307206,44.0951,0.381011,0.395862,0.388436,0.405876,OPEN,0,0.0,1
2026-08-11T22:32:20.356038,44.1449,0.288886,0.215547,0.252216,0.352095,OPEN,0,0.0,1
2026-08-11T22:32:20.381817,44.1699,0.26713,0.180635,0.223883,0.307221,OPEN,0,0.0,1
2026-08-11T22:32:20.407485,44.1956,0.270489,0.175776,0.223133,0.27779,OPEN,0,0.0,1
2026-08-11T22:32:20.468390,44.255,0.289202,0.19873,0.243966,0.265952,OPEN,0,0.0,1
2026-08-11T22:32:20.494554,44.2821,0.293889,0.20299,0.248439,0.259822,OPEN,0,0.0,1
2026-08-11T22:32:20.518722,44.3086,0.291208,0.201844,0.246526,0.255169,OPEN,0,0.0,1
2026-08-11T22:32:20.558915,44.3503,0.393882,0.355106,0.374494,0.296932,OPEN,0,0.0,1
2026-08-11T22:32:20.582339,44.3726,0.406881,0.385996,0.396438,0.331759,OPEN,0,0.0,1
2026-08-11T22:32:20.604482,44.3955,0.412015,0.398362,0.405189,0.35746,OPEN,0,0.0,1
2026-08-11T22:32:20.651126,44.4411,0.428174,0.432785,0.430479,0.383016,OPEN,0,0.0,1
2026-08-11T22:32:20.674300,44.4638,0.425786,0.439753,0.43277,0.40043,OPEN,0,0.0,1
2026-08-11T22:32:20.699395,44.4883,0.423456,0.441884,0.43267,0.411714,OPEN,0,0.0,1
2026-08-11T22:32:20.752463,44.5396,0.421656,0.449204,0.43543,0.420015,OPEN,0,0.0,1
2026-08-11T22:32:20.777665,44.5663,0.424557,0.452375,0.438466,0.426473,OPEN,0,0.0,1
2026-08-11T22:32:20.802625,44.591,0.426323,0.452963,0.439643,0.431082,OPEN,0,0.0,1
2026-08-11T22:32:20.856841,44.6466,0.425562,0.445003,0.435282,0.432552,OPEN,0,0.0,1
2026-08-11T22:32:20.879407,44.6704,0.424401,0.443116,0.433758,0.432974,OPEN,0,0.0,1
2026-08-11T22:32:20.902556,44.6929,0.42388,0.440945,0.432412,0.432778,OPEN,0,0.0,1
2026-08-11T22:32:20.957262,44.7449,0.413952,0.43853,0.426241,0.43049,OPEN,0,0.0,1
2026-08-11T22:32:20.987731,44.7789,0.41684,0.438625,0.427732,0.429525,OPEN,0,0.0,1
2026-08-11T22:32:21.011845,44.8003,0.417686,0.438498,0.428092,0.429023,OPEN,0,0.0,1
2026-08-11T22:32:21.056435,44.8466,0.401794,0.42211,0.411952,0.423048,OPEN,0,0.0,1
2026-08-11T22:32:21.091158,44.8813,0.400033,0.409375,0.404704,0.416628,OPEN,0,0.0,1
2026-08-11T22:32:21.125712,44.9154,0.39217,0.396832,0.394501,0.408883,OPEN,0,0.0,1
2026-08-11T22:32:21.149700,44.9395,0.327502,0.252763,0.290132,0.367321,OPEN,0,0.0,1
2026-08-11T22:32:21.171043,44.9633,0.285783,0.206006,0.245894,0.324821,OPEN,0,0.0,1
2026-08-11T22:32:21.193510,44.9846,0.274613,0.188177,0.231395,0.292122,OPEN,0,0.0,1
2026-08-11T22:32:21.278611,45.0564,0.317611,0.233798,0.275704,0.286376,OPEN,0,0.0,1
2026-08-11T22:32:21.306982,45.0945,0.332836,0.247501,0.290168,0.287703,OPEN,0,0.0,1
2026-08-11T22:32:21.339964,45.1287,0.343182,0.255141,0.299162,0.291714,OPEN,0,0.0,1
2026-08-11T22:32:21.371582,45.163,0.41496,0.373817,0.394389,0.32765,OPEN,0,0.0,1
2026-08-11T22:32:21.395075,45.1852,0.436189,0.403605,0.419897,0.359936,OPEN,0,0.0,1
2026-08-11T22:32:21.431880,45.22,0.44122,0.422832,0.432026,0.385168,OPEN,0,0.0,1
2026-08-11T22:32:21.454430,45.2444,0.428969,0.427469,0.428219,0.400236,OPEN,0,0.0,1
2026-08-11T22:32:21.476773,45.2671,0.422145,0.432474,0.427309,0.409711,OPEN,0,0.0,1
2026-08-11T22:32:21.501875,45.291,0.419731,0.433649,0.42669,0.415654,OPEN,0,0.0,1
2026-08-11T22:32:21.549452,45.3398,0.409149,0.441021,0.425085,0.418955,OPEN,0,0.0,1
2026-08-11T22:32:21.573044,45.3633,0.402472,0.440875,0.421673,0.419906,OPEN,0,0.0,1
2026-08-11T22:32:21.595174,45.3861,0.397959,0.439373,0.418666,0.419472,OPEN,0,0.0,1
2026-08-11T22:32:21.661691,45.4498,0.404863,0.441225,0.423044,0.420722,OPEN,0,0.0,1
2026-08-11T22:32:21.686938,45.4756,0.408709,0.441506,0.425107,0.422257,OPEN,0,0.0,1
2026-08-11T22:32:21.713873,45.5008,0.410057,0.439755,0.424906,0.423184,OPEN,0,0.0,1
2026-08-11T22:32:21.757135,45.5448,0.377728,0.395106,0.386417,0.410316,OPEN,0,0.0,1
2026-08-11T22:32:21.782263,45.5713,0.366326,0.389351,0.377838,0.398949,OPEN,0,0.0,1
2026-08-11T22:32:21.807347,45.5961,0.358207,0.388164,0.373185,0.389931,OPEN,0,0.0,1
2026-08-11T22:32:21.863338,45.6506,0.238389,0.220944,0.229666,0.333839,OPEN,0,0.0,1
2026-08-11T22:32:21.897557,45.6874,0.231225,0.19027,0.210747,0.290757,OPEN,0,0.0,1
2026-08-11T22:32:21.922548,45.7114,0.22657,0.178862,0.202716,0.259942,OPEN,0,0.0,1
2026-08-11T22:32:21.964038,45.7526,0.236578,0.185664,0.211121,0.242855,CLOSING,0,0.0,1
2026-08-11T22:32:21.986462,45.7769,0.241526,0.184074,0.2128,0.232336,CLOSING,0,0.0,1
2026-08-11T22:32:22.009366,45.8003,0.246584,0.18317,0.214877,0.226225,CLOSING,0,0.0,1
2026-08-11T22:32:22.067920,45.8592,0.318353,0.314445,0.316399,0.257786,OPEN,0,0.0,1
2026-08-11T22:32:22.090571,45.8807,0.344009,0.341346,0.342678,0.287498,OPEN,0,0.0,1
2026-08-11T22:32:22.113899,45.9043,0.358513,0.355928,0.35722,0.311901,OPEN,0,0.0,1
2026-08-11T22:32:22.156382,45.9442,0.396954,0.389161,0.393057,0.340306,OPEN,0,0.0,1
2026-08-11T22:32:22.179112,45.9701,0.406641,0.40132,0.40398,0.362592,OPEN,0,0.0,1
2026-08-11T22:32:22.202006,45.9927,0.409884,0.406612,0.408248,0.378571,OPEN,0,0.0,1
2026-08-11T22:32:22.253003,46.0407,0.400843,0.407607,0.404225,0.38755,OPEN,0,0.0,1
2026-08-11T22:32:22.275689,46.0658,0.397367,0.407546,0.402457,0.392767,OPEN,0,0.0,1
2026-08-11T22:32:22.299675,46.0895,0.39542,0.408167,0.401793,0.395926,OPEN,0,0.0,1
2026-08-11T22:32:22.368516,46.158,0.413249,0.411784,0.412516,0.401733,OPEN,0,0.0,1
2026-08-11T22:32:22.396921,46.1872,0.4154,0.414293,0.414846,0.406323,OPEN,0,0.0,1
2026-08-11T22:32:22.418064,46.2096,0.416743,0.414753,0.415748,0.409622,OPEN,0,0.0,1
2026-08-11T22:32:22.457791,46.2477,0.41547,0.417926,0.416698,0.412098,OPEN,0,0.0,1
2026-08-11T22:32:22.479438,46.2708,0.412761,0.417379,0.41507,0.413138,OPEN,0,0.0,1
2026-08-11T22:32:22.500856,46.2921,0.409418,0.415978,0.412698,0.412984,OPEN,0,0.0,1
2026-08-11T22:32:22.554049,46.3436,0.260639,0.220522,0.240581,0.352643,OPEN,0,0.0,1
2026-08-11T22:32:22.576676,46.3677,0.241919,0.19401,0.217964,0.305506,OPEN,0,0.0,1
2026-08-11T22:32:22.599339,46.3902,0.244549,0.19393,0.21924,0.275313,OPEN,0,0.0,1
2026-08-11T22:32:22.659245,46.4489,0.266595,0.189485,0.22804,0.258767,OPEN,0,0.0,1
2026-08-11T22:32:22.682207,46.4732,0.265478,0.185243,0.225361,0.247075,CLOSING,0,0.0,1
2026-08-11T22:32:22.705286,46.4959,0.267531,0.185993,0.226762,0.239965,CLOSING,0,0.0,1
2026-08-11T22:32:22.765554,46.5538,0.234661,0.180194,0.207427,0.228577,CLOSED,0,0.0,1
2026-08-11T22:32:22.791274,46.5797,0.23944,0.181492,0.210466,0.222238,CLOSED,0,0.0,1
2026-08-11T22:32:22.816814,46.6063,0.246116,0.183047,0.214581,0.219558,CLOSED,0,0.0,1
2026-08-11T22:32:22.868507,46.6561,0.260734,0.206353,0.233543,0.224453,CLOSED,0,0.0,1
2026-08-11T22:32:22.895623,46.6824,0.265949,0.215721,0.240835,0.230187,CLOSED,0,0.0,1
2026-08-11T22:32:22.920530,46.7096,0.270568,0.223391,0.24698,0.236064,CLOSED,0,0.0,1
2026-08-11T22:32:22.956904,46.7444,0.380309,0.355324,0.367817,0.282178,OPENING,0,0.0,1
2026-08-11T22:32:22.985923,46.7713,0.414054,0.398627,0.406341,0.325635,OPEN,1,0.298123,1
2026-08-11T22:32:23.013530,46.7999,0.426698,0.417191,0.421945,0.359343,OPEN,0,0.0,1
2026-08-11T22:32:23.058165,46.8452,0.428651,0.44812,0.438386,0.387008,OPEN,0,0.0,1
2026-08-11T22:32:23.089703,46.8784,0.412957,0.444447,0.428702,0.401601,OPEN,0,0.0,1
2026-08-11T22:32:23.115100,46.9023,0.40497,0.440963,0.422966,0.409079,OPEN,0,0.0,1
2026-08-11T22:32:23.166002,46.9527,0.402659,0.434106,0.418382,0.412335,OPEN,0,0.0,1
2026-08-11T22:32:23.191205,46.9787,0.403668,0.431547,0.417607,0.41418,OPEN,0,0.0,1
2026-08-11T22:32:23.214606,47.0041,0.403395,0.429287,0.416341,0.414936,OPEN,0,0.0,1
2026-08-11T22:32:23.257200,47.0476,0.398286,0.428663,0.413474,0.414425,OPEN,0,0.0,1
2026-08-11T22:32:23.279933,47.0709,0.395973,0.428047,0.41201,0.41358,OPEN,0,0.0,1
2026-08-11T22:32:23.315701,47.1057,0.393245,0.427682,0.410463,0.412489,OPEN,0,0.0,1
2026-08-11T22:32:23.358953,47.1481,0.40369,0.431194,0.417442,0.414223,OPEN,0,0.0,1
2026-08-11T22:32:23.380738,47.1726,0.40399,0.430519,0.417255,0.415284,OPEN,0,0.0,1
2026-08-11T22:32:23.416612,47.2071,0.40574,0.43212,0.41893,0.41656,OPEN,0,0.0,1
2026-08-11T22:32:23.451652,47.2417,0.412164,0.426904,0.419534,0.417601,OPEN,0,0.0,1
2026-08-11T22:32:23.478017,47.269,0.419863,0.425454,0.422658,0.419371,OPEN,0,0.0,1
2026-08-11T22:32:23.500248,47.2916,0.424321,0.425375,0.424848,0.421288,OPEN,0,0.0,1
2026-08-11T22:32:23.568546,47.3571,0.263863,0.188304,0.226084,0.352966,OPEN,0,0.0,1
2026-08-11T22:32:23.591460,47.3816,0.265656,0.163823,0.214739,0.304587,OPEN,0,0.0,1
2026-08-11T22:32:23.613039,47.4052,0.272249,0.160416,0.216333,0.273698,OPEN,0,0.0,1
2026-08-11T22:32:23.657806,47.4487,0.296367,0.200839,0.248603,0.264915,OPEN,0,0.0,1
2026-08-11T22:32:23.679865,47.4722,0.293552,0.204577,0.249064,0.259367,OPEN,0,0.0,1
2026-08-11T22:32:23.716110,47.5069,0.287876,0.202957,0.245416,0.254484,OPEN,0,0.0,1
2026-08-11T22:32:23.755707,47.5464,0.248626,0.195465,0.222045,0.243131,CLOSING,0,0.0,1
2026-08-11T22:32:23.778500,47.5687,0.239565,0.191504,0.215534,0.233472,CLOSING,0,0.0,1
2026-08-11T22:32:23.799863,47.5912,0.243582,0.187917,0.21575,0.227269,CLOSING,0,0.0,1
2026-08-11T22:32:23.857618,47.6478,0.370377,0.31793,0.344153,0.268179,OPEN,0,0.0,1
2026-08-11T22:32:23.880269,47.6713,0.390524,0.347409,0.368967,0.303454,OPEN,0,0.0,1
2026-08-11T22:32:23.904584,47.6944,0.404253,0.36534,0.384796,0.331924,OPEN,0,0.0,1
2026-08-11T22:32:23.967002,47.7545,0.434537,0.441342,0.43794,0.36903,OPEN,0,0.0,1
2026-08-11T22:32:23.988891,47.7797,0.424713,0.446202,0.435458,0.392279,OPEN,0,0.0,1
2026-08-11T22:32:24.025213,47.8153,0.418612,0.444564,0.431588,0.406037,OPEN,0,0.0,1
2026-08-11T22:32:24.058193,47.8487,0.420694,0.442742,0.431718,0.415026,OPEN,0,0.0,1
2026-08-11T22:32:24.091754,47.8823,0.423656,0.441911,0.432784,0.421241,OPEN,0,0.0,1
2026-08-11T22:32:24.114611,47.9057,0.424019,0.441441,0.43273,0.425262,OPEN,0,0.0,1
2026-08-11T22:32:24.159490,47.9494,0.430902,0.442095,0.436499,0.429195,OPEN,0,0.0,1
2026-08-11T22:32:24.186784,47.9775,0.436573,0.444162,0.440367,0.433105,OPEN,0,0.0,1
2026-08-11T22:32:24.220744,48.0121,0.440653,0.446507,0.44358,0.436771,OPEN,0,0.0,1
2026-08-11T22:32:24.265564,48.0568,0.418863,0.437849,0.428356,0.433826,OPEN,0,0.0,1
2026-08-11T22:32:24.288978,48.0794,0.403039,0.431243,0.417141,0.427986,OPEN,0,0.0,1
2026-08-11T22:32:24.323852,48.1142,0.391807,0.425362,0.408584,0.421196,OPEN,0,0.0,1
2026-08-11T22:32:24.370083,48.1596,0.388725,0.426278,0.407502,0.416403,OPEN,0,0.0,1
2026-08-11T22:32:24.403401,48.1934,0.387095,0.423738,0.405417,0.412558,OPEN,0,0.0,1
2026-08-11T22:32:24.424594,48.2161,0.389093,0.422923,0.406008,0.410265,OPEN,0,0.0,1
2026-08-11T22:32:24.456578,48.248,0.310191,0.252987,0.281589,0.365229,OPEN,0,0.0,1
2026-08-11T22:32:24.479171,48.2694,0.287335,0.203399,0.245367,0.323277,OPEN,0,0.0,1
2026-08-11T22:32:24.501060,48.2918,0.286565,0.19581,0.241187,0.294546,OPEN,0,0.0,1
2026-08-11T22:32:24.557645,48.3455,0.326896,0.226449,0.276672,0.28829,OPEN,0,0.0,1
2026-08-11T22:32:24.583557,48.3716,0.327769,0.22201,0.27489,0.2836,OPEN,0,0.0,1
2026-08-11T22:32:24.608990,48.3962,0.327731,0.22218,0.274956,0.280575,OPEN,0,0.0,1
2026-08-11T22:32:24.672734,48.4625,0.338167,0.253339,0.295753,0.285887,OPEN,0,0.0,1
2026-08-11T22:32:24.695527,48.4864,0.337368,0.258544,0.297956,0.290111,OPEN,0,0.0,1
2026-08-11T22:32:24.718284,48.5091,0.336991,0.261378,0.299184,0.293287,OPEN,0,0.0,1
2026-08-11T22:32:24.764154,48.5542,0.405471,0.383407,0.394439,0.32869,OPEN,0,0.0,1
2026-08-11T22:32:24.785998,48.5774,0.43315,0.413412,0.423281,0.361797,OPEN,0,0.0,1
2026-08-11T22:32:24.808378,48.5995,0.444449,0.427427,0.435938,0.387746,OPEN,0,0.0,1
2026-08-11T22:32:24.861055,48.6508,0.442642,0.436434,0.439538,0.405873,OPEN,0,0.0,1
2026-08-11T22:32:24.896024,48.6844,0.435195,0.434341,0.434768,0.415986,OPEN,0,0.0,1
2026-08-11T22:32:24.930488,48.7192,0.427537,0.431012,0.429274,0.420637,OPEN,0,0.0,1
2026-08-11T22:32:24.957594,48.7483,0.432972,0.438362,0.435667,0.425898,OPEN,0,0.0,1
2026-08-11T22:32:24.993619,48.7834,0.426408,0.438281,0.432344,0.428154,OPEN,0,0.0,1
2026-08-11T22:32:25.026969,48.8172,0.422709,0.43763,0.43017,0.428859,OPEN,0,0.0,1
2026-08-11T22:32:25.068395,48.8584,0.418133,0.432077,0.425105,0.427545,OPEN,0,0.0,1
2026-08-11T22:32:25.089926,48.8815,0.424808,0.431026,0.427917,0.427675,OPEN,0,0.0,1
2026-08-11T22:32:25.111557,48.9027,0.432918,0.430952,0.431935,0.429166,OPEN,0,0.0,1
2026-08-11T22:32:25.166430,48.958,0.428087,0.429118,0.428603,0.428969,OPEN,0,0.0,1
2026-08-11T22:32:25.189223,48.9796,0.425462,0.429309,0.427386,0.428415,OPEN,0,0.0,1
2026-08-11T22:32:25.212259,49.0028,0.424243,0.429496,0.426869,0.427874,OPEN,0,0.0,1
2026-08-11T22:32:25.258133,49.0494,0.432408,0.44207,0.437239,0.431152,OPEN,0,0.0,1
2026-08-11T22:32:25.280476,49.0709,0.433766,0.445305,0.439535,0.434086,OPEN,0,0.0,1
2026-08-11T22:32:25.315387,49.1059,0.433228,0.447837,0.440533,0.436342,OPEN,0,0.0,1
2026-08-11T22:32:25.359498,49.1502,0.428786,0.444817,0.436802,0.436503,OPEN,0,0.0,1
2026-08-11T22:32:25.384104,49.1734,0.429046,0.445014,0.43703,0.436688,OPEN,0,0.0,1
2026-08-11T22:32:25.408291,49.1978,0.429387,0.445103,0.437245,0.436883,OPEN,0,0.0,1
2026-08-11T22:32:25.434436,49.2217,0.429897,0.445114,0.437505,0.437101,OPEN,0,0.0,1
2026-08-11T22:32:25.467129,49.2558,0.359346,0.319175,0.339261,0.402857,OPEN,0,0.0,1
2026-08-11T22:32:25.500749,49.2888,0.342186,0.28793,0.315058,0.372127,OPEN,0,0.0,1
2026-08-11T22:32:25.559124,49.35,0.308102,0.223343,0.265723,0.334885,OPEN,0,0.0,1
2026-08-11T22:32:25.584395,49.3734,0.305357,0.217679,0.261518,0.309207,OPEN,0,0.0,1
2026-08-11T22:32:25.608246,49.3975,0.303464,0.213523,0.258493,0.291457,OPEN,0,0.0,1
2026-08-11T22:32:25.661760,49.4515,0.308493,0.2373,0.272896,0.284961,OPEN,0,0.0,1
2026-08-11T22:32:25.686700,49.4753,0.313534,0.245531,0.279532,0.283061,OPEN,0,0.0,1
2026-08-11T22:32:25.708957,49.5002,0.316887,0.25089,0.283888,0.28335,OPEN,0,0.0,1
2026-08-11T22:32:25.753762,49.544,0.408833,0.378184,0.393509,0.321906,OPEN,0,0.0,1
2026-08-11T22:32:25.777951,49.5675,0.426762,0.400467,0.413615,0.354004,OPEN,0,0.0,1
2026-08-11T22:32:25.800753,49.5916,0.434202,0.411292,0.422747,0.378064,OPEN,0,0.0,1
2026-08-11T22:32:25.824010,49.6144,0.435977,0.41582,0.425899,0.394806,OPEN,0,0.0,1
2026-08-11T22:32:25.872053,49.663,0.430085,0.424743,0.427414,0.406219,OPEN,0,0.0,1
2026-08-11T22:32:25.894564,49.6852,0.423723,0.424211,0.423967,0.412431,OPEN,0,0.0,1
2026-08-11T22:32:25.969485,49.756,0.440793,0.447104,0.443948,0.423462,OPEN,0,0.0,1
2026-08-11T22:32:25.996289,49.7837,0.447103,0.451083,0.449093,0.432433,OPEN,0,0.0,1
2026-08-11T22:32:26.022059,49.8102,0.4492,0.453065,0.451132,0.438978,OPEN,0,0.0,1
2026-08-11T22:32:26.056810,49.8468,0.439442,0.448612,0.444027,0.440745,OPEN,0,0.0,1
2026-08-11T22:32:26.083299,49.8714,0.431947,0.446736,0.439341,0.440254,OPEN,0,0.0,1
2026-08-11T22:32:26.108628,49.8977,0.427862,0.446172,0.437017,0.439121,OPEN,0,0.0,1
2026-08-11T22:32:26.161604,49.951,0.431526,0.451406,0.441466,0.439942,OPEN,0,0.0,1
2026-08-11T22:32:26.189639,49.9755,0.432451,0.452517,0.442484,0.440831,OPEN,0,0.0,1
2026-08-11T22:32:26.215201,50.0044,0.433461,0.45399,0.443726,0.441844,OPEN,0,0.0,1
2026-08-11T22:32:26.241844,50.0292,0.433361,0.454758,0.444059,0.44262,OPEN,0,0.0,1
2026-08-11T22:32:26.268835,50.0573,0.362066,0.307859,0.334962,0.40494,OPEN,0,0.0,1
2026-08-11T22:32:26.296413,50.0826,0.340118,0.260929,0.300524,0.368394,OPEN,0,0.0,1
2026-08-11T22:32:26.367343,50.1532,0.328404,0.213233,0.270818,0.334243,OPEN,0,0.0,1
2026-08-11T22:32:26.393285,50.1815,0.321948,0.202084,0.262016,0.308963,OPEN,0,0.0,1
2026-08-11T22:32:26.416734,50.2069,0.317683,0.198214,0.257949,0.291108,OPEN,0,0.0,1
2026-08-11T22:32:26.463654,50.2546,0.352178,0.280751,0.316464,0.299983,OPEN,0,0.0,1
2026-08-11T22:32:26.490444,50.2775,0.358384,0.308248,0.333316,0.311649,OPEN,0,0.0,1
2026-08-11T22:32:26.513198,50.3048,0.36227,0.329987,0.346128,0.323717,OPEN,0,0.0,1
2026-08-11T22:32:26.574598,50.3627,0.420911,0.399734,0.410322,0.354029,OPEN,0,0.0,1
2026-08-11T22:32:26.599794,50.3885,0.429359,0.41345,0.421404,0.37761,OPEN,0,0.0,1
2026-08-11T22:32:26.623906,50.4135,0.42991,0.419555,0.424732,0.394103,OPEN,0,0.0,1
2026-08-11T22:32:26.656285,50.4379,0.42861,0.422064,0.425337,0.405035,OPEN,0,0.0,1
2026-08-11T22:32:26.682662,50.4702,0.421855,0.417657,0.419756,0.410187,OPEN,0,0.0,1
2026-08-11T22:32:26.705835,50.4963,0.421066,0.415438,0.418252,0.41301,OPEN,0,0.0,1
2026-08-11T22:32:26.764554,50.5543,0.421868,0.428434,0.425151,0.417259,OPEN,0,0.0,1
2026-08-11T22:32:26.789979,50.5775,0.424799,0.434699,0.429749,0.421631,OPEN,0,0.0,1
2026-08-11T22:32:26.814663,50.6041,0.42588,0.439088,0.432484,0.425429,OPEN,0,0.0,1
2026-08-11T22:32:26.861616,50.6506,0.424778,0.437272,0.431025,0.427388,OPEN,0,0.0,1
2026-08-11T22:32:26.884733,50.6746,0.425675,0.437324,0.431499,0.428827,OPEN,0,0.0,1
2026-08-11T22:32:26.907427,50.6983,0.42789,0.438477,0.433184,0.430352,OPEN,0,0.0,1
2026-08-11T22:32:26.980318,50.7691,0.429169,0.444921,0.437045,0.432694,OPEN,0,0.0,1
2026-08-11T22:32:27.004373,50.7941,0.428821,0.445929,0.437375,0.434333,OPEN,0,0.0,1
2026-08-11T22:32:27.027355,50.8172,0.429067,0.447146,0.438106,0.435653,OPEN,0,0.0,1
2026-08-11T22:32:27.051160,50.8411,0.42907,0.447882,0.438476,0.436641,OPEN,0,0.0,1
2026-08-11T22:32:27.074115,50.8638,0.400378,0.346306,0.373342,0.414487,OPEN,0,0.0,1
2026-08-11T22:32:27.096138,50.8868,0.381278,0.293824,0.337551,0.387559,OPEN,0,0.0,1
2026-08-11T22:32:27.164393,50.9535,0.308135,0.200933,0.254534,0.341,OPEN,0,0.0,1
2026-08-11T22:32:27.192244,50.9785,0.28905,0.185129,0.23709,0.304632,OPEN,0,0.0,1
2026-08-11T22:32:27.217075,51.0061,0.277188,0.173076,0.225132,0.276807,OPEN,0,0.0,1
2026-08-11T22:32:27.265289,51.0552,0.280377,0.184346,0.232361,0.261251,OPEN,0,0.0,1
2026-08-11T22:32:27.291836,51.0791,0.285248,0.189998,0.237623,0.252981,OPEN,0,0.0,1
2026-08-11T22:32:27.316815,51.1058,0.287473,0.191782,0.239628,0.248307,CLOSING,0,0.0,1
2026-08-11T22:32:27.369654,51.1595,0.309074,0.189039,0.249057,0.24857,CLOSED,0,0.0,1
2026-08-11T22:32:27.398743,51.1836,0.313753,0.18803,0.250891,0.249382,CLOSED,0,0.0,1
2026-08-11T22:32:27.423931,51.2126,0.318057,0.186793,0.252425,0.250447,OPENING,0,0.0,1
2026-08-11T22:32:27.456626,51.238,0.319532,0.187894,0.253713,0.25159,OPEN,1,0.132237,1
2026-08-11T22:32:27.482360,51.2713,0.32032,0.198605,0.259462,0.254345,OPEN,0,0.0,1
2026-08-11T22:32:27.513772,51.3029,0.320288,0.20419,0.262239,0.257108,OPEN,0,0.0,1
2026-08-11T22:32:27.563008,51.3522,0.305982,0.208705,0.257344,0.257191,OPEN,0,0.0,1
2026-08-11T22:32:27.591566,51.3768,0.304129,0.207261,0.255695,0.256667,OPEN,0,0.0,1
2026-08-11T22:32:27.620378,51.4055,0.296656,0.202895,0.249776,0.254255,OPEN,0,0.0,1
2026-08-11T22:32:27.670665,51.4571,0.402683,0.354439,0.378561,0.297762,OPEN,0,0.0,1
2026-08-11T22:32:27.698467,51.4848,0.420543,0.383477,0.40201,0.334249,OPEN,0,0.0,1
2026-08-11T22:32:27.723800,51.5116,0.428671,0.395862,0.412267,0.361555,OPEN,0,0.0,1
2026-08-11T22:32:27.747621,51.5366,0.431116,0.400935,0.416026,0.38062,OPEN,0,0.0,1
2026-08-11T22:32:27.772180,51.5618,0.417139,0.416405,0.416772,0.393273,OPEN,0,0.0,1
2026-08-11T22:32:27.799493,51.586,0.414528,0.428116,0.421322,0.40309,OPEN,0,0.0,1
2026-08-11T22:32:27.824408,51.6133,0.408226,0.431218,0.419722,0.408911,OPEN,0,0.0,1
2026-08-11T22:32:27.867772,51.6556,0.401943,0.444106,0.423025,0.413851,OPEN,0,0.0,1
2026-08-11T22:32:27.892002,51.6811,0.398484,0.4461,0.422292,0.416805,OPEN,0,0.0,1
2026-08-11T22:32:27.976837,51.7641,0.409635,0.458587,0.434111,0.422862,OPEN,0,0.0,1
2026-08-11T22:32:28.007555,51.7913,0.415825,0.460654,0.438239,0.428244,OPEN,0,0.0,1
2026-08-11T22:32:28.036332,51.8214,0.421117,0.460541,0.440829,0.432649,OPEN,0,0.0,1
2026-08-11T22:32:28.059235,51.8495,0.413271,0.45235,0.432811,0.432706,OPEN,0,0.0,1
2026-08-11T22:32:28.179826,51.9697,0.429827,0.456968,0.443398,0.436448,OPEN,0,0.0,1
2026-08-11T22:32:28.205954,51.9938,0.429678,0.455684,0.442681,0.43863,OPEN,0,0.0,1
2026-08-11T22:32:28.230945,52.0206,0.430297,0.455,0.442648,0.440036,OPEN,0,0.0,1
2026-08-11T22:32:28.268919,52.0581,0.425645,0.455918,0.440782,0.440297,OPEN,0,0.0,1
2026-08-11T22:32:28.294819,52.0828,0.418439,0.455789,0.437114,0.439183,OPEN,0,0.0,1
2026-08-11T22:32:28.365147,52.1528,0.419237,0.449554,0.434396,0.437507,OPEN,0,0.0,1
2026-08-11T22:32:28.389964,52.179,0.41882,0.448168,0.433494,0.436103,OPEN,0,0.0,1
2026-08-11T22:32:28.415691,52.2042,0.419957,0.447591,0.433774,0.435288,OPEN,0,0.0,1
2026-08-11T22:32:28.468957,52.2568,0.427784,0.452424,0.440104,0.436973,OPEN,0,0.0,1
2026-08-11T22:32:28.497407,52.2828,0.431123,0.454499,0.442811,0.439016,OPEN,0,0.0,1
2026-08-11T22:32:28.522599,52.3112,0.433889,0.456282,0.445085,0.441141,OPEN,0,0.0,1
2026-08-11T22:32:28.548985,52.3374,0.435529,0.458059,0.446794,0.443119,OPEN,0,0.0,1
2026-08-11T22:32:28.576640,52.3634,0.429869,0.442762,0.436315,0.440738,OPEN,0,0.0,1
2026-08-11T22:32:28.601276,52.3904,0.399792,0.399885,0.399839,0.426423,OPEN,0,0.0,1
2026-08-11T22:32:28.634566,52.4246,0.386552,0.374349,0.38045,0.410333,OPEN,0,0.0,1
2026-08-11T22:32:28.666165,52.4568,0.329451,0.250931,0.290191,0.368283,OPEN,0,0.0,1
2026-08-11T22:32:28.690802,52.4799,0.321424,0.229011,0.275218,0.33571,OPEN,0,0.0,1
2026-08-11T22:32:28.768200,52.5578,0.310661,0.24272,0.276691,0.315053,OPEN,0,0.0,1
2026-08-11T22:32:28.803672,52.582,0.310841,0.246852,0.278846,0.302381,OPEN,0,0.0,1
2026-08-11T22:32:28.828805,52.618,0.313253,0.251306,0.282279,0.295345,OPEN,0,0.0,1
2026-08-11T22:32:28.873865,52.6644,0.327546,0.26291,0.295228,0.295304,OPEN,0,0.0,1
2026-08-11T22:32:28.899228,52.6876,0.329819,0.269911,0.299865,0.296901,OPEN,0,0.0,1
2026-08-11T22:32:28.920946,52.7119,0.337565,0.274847,0.306206,0.300158,OPEN,0,0.0,1
2026-08-11T22:32:28.942420,52.7336,0.340209,0.277693,0.308951,0.303235,OPEN,0,0.0,1
2026-08-11T22:32:28.971557,52.7624,0.389515,0.355511,0.372513,0.327482,OPEN,0,0.0,1
2026-08-11T22:32:28.994961,52.7863,0.410368,0.388908,0.399638,0.352737,OPEN,0,0.0,1
2026-08-11T22:32:29.020716,52.811,0.41856,0.402846,0.410703,0.373025,OPEN,0,0.0,1
2026-08-11T22:32:29.067197,52.8564,0.421791,0.423415,0.422603,0.390377,OPEN,0,0.0,1
2026-08-11T22:32:29.217626,53.0036,0.407203,0.427308,0.417255,0.399785,OPEN,0,0.0,1
2026-08-11T22:32:29.286112,53.0756,0.430007,0.442986,0.436496,0.412634,OPEN,0,0.0,1
2026-08-11T22:32:29.313358,53.1003,0.435475,0.446994,0.441234,0.422644,OPEN,0,0.0,1
2026-08-11T22:32:29.338311,53.1273,0.438066,0.449012,0.443539,0.429957,OPEN,0,0.0,1
2026-08-11T22:32:29.365317,53.1532,0.439153,0.449948,0.44455,0.435065,OPEN,0,0.0,1
2026-08-11T22:32:29.392925,53.18,0.437508,0.453491,0.445499,0.438717,OPEN,0,0.0,1
2026-08-11T22:32:29.419174,53.2072,0.439811,0.454711,0.447261,0.441707,OPEN,0,0.0,1
2026-08-11T22:32:29.442548,53.2332,0.440327,0.455756,0.448041,0.443924,OPEN,0,0.0,1
2026-08-11T22:32:29.466031,53.2565,0.425404,0.453668,0.439536,0.442388,OPEN,0,0.0,1
2026-08-11T22:32:29.488836,53.2797,0.417104,0.450362,0.433733,0.439359,OPEN,0,0.0,1
2026-08-11T22:32:29.569361,53.3596,0.42784,0.44875,0.438295,0.438986,OPEN,0,0.0,1
2026-08-11T22:32:29.591273,53.3821,0.43031,0.447928,0.439119,0.439033,OPEN,0,0.0,1
2026-08-11T22:32:29.615856,53.405,0.433968,0.447818,0.440893,0.439684,OPEN,0,0.0,1
2026-08-11T22:32:29.673746,53.4651,0.42244,0.433344,0.427892,0.435557,OPEN,0,0.0,1
2026-08-11T22:32:29.697539,53.4875,0.421747,0.42946,0.425604,0.432073,OPEN,0,0.0,1
2026-08-11T22:32:29.722910,53.5116,0.419688,0.423496,0.421592,0.428405,OPEN,0,0.0,1
2026-08-11T22:32:29.748278,53.5364,0.418704,0.419728,0.419216,0.425189,OPEN,0,0.0,1
2026-08-11T22:32:29.777358,53.5645,0.346957,0.300264,0.323611,0.389636,OPEN,0,0.0,1
2026-08-11T22:32:29.799875,53.5911,0.316796,0.253132,0.284964,0.353001,OPEN,0,0.0,1
2026-08-11T22:32:29.822163,53.6135,0.309244,0.244125,0.276684,0.32629,OPEN,0,0.0,1
2026-08-11T22:32:29.865893,53.6565,0.355546,0.352495,0.35402,0.335996,OPEN,0,0.0,1
2026-08-11T22:32:29.889036,53.6794,0.362174,0.367797,0.364986,0.346142,OPEN,0,0.0,1
2026-08-11T22:32:29.973274,53.7631,0.388961,0.401794,0.395377,0.363375,OPEN,0,0.0,1
2026-08-11T22:32:29.999606,53.7873,0.396362,0.409455,0.402908,0.377211,OPEN,0,0.0,1
2026-08-11T22:32:30.029833,53.8159,0.405694,0.415517,0.410606,0.388899,OPEN,0,0.0,1
2026-08-11T22:32:30.057716,53.8435,0.411971,0.41966,0.415816,0.39832,OPEN,0,0.0,1
2026-08-11T22:32:30.090259,53.8775,0.384159,0.334838,0.359499,0.384733,OPEN,0,0.0,1
2026-08-11T22:32:30.117394,53.9034,0.371191,0.301506,0.336348,0.367798,OPEN,0,0.0,1
2026-08-11T22:32:30.142363,53.9305,0.365772,0.28762,0.326696,0.353412,OPEN,0,0.0,1
2026-08-11T22:32:30.176337,53.9641,0.403431,0.392475,0.397953,0.369001,OPEN,0,0.0,1
2026-08-11T22:32:30.200126,53.9899,0.428392,0.430311,0.429351,0.390124,OPEN,0,0.0,1
2026-08-11T22:32:30.230910,54.0222,0.434414,0.445499,0.439957,0.407565,OPEN,0,0.0,1
2026-08-11T22:32:30.270865,54.0602,0.444327,0.447514,0.44592,0.42099,OPEN,0,0.0,1
2026-08-11T22:32:30.291297,54.0835,0.450355,0.448848,0.449601,0.431004,OPEN,0,0.0,1
2026-08-11T22:32:30.364569,54.1537,0.341191,0.278779,0.309985,0.388647,OPEN,0,0.0,1
2026-08-11T22:32:30.388647,54.1782,0.328752,0.253954,0.291353,0.354594,OPEN,0,0.0,1
2026-08-11T22:32:30.412192,54.2026,0.316226,0.23544,0.275833,0.327028,OPEN,0,0.0,1
2026-08-11T22:32:30.434149,54.2249,0.316021,0.230437,0.273229,0.308198,OPEN,0,0.0,1
2026-08-11T22:32:30.476898,54.2687,0.302115,0.23242,0.267268,0.293872,OPEN,0,0.0,1
2026-08-11T22:32:30.513410,54.3036,0.301264,0.232047,0.266656,0.284347,OPEN,0,0.0,1
2026-08-11T22:32:30.536017,54.3262,0.29649,0.226394,0.261442,0.27633,OPEN,0,0.0,1
2026-08-11T22:32:30.565604,54.3577,0.388689,0.391553,0.390121,0.316157,OPEN,0,0.0,1
2026-08-11T22:32:30.587354,54.3791,0.410133,0.430238,0.420185,0.352567,OPEN,0,0.0,1
2026-08-11T22:32:30.611410,54.4021,0.419349,0.442665,0.431007,0.380021,OPEN,0,0.0,1
2026-08-11T22:32:30.667822,54.4579,0.36244,0.299443,0.330941,0.362843,OPEN,0,0.0,1
2026-08-11T22:32:30.702404,54.4922,0.337168,0.297213,0.317191,0.346865,OPEN,0,0.0,1
2026-08-11T22:32:30.766747,54.5567,0.290502,0.260809,0.275655,0.321941,OPEN,0,0.0,1
2026-08-11T22:32:30.787855,54.5793,0.273692,0.251782,0.262737,0.30122,OPEN,0,0.0,1
2026-08-11T22:32:30.811809,54.602,0.263327,0.246281,0.254804,0.284974,OPEN,0,0.0,1
2026-08-11T22:32:30.834170,54.6255,0.257806,0.244214,0.25101,0.273087,OPEN,0,0.0,1
2026-08-11T22:32:30.872206,54.663,0.307454,0.323554,0.315504,0.287933,OPEN,0,0.0,1
2026-08-11T22:32:30.906000,54.6965,0.317406,0.352845,0.335126,0.30445,OPEN,0,0.0,1
2026-08-11T22:32:30.939397,54.7294,0.319283,0.363834,0.341559,0.317438,OPEN,0,0.0,1
2026-08-11T22:32:30.969210,54.7594,0.32502,0.369643,0.347331,0.327901,OPEN,0,0.0,1
2026-08-11T22:32:30.990483,54.7818,0.329715,0.375417,0.352566,0.336534,OPEN,0,0.0,1
2026-08-11T22:32:31.011202,54.8031,0.330669,0.376709,0.353689,0.342538,OPEN,0,0.0,1
2026-08-11T22:32:31.072950,54.8636,0.264956,0.20312,0.234038,0.304563,OPEN,0,0.0,1
2026-08-11T22:32:31.108228,54.8987,0.266863,0.176088,0.221475,0.275482,OPEN,0,0.0,1
2026-08-11T22:32:31.180493,54.9699,0.330071,0.270518,0.300294,0.284167,OPEN,0,0.0,1
2026-08-11T22:32:31.205633,54.9945,0.343631,0.289229,0.31643,0.295459,OPEN,0,0.0,1
2026-08-11T22:32:31.231884,55.0195,0.35136,0.302037,0.326699,0.306393,OPEN,0,0.0,1
2026-08-11T22:32:31.268417,55.0458,0.35644,0.311756,0.334098,0.31609,OPEN,0,0.0,1
2026-08-11T22:32:31.291992,55.0829,0.358712,0.322053,0.340382,0.324592,OPEN,0,0.0,1
2026-08-11T22:32:31.316125,55.1058,0.358035,0.324064,0.34105,0.330352,OPEN,0,0.0,1
2026-08-11T22:32:31.339478,55.1298,0.349749,0.32518,0.337465,0.332842,OPEN,0,0.0,1
2026-08-11T22:32:31.369594,55.1586,0.258414,0.203289,0.230852,0.297145,OPEN,0,0.0,1
2026-08-11T22:32:31.391681,55.1824,0.24119,0.172184,0.206687,0.265485,OPEN,0,0.0,1
2026-08-11T22:32:31.414174,55.2045,0.235942,0.158376,0.197159,0.241571,CLOSING,0,0.0,1
2026-08-11T22:32:31.467407,55.2577,0.319784,0.252031,0.285908,0.257089,OPEN,0,0.0,1
2026-08-11T22:32:31.490551,55.2811,0.340721,0.283134,0.311928,0.276282,OPEN,0,0.0,1
2026-08-11T22:32:31.590889,55.3806,0.372344,0.387353,0.379849,0.31253,OPEN,0,0.0,1
2026-08-11T22:32:31.618840,55.4048,0.382374,0.398344,0.390359,0.33977,OPEN,0,0.0,1
2026-08-11T22:32:31.646741,55.4329,0.388387,0.40615,0.397269,0.359895,OPEN,0,0.0,1
2026-08-11T22:32:31.674517,55.4619,0.39038,0.408849,0.399614,0.373797,OPEN,0,0.0,1
2026-08-11T22:32:31.697119,55.4872,0.398966,0.412916,0.405941,0.385047,OPEN,0,0.0,1
2026-08-11T22:32:31.720767,55.5102,0.401417,0.414382,0.4079,0.393046,OPEN,0,0.0,1
2026-08-11T22:32:31.746573,55.5348,0.403483,0.415932,0.409708,0.398877,OPEN,0,0.0,1
2026-08-11T22:32:31.770475,55.5606,0.262742,0.223681,0.243211,0.344394,OPEN,0,0.0,1
2026-08-11T22:32:31.793921,55.5836,0.226824,0.180317,0.203571,0.295106,OPEN,0,0.0,1
2026-08-11T22:32:31.820864,55.6075,0.21773,0.168986,0.193358,0.259494,OPEN,0,0.0,1
2026-08-11T22:32:31.870037,55.6605,0.289847,0.19101,0.240428,0.252821,OPEN,0,0.0,1
2026-08-11T22:32:31.904650,55.6949,0.325058,0.213909,0.269483,0.258653,OPEN,0,0.0,1
2026-08-11T22:32:31.979024,55.7694,0.354935,0.294013,0.324474,0.28169,OPEN,0,0.0,1
2026-08-11T22:32:32.003327,55.7918,0.362121,0.313473,0.337797,0.301328,OPEN,0,0.0,1
2026-08-11T22:32:32.025912,55.816,0.364516,0.330699,0.347607,0.317525,OPEN,0,0.0,1
2026-08-11T22:32:32.048069,55.8384,0.36646,0.340622,0.353541,0.330131,OPEN,0,0.0,1
2026-08-11T22:32:32.077657,55.8695,0.237951,0.20036,0.219155,0.29129,OPEN,0,0.0,1
2026-08-11T22:32:32.099665,55.8903,0.235862,0.201416,0.218639,0.265862,OPEN,0,0.0,1
2026-08-11T22:32:32.135542,55.9253,0.240857,0.207649,0.224253,0.251299,OPEN,0,0.0,1
2026-08-11T22:32:32.169339,55.9602,0.296459,0.29498,0.29572,0.266846,OPEN,0,0.0,1
2026-08-11T22:32:32.190317,55.9822,0.302333,0.306203,0.304268,0.279944,OPEN,0,0.0,1
2026-08-11T22:32:32.212221,56.0029,0.314905,0.320841,0.317873,0.293219,OPEN,0,0.0,1
2026-08-11T22:32:32.272831,56.0631,0.389115,0.395859,0.392487,0.327963,OPEN,0,0.0,1
2026-08-11T22:32:32.307550,56.0972,0.381999,0.404504,0.393251,0.350814,OPEN,0,0.0,1
2026-08-11T22:32:32.340591,56.1307,0.381711,0.404355,0.393033,0.365591,OPEN,0,0.0,1
2026-08-11T22:32:32.378665,56.1697,0.468087,0.481397,0.474742,0.403794,OPEN,0,0.0,1
2026-08-11T22:32:32.415333,56.2044,0.462179,0.474331,0.468255,0.426355,OPEN,0,0.0,1
2026-08-11T22:32:32.442530,56.229,0.457645,0.464322,0.460983,0.438475,OPEN,0,0.0,1
2026-08-11T22:32:32.476510,56.2633,0.446991,0.458372,0.452681,0.443447,OPEN,0,0.0,1
2026-08-11T22:32:32.503994,56.2903,0.446426,0.458764,0.452595,0.446649,OPEN,0,0.0,1
2026-08-11T22:32:32.531656,56.3189,0.447138,0.459041,0.453089,0.448903,OPEN,0,0.0,1
2026-08-11T22:32:32.576998,56.3646,0.456218,0.470441,0.46333,0.453952,OPEN,0,0.0,1
2026-08-11T22:32:32.603155,56.39,0.449808,0.468355,0.459081,0.455747,OPEN,0,0.0,1
2026-08-11T22:32:32.626962,56.4161,0.438747,0.463788,0.451268,0.45418,OPEN,0,0.0,1
2026-08-11T22:32:32.663888,56.4543,0.463191,0.478846,0.471018,0.460073,OPEN,0,0.0,1
2026-08-11T22:32:32.690713,56.4779,0.481828,0.492743,0.487285,0.469597,OPEN,0,0.0,1
2026-08-11T22:32:32.714769,56.5043,0.488639,0.498278,0.493458,0.477949,OPEN,0,0.0,1
2026-08-11T22:32:32.786593,56.5753,0.569596,0.568371,0.568984,0.509811,OPEN,0,0.0,1
2026-08-11T22:32:32.820380,56.6097,0.564372,0.57992,0.572146,0.531628,OPEN,0,0.0,1
2026-08-11T22:32:32.843114,56.6342,0.568142,0.588611,0.578376,0.54799,OPEN,0,0.0,1
2026-08-11T22:32:32.873569,56.663,0.533062,0.550607,0.541835,0.545836,OPEN,0,0.0,1
2026-08-11T22:32:32.896122,56.6872,0.544372,0.560401,0.552386,0.548128,OPEN,0,0.0,1
2026-08-11T22:32:32.919193,56.7096,0.552408,0.571299,0.561854,0.552932,OPEN,0,0.0,1
2026-08-11T22:32:32.971597,56.7613,0.520272,0.513723,0.516997,0.540355,OPEN,0,0.0,1
2026-08-11T22:32:33.006267,56.7954,0.515072,0.498444,0.506758,0.528596,OPEN,0,0.0,1
2026-08-11T22:32:33.031756,56.8203,0.509338,0.489842,0.49959,0.518444,OPEN,0,0.0,1
2026-08-11T22:32:33.068709,56.8599,0.508638,0.478113,0.493375,0.50967,OPEN,0,0.0,1
2026-08-11T22:32:33.091498,56.8815,0.504905,0.473677,0.489291,0.502537,OPEN,0,0.0,1
2026-08-11T22:32:33.113307,56.9042,0.502683,0.473265,0.487974,0.49744,OPEN,0,0.0,1
2026-08-11T22:32:33.180624,56.969,0.507493,0.48173,0.494612,0.49645,OPEN,0,0.0,1
2026-08-11T22:32:33.204338,56.9943,0.509149,0.482067,0.495608,0.496155,OPEN,0,0.0,1
2026-08-11T22:32:33.229287,57.0181,0.512745,0.485592,0.499168,0.49721,OPEN,0,0.0,1
2026-08-11T22:32:33.274863,57.0649,0.456667,0.441017,0.448842,0.480281,OPEN,0,0.0,1
2026-08-11T22:32:33.309649,57.099,0.47027,0.437785,0.454027,0.471092,OPEN,0,0.0,1
2026-08-11T22:32:33.343180,57.1333,0.461943,0.437094,0.449519,0.463542,OPEN,0,0.0,1
2026-08-11T22:32:33.371566,57.1634,0.276941,0.297974,0.287457,0.401912,OPEN,0,0.0,1
2026-08-11T22:32:33.393805,57.185,0.270219,0.281541,0.27588,0.357801,OPEN,0,0.0,1
2026-08-11T22:32:33.415379,57.2072,0.282002,0.281735,0.281869,0.331225,OPEN,0,0.0,1
2026-08-11T22:32:33.480706,57.2721,0.343071,0.340743,0.341907,0.334964,OPEN,0,0.0,1
2026-08-11T22:32:33.516249,57.306,0.348742,0.370676,0.359709,0.343625,OPEN,0,0.0,1
2026-08-11T22:32:33.551346,57.3413,0.350701,0.378643,0.364672,0.350991,OPEN,0,0.0,1
2026-08-11T22:32:33.580904,57.3716,0.373172,0.405385,0.389279,0.364392,OPEN,0,0.0,1
2026-08-11T22:32:33.603846,57.3944,0.380068,0.41567,0.397869,0.376109,OPEN,0,0.0,1
2026-08-11T22:32:33.625529,57.4174,0.374188,0.415669,0.394929,0.382696,OPEN,0,0.0,1
2026-08-11T22:32:33.674949,57.4638,0.390514,0.41005,0.400282,0.388851,OPEN,0,0.0,1
2026-08-11T22:32:33.698865,57.4883,0.379741,0.401693,0.390717,0.389504,OPEN,0,0.0,1
2026-08-11T22:32:33.721764,57.5123,0.378428,0.401502,0.389965,0.389666,OPEN,0,0.0,1
2026-08-11T22:32:33.769707,57.5597,0.387695,0.40406,0.395877,0.39184,OPEN,0,0.0,1
2026-08-11T22:32:33.791568,57.5824,0.400984,0.413475,0.40723,0.397226,OPEN,0,0.0,1
2026-08-11T22:32:33.828292,57.618,0.402286,0.415921,0.409103,0.401383,OPEN,0,0.0,1
2026-08-11T22:32:33.885282,57.6768,0.399395,0.416362,0.407879,0.403657,OPEN,0,0.0,1
2026-08-11T22:32:33.920619,57.7105,0.398643,0.421886,0.410264,0.405969,OPEN,0,0.0,1
2026-08-11T22:32:33.946534,57.7341,0.400346,0.423714,0.41203,0.40809,OPEN,0,0.0,1
2026-08-11T22:32:33.976414,57.7671,0.216952,0.263636,0.240294,0.349362,OPEN,0,0.0,1
2026-08-11T22:32:34.009069,57.8002,0.199262,0.241656,0.220459,0.304246,OPEN,0,0.0,1
2026-08-11T22:32:34.032262,57.8225,0.191037,0.233194,0.212116,0.272,OPEN,0,0.0,1
2026-08-11T22:32:34.071822,57.8636,0.167902,0.17936,0.173631,0.237571,CLOSING,0,0.0,1
2026-08-11T22:32:34.094105,57.8842,0.156158,0.166663,0.161411,0.210915,CLOSING,0,0.0,1
2026-08-11T22:32:34.115902,57.9075,0.158271,0.166304,0.162287,0.193895,CLOSING,0,0.0,1
2026-08-11T22:32:34.174255,57.965,0.161063,0.166284,0.163673,0.183318,CLOSED,0,0.0,1
2026-08-11T22:32:34.197652,57.9878,0.164863,0.166543,0.165703,0.177153,CLOSED,0,0.0,1
2026-08-11T22:32:34.219390,58.0111,0.165522,0.165851,0.165687,0.17314,CLOSED,0,0.0,1
2026-08-11T22:32:34.284169,58.0738,0.230857,0.194678,0.212767,0.187009,CLOSED,0,0.0,1
2026-08-11T22:32:34.318311,58.1084,0.243765,0.201292,0.222528,0.199441,CLOSED,0,0.0,1
2026-08-11T22:32:34.354465,58.1433,0.250351,0.207986,0.229169,0.209846,CLOSED,0,0.0,1
2026-08-11T22:32:34.381457,58.1716,0.320497,0.334728,0.327613,0.251064,OPENING,0,0.0,1
2026-08-11T22:32:34.415467,58.2054,0.346104,0.372859,0.359482,0.28901,OPEN,1,0.34181,1
2026-08-11T22:32:34.452876,58.2399,0.360052,0.384388,0.37222,0.318134,OPEN,0,0.0,1
2026-08-11T22:32:34.481886,58.2728,0.396482,0.394154,0.395318,0.345148,OPEN,0,0.0,1
2026-08-11T22:32:34.518614,58.3078,0.407106,0.396781,0.401944,0.365027,OPEN,0,0.0,1
2026-08-11T22:32:34.557874,58.3428,0.412383,0.39969,0.406036,0.37938,OPEN,0,0.0,1
2026-08-11T22:32:34.588228,58.3784,0.413074,0.40351,0.408292,0.389499,OPEN,0,0.0,1
2026-08-11T22:32:34.623866,58.4131,0.41217,0.404737,0.408453,0.396133,OPEN,0,0.0,1
2026-08-11T22:32:34.657970,58.4475,0.41224,0.406991,0.409615,0.400852,OPEN,0,0.0,1
2026-08-11T22:32:34.680730,58.47,0.426804,0.412795,0.419799,0.407483,OPEN,0,0.0,1
2026-08-11T22:32:34.704358,58.4943,0.431048,0.416089,0.423568,0.413113,OPEN,0,0.0,1
2026-08-11T22:32:34.738591,58.5285,0.43459,0.41984,0.427215,0.418049,OPEN,0,0.0,1
2026-08-11T22:32:34.778577,58.5664,0.437097,0.424848,0.430973,0.422572,OPEN,0,0.0,1
2026-08-11T22:32:34.800165,58.5921,0.448342,0.430294,0.439318,0.428433,OPEN,0,0.0,1
2026-08-11T22:32:34.837546,58.6266,0.455056,0.43491,0.444983,0.434226,OPEN,0,0.0,1
2026-08-11T22:32:34.876393,58.6677,0.449675,0.438071,0.443873,0.437602,OPEN,0,0.0,1
2026-08-11T22:32:34.901284,58.6899,0.445135,0.435889,0.440512,0.438621,OPEN,0,0.0,1
2026-08-11T22:32:34.925177,58.7145,0.439663,0.43198,0.435821,0.437641,OPEN,0,0.0,1
2026-08-11T22:32:34.971495,58.7591,0.4353,0.429548,0.432424,0.435815,OPEN,0,0.0,1
2026-08-11T22:32:34.994489,58.785,0.431465,0.428431,0.429948,0.433762,OPEN,0,0.0,1
2026-08-11T22:32:35.015704,58.8079,0.42951,0.427423,0.428466,0.431908,OPEN,0,0.0,1
2026-08-11T22:32:35.091219,58.8789,0.407157,0.417377,0.412267,0.425034,OPEN,0,0.0,1
2026-08-11T22:32:35.113373,58.9039,0.410935,0.418135,0.414535,0.421359,OPEN,0,0.0,1
2026-08-11T22:32:35.136976,58.927,0.414675,0.418851,0.416763,0.419751,OPEN,0,0.0,1
2026-08-11T22:32:35.180087,58.9694,0.425106,0.423799,0.424452,0.421396,OPEN,0,0.0,1
2026-08-11T22:32:35.203245,58.9941,0.428578,0.423332,0.425955,0.422992,OPEN,0,0.0,1
2026-08-11T22:32:35.226417,59.016,0.430662,0.423614,0.427138,0.424443,OPEN,0,0.0,1
2026-08-11T22:32:35.272533,59.0634,0.416417,0.420742,0.41858,0.422391,OPEN,0,0.0,1
2026-08-11T22:32:35.294465,59.0852,0.412881,0.413543,0.413212,0.419178,OPEN,0,0.0,1
2026-08-11T22:32:35.316790,59.1073,0.408801,0.411169,0.409985,0.415961,OPEN,0,0.0,1
2026-08-11T22:32:35.374703,59.166,0.218393,0.210366,0.214379,0.345407,OPEN,0,0.0,1
2026-08-11T22:32:35.397449,59.1874,0.200115,0.182562,0.191339,0.291483,OPEN,0,0.0,1
2026-08-11T22:32:35.429850,59.2209,0.193907,0.167994,0.18095,0.252797,OPEN,0,0.0,1
2026-08-11T22:32:35.481637,59.2724,0.225738,0.149106,0.187422,0.229915,CLOSING,0,0.0,1
2026-08-11T22:32:35.503415,59.2943,0.236435,0.160977,0.198706,0.218992,CLOSING,0,0.0,1
2026-08-11T22:32:35.526091,59.3165,0.242663,0.160449,0.201556,0.212889,CLOSING,0,0.0,1
2026-08-11T22:32:35.578748,59.3687,0.288867,0.250624,0.269746,0.232789,CLOSED,0,0.0,1
2026-08-11T22:32:35.601144,59.3914,0.292323,0.292459,0.292391,0.25365,OPENING,0,0.0,1
2026-08-11T22:32:35.622988,59.4138,0.292424,0.316926,0.304675,0.271509,OPEN,1,0.141468,1
2026-08-11T22:32:35.682761,59.4717,0.350526,0.394188,0.372357,0.306805,OPEN,0,0.0,1
2026-08-11T22:32:35.705669,59.4957,0.369949,0.411886,0.390917,0.336245,OPEN,0,0.0,1
2026-08-11T22:32:35.728673,59.5183,0.37579,0.411841,0.393816,0.356394,OPEN,0,0.0,1
2026-08-11T22:32:35.787656,59.5779,0.38796,0.401879,0.39492,0.369878,OPEN,0,0.0,1
2026-08-11T22:32:35.810203,59.6005,0.39025,0.401485,0.395868,0.378975,OPEN,0,0.0,1
2026-08-11T22:32:35.832531,59.6229,0.392971,0.401468,0.39722,0.38536,OPEN,0,0.0,1
2026-08-11T22:32:35.884136,59.6745,0.41804,0.414538,0.416289,0.396185,OPEN,0,0.0,1
2026-08-11T22:32:35.906110,59.6969,0.421151,0.415992,0.418571,0.40402,OPEN,0,0.0,1
2026-08-11T22:32:35.928426,59.7187,0.423034,0.416907,0.41997,0.409603,OPEN,0,0.0,1
2026-08-11T22:32:35.975359,59.7664,0.417689,0.413182,0.415436,0.411644,OPEN,0,0.0,1
2026-08-11T22:32:35.997380,59.788,0.416557,0.411906,0.414231,0.41255,OPEN,0,0.0,1
2026-08-11T22:32:36.020328,59.8111,0.416155,0.410847,0.413501,0.412883,OPEN,0,0.0,1
2026-08-11T22:32:36.074736,59.8649,0.406811,0.416403,0.411607,0.412436,OPEN,0,0.0,1
2026-08-11T22:32:36.097031,59.8874,0.405253,0.416372,0.410813,0.411868,OPEN,0,0.0,1
2026-08-11T22:32:36.118867,59.9097,0.403545,0.417425,0.410485,0.411384,OPEN,0,0.0,1
2026-08-11T22:32:36.193485,59.9821,0.420021,0.423558,0.42179,0.415026,OPEN,0,0.0,1
2026-08-11T22:32:36.215782,60.0065,0.421962,0.422959,0.422461,0.417628,OPEN,0,0.0,1
