timestamp,elapsed_seconds,left_ear,right_ear,average_ear,smoothed_ear,eye_state,blink_event,blink_duration,face_detected
2026-08-11T22:34:43.082261,0.5181,0.415239,0.386313,0.400776,0.400776,OPEN,0,0.0,1
2026-08-11T22:34:43.208224,0.6526,0.389631,0.378179,0.383905,0.394871,OPEN,0,0.0,1
2026-08-11T22:34:43.239054,0.6848,0.394445,0.386406,0.390425,0.393315,OPEN,0,0.0,1
2026-08-11T22:34:43.262705,0.7098,0.402126,0.391128,0.396627,0.394474,OPEN,0,0.0,1
2026-08-11T22:34:43.303597,0.7492,0.399204,0.384491,0.391848,0.393555,OPEN,0,0.0,1
2026-08-11T22:34:43.333925,0.7814,0.396209,0.380832,0.388521,0.391793,OPEN,0,0.0,1
2026-08-11T22:34:43.357589,0.8049,0.393966,0.37904,0.386503,0.389942,OPEN,0,0.0,1
2026-08-11T22:34:43.414481,0.8597,0.405471,0.391196,0.398334,0.392879,OPEN,0,0.0,1
2026-08-11T22:34:43.436608,0.8835,0.411301,0.395489,0.403395,0.39656,OPEN,0,0.0,1
2026-08-11T22:34:43.460748,0.9076,0.415861,0.398921,0.407391,0.400351,OPEN,0,0.0,1
2026-08-11T22:34:43.510227,0.9581,0.413369,0.395662,0.404516,0.401808,OPEN,0,0.0,1
2026-08-11T22:34:43.532568,0.9793,0.411221,0.392007,0.401614,0.40174,OPEN,0,0.0,1
2026-08-11T22:34:43.566180,1.0133,0.409414,0.389271,0.399343,0.400901,OPEN,0,0.0,1
2026-08-11T22:34:43.604227,1.0509,0.412032,0.391615,0.401824,0.401224,OPEN,0,0.0,1
2026-08-11T22:34:43.636889,1.0844,0.412033,0.390829,0.401431,0.401297,OPEN,0,0.0,1
2026-08-11T22:34:43.671964,1.117,0.412083,0.391654,0.401868,0.401497,OPEN,0,0.0,1
2026-08-11T22:34:43.706998,1.1532,0.403174,0.401313,0.402243,0.401758,OPEN,0,0.0,1
2026-08-11T22:34:43.730329,1.1763,0.399001,0.403061,0.401031,0.401504,OPEN,0,0.0,1
2026-08-11T22:34:43.765273,1.2112,0.39443,0.401169,0.3978,0.400207,OPEN,0,0.0,1
2026-08-11T22:34:43.811248,1.259,0.400814,0.402689,0.401752,0.400748,OPEN,0,0.0,1
2026-08-11T22:34:43.849898,1.2925,0.405015,0.405641,0.405328,0.402351,OPEN,0,0.0,1
2026-08-11T22:34:43.879610,1.3261,0.40762,0.405128,0.406374,0.403759,OPEN,0,0.0,1
2026-08-11T22:34:43.914524,1.3604,0.405749,0.40712,0.406435,0.404695,OPEN,0,0.0,1
2026-08-11T22:34:43.951269,1.3941,0.406118,0.410973,0.408545,0.406043,OPEN,0,0.0,1
2026-08-11T22:34:43.982249,1.4277,0.405936,0.411461,0.408699,0.406972,OPEN,0,0.0,1
2026-08-11T22:34:44.010732,1.4572,0.411023,0.41481,0.412916,0.409053,OPEN,0,0.0,1
2026-08-11T22:34:44.032619,1.4798,0.413483,0.416783,0.415133,0.411181,OPEN,0,0.0,1
2026-08-11T22:34:44.067653,1.5144,0.416219,0.418657,0.417438,0.413371,OPEN,0,0.0,1
2026-08-11T22:34:44.102614,1.5495,0.42888,0.433118,0.430999,0.419541,OPEN,0,0.0,1
2026-08-11T22:34:44.135506,1.5825,0.436514,0.440344,0.438429,0.426152,OPEN,0,0.0,1
2026-08-11T22:34:44.157342,1.6047,0.440359,0.443665,0.442012,0.431703,OPEN,0,0.0,1
2026-08-11T22:34:44.219168,1.6655,0.445592,0.445921,0.445757,0.436622,OPEN,0,0.0,1
2026-08-11T22:34:44.243329,1.6897,0.44668,0.446601,0.446641,0.440128,OPEN,0,0.0,1
2026-08-11T22:34:44.265109,1.7126,0.447669,0.447211,0.44744,0.442687,OPEN,0,0.0,1
2026-08-11T22:34:44.307598,1.7558,0.351523,0.240093,0.295808,0.39128,OPEN,0,0.0,1
2026-08-11T22:34:44.342593,1.7887,0.33611,0.221071,0.27859,0.351838,OPEN,0,0.0,1
2026-08-11T22:34:44.364850,1.8122,0.32741,0.214466,0.270938,0.323523,OPEN,0,0.0,1
2026-08-11T22:34:44.404802,1.8516,0.190839,0.182715,0.186777,0.275662,OPEN,0,0.0,1
2026-08-11T22:34:44.437131,1.8858,0.204984,0.190888,0.197936,0.248458,CLOSING,0,0.0,1
2026-08-11T22:34:44.473393,1.9201,0.210986,0.188051,0.199519,0.231329,CLOSING,0,0.0,1
2026-08-11T22:34:44.504077,1.953,0.367019,0.345551,0.356285,0.275064,OPEN,0,0.0,1
2026-08-11T22:34:44.537936,1.9863,0.405559,0.386053,0.395806,0.317324,OPEN,0,0.0,1
2026-08-11T22:34:44.576243,2.0218,0.41697,0.400608,0.408789,0.349336,OPEN,0,0.0,1
2026-08-11T22:34:44.615840,2.0607,0.448156,0.435081,0.441618,0.381635,OPEN,0,0.0,1
2026-08-11T22:34:44.645429,2.0938,0.454491,0.446008,0.450249,0.40565,OPEN,0,0.0,1
2026-08-11T22:34:44.680735,2.1278,0.455629,0.446868,0.451249,0.42161,OPEN,0,0.0,1
2026-08-11T22:34:44.714225,2.1615,0.468441,0.453692,0.461067,0.43542,OPEN,0,0.0,1
2026-08-11T22:34:44.748483,2.1948,0.471815,0.456655,0.464235,0.445505,OPEN,0,0.0,1
2026-08-11T22:34:44.781397,2.2275,0.47261,0.458525,0.465568,0.452527,OPEN,0,0.0,1
2026-08-11T22:34:44.809157,2.2568,0.464446,0.455299,0.459873,0.455098,OPEN,0,0.0,1
2026-08-11T22:34:44.841753,2.2901,0.459926,0.455057,0.457492,0.455936,OPEN,0,0.0,1
2026-08-11T22:34:44.877565,2.3238,0.456681,0.454698,0.45569,0.45585,OPEN,0,0.0,1
2026-08-11T22:34:44.917499,2.3635,0.458157,0.454348,0.456253,0.455991,OPEN,0,0.0,1
2026-08-11T22:34:44.949314,2.396,0.459079,0.454487,0.456783,0.456268,OPEN,0,0.0,1
2026-08-11T22:34:44.983555,2.4305,0.458634,0.454173,0.456404,0.456316,OPEN,0,0.0,1
2026-08-11T22:34:45.017803,2.4656,0.454433,0.45065,0.452542,0.454995,OPEN,0,0.0,1
2026-08-11T22:34:45.040959,2.4866,0.452611,0.44919,0.450901,0.453562,OPEN,0,0.0,1
2026-08-11T22:34:45.067270,2.5111,0.450583,0.447323,0.448953,0.451949,OPEN,0,0.0,1
2026-08-11T22:34:45.109286,2.5566,0.454575,0.456918,0.455746,0.453278,OPEN,0,0.0,1
2026-08-11T22:34:45.141333,2.5889,0.455607,0.459374,0.457491,0.454752,OPEN,0,0.0,1
2026-08-11T22:34:45.175111,2.6226,0.456259,0.460784,0.458521,0.456071,OPEN,0,0.0,1
2026-08-11T22:34:45.208347,2.6567,0.458442,0.462285,0.460364,0.457574,OPEN,0,0.0,1
2026-08-11T22:34:45.243453,2.6907,0.458198,0.461582,0.45989,0.458384,OPEN,0,0.0,1
2026-08-11T22:34:45.267436,2.7137,0.458201,0.461399,0.4598,0.45888,OPEN,0,0.0,1
2026-08-11T22:34:45.320831,2.7675,0.454345,0.437769,0.446057,0.454392,OPEN,0,0.0,1
2026-08-11T22:34:45.354596,2.8003,0.448462,0.426652,0.437557,0.4485,OPEN,0,0.0,1
2026-08-11T22:34:45.378377,2.8259,0.44649,0.424081,0.435285,0.443875,OPEN,0,0.0,1
2026-08-11T22:34:45.415600,2.86,0.060368,0.068856,0.064612,0.311133,OPEN,0,0.0,1
2026-08-11T22:34:45.438480,2.8853,0.018326,0.025661,0.021993,0.209934,CLOSING,0,0.0,1
2026-08-11T22:34:45.464065,2.909,0.012023,0.016106,0.014065,0.14138,CLOSING,0,0.0,1
2026-08-11T22:34:45.512376,2.9567,0.133272,0.112364,0.122818,0.134883,CLOSED,0,0.0,1
2026-08-11T22:34:45.535967,2.9823,0.177947,0.130327,0.154137,0.141622,CLOSED,0,0.0,1
2026-08-11T22:34:45.561952,3.0059,0.200511,0.16818,0.184346,0.156575,CLOSED,0,0.0,1
2026-08-11T22:34:45.609440,3.0563,0.318978,0.314135,0.316556,0.212569,CLOSED,0,0.0,1
2026-08-11T22:34:45.634031,3.0793,0.342304,0.345903,0.344103,0.258606,OPENING,0,0.0,1
2026-08-11T22:34:45.660569,3.1045,0.355003,0.36334,0.359172,0.293804,OPEN,1,0.219178,1
2026-08-11T22:34:45.718614,3.1638,0.411945,0.406911,0.409428,0.334272,OPEN,0,0.0,1
2026-08-11T22:34:45.740008,3.1875,0.421462,0.414993,0.418227,0.363657,OPEN,0,0.0,1
2026-08-11T22:34:45.764236,3.2094,0.425415,0.418185,0.4218,0.384007,OPEN,0,0.0,1
2026-08-11T22:34:45.817932,3.2647,0.42347,0.414611,0.41904,0.396268,OPEN,0,0.0,1
2026-08-11T22:34:45.841319,3.288,0.423344,0.413974,0.418659,0.404105,OPEN,0,0.0,1
2026-08-11T22:34:45.866692,3.3114,0.422431,0.41313,0.417781,0.408892,OPEN,0,0.0,1
2026-08-11T22:34:45.907462,3.3561,0.412915,0.407851,0.410383,0.409414,OPEN,0,0.0,1
2026-08-11T22:34:45.930673,3.3773,0.409371,0.405908,0.407639,0.408793,OPEN,0,0.0,1
2026-08-11T22:34:45.954974,3.4006,0.406522,0.404311,0.405417,0.407611,OPEN,0,0.0,1
2026-08-11T22:34:46.012413,3.4565,0.415307,0.414385,0.414846,0.410143,OPEN,0,0.0,1
2026-08-11T22:34:46.034256,3.482,0.418501,0.418431,0.418466,0.413056,OPEN,0,0.0,1
2026-08-11T22:34:46.059279,3.5041,0.420628,0.420379,0.420504,0.415663,OPEN,0,0.0,1
2026-08-11T22:34:46.118357,3.5655,0.420618,0.415214,0.417916,0.416451,OPEN,0,0.0,1
2026-08-11T22:34:46.142785,3.5885,0.418539,0.413687,0.416113,0.416333,OPEN,0,0.0,1
2026-08-11T22:34:46.177621,3.6243,0.417556,0.413191,0.415374,0.415997,OPEN,0,0.0,1
2026-08-11T22:34:46.217647,3.6618,0.41599,0.414347,0.415169,0.415707,OPEN,0,0.0,1
2026-08-11T22:34:46.242651,3.6877,0.415675,0.413962,0.414818,0.415396,OPEN,0,0.0,1
2026-08-11T22:34:46.276206,3.722,0.416189,0.414173,0.415181,0.415321,OPEN,0,0.0,1
2026-08-11T22:34:46.312031,3.7602,0.415804,0.416443,0.416124,0.415602,OPEN,0,0.0,1
2026-08-11T22:34:46.332577,3.7813,0.413556,0.416082,0.414819,0.415328,OPEN,0,0.0,1
2026-08-11T22:34:46.352346,3.8016,0.412605,0.415201,0.413903,0.414829,OPEN,0,0.0,1
2026-08-11T22:34:46.408400,3.853,0.421961,0.420981,0.421471,0.417154,OPEN,0,0.0,1
2026-08-11T22:34:46.431077,3.878,0.423551,0.419974,0.421762,0.418767,OPEN,0,0.0,1
2026-08-11T22:34:46.453460,3.9009,0.422395,0.419408,0.420902,0.419514,OPEN,0,0.0,1
2026-08-11T22:34:46.521587,3.9682,0.418484,0.41755,0.418017,0.41899,OPEN,0,0.0,1
2026-08-11T22:34:46.560212,4.0028,0.416224,0.413988,0.415106,0.417631,OPEN,0,0.0,1
2026-08-11T22:34:46.585235,4.0313,0.415033,0.41178,0.413406,0.416152,OPEN,0,0.0,1
2026-08-11T22:34:46.613908,4.0616,0.411644,0.400664,0.406154,0.412653,OPEN,0,0.0,1
2026-08-11T22:34:46.634598,4.0827,0.41014,0.398389,0.404265,0.409717,OPEN,0,0.0,1
2026-08-11T22:34:46.671158,4.1169,0.407854,0.397462,0.402658,0.407246,OPEN,0,0.0,1
2026-08-11T22:34:46.711188,4.1557,0.391716,0.392895,0.392306,0.402017,OPEN,0,0.0,1
2026-08-11T22:34:46.734006,4.1812,0.388611,0.390908,0.38976,0.397727,OPEN,0,0.0,1
2026-08-11T22:34:46.756285,4.2037,0.387094,0.391009,0.389051,0.394691,OPEN,0,0.0,1
2026-08-11T22:34:46.811486,4.2571,0.403802,0.401556,0.402679,0.397487,OPEN,0,0.0,1
2026-08-11T22:34:46.834676,4.2806,0.401816,0.397824,0.39982,0.398303,OPEN,0,0.0,1
2026-08-11T22:34:46.857978,4.3039,0.401928,0.395734,0.398831,0.398488,OPEN,0,0.0,1
2026-08-11T22:34:46.919137,4.3636,0.405176,0.401497,0.403336,0.400185,OPEN,0,0.0,1
2026-08-11T22:34:46.942517,4.3884,0.404337,0.401681,0.403009,0.401173,OPEN,0,0.0,1
2026-08-11T22:34:46.965796,4.412,0.403679,0.402247,0.402963,0.4018,OPEN,0,0.0,1
2026-08-11T22:34:47.014084,4.4607,0.404424,0.396387,0.400406,0.401312,OPEN,0,0.0,1
2026-08-11T22:34:47.035710,4.4833,0.404539,0.394875,0.399707,0.40075,OPEN,0,0.0,1
2026-08-11T22:34:47.060397,4.5079,0.405311,0.393314,0.399312,0.400247,OPEN,0,0.0,1
2026-08-11T22:34:47.116271,4.5614,0.400846,0.392614,0.39673,0.399016,OPEN,0,0.0,1
2026-08-11T22:34:47.141442,4.5869,0.400032,0.393144,0.396588,0.398166,OPEN,0,0.0,1
2026-08-11T22:34:47.163412,4.6105,0.399321,0.392625,0.395973,0.397399,OPEN,0,0.0,1
2026-08-11T22:34:47.221889,4.6684,0.409949,0.40523,0.40759,0.400965,OPEN,0,0.0,1
2026-08-11T22:34:47.247181,4.6916,0.413744,0.407697,0.410721,0.40438,OPEN,0,0.0,1
2026-08-11T22:34:47.268712,4.7169,0.415964,0.409965,0.412965,0.407385,OPEN,0,0.0,1
2026-08-11T22:34:47.322614,4.7694,0.405294,0.395879,0.400587,0.405005,OPEN,0,0.0,1
2026-08-11T22:34:47.358415,4.8039,0.405908,0.39323,0.399569,0.403103,OPEN,0,0.0,1
2026-08-11T22:34:47.392675,4.8387,0.405828,0.392065,0.398947,0.401648,OPEN,0,0.0,1
2026-08-11T22:34:47.425813,4.8718,0.40339,0.388021,0.395706,0.399568,OPEN,0,0.0,1
2026-08-11T22:34:47.457179,4.9036,0.400913,0.385032,0.392973,0.39726,OPEN,0,0.0,1
2026-08-11T22:34:47.480229,4.9272,0.399389,0.383348,0.391368,0.395198,OPEN,0,0.0,1
2026-08-11T22:34:47.513946,4.9613,0.111539,0.167808,0.139674,0.305764,OPEN,0,0.0,1
2026-08-11T22:34:47.536484,4.9838,0.087118,0.127364,0.107241,0.236281,CLOSING,0,0.0,1
2026-08-11T22:34:47.560513,5.0077,0.083332,0.120644,0.101988,0.189278,CLOSING,0,0.0,1
2026-08-11T22:34:47.627969,5.0726,0.164394,0.15351,0.158952,0.178664,CLOSED,0,0.0,1
2026-08-11T22:34:47.650833,5.0978,0.18981,0.168901,0.179355,0.178906,CLOSED,0,0.0,1
2026-08-11T22:34:47.674154,5.1208,0.202548,0.1703,0.186424,0.181537,CLOSED,0,0.0,1
2026-08-11T22:34:47.719516,5.1633,0.316841,0.298866,0.307853,0.225748,CLOSED,0,0.0,1
2026-08-11T22:34:47.744687,5.1905,0.347792,0.33312,0.340456,0.265896,OPENING,0,0.0,1
2026-08-11T22:34:47.770984,5.215,0.360729,0.347851,0.35429,0.296834,OPEN,1,0.231161,1
2026-08-11T22:34:47.814356,5.2596,0.404923,0.382238,0.393581,0.330695,OPEN,0,0.0,1
2026-08-11T22:34:47.838955,5.2847,0.415217,0.390849,0.403033,0.356013,OPEN,0,0.0,1
2026-08-11T22:34:47.861510,5.3093,0.419292,0.394846,0.407069,0.373883,OPEN,0,0.0,1
2026-08-11T22:34:47.913719,5.3609,0.430329,0.401049,0.415689,0.388515,OPEN,0,0.0,1
2026-08-11T22:34:47.947193,5.3949,0.433774,0.404165,0.418969,0.399174,OPEN,0,0.0,1
2026-08-11T22:34:47.969218,5.4168,0.433619,0.404728,0.419174,0.406174,OPEN,0,0.0,1
2026-08-11T22:34:48.020553,5.468,0.428064,0.406047,0.417055,0.409982,OPEN,0,0.0,1
2026-08-11T22:34:48.055260,5.5021,0.425593,0.405187,0.41539,0.411875,OPEN,0,0.0,1
2026-08-11T22:34:48.079709,5.5253,0.424343,0.405323,0.414833,0.41291,OPEN,0,0.0,1
2026-08-11T22:34:48.121661,5.5692,0.430282,0.408159,0.41922,0.415119,OPEN,0,0.0,1
2026-08-11T22:34:48.145977,5.5908,0.433897,0.411562,0.422729,0.417782,OPEN,0,0.0,1
2026-08-11T22:34:48.168385,5.6153,0.43637,0.414397,0.425383,0.420443,OPEN,0,0.0,1
2026-08-11T22:34:48.214396,5.6615,0.412843,0.399087,0.405965,0.415376,OPEN,0,0.0,1
2026-08-11T22:34:48.237733,5.6841,0.406708,0.391613,0.399161,0.4097,OPEN,0,0.0,1
2026-08-11T22:34:48.259083,5.7069,0.402148,0.386513,0.394331,0.404321,OPEN,0,0.0,1
2026-08-11T22:34:48.311409,5.7569,0.411765,0.402361,0.407063,0.405281,OPEN,0,0.0,1
2026-08-11T22:34:48.332839,5.7803,0.413381,0.402182,0.407782,0.406156,OPEN,0,0.0,1
2026-08-11T22:34:48.366948,5.8139,0.415012,0.402593,0.408802,0.407082,OPEN,0,0.0,1
2026-08-11T22:34:48.426584,5.8698,0.419545,0.405044,0.412295,0.408907,OPEN,0,0.0,1
2026-08-11T22:34:48.454221,5.8972,0.423133,0.407358,0.415246,0.411125,OPEN,0,0.0,1
2026-08-11T22:34:48.478090,5.9244,0.424472,0.408541,0.416506,0.413009,OPEN,0,0.0,1
2026-08-11T22:34:48.517762,5.9646,0.419174,0.405553,0.412364,0.412783,OPEN,0,0.0,1
2026-08-11T22:34:48.540967,5.9877,0.417684,0.403009,0.410347,0.41193,OPEN,0,0.0,1
2026-08-11T22:34:48.574148,6.0219,0.416911,0.40169,0.409301,0.41101,OPEN,0,0.0,1
2026-08-11T22:34:48.620643,6.0661,0.410812,0.396826,0.403819,0.408493,OPEN,0,0.0,1
2026-08-11T22:34:48.645031,6.091,0.411063,0.395302,0.403182,0.406634,OPEN,0,0.0,1
2026-08-11T22:34:48.679984,6.1245,0.40991,0.393823,0.401866,0.404965,OPEN,0,0.0,1
2026-08-11T22:34:48.710970,6.158,0.410797,0.395346,0.403072,0.404303,OPEN,0,0.0,1
2026-08-11T22:34:48.732668,6.18,0.410957,0.396054,0.403506,0.404024,OPEN,0,0.0,1
2026-08-11T22:34:48.754957,6.2018,0.410964,0.396699,0.403831,0.403956,OPEN,0,0.0,1
2026-08-11T22:34:48.845860,6.2739,0.415454,0.396218,0.405836,0.404614,OPEN,0,0.0,1
2026-08-11T22:34:48.878604,6.3171,0.420583,0.397147,0.408865,0.406102,OPEN,0,0.0,1
2026-08-11T22:34:48.902634,6.3482,0.423107,0.397399,0.410253,0.407555,OPEN,0,0.0,1
2026-08-11T22:34:48.926210,6.3727,0.422181,0.399895,0.411038,0.408774,OPEN,0,0.0,1
2026-08-11T22:34:48.948987,6.3961,0.422786,0.403029,0.412908,0.410221,OPEN,0,0.0,1
2026-08-11T22:34:48.972127,6.4191,0.423105,0.404851,0.413978,0.411536,OPEN,0,0.0,1
2026-08-11T22:34:49.015295,6.4604,0.419237,0.405152,0.412194,0.411766,OPEN,0,0.0,1
2026-08-11T22:34:49.038867,6.485,0.41462,0.400782,0.407701,0.410344,OPEN,0,0.0,1
2026-08-11T22:34:49.072185,6.5189,0.410443,0.39684,0.403642,0.407998,OPEN,0,0.0,1
2026-08-11T22:34:49.114083,6.5611,0.111318,0.15823,0.134774,0.31237,OPEN,0,0.0,1
2026-08-11T22:34:49.136702,6.5835,0.069604,0.081782,0.075693,0.229533,CLOSING,0,0.0,1
2026-08-11T22:34:49.159664,6.6071,0.064778,0.073842,0.06931,0.173455,CLOSING,0,0.0,1
2026-08-11T22:34:49.221515,6.6691,0.246845,0.234356,0.240601,0.196956,CLOSED,0,0.0,1
2026-08-11T22:34:49.245778,6.6913,0.297668,0.284376,0.291022,0.229879,CLOSED,0,0.0,1
2026-08-11T22:34:49.279292,6.726,0.331246,0.309638,0.320442,0.261576,OPENING,0,0.0,1
2026-08-11T22:34:49.315554,6.7636,0.375158,0.356422,0.36579,0.298051,OPEN,1,0.180166,1
2026-08-11T22:34:49.340600,6.7855,0.373948,0.358733,0.36634,0.321952,OPEN,0,0.0,1
2026-08-11T22:34:49.364708,6.8104,0.373403,0.359485,0.366444,0.337524,OPEN,0,0.0,1
2026-08-11T22:34:49.418020,6.8641,0.407856,0.378569,0.393213,0.357015,OPEN,0,0.0,1
2026-08-11T22:34:49.451370,6.8981,0.410258,0.380555,0.395407,0.370452,OPEN,0,0.0,1
2026-08-11T22:34:49.476659,6.9234,0.409264,0.381349,0.395307,0.379151,OPEN,0,0.0,1
2026-08-11T22:34:49.533727,6.9733,0.401342,0.379512,0.390427,0.383098,OPEN,0,0.0,1
2026-08-11T22:34:49.569057,7.0053,0.398219,0.381702,0.38996,0.3855,OPEN,0,0.0,1
2026-08-11T22:34:49.598122,7.0396,0.396571,0.383286,0.389928,0.38705,OPEN,0,0.0,1
2026-08-11T22:34:49.630960,7.0734,0.399872,0.389374,0.394623,0.3897,OPEN,0,0.0,1
2026-08-11T22:34:49.662103,7.1078,0.403301,0.39384,0.398571,0.392805,OPEN,0,0.0,1
2026-08-11T22:34:49.694955,7.1412,0.405449,0.396532,0.400991,0.39567,OPEN,0,0.0,1
2026-08-11T22:34:49.714427,7.1631,0.40623,0.39782,0.402025,0.397894,OPEN,0,0.0,1
2026-08-11T22:34:49.748994,7.1968,0.406901,0.399677,0.403289,0.399782,OPEN,0,0.0,1
2026-08-11T22:34:49.787989,7.2316,0.4078,0.400031,0.403916,0.401229,OPEN,0,0.0,1
2026-08-11T22:34:49.810239,7.2588,0.40914,0.402198,0.405669,0.402783,OPEN,0,0.0,1
2026-08-11T22:34:49.832930,7.28,0.410029,0.404403,0.407216,0.404335,OPEN,0,0.0,1
2026-08-11T22:34:49.856612,7.3028,0.410742,0.406009,0.408375,0.405749,OPEN,0,0.0,1
2026-08-11T22:34:49.927069,7.373,0.415822,0.409482,0.412652,0.408165,OPEN,0,0.0,1
2026-08-11T22:34:49.951501,7.3975,0.416823,0.409732,0.413278,0.409954,OPEN,0,0.0,1
2026-08-11T22:34:49.976622,7.4208,0.417954,0.410061,0.414008,0.411373,OPEN,0,0.0,1
2026-08-11T22:34:50.022546,7.4676,0.413458,0.405565,0.409512,0.410722,OPEN,0,0.0,1
2026-08-11T22:34:50.045688,7.4939,0.411473,0.403394,0.407433,0.409571,OPEN,0,0.0,1
2026-08-11T22:34:50.069600,7.5154,0.409637,0.401544,0.40559,0.408178,OPEN,0,0.0,1
2026-08-11T22:34:50.117494,7.5651,0.412407,0.400749,0.406578,0.407618,OPEN,0,0.0,1
2026-08-11T22:34:50.142155,7.5875,0.412862,0.400219,0.406541,0.407241,OPEN,0,0.0,1
2026-08-11T22:34:50.164482,7.6119,0.413271,0.399774,0.406522,0.406989,OPEN,0,0.0,1
2026-08-11T22:34:50.216337,7.6642,0.413257,0.402205,0.407731,0.407249,OPEN,0,0.0,1
2026-08-11T22:34:50.237954,7.686,0.412786,0.402599,0.407693,0.407404,OPEN,0,0.0,1
2026-08-11T22:34:50.263140,7.7084,0.412674,0.40308,0.407877,0.40757,OPEN,0,0.0,1
2026-08-11T22:34:50.326398,7.7711,0.413388,0.403328,0.408358,0.407846,OPEN,0,0.0,1
2026-08-11T22:34:50.352943,7.7958,0.413601,0.403454,0.408527,0.408084,OPEN,0,0.0,1
2026-08-11T22:34:50.376029,7.8232,0.413992,0.403545,0.408769,0.408324,OPEN,0,0.0,1
2026-08-11T22:34:50.424679,7.8718,0.415427,0.407255,0.411341,0.40938,OPEN,0,0.0,1
2026-08-11T22:34:50.447618,7.8947,0.416003,0.407931,0.411967,0.410285,OPEN,0,0.0,1
2026-08-11T22:34:50.469391,7.9173,0.416394,0.408236,0.412315,0.410996,OPEN,0,0.0,1
2026-08-11T22:34:50.516947,7.9654,0.410261,0.406751,0.408506,0.410124,OPEN,0,0.0,1
2026-08-11T22:34:50.540611,7.9871,0.409227,0.406526,0.407877,0.409338,OPEN,0,0.0,1
2026-08-11T22:34:50.562878,8.01,0.40815,0.406241,0.407195,0.408588,OPEN,0,0.0,1
2026-08-11T22:34:50.623006,8.0663,0.111554,0.103925,0.107739,0.303291,OPEN,0,0.0,1
2026-08-11T22:34:50.649836,8.0937,0.081087,0.064849,0.072968,0.222678,CLOSING,0,0.0,1
2026-08-11T22:34:50.672840,8.1199,0.075637,0.050792,0.063214,0.166866,CLOSING,0,0.0,1
2026-08-11T22:34:50.725748,8.1719,0.233466,0.193794,0.21363,0.183233,CLOSED,0,0.0,1
2026-08-11T22:34:50.749860,8.1955,0.294548,0.263297,0.278922,0.216724,CLOSED,0,0.0,1
2026-08-11T22:34:50.783970,8.2299,0.332343,0.301441,0.316892,0.251783,OPENING,0,0.0,1
2026-08-11T22:34:50.820764,8.2676,0.382916,0.373437,0.378177,0.296021,OPEN,1,0.173958,1
2026-08-11T22:34:50.855197,8.3017,0.397958,0.380519,0.389239,0.328647,OPEN,0,0.0,1
2026-08-11T22:34:50.875973,8.3239,0.398705,0.381146,0.389925,0.350094,OPEN,0,0.0,1
2026-08-11T22:34:50.923325,8.3706,0.428047,0.399739,0.413893,0.372424,OPEN,0,0.0,1
2026-08-11T22:34:50.955264,8.4034,0.435589,0.400051,0.41782,0.388312,OPEN,0,0.0,1
2026-08-11T22:34:50.978342,8.4251,0.431975,0.399351,0.415663,0.397885,OPEN,0,0.0,1
2026-08-11T22:34:51.013341,8.4616,0.428265,0.398449,0.413357,0.4033,OPEN,0,0.0,1
2026-08-11T22:34:51.049699,8.4959,0.424947,0.397954,0.41145,0.406153,OPEN,0,0.0,1
2026-08-11T22:34:51.074853,8.5197,0.423349,0.39781,0.410579,0.407702,OPEN,0,0.0,1
2026-08-11T22:34:51.130445,8.5769,0.416635,0.396167,0.406401,0.407247,OPEN,0,0.0,1
2026-08-11T22:34:51.155488,8.6007,0.415274,0.396645,0.405959,0.406796,OPEN,0,0.0,1
2026-08-11T22:34:51.177913,8.6244,0.413923,0.397073,0.405498,0.406342,OPEN,0,0.0,1
2026-08-11T22:34:51.222257,8.6678,0.414222,0.402462,0.408342,0.407042,OPEN,0,0.0,1
2026-08-11T22:34:51.245917,8.6923,0.415675,0.40588,0.410777,0.408349,OPEN,0,0.0,1
2026-08-11T22:34:51.268485,8.7156,0.417009,0.40815,0.41258,0.40983,OPEN,0,0.0,1
2026-08-11T22:34:51.318957,8.7661,0.418836,0.411309,0.415073,0.411665,OPEN,0,0.0,1
2026-08-11T22:34:51.341243,8.7892,0.420566,0.411635,0.4161,0.413217,OPEN,0,0.0,1
2026-08-11T22:34:51.377160,8.8231,0.422442,0.412284,0.417363,0.414668,OPEN,0,0.0,1
2026-08-11T22:34:51.415926,8.863,0.428724,0.417984,0.423354,0.417708,OPEN,0,0.0,1
2026-08-11T22:34:51.437581,8.8854,0.430694,0.419157,0.424926,0.420234,OPEN,0,0.0,1
2026-08-11T22:34:51.476445,8.92,0.432623,0.41989,0.426257,0.422342,OPEN,0,0.0,1
2026-08-11T22:34:51.526913,8.9734,0.437879,0.41699,0.427434,0.424124,OPEN,0,0.0,1
2026-08-11T22:34:51.550516,8.9962,0.439995,0.418289,0.429142,0.425881,OPEN,0,0.0,1
2026-08-11T22:34:51.573959,9.0198,0.441615,0.419024,0.43032,0.427434,OPEN,0,0.0,1
2026-08-11T22:34:51.625503,9.0696,0.4378,0.415427,0.426613,0.427147,OPEN,0,0.0,1
2026-08-11T22:34:51.649671,9.0952,0.436119,0.413503,0.424811,0.426329,OPEN,0,0.0,1
2026-08-11T22:34:51.673555,9.1197,0.435079,0.412288,0.423684,0.425403,OPEN,0,0.0,1
2026-08-11T22:34:51.723420,9.1702,0.43329,0.41006,0.421675,0.424098,OPEN,0,0.0,1
2026-08-11T22:34:51.746907,9.1935,0.43288,0.41082,0.42185,0.423311,OPEN,0,0.0,1
2026-08-11T22:34:51.780098,9.2277,0.432354,0.41173,0.422042,0.422867,OPEN,0,0.0,1
2026-08-11T22:34:51.828597,9.2749,0.428373,0.412671,0.420522,0.422046,OPEN,0,0.0,1
2026-08-11T22:34:51.865728,9.3097,0.425162,0.412636,0.418899,0.420945,OPEN,0,0.0,1
2026-08-11T22:34:51.890762,9.3361,0.4229,0.412594,0.417747,0.419826,OPEN,0,0.0,1
2026-08-11T22:34:51.931936,9.3784,0.11774,0.163458,0.140599,0.322096,OPEN,0,0.0,1
2026-08-11T22:34:51.953951,9.4013,0.099145,0.138866,0.119005,0.251014,OPEN,0,0.0,1
2026-08-11T22:34:51.978943,9.4242,0.099259,0.129188,0.114224,0.203138,CLOSING,0,0.0,1
2026-08-11T22:34:52.021390,9.4691,0.080014,0.119583,0.099799,0.166969,CLOSING,0,0.0,1
2026-08-11T22:34:52.042391,9.4908,0.08574,0.132631,0.109186,0.146745,CLOSED,0,0.0,1
2026-08-11T22:34:52.077094,9.5243,0.095818,0.136892,0.116355,0.136108,CLOSED,0,0.0,1
2026-08-11T22:34:52.117073,9.5628,0.227304,0.214604,0.220954,0.165804,CLOSED,0,0.0,1
2026-08-11T22:34:52.142467,9.5869,0.269174,0.24819,0.258682,0.198312,CLOSED,0,0.0,1
2026-08-11T22:34:52.165726,9.6124,0.293847,0.266568,0.280207,0.226975,CLOSED,0,0.0,1
2026-08-11T22:34:52.236369,9.6818,0.363214,0.347755,0.355484,0.271953,OPENING,0,0.0,1
2026-08-11T22:34:52.261347,9.7064,0.368701,0.350773,0.359737,0.302678,OPEN,1,0.28211,1
2026-08-11T22:34:52.285300,9.7317,0.370259,0.352004,0.361131,0.323137,OPEN,0,0.0,1
2026-08-11T22:34:52.326248,9.7733,0.40031,0.371876,0.386093,0.345171,OPEN,0,0.0,1
2026-08-11T22:34:52.360353,9.8079,0.405753,0.377241,0.391497,0.361385,OPEN,0,0.0,1
2026-08-11T22:34:52.381839,9.8302,0.405262,0.379125,0.392193,0.372168,OPEN,0,0.0,1
2026-08-11T22:34:52.421344,9.8692,0.400059,0.380194,0.390127,0.378454,OPEN,0,0.0,1
2026-08-11T22:34:52.447552,9.8913,0.397433,0.380478,0.388955,0.382129,OPEN,0,0.0,1
2026-08-11T22:34:52.471057,9.9177,0.395301,0.380646,0.387974,0.384175,OPEN,0,0.0,1
2026-08-11T22:34:52.523023,9.9703,0.403873,0.384945,0.394409,0.387757,OPEN,0,0.0,1
2026-08-11T22:34:52.546345,9.9933,0.403407,0.385382,0.394395,0.39008,OPEN,0,0.0,1
2026-08-11T22:34:52.570238,10.0165,0.403354,0.38595,0.394652,0.39168,OPEN,0,0.0,1
2026-08-11T22:34:52.631790,10.0775,0.421586,0.398198,0.409892,0.398054,OPEN,0,0.0,1
2026-08-11T22:34:52.656789,10.1022,0.426984,0.401753,0.414369,0.403764,OPEN,0,0.0,1
2026-08-11T22:34:52.689107,10.136,0.429585,0.404818,0.417201,0.408467,OPEN,0,0.0,1
2026-08-11T22:34:52.731986,10.1777,0.416358,0.401481,0.40892,0.408626,OPEN,0,0.0,1
2026-08-11T22:34:52.752888,10.2012,0.413129,0.400054,0.406592,0.407914,OPEN,0,0.0,1
2026-08-11T22:34:52.789718,10.2353,0.410567,0.399061,0.404814,0.406829,OPEN,0,0.0,1
2026-08-11T22:34:52.823501,10.2711,0.410157,0.397622,0.403889,0.4058,OPEN,0,0.0,1
2026-08-11T22:34:52.845847,10.2933,0.410036,0.397172,0.403604,0.405031,OPEN,0,0.0,1
2026-08-11T22:34:52.880220,10.3263,0.409882,0.396665,0.403274,0.404416,OPEN,0,0.0,1
2026-08-11T22:34:52.921795,10.3693,0.410577,0.397004,0.403791,0.404197,OPEN,0,0.0,1
2026-08-11T22:34:52.943835,10.3919,0.410263,0.397716,0.40399,0.404125,OPEN,0,0.0,1
2026-08-11T22:34:52.966643,10.4132,0.410132,0.398172,0.404152,0.404134,OPEN,0,0.0,1
2026-08-11T22:34:52.991840,10.4385,0.410136,0.398601,0.404368,0.404216,OPEN,0,0.0,1
2026-08-11T22:34:53.030084,10.4774,0.411103,0.398671,0.404887,0.404451,OPEN,0,0.0,1
2026-08-11T22:34:53.052434,10.4999,0.411437,0.398683,0.40506,0.404664,OPEN,0,0.0,1
2026-08-11T22:34:53.125299,10.5713,0.407307,0.393378,0.400343,0.403151,OPEN,0,0.0,1
2026-08-11T22:34:53.150434,10.5948,0.406556,0.391692,0.399124,0.401742,OPEN,0,0.0,1
2026-08-11T22:34:53.183658,10.6289,0.405476,0.389514,0.397495,0.400256,OPEN,0,0.0,1
2026-08-11T22:34:53.227800,10.6747,0.410921,0.395239,0.40308,0.401244,OPEN,0,0.0,1
2026-08-11T22:34:53.258915,10.7053,0.414796,0.398106,0.406451,0.403066,OPEN,0,0.0,1
2026-08-11T22:34:53.282123,10.7293,0.417299,0.399643,0.408471,0.404958,OPEN,0,0.0,1
2026-08-11T22:34:53.316064,10.763,0.417742,0.405843,0.411793,0.40735,OPEN,0,0.0,1
2026-08-11T22:34:53.338386,10.7862,0.418448,0.407329,0.412888,0.409289,OPEN,0,0.0,1
2026-08-11T22:34:53.374100,10.8216,0.419493,0.409036,0.414265,0.41103,OPEN,0,0.0,1
2026-08-11T22:34:53.397019,10.8443,0.419915,0.410115,0.415015,0.412425,OPEN,0,0.0,1
2026-08-11T22:34:53.435743,10.8819,0.41825,0.398064,0.408157,0.410931,OPEN,0,0.0,1
2026-08-11T22:34:53.459638,10.9058,0.416332,0.396694,0.406513,0.409385,OPEN,0,0.0,1
2026-08-11T22:34:53.525067,10.9718,0.412746,0.396096,0.404421,0.407647,OPEN,0,0.0,1
2026-08-11T22:34:53.547873,10.9944,0.412099,0.39611,0.404104,0.406407,OPEN,0,0.0,1
2026-08-11T22:34:53.570233,11.0172,0.411579,0.396283,0.403931,0.405541,OPEN,0,0.0,1
2026-08-11T22:34:53.621312,11.0689,0.420438,0.402379,0.411408,0.407594,OPEN,0,0.0,1
2026-08-11T22:34:53.656061,11.1038,0.42278,0.402865,0.412822,0.409424,OPEN,0,0.0,1
2026-08-11T22:34:53.689778,11.1379,0.424453,0.403203,0.413828,0.410965,OPEN,0,0.0,1
2026-08-11T22:34:53.732746,11.1804,0.429109,0.40893,0.419019,0.413784,OPEN,0,0.0,1
2026-08-11T22:34:53.835727,11.2783,0.419884,0.400339,0.410111,0.412499,OPEN,0,0.0,1
2026-08-11T22:34:53.860592,11.3056,0.417349,0.399289,0.408319,0.411036,OPEN,0,0.0,1
2026-08-11T22:34:53.927213,11.3739,0.092131,0.164229,0.12818,0.312036,OPEN,0,0.0,1
2026-08-11T22:34:53.953007,11.398,0.081962,0.126385,0.104174,0.239284,CLOSING,0,0.0,1
2026-08-11T22:34:53.976791,11.4233,0.090861,0.120783,0.105822,0.192573,CLOSING,0,0.0,1
2026-08-11T22:34:54.025205,11.4718,0.143473,0.182508,0.16299,0.182219,CLOSED,0,0.0,1
2026-08-11T22:34:54.056844,11.505,0.150612,0.224391,0.187502,0.184068,CLOSED,0,0.0,1
2026-08-11T22:34:54.092640,11.5382,0.146874,0.247454,0.197164,0.188651,CLOSED,0,0.0,1
2026-08-11T22:34:54.134605,11.5816,0.314652,0.32949,0.322071,0.235348,CLOSED,0,0.0,1
2026-08-11T22:34:54.171101,11.6157,0.360823,0.347125,0.353974,0.276867,OPENING,0,0.0,1
2026-08-11T22:34:54.194924,11.6402,0.370805,0.352725,0.361765,0.306582,OPEN,1,0.24218,1
2026-08-11T22:34:54.222435,11.664,0.373201,0.353801,0.363501,0.326503,OPEN,0,0.0,1
2026-08-11T22:34:54.244296,11.6915,0.391254,0.353441,0.372348,0.342549,OPEN,0,0.0,1
2026-08-11T22:34:54.278365,11.7253,0.396809,0.351949,0.374379,0.353689,OPEN,0,0.0,1
2026-08-11T22:34:54.324972,11.772,0.397494,0.3689,0.383197,0.364017,OPEN,0,0.0,1
2026-08-11T22:34:54.358135,11.8041,0.397127,0.373256,0.385191,0.371428,OPEN,0,0.0,1
2026-08-11T22:34:54.390914,11.8381,0.396767,0.376422,0.386594,0.376736,OPEN,0,0.0,1
2026-08-11T22:34:54.426310,11.8718,0.083598,0.072968,0.078283,0.272278,OPEN,0,0.0,1
2026-08-11T22:34:54.461185,11.9084,0.065134,0.030811,0.047973,0.193771,CLOSING,0,0.0,1
2026-08-11T22:34:54.494985,11.9421,0.063637,0.039115,0.051376,0.143933,CLOSING,0,0.0,1
2026-08-11T22:34:54.537751,11.9845,0.131457,0.100191,0.115824,0.134095,CLOSED,0,0.0,1
2026-08-11T22:34:54.570466,12.0173,0.159034,0.149433,0.154233,0.141143,CLOSED,0,0.0,1
2026-08-11T22:34:54.595279,12.0397,0.170054,0.169448,0.169751,0.151156,CLOSED,0,0.0,1
2026-08-11T22:34:54.622310,12.0652,0.178657,0.189459,0.184058,0.162672,CLOSED,0,0.0,1
2026-08-11T22:34:54.651879,12.0988,0.326319,0.322952,0.324635,0.219359,CLOSED,0,0.0,1
2026-08-11T22:34:54.686863,12.1337,0.36061,0.344771,0.352691,0.266025,OPENING,0,0.0,1
2026-08-11T22:34:54.726116,12.1725,0.380885,0.381445,0.381165,0.306324,OPEN,1,0.26408,1
2026-08-11T22:34:54.757278,12.2055,0.381349,0.386848,0.384098,0.333545,OPEN,0,0.0,1
2026-08-11T22:34:54.792885,12.2399,0.378459,0.386773,0.382616,0.35072,OPEN,0,0.0,1
2026-08-11T22:34:54.826608,12.2742,0.380371,0.37726,0.378815,0.360553,OPEN,0,0.0,1
2026-08-11T22:34:54.860768,12.3081,0.380019,0.373314,0.376666,0.366193,OPEN,0,0.0,1
2026-08-11T22:34:54.893091,12.3413,0.379706,0.371625,0.375666,0.369508,OPEN,0,0.0,1
2026-08-11T22:34:54.933829,12.3797,0.381527,0.36956,0.375544,0.371621,OPEN,0,0.0,1
2026-08-11T22:34:54.965180,12.4128,0.383131,0.368882,0.376006,0.373156,OPEN,0,0.0,1
2026-08-11T22:34:54.997673,12.4469,0.384584,0.36998,0.377282,0.3746,OPEN,0,0.0,1
2026-08-11T22:34:55.034248,12.4803,0.384808,0.370313,0.377561,0.375636,OPEN,0,0.0,1
2026-08-11T22:34:55.065047,12.5139,0.390283,0.376244,0.383264,0.378306,OPEN,0,0.0,1
2026-08-11T22:34:55.088737,12.5354,0.392219,0.376285,0.384252,0.380387,OPEN,0,0.0,1
2026-08-11T22:34:55.126062,12.5719,0.396081,0.38438,0.390231,0.383832,OPEN,0,0.0,1
2026-08-11T22:34:55.147899,12.5959,0.399919,0.391028,0.395474,0.387907,OPEN,0,0.0,1
2026-08-11T22:34:55.170959,12.6182,0.402283,0.395663,0.398973,0.39178,OPEN,0,0.0,1
2026-08-11T22:34:55.225247,12.6729,0.411094,0.398864,0.404979,0.3964,OPEN,0,0.0,1
2026-08-11T22:34:55.248471,12.6953,0.414326,0.399944,0.407135,0.400157,OPEN,0,0.0,1
2026-08-11T22:34:55.271063,12.7186,0.416867,0.401221,0.409044,0.403267,OPEN,0,0.0,1
2026-08-11T22:34:55.293050,12.7406,0.418928,0.402198,0.410563,0.405821,OPEN,0,0.0,1
2026-08-11T22:34:55.330754,12.7789,0.427615,0.415453,0.421534,0.411321,OPEN,0,0.0,1
2026-08-11T22:34:55.365237,12.8127,0.435517,0.425156,0.430337,0.417976,OPEN,0,0.0,1
2026-08-11T22:34:55.388370,12.8353,0.439109,0.429218,0.434163,0.423642,OPEN,0,0.0,1
2026-08-11T22:34:55.430490,12.8763,0.448423,0.43694,0.442682,0.430306,OPEN,0,0.0,1
2026-08-11T22:34:55.461900,12.91,0.453254,0.44158,0.447417,0.436295,OPEN,0,0.0,1
2026-08-11T22:34:55.532778,12.9765,0.447301,0.430708,0.439004,0.437243,OPEN,0,0.0,1
2026-08-11T22:34:55.555956,13.0036,0.445877,0.430161,0.438019,0.437515,OPEN,0,0.0,1
2026-08-11T22:34:55.592743,13.0377,0.443209,0.427896,0.435552,0.436828,OPEN,0,0.0,1
2026-08-11T22:34:55.622262,13.0684,0.10535,0.083894,0.094622,0.317056,OPEN,0,0.0,1
2026-08-11T22:34:55.647884,13.0947,0.064567,0.027667,0.046117,0.222227,CLOSING,0,0.0,1
2026-08-11T22:34:55.681515,13.1284,0.062223,0.017652,0.039937,0.158426,CLOSING,0,0.0,1
2026-08-11T22:34:55.704795,13.1511,0.065925,0.018028,0.041977,0.117669,CLOSED,0,0.0,1
2026-08-11T22:34:55.738968,13.1873,0.171332,0.26413,0.217731,0.15269,CLOSED,0,0.0,1
2026-08-11T22:34:55.761517,13.2083,0.225441,0.338053,0.281747,0.19786,CLOSED,0,0.0,1
2026-08-11T22:34:55.794030,13.2414,0.269686,0.377402,0.323544,0.24185,CLOSED,0,0.0,1
2026-08-11T22:34:55.832985,13.2763,0.371113,0.41175,0.391432,0.294203,OPENING,0,0.0,1
2026-08-11T22:34:55.861441,13.3094,0.390312,0.408155,0.399234,0.330964,OPEN,1,0.214618,1
2026-08-11T22:34:55.931291,13.3725,0.415274,0.418678,0.416976,0.361068,OPEN,0,0.0,1
2026-08-11T22:34:55.954447,13.4014,0.417168,0.420187,0.418677,0.381231,OPEN,0,0.0,1
2026-08-11T22:34:55.990136,13.4353,0.415755,0.420105,0.41793,0.394076,OPEN,0,0.0,1
2026-08-11T22:34:56.023844,13.4704,0.41124,0.411202,0.411221,0.400077,OPEN,0,0.0,1
2026-08-11T22:34:56.054599,13.5029,0.409166,0.405945,0.407555,0.402694,OPEN,0,0.0,1
2026-08-11T22:34:56.091101,13.5373,0.407583,0.40202,0.404801,0.403432,OPEN,0,0.0,1
2026-08-11T22:34:56.116721,13.5612,0.406937,0.400077,0.403507,0.403458,OPEN,0,0.0,1
2026-08-11T22:34:56.147630,13.5958,0.422007,0.406248,0.414128,0.407192,OPEN,0,0.0,1
2026-08-11T22:34:56.182563,13.6297,0.428084,0.413577,0.42083,0.411966,OPEN,0,0.0,1
2026-08-11T22:34:56.208379,13.6535,0.430156,0.414962,0.422559,0.415673,OPEN,0,0.0,1
2026-08-11T22:34:56.232945,13.6785,0.427248,0.414578,0.420913,0.417507,OPEN,0,0.0,1
2026-08-11T22:34:56.267191,13.7132,0.424286,0.414918,0.419602,0.41824,OPEN,0,0.0,1
2026-08-11T22:34:56.331698,13.7783,0.428744,0.418883,0.423813,0.420191,OPEN,0,0.0,1
2026-08-11T22:34:56.365226,13.8127,0.430153,0.421434,0.425794,0.422152,OPEN,0,0.0,1
2026-08-11T22:34:56.390082,13.8344,0.430292,0.421712,0.426002,0.423499,OPEN,0,0.0,1
2026-08-11T22:34:56.438890,13.8841,0.428768,0.417099,0.422933,0.423301,OPEN,0,0.0,1
2026-08-11T22:34:56.472598,13.9201,0.427924,0.416518,0.422221,0.422923,OPEN,0,0.0,1
2026-08-11T22:34:56.495807,13.942,0.427279,0.415563,0.421421,0.422397,OPEN,0,0.0,1
2026-08-11T22:34:56.521613,13.9657,0.427143,0.41549,0.421316,0.422019,OPEN,0,0.0,1
2026-08-11T22:34:56.552385,13.9987,0.313207,0.338158,0.325682,0.388301,OPEN,0,0.0,1
2026-08-11T22:34:56.575999,14.0224,0.322013,0.340984,0.331499,0.36842,OPEN,0,0.0,1
2026-08-11T22:34:56.600449,14.0465,0.318226,0.327637,0.322932,0.352499,OPEN,0,0.0,1
2026-08-11T22:34:56.628981,14.0762,0.115624,0.139473,0.127548,0.273766,OPEN,0,0.0,1
2026-08-11T22:34:56.661038,14.1098,0.103198,0.099623,0.101411,0.213442,CLOSING,0,0.0,1
2026-08-11T22:34:56.727725,14.1726,0.203066,0.153456,0.178261,0.201129,CLOSED,0,0.0,1
2026-08-11T22:34:56.755854,14.2006,0.238634,0.172383,0.205509,0.202662,CLOSED,0,0.0,1
2026-08-11T22:34:56.780636,14.2256,0.261756,0.187203,0.224479,0.210298,CLOSED,0,0.0,1
2026-08-11T22:34:56.846648,14.2899,0.332125,0.297883,0.315004,0.246945,CLOSED,0,0.0,1
2026-08-11T22:34:56.877410,14.3245,0.3494,0.330193,0.339797,0.279443,OPENING,0,0.0,1
2026-08-11T22:34:56.901750,14.3467,0.355947,0.342119,0.349033,0.3038,OPEN,1,0.236829,1
2026-08-11T22:34:56.926227,14.3711,0.358546,0.349334,0.35394,0.321349,OPEN,0,0.0,1
2026-08-11T22:34:56.949087,14.396,0.370886,0.362592,0.366739,0.337235,OPEN,0,0.0,1
2026-08-11T22:34:56.981225,14.4301,0.375161,0.373855,0.374508,0.350281,OPEN,0,0.0,1
2026-08-11T22:34:57.018814,14.4641,0.377994,0.378098,0.378046,0.359999,OPEN,0,0.0,1
2026-08-11T22:34:57.040375,14.4881,0.393455,0.388294,0.390875,0.370805,OPEN,0,0.0,1
2026-08-11T22:34:57.062396,14.5103,0.400769,0.39324,0.397004,0.379975,OPEN,0,0.0,1
2026-08-11T22:34:57.132307,14.577,0.405359,0.397089,0.401224,0.387412,OPEN,0,0.0,1
2026-08-11T22:34:57.161324,14.6055,0.403229,0.396724,0.399976,0.39181,OPEN,0,0.0,1
2026-08-11T22:34:57.185547,14.6315,0.401807,0.395729,0.398768,0.394245,OPEN,0,0.0,1
2026-08-11T22:34:57.242225,14.6852,0.394498,0.391359,0.392929,0.393784,OPEN,0,0.0,1
2026-08-11T22:34:57.267120,14.712,0.39205,0.387229,0.38964,0.392334,OPEN,0,0.0,1
2026-08-11T22:34:57.291493,14.7374,0.390006,0.383783,0.386895,0.39043,OPEN,0,0.0,1
2026-08-11T22:34:57.319702,14.7619,0.389118,0.381652,0.385385,0.388664,OPEN,0,0.0,1
2026-08-11T22:34:57.352547,14.7981,0.38635,0.375522,0.380936,0.385959,OPEN,0,0.0,1
2026-08-11T22:34:57.387122,14.8319,0.384501,0.371812,0.378157,0.383228,OPEN,0,0.0,1
2026-08-11T22:34:57.411134,14.8572,0.384456,0.370562,0.377509,0.381227,OPEN,0,0.0,1
2026-08-11T22:34:57.433489,14.8811,0.387706,0.370869,0.379287,0.380548,OPEN,0,0.0,1
2026-08-11T22:34:57.458600,14.9048,0.389964,0.370951,0.380458,0.380516,OPEN,0,0.0,1
2026-08-11T22:34:57.533039,14.9774,0.388679,0.372857,0.380768,0.380604,OPEN,0,0.0,1
2026-08-11T22:34:57.559274,15.0054,0.387798,0.373032,0.380415,0.380538,OPEN,0,0.0,1
2026-08-11T22:34:57.582734,15.0297,0.38748,0.373921,0.380701,0.380595,OPEN,0,0.0,1
2026-08-11T22:34:57.605811,15.0535,0.387171,0.374237,0.380704,0.380633,OPEN,0,0.0,1
2026-08-11T22:34:57.638692,15.0859,0.392324,0.378166,0.385245,0.382247,OPEN,0,0.0,1
2026-08-11T22:34:57.661079,15.1089,0.395094,0.38229,0.388692,0.384503,OPEN,0,0.0,1
2026-08-11T22:34:57.685858,15.1323,0.396367,0.384005,0.390186,0.386492,OPEN,0,0.0,1
2026-08-11T22:34:57.733308,15.1805,0.396573,0.382795,0.389684,0.387609,OPEN,0,0.0,1
2026-08-11T22:34:57.756456,15.2022,0.397067,0.382858,0.389963,0.388433,OPEN,0,0.0,1
2026-08-11T22:34:57.787966,15.2363,0.397747,0.382747,0.390247,0.389068,OPEN,0,0.0,1
2026-08-11T22:34:57.835250,15.2825,0.3948,0.380643,0.387721,0.388597,OPEN,0,0.0,1
2026-08-11T22:34:57.859499,15.3079,0.393221,0.380429,0.386825,0.387977,OPEN,0,0.0,1
2026-08-11T22:34:57.926159,15.3729,0.395831,0.381286,0.388559,0.38818,OPEN,0,0.0,1
2026-08-11T22:34:57.951948,15.3962,0.397131,0.382926,0.390028,0.388827,OPEN,0,0.0,1
2026-08-11T22:34:57.975994,15.4214,0.397914,0.384165,0.39104,0.389601,OPEN,0,0.0,1
2026-08-11T22:34:57.999938,15.4464,0.398503,0.385176,0.391839,0.390385,OPEN,0,0.0,1
2026-08-11T22:34:58.040614,15.489,0.405256,0.395346,0.400301,0.393856,OPEN,0,0.0,1
2026-08-11T22:34:58.066732,15.5131,0.408622,0.398325,0.403473,0.397222,OPEN,0,0.0,1
2026-08-11T22:34:58.090984,15.5374,0.410736,0.400523,0.405629,0.400164,OPEN,0,0.0,1
2026-08-11T22:34:58.136022,15.5799,0.412593,0.402185,0.407389,0.402693,OPEN,0,0.0,1
2026-08-11T22:34:58.158914,15.6063,0.414372,0.403129,0.408751,0.404813,OPEN,0,0.0,1
2026-08-11T22:34:58.182111,15.6282,0.415418,0.40367,0.409544,0.406469,OPEN,0,0.0,1
2026-08-11T22:34:58.231895,15.6773,0.413479,0.398608,0.406044,0.40632,OPEN,0,0.0,1
2026-08-11T22:34:58.258058,15.7028,0.413256,0.400214,0.406735,0.406465,OPEN,0,0.0,1
2026-08-11T22:34:58.334511,15.7769,0.415795,0.402763,0.409279,0.40745,OPEN,0,0.0,1
2026-08-11T22:34:58.361393,15.8038,0.415724,0.403382,0.409553,0.408186,OPEN,0,0.0,1
2026-08-11T22:34:58.390782,15.8365,0.416573,0.404053,0.410313,0.408931,OPEN,0,0.0,1
2026-08-11T22:34:58.427737,15.8705,0.416842,0.404342,0.410592,0.409512,OPEN,0,0.0,1
2026-08-11T22:34:58.453346,15.8974,0.421684,0.405624,0.413654,0.410962,OPEN,0,0.0,1
2026-08-11T22:34:58.475746,15.9223,0.422152,0.40567,0.413911,0.411994,OPEN,0,0.0,1
2026-08-11T22:34:58.497547,15.945,0.422669,0.405823,0.414246,0.412782,OPEN,0,0.0,1
2026-08-11T22:34:58.534669,15.9819,0.42415,0.409349,0.416749,0.414171,OPEN,0,0.0,1
2026-08-11T22:34:58.556514,16.004,0.4251,0.411349,0.418225,0.41559,OPEN,0,0.0,1
2026-08-11T22:34:58.579957,16.0255,0.425543,0.413192,0.419367,0.416912,OPEN,0,0.0,1
2026-08-11T22:34:58.634153,16.0793,0.421245,0.411235,0.41624,0.416677,OPEN,0,0.0,1
2026-08-11T22:34:58.661145,16.1093,0.418361,0.409701,0.414031,0.415751,OPEN,0,0.0,1
2026-08-11T22:34:58.746053,16.1896,0.421297,0.410823,0.41606,0.415859,OPEN,0,0.0,1
2026-08-11T22:34:58.771025,16.2174,0.422617,0.411571,0.417094,0.416291,OPEN,0,0.0,1
2026-08-11T22:34:58.795286,16.2404,0.423619,0.41209,0.417855,0.416838,OPEN,0,0.0,1
2026-08-11T22:34:58.825115,16.2647,0.424667,0.412435,0.418551,0.417438,OPEN,0,0.0,1
2026-08-11T22:34:58.852121,16.2954,0.425452,0.414184,0.419818,0.418271,OPEN,0,0.0,1
2026-08-11T22:34:58.877050,16.3221,0.425104,0.416098,0.420601,0.419086,OPEN,0,0.0,1
2026-08-11T22:34:58.900778,16.3474,0.424767,0.417931,0.421349,0.419878,OPEN,0,0.0,1
2026-08-11T22:34:58.932126,16.3806,0.432287,0.418251,0.425269,0.421765,OPEN,0,0.0,1
2026-08-11T22:34:58.967649,16.4152,0.437473,0.419429,0.428451,0.424105,OPEN,0,0.0,1
2026-08-11T22:34:58.988560,16.4378,0.439448,0.420306,0.429877,0.426125,OPEN,0,0.0,1
2026-08-11T22:34:59.027078,16.4763,0.434821,0.417743,0.426282,0.42618,OPEN,0,0.0,1
2026-08-11T22:34:59.062401,16.5109,0.432218,0.416056,0.424137,0.425465,OPEN,0,0.0,1
2026-08-11T22:34:59.152301,16.5999,0.430715,0.420996,0.425855,0.425602,OPEN,0,0.0,1
2026-08-11T22:34:59.188088,16.6339,0.430847,0.422496,0.426671,0.425976,OPEN,0,0.0,1
2026-08-11T22:34:59.220972,16.667,0.431188,0.423902,0.427545,0.426525,OPEN,0,0.0,1
2026-08-11T22:34:59.257839,16.7004,0.428303,0.410671,0.419487,0.424062,OPEN,0,0.0,1
2026-08-11T22:34:59.336122,16.7831,0.119416,0.175498,0.147457,0.32725,OPEN,0,0.0,1
2026-08-11T22:34:59.373598,16.8199,0.097588,0.143063,0.120326,0.254827,OPEN,0,0.0,1
2026-08-11T22:34:59.408742,16.855,0.093826,0.123503,0.108665,0.20367,CLOSING,0,0.0,1
2026-08-11T22:34:59.433576,16.8814,0.037516,0.060058,0.048787,0.149461,CLOSING,0,0.0,1
2026-08-11T22:34:59.473290,16.9191,0.026823,0.058627,0.042725,0.112103,CLOSED,0,0.0,1
2026-08-11T22:34:59.550596,16.9967,0.052868,0.099257,0.076063,0.099489,CLOSED,0,0.0,1
2026-08-11T22:34:59.582705,17.0301,0.053421,0.106393,0.079907,0.092636,CLOSED,0,0.0,1
2026-08-11T22:34:59.604955,17.0516,0.053709,0.108584,0.081146,0.088614,CLOSED,0,0.0,1
2026-08-11T22:34:59.631923,17.0744,0.054533,0.110899,0.082716,0.08655,CLOSED,0,0.0,1
2026-08-11T22:34:59.673186,17.1207,0.057726,0.111345,0.084535,0.085845,CLOSED,0,0.0,1
2026-08-11T22:34:59.706366,17.1528,0.059902,0.112759,0.086331,0.086015,CLOSED,0,0.0,1
2026-08-11T22:34:59.739825,17.1867,0.060859,0.087371,0.074115,0.08185,CLOSED,0,0.0,1
2026-08-11T22:34:59.838983,17.2844,0.07179,0.12209,0.09694,0.087132,CLOSED,0,0.0,1
2026-08-11T22:34:59.875613,17.3221,0.074592,0.117627,0.096109,0.090274,CLOSED,0,0.0,1
2026-08-11T22:34:59.905677,17.3531,0.07474,0.111784,0.093262,0.09132,CLOSED,0,0.0,1
2026-08-11T22:34:59.941584,17.3895,0.070353,0.083304,0.076828,0.086248,CLOSED,0,0.0,1
2026-08-11T22:34:59.978242,17.4255,0.067578,0.079983,0.073781,0.081884,CLOSED,0,0.0,1
2026-08-11T22:35:00.011280,17.4592,0.065724,0.077805,0.071764,0.078342,CLOSED,0,0.0,1
2026-08-11T22:35:00.036498,17.4853,0.069525,0.076644,0.073084,0.076502,CLOSED,0,0.0,1
2026-08-11T22:35:00.075431,17.5232,0.082465,0.076428,0.079447,0.077533,CLOSED,0,0.0,1
2026-08-11T22:35:00.107903,17.5541,0.089276,0.077482,0.083379,0.079579,CLOSED,0,0.0,1
2026-08-11T22:35:00.136777,17.5846,0.117016,0.122847,0.119931,0.093702,CLOSED,0,0.0,1
2026-08-11T22:35:00.170763,17.6192,0.129699,0.12737,0.128535,0.105893,CLOSED,0,0.0,1
2026-08-11T22:35:00.207163,17.6532,0.1381,0.131422,0.134761,0.115997,CLOSED,0,0.0,1
2026-08-11T22:35:00.229738,17.6764,0.125074,0.131184,0.128129,0.120243,CLOSED,0,0.0,1
2026-08-11T22:35:00.263726,17.7109,0.113584,0.127624,0.120604,0.12037,CLOSED,0,0.0,1
2026-08-11T22:35:00.285097,17.7342,0.108212,0.126176,0.117194,0.119258,CLOSED,0,0.0,1
2026-08-11T22:35:00.341975,17.7892,0.118536,0.086215,0.102375,0.113349,CLOSED,0,0.0,1
2026-08-11T22:35:00.375474,17.821,0.12354,0.080656,0.102098,0.109411,CLOSED,0,0.0,1
2026-08-11T22:35:00.400547,17.8459,0.125592,0.073894,0.099743,0.106027,CLOSED,0,0.0,1
2026-08-11T22:35:00.438655,17.8831,0.114425,0.07469,0.094557,0.102013,CLOSED,0,0.0,1
2026-08-11T22:35:00.462814,17.9088,0.112879,0.076594,0.094737,0.099466,CLOSED,0,0.0,1
2026-08-11T22:35:00.495778,17.9426,0.111361,0.077858,0.094609,0.097766,CLOSED,0,0.0,1
2026-08-11T22:35:00.532015,17.9787,0.101988,0.071693,0.08684,0.093942,CLOSED,0,0.0,1
2026-08-11T22:35:00.565856,18.0116,0.099495,0.070712,0.085104,0.090849,CLOSED,0,0.0,1
2026-08-11T22:35:00.589030,18.0354,0.097815,0.070165,0.08399,0.088448,CLOSED,0,0.0,1
2026-08-11T22:35:00.632712,18.0799,0.093758,0.071771,0.082765,0.086459,CLOSED,0,0.0,1
2026-08-11T22:35:00.669554,18.1145,0.089806,0.071138,0.080472,0.084364,CLOSED,0,0.0,1
2026-08-11T22:35:00.705074,18.1503,0.08795,0.070861,0.079405,0.082628,CLOSED,0,0.0,1
2026-08-11T22:35:00.745891,18.191,0.096148,0.076335,0.086242,0.083893,CLOSED,0,0.0,1
2026-08-11T22:35:00.781868,18.2248,0.109896,0.089964,0.09993,0.089506,CLOSED,0,0.0,1
2026-08-11T22:35:00.812270,18.259,0.113686,0.096387,0.105036,0.094942,CLOSED,0,0.0,1
2026-08-11T22:35:00.837767,18.2847,0.121857,0.112133,0.116995,0.10266,CLOSED,0,0.0,1
2026-08-11T22:35:00.872389,18.3194,0.12853,0.120573,0.124551,0.110322,CLOSED,0,0.0,1
2026-08-11T22:35:00.905148,18.3536,0.130523,0.126089,0.128306,0.116616,CLOSED,0,0.0,1
2026-08-11T22:35:00.938981,18.3861,0.118666,0.114553,0.11661,0.116614,CLOSED,0,0.0,1
2026-08-11T22:35:00.975991,18.4198,0.107384,0.110758,0.109071,0.113974,CLOSED,0,0.0,1
2026-08-11T22:35:01.007045,18.4543,0.099728,0.108283,0.104006,0.110485,CLOSED,0,0.0,1
2026-08-11T22:35:01.046780,18.4933,0.085577,0.097113,0.091345,0.103786,CLOSED,0,0.0,1
2026-08-11T22:35:01.084111,18.5299,0.079803,0.088931,0.084367,0.096989,CLOSED,0,0.0,1
2026-08-11T22:35:01.109363,18.5542,0.077156,0.085408,0.081282,0.091492,CLOSED,0,0.0,1
2026-08-11T22:35:01.147179,18.594,0.082284,0.085742,0.084013,0.088874,CLOSED,0,0.0,1
2026-08-11T22:35:01.171150,18.6164,0.085149,0.085724,0.085436,0.087671,CLOSED,0,0.0,1
2026-08-11T22:35:01.203812,18.6501,0.088464,0.086239,0.087352,0.087559,CLOSED,0,0.0,1
2026-08-11T22:35:01.234503,18.683,0.101194,0.095134,0.098164,0.091271,CLOSED,0,0.0,1
2026-08-11T22:35:01.270497,18.7173,0.111733,0.105175,0.108454,0.097285,CLOSED,0,0.0,1
2026-08-11T22:35:01.304152,18.7513,0.119344,0.111836,0.11559,0.103692,CLOSED,0,0.0,1
2026-08-11T22:35:01.339003,18.785,0.117866,0.13232,0.125093,0.111182,CLOSED,0,0.0,1
2026-08-11T22:35:01.372652,18.8189,0.116186,0.142853,0.129519,0.1176,CLOSED,0,0.0,1
2026-08-11T22:35:01.405330,18.8522,0.11465,0.150189,0.13242,0.122787,CLOSED,0,0.0,1
2026-08-11T22:35:01.448998,18.8956,0.099936,0.118927,0.109432,0.118113,CLOSED,0,0.0,1
2026-08-11T22:35:01.479247,18.925,0.094665,0.110489,0.102577,0.112675,CLOSED,0,0.0,1
2026-08-11T22:35:01.511996,18.959,0.090816,0.104068,0.097442,0.107344,CLOSED,0,0.0,1
2026-08-11T22:35:01.546200,18.9932,0.092225,0.107755,0.09999,0.10477,CLOSED,0,0.0,1
2026-08-11T22:35:01.580956,19.0278,0.093676,0.104564,0.09912,0.102792,CLOSED,0,0.0,1
2026-08-11T22:35:01.603013,19.0504,0.094142,0.102218,0.09818,0.101178,CLOSED,0,0.0,1
2026-08-11T22:35:01.637686,19.0852,0.108456,0.113182,0.110819,0.104552,CLOSED,0,0.0,1
2026-08-11T22:35:01.674626,19.1205,0.117629,0.12207,0.119849,0.109906,CLOSED,0,0.0,1
2026-08-11T22:35:01.705912,19.1534,0.123345,0.128541,0.125943,0.115519,CLOSED,0,0.0,1
2026-08-11T22:35:01.750710,19.1971,0.115021,0.130896,0.122958,0.118123,CLOSED,0,0.0,1
2026-08-11T22:35:01.784585,19.231,0.109339,0.131941,0.12064,0.119004,CLOSED,0,0.0,1
2026-08-11T22:35:01.820797,19.2667,0.104319,0.132512,0.118416,0.118798,CLOSED,0,0.0,1
2026-08-11T22:35:01.844016,19.2909,0.102506,0.127842,0.115174,0.11753,CLOSED,0,0.0,1
2026-08-11T22:35:01.878996,19.3236,0.101165,0.123596,0.112381,0.115727,CLOSED,0,0.0,1
2026-08-11T22:35:01.908881,19.3568,0.100625,0.120015,0.11032,0.113835,CLOSED,0,0.0,1
2026-08-11T22:35:01.947592,19.3939,0.079824,0.087483,0.083653,0.103271,CLOSED,0,0.0,1
2026-08-11T22:35:01.981489,19.4281,0.072356,0.08579,0.079073,0.094802,CLOSED,0,0.0,1
2026-08-11T22:35:02.005244,19.4505,0.069787,0.085523,0.077655,0.088801,CLOSED,0,0.0,1
2026-08-11T22:35:02.037829,19.4846,0.07653,0.090535,0.083532,0.086957,CLOSED,0,0.0,1
2026-08-11T22:35:02.073273,19.5183,0.08133,0.092091,0.086711,0.086871,CLOSED,0,0.0,1
2026-08-11T22:35:02.105203,19.5525,0.08521,0.09381,0.08951,0.087794,CLOSED,0,0.0,1
2026-08-11T22:35:02.137172,19.5848,0.0841,0.101757,0.092928,0.089591,CLOSED,0,0.0,1
2026-08-11T22:35:02.172562,19.6198,0.081917,0.100607,0.091262,0.090176,CLOSED,0,0.0,1
2026-08-11T22:35:02.195199,19.6423,0.081304,0.101362,0.091333,0.090581,CLOSED,0,0.0,1
2026-08-11T22:35:02.249486,19.6963,0.103448,0.119016,0.111232,0.097809,CLOSED,0,0.0,1
2026-08-11T22:35:02.285026,19.7306,0.109653,0.120624,0.115139,0.103874,CLOSED,0,0.0,1
2026-08-11T22:35:02.320404,19.7663,0.113924,0.123077,0.118501,0.108994,CLOSED,0,0.0,1
2026-08-11T22:35:02.342427,19.7897,0.129972,0.128095,0.129033,0.116007,CLOSED,0,0.0,1
2026-08-11T22:35:02.365873,19.8124,0.138575,0.129967,0.134271,0.1224,CLOSED,0,0.0,1
2026-08-11T22:35:02.400190,19.8467,0.144234,0.131784,0.138009,0.127863,CLOSED,0,0.0,1
2026-08-11T22:35:02.445506,19.8923,0.127297,0.146987,0.137142,0.131111,CLOSED,0,0.0,1
2026-08-11T22:35:02.481688,19.926,0.12005,0.151951,0.136001,0.132822,CLOSED,0,0.0,1
2026-08-11T22:35:02.511336,19.9598,0.115601,0.153216,0.134408,0.133377,CLOSED,0,0.0,1
2026-08-11T22:35:02.533501,19.9814,0.114644,0.14823,0.131437,0.132698,CLOSED,0,0.0,1
2026-08-11T22:35:02.567896,20.0151,0.113516,0.143815,0.128666,0.131287,CLOSED,0,0.0,1
2026-08-11T22:35:02.600452,20.049,0.11226,0.138913,0.125587,0.129292,CLOSED,0,0.0,1
2026-08-11T22:35:02.652792,20.0977,0.110134,0.124862,0.117498,0.125164,CLOSED,0,0.0,1
2026-08-11T22:35:02.686685,20.1325,0.108614,0.114787,0.111701,0.120452,CLOSED,0,0.0,1
2026-08-11T22:35:02.720756,20.1671,0.106748,0.109301,0.108025,0.116102,CLOSED,0,0.0,1
2026-08-11T22:35:02.756975,20.202,0.113435,0.115335,0.114385,0.115501,CLOSED,0,0.0,1
2026-08-11T22:35:02.792523,20.2364,0.119176,0.11972,0.119448,0.116883,CLOSED,0,0.0,1
2026-08-11T22:35:02.822941,20.27,0.121752,0.12183,0.121791,0.118601,CLOSED,0,0.0,1
2026-08-11T22:35:02.856938,20.3033,0.121498,0.111829,0.116664,0.117923,CLOSED,0,0.0,1
2026-08-11T22:35:02.892507,20.3368,0.121694,0.11108,0.116387,0.117385,CLOSED,0,0.0,1
2026-08-11T22:35:02.927645,20.3701,0.121213,0.106025,0.113619,0.116067,CLOSED,0,0.0,1
2026-08-11T22:35:02.966445,20.4131,0.101049,0.094461,0.097755,0.109658,CLOSED,0,0.0,1
2026-08-11T22:35:02.999078,20.4453,0.106229,0.094957,0.100593,0.106485,CLOSED,0,0.0,1
2026-08-11T22:35:03.036629,20.4809,0.110913,0.096238,0.103576,0.105467,CLOSED,0,0.0,1
2026-08-11T22:35:03.069881,20.5157,0.097835,0.110092,0.103964,0.104941,CLOSED,0,0.0,1
2026-08-11T22:35:03.102605,20.5497,0.092387,0.112495,0.102441,0.104066,CLOSED,0,0.0,1
2026-08-11T22:35:03.137617,20.5842,0.092038,0.115205,0.103622,0.10391,CLOSED,0,0.0,1
2026-08-11T22:35:03.170152,20.6177,0.101082,0.120883,0.110983,0.106386,CLOSED,0,0.0,1
2026-08-11T22:35:03.204896,20.6515,0.109215,0.122525,0.11587,0.109705,CLOSED,0,0.0,1
2026-08-11T22:35:03.242531,20.6891,0.113358,0.122717,0.118037,0.112621,CLOSED,0,0.0,1
2026-08-11T22:35:03.276790,20.7232,0.111919,0.106592,0.109255,0.111443,CLOSED,0,0.0,1
2026-08-11T22:35:03.302658,20.749,0.111627,0.106612,0.109119,0.11063,CLOSED,0,0.0,1
2026-08-11T22:35:03.324958,20.7724,0.111575,0.106342,0.108958,0.110045,CLOSED,0,0.0,1
2026-08-11T22:35:03.359888,20.8074,0.094701,0.112284,0.103493,0.107752,CLOSED,0,0.0,1
2026-08-11T22:35:03.392882,20.8412,0.083993,0.110315,0.097154,0.104042,CLOSED,0,0.0,1
2026-08-11T22:35:03.414618,20.8627,0.078753,0.109063,0.093908,0.100495,CLOSED,0,0.0,1
2026-08-11T22:35:03.450608,20.8973,0.076404,0.141246,0.108825,0.103411,CLOSED,0,0.0,1
2026-08-11T22:35:03.474271,20.9201,0.077416,0.141922,0.109669,0.105601,CLOSED,0,0.0,1
2026-08-11T22:35:03.496426,20.9435,0.079953,0.143153,0.111553,0.107684,CLOSED,0,0.0,1
2026-08-11T22:35:03.540335,20.9878,0.077324,0.118484,0.097904,0.104261,CLOSED,0,0.0,1
2026-08-11T22:35:03.572512,21.0219,0.073626,0.095941,0.084784,0.097444,CLOSED,0,0.0,1
2026-08-11T22:35:03.609140,21.0561,0.071938,0.087886,0.079912,0.091308,CLOSED,0,0.0,1
2026-08-11T22:35:03.641823,21.0891,0.109113,0.132057,0.120585,0.101555,CLOSED,0,0.0,1
2026-08-11T22:35:03.676648,21.1238,0.125782,0.157509,0.141645,0.115587,CLOSED,0,0.0,1
2026-08-11T22:35:03.711406,21.1583,0.133518,0.171537,0.152527,0.128516,CLOSED,0,0.0,1
2026-08-11T22:35:03.753761,21.1993,0.269456,0.279524,0.27449,0.179607,CLOSED,0,0.0,1
2026-08-11T22:35:03.786877,21.234,0.312773,0.322026,0.317399,0.227834,CLOSED,0,0.0,1
2026-08-11T22:35:03.821897,21.268,0.326974,0.335867,0.331421,0.264089,OPENING,0,0.0,1
2026-08-11T22:35:03.842176,21.2908,0.34189,0.344529,0.343209,0.291781,OPEN,0,4.435799,1
2026-08-11T22:35:03.877606,21.3252,0.35177,0.353157,0.352464,0.31302,OPEN,0,0.0,1
2026-08-11T22:35:03.913492,21.3597,0.356978,0.358798,0.357888,0.328724,OPEN,0,0.0,1
2026-08-11T22:35:03.945428,21.3925,0.357974,0.362119,0.360047,0.339687,OPEN,0,0.0,1
2026-08-11T22:35:03.978624,21.4264,0.360591,0.367817,0.364204,0.348268,OPEN,0,0.0,1
2026-08-11T22:35:04.012349,21.46,0.361878,0.367821,0.36485,0.354072,OPEN,0,0.0,1
2026-08-11T22:35:04.051959,21.4999,0.360972,0.363672,0.362322,0.356959,OPEN,0,0.0,1
2026-08-11T22:35:04.088358,21.5345,0.358731,0.36206,0.360395,0.358162,OPEN,0,0.0,1
2026-08-11T22:35:04.119602,21.5679,0.357478,0.360751,0.359115,0.358495,OPEN,0,0.0,1
2026-08-11T22:35:04.153170,21.6019,0.364244,0.364846,0.364545,0.360613,OPEN,0,0.0,1
2026-08-11T22:35:04.191023,21.6366,0.367725,0.367137,0.367431,0.362999,OPEN,0,0.0,1
2026-08-11T22:35:04.222306,21.6703,0.3698,0.368348,0.369074,0.365125,OPEN,0,0.0,1
2026-08-11T22:35:04.247527,21.6934,0.36855,0.36623,0.36739,0.365918,OPEN,0,0.0,1
2026-08-11T22:35:04.278542,21.7259,0.366697,0.36306,0.364878,0.365554,OPEN,0,0.0,1
2026-08-11T22:35:04.312871,21.7595,0.365576,0.3612,0.363388,0.364796,OPEN,0,0.0,1
2026-08-11T22:35:04.347219,21.7946,0.363459,0.35794,0.3607,0.363362,OPEN,0,0.0,1
2026-08-11T22:35:04.369963,21.8164,0.362755,0.356401,0.359578,0.362038,OPEN,0,0.0,1
2026-08-11T22:35:04.401631,21.8509,0.36189,0.355091,0.35849,0.360796,OPEN,0,0.0,1
2026-08-11T22:35:04.442094,21.8902,0.360269,0.352339,0.356304,0.359224,OPEN,0,0.0,1
2026-08-11T22:35:04.478057,21.9253,0.359961,0.352915,0.356438,0.358249,OPEN,0,0.0,1
2026-08-11T22:35:04.511719,21.9581,0.359977,0.353207,0.356592,0.357669,OPEN,0,0.0,1
2026-08-11T22:35:04.548499,21.996,0.361663,0.356338,0.359001,0.358135,OPEN,0,0.0,1
2026-08-11T22:35:04.581530,22.0286,0.36073,0.356737,0.358733,0.358344,OPEN,0,0.0,1
2026-08-11T22:35:04.615304,22.0621,0.36,0.356754,0.358377,0.358356,OPEN,0,0.0,1
2026-08-11T22:35:04.646858,22.0957,0.363409,0.360248,0.361828,0.359571,OPEN,0,0.0,1
2026-08-11T22:35:04.684514,22.1315,0.36482,0.366869,0.365845,0.361767,OPEN,0,0.0,1
2026-08-11T22:35:04.717529,22.1655,0.365179,0.367565,0.366372,0.363379,OPEN,0,0.0,1
2026-08-11T22:35:04.759406,22.2059,0.376886,0.37182,0.374353,0.36722,OPEN,0,0.0,1
2026-08-11T22:35:04.795164,22.2403,0.384601,0.374503,0.379552,0.371536,OPEN,0,0.0,1
2026-08-11T22:35:04.828451,22.2739,0.389251,0.376517,0.382884,0.375508,OPEN,0,0.0,1
2026-08-11T22:35:04.860950,22.3075,0.391352,0.380541,0.385947,0.379161,OPEN,0,0.0,1
2026-08-11T22:35:04.893704,22.3404,0.389349,0.381047,0.385198,0.381274,OPEN,0,0.0,1
2026-08-11T22:35:04.929031,22.3759,0.388646,0.381031,0.384839,0.382522,OPEN,0,0.0,1
2026-08-11T22:35:04.954070,22.4008,0.392167,0.375638,0.383902,0.383005,OPEN,0,0.0,1
2026-08-11T22:35:04.988832,22.4358,0.396442,0.374292,0.385367,0.383832,OPEN,0,0.0,1
2026-08-11T22:35:05.022104,22.4694,0.398674,0.373044,0.385859,0.384541,OPEN,0,0.0,1
2026-08-11T22:35:05.046211,22.4941,0.3961,0.373568,0.384834,0.384644,OPEN,0,0.0,1
2026-08-11T22:35:05.081228,22.5292,0.394036,0.374313,0.384174,0.384479,OPEN,0,0.0,1
2026-08-11T22:35:05.119081,22.5644,0.392657,0.37486,0.383759,0.384227,OPEN,0,0.0,1
2026-08-11T22:35:05.152118,22.5986,0.392381,0.37287,0.382626,0.383667,OPEN,0,0.0,1
2026-08-11T22:35:05.187498,22.6336,0.389658,0.370161,0.379909,0.382352,OPEN,0,0.0,1
2026-08-11T22:35:05.224138,22.6667,0.388368,0.369128,0.378748,0.38109,OPEN,0,0.0,1
2026-08-11T22:35:05.255432,22.7018,0.385843,0.369527,0.377685,0.379898,OPEN,0,0.0,1
2026-08-11T22:35:05.289237,22.7354,0.387417,0.370496,0.378957,0.379569,OPEN,0,0.0,1
2026-08-11T22:35:05.321659,22.7683,0.388612,0.371322,0.379967,0.379708,OPEN,0,0.0,1
2026-08-11T22:35:05.357077,22.8019,0.387296,0.372621,0.379958,0.379796,OPEN,0,0.0,1
2026-08-11T22:35:05.388304,22.8351,0.38652,0.372577,0.379548,0.379709,OPEN,0,0.0,1
2026-08-11T22:35:05.423376,22.8691,0.386545,0.373353,0.379949,0.379793,OPEN,0,0.0,1
2026-08-11T22:35:05.443617,22.8924,0.386078,0.371101,0.37859,0.379372,OPEN,0,0.0,1
2026-08-11T22:35:05.480244,22.9273,0.385716,0.372106,0.378911,0.37921,OPEN,0,0.0,1
2026-08-11T22:35:05.519245,22.965,0.385258,0.372585,0.378921,0.379109,OPEN,0,0.0,1
2026-08-11T22:35:05.559189,23.0059,0.386843,0.379954,0.383398,0.38061,OPEN,0,0.0,1
2026-08-11T22:35:05.592994,23.0404,0.387551,0.383043,0.385297,0.382251,OPEN,0,0.0,1
2026-08-11T22:35:05.629542,23.0752,0.388438,0.384924,0.386681,0.383801,OPEN,0,0.0,1
2026-08-11T22:35:05.654233,23.0993,0.390344,0.385413,0.387879,0.385229,OPEN,0,0.0,1
2026-08-11T22:35:05.684971,23.1338,0.394755,0.386145,0.39045,0.387056,OPEN,0,0.0,1
2026-08-11T22:35:05.707105,23.154,0.397098,0.386466,0.391782,0.38871,OPEN,0,0.0,1
2026-08-11T22:35:05.754915,23.2022,0.397492,0.385833,0.391663,0.389743,OPEN,0,0.0,1
2026-08-11T22:35:05.776792,23.2236,0.397932,0.386479,0.392206,0.390605,OPEN,0,0.0,1
2026-08-11T22:35:05.808127,23.2566,0.398707,0.387466,0.393086,0.391474,OPEN,0,0.0,1
2026-08-11T22:35:05.844451,23.2921,0.401382,0.390468,0.395925,0.393032,OPEN,0,0.0,1
2026-08-11T22:35:05.880028,23.3277,0.403228,0.392824,0.398026,0.39478,OPEN,0,0.0,1
2026-08-11T22:35:05.916317,23.3624,0.403231,0.393584,0.398408,0.396049,OPEN,0,0.0,1
2026-08-11T22:35:05.940980,23.3879,0.401561,0.392116,0.396838,0.396326,OPEN,0,0.0,1
2026-08-11T22:35:05.975761,23.4227,0.39946,0.390331,0.394896,0.395825,OPEN,0,0.0,1
2026-08-11T22:35:06.012766,23.4569,0.39782,0.388767,0.393293,0.394939,OPEN,0,0.0,1
2026-08-11T22:35:06.061170,23.5074,0.403721,0.387152,0.395437,0.395113,OPEN,0,0.0,1
2026-08-11T22:35:06.095676,23.542,0.408604,0.388341,0.398472,0.396289,OPEN,0,0.0,1
2026-08-11T22:35:06.116872,23.5656,0.410901,0.389444,0.400172,0.397648,OPEN,0,0.0,1
2026-08-11T22:35:06.153351,23.5996,0.071259,0.104945,0.088102,0.289307,OPEN,0,0.0,1
2026-08-11T22:35:06.186927,23.6344,0.037453,0.052553,0.045003,0.203801,CLOSING,0,0.0,1
2026-08-11T22:35:06.209912,23.6569,0.034077,0.054232,0.044154,0.147924,CLOSING,0,0.0,1
2026-08-11T22:35:06.248738,23.6941,0.050256,0.033291,0.041773,0.110772,CLOSED,0,0.0,1
2026-08-11T22:35:06.283100,23.7288,0.061003,0.032619,0.046811,0.088385,CLOSED,0,0.0,1
2026-08-11T22:35:06.315669,23.7626,0.066678,0.037587,0.052133,0.075697,CLOSED,0,0.0,1
2026-08-11T22:35:06.358125,23.8054,0.103916,0.046913,0.075415,0.075598,CLOSED,0,0.0,1
2026-08-11T22:35:06.394017,23.84,0.116219,0.070588,0.093403,0.08183,CLOSED,0,0.0,1
2026-08-11T22:35:06.426673,23.873,0.121882,0.086917,0.1044,0.089729,CLOSED,0,0.0,1
2026-08-11T22:35:06.459027,23.9059,0.362654,0.32604,0.344347,0.178846,CLOSED,0,0.0,1
2026-08-11T22:35:06.492224,23.9388,0.396892,0.36509,0.380991,0.249596,CLOSED,0,0.0,1
2026-08-11T22:35:06.528073,23.9738,0.40202,0.373563,0.387792,0.297965,OPENING,0,0.0,1
2026-08-11T22:35:06.567322,24.0143,0.429474,0.412801,0.421137,0.341075,OPEN,1,0.379843,1
2026-08-11T22:35:06.601504,24.0484,0.427618,0.408584,0.418101,0.368034,OPEN,0,0.0,1
2026-08-11T22:35:06.622814,24.0706,0.426524,0.410643,0.418583,0.385726,OPEN,0,0.0,1
2026-08-11T22:35:06.655747,24.1045,0.408267,0.400126,0.404196,0.392191,OPEN,0,0.0,1
2026-08-11T22:35:06.692088,24.1394,0.399835,0.394505,0.39717,0.393934,OPEN,0,0.0,1
2026-08-11T22:35:06.728784,24.1719,0.394624,0.391839,0.393232,0.393688,OPEN,0,0.0,1
2026-08-11T22:35:06.758857,24.2052,0.402285,0.403279,0.402782,0.396871,OPEN,0,0.0,1
2026-08-11T22:35:06.793609,24.2395,0.405206,0.407073,0.406139,0.400115,OPEN,0,0.0,1
2026-08-11T22:35:06.827602,24.2731,0.406745,0.409813,0.408279,0.402972,OPEN,0,0.0,1
2026-08-11T22:35:06.862041,24.3076,0.4192,0.412321,0.415761,0.407448,OPEN,0,0.0,1
2026-08-11T22:35:06.886442,24.3325,0.424409,0.414766,0.419588,0.411697,OPEN,0,0.0,1
2026-08-11T22:35:06.918190,24.3656,0.428023,0.415284,0.421653,0.415182,OPEN,0,0.0,1
2026-08-11T22:35:06.950965,24.3986,0.424922,0.415825,0.420374,0.416999,OPEN,0,0.0,1
2026-08-11T22:35:06.986176,24.4329,0.423103,0.416339,0.419721,0.417952,OPEN,0,0.0,1
2026-08-11T22:35:07.009330,24.4565,0.422242,0.416485,0.419364,0.418446,OPEN,0,0.0,1
2026-08-11T22:35:07.049104,24.4971,0.428177,0.418796,0.423486,0.42021,OPEN,0,0.0,1
2026-08-11T22:35:07.087893,24.5323,0.430548,0.419515,0.425031,0.421897,OPEN,0,0.0,1
2026-08-11T22:35:07.110725,24.5573,0.431505,0.4199,0.425702,0.423229,OPEN,0,0.0,1
2026-08-11T22:35:07.145202,24.5917,0.428939,0.418079,0.423509,0.423327,OPEN,0,0.0,1
2026-08-11T22:35:07.180177,24.6249,0.42788,0.417256,0.422568,0.423062,OPEN,0,0.0,1
2026-08-11T22:35:07.202501,24.65,0.427683,0.416831,0.422257,0.42278,OPEN,0,0.0,1
2026-08-11T22:35:07.261168,24.7058,0.43758,0.435401,0.43649,0.427579,OPEN,0,0.0,1
2026-08-11T22:35:07.283587,24.7315,0.439465,0.43781,0.438637,0.431449,OPEN,0,0.0,1
2026-08-11T22:35:07.322169,24.7661,0.44068,0.43906,0.43987,0.434396,OPEN,0,0.0,1
2026-08-11T22:35:07.351785,24.7982,0.445102,0.441,0.443051,0.437426,OPEN,0,0.0,1
2026-08-11T22:35:07.386790,24.8326,0.452046,0.443674,0.44786,0.441078,OPEN,0,0.0,1
2026-08-11T22:35:07.412114,24.8574,0.455546,0.445004,0.450275,0.444297,OPEN,0,0.0,1
2026-08-11T22:35:07.446183,24.8933,0.459162,0.449512,0.454337,0.447811,OPEN,0,0.0,1
2026-08-11T22:35:07.479107,24.9266,0.463098,0.455637,0.459368,0.451856,OPEN,0,0.0,1
2026-08-11T22:35:07.515180,24.9608,0.466099,0.459368,0.462733,0.455663,OPEN,0,0.0,1
2026-08-11T22:35:07.545414,24.9931,0.183005,0.174037,0.178521,0.358663,OPEN,0,0.0,1
2026-08-11T22:35:07.568510,25.0154,0.140645,0.136057,0.138351,0.281554,OPEN,0,0.0,1
2026-08-11T22:35:07.602280,25.05,0.127266,0.111875,0.119571,0.22486,CLOSING,0,0.0,1
2026-08-11T22:35:07.655509,25.103,0.087507,0.074327,0.080917,0.17448,CLOSED,0,0.0,1
2026-08-11T22:35:07.689974,25.1368,0.084322,0.064209,0.074266,0.139405,CLOSED,0,0.0,1
2026-08-11T22:35:07.725043,25.1718,0.089038,0.066953,0.077996,0.117912,CLOSED,0,0.0,1
2026-08-11T22:35:07.748344,25.1952,0.246371,0.237326,0.241849,0.16129,CLOSED,0,0.0,1
2026-08-11T22:35:07.785205,25.2299,0.325467,0.315358,0.320412,0.216983,CLOSED,0,0.0,1
2026-08-11T22:35:07.819034,25.2645,0.34753,0.339245,0.343388,0.261224,OPENING,0,0.0,1
2026-08-11T22:35:07.849823,25.2966,0.393332,0.393023,0.393178,0.307408,OPEN,1,0.246568,1
2026-08-11T22:35:07.884496,25.3318,0.396089,0.405609,0.400849,0.340112,OPEN,0,0.0,1
2026-08-11T22:35:07.922712,25.3667,0.394574,0.407625,0.401099,0.361458,OPEN,0,0.0,1
2026-08-11T22:35:07.958927,25.4047,0.394875,0.408916,0.401895,0.375611,OPEN,0,0.0,1
2026-08-11T22:35:07.991580,25.4381,0.397328,0.408306,0.402817,0.385133,OPEN,0,0.0,1
2026-08-11T22:35:08.024766,25.4721,0.397569,0.40381,0.40069,0.390578,OPEN,0,0.0,1
2026-08-11T22:35:08.059280,25.5062,0.396902,0.399701,0.398302,0.393281,OPEN,0,0.0,1
2026-08-11T22:35:08.090746,25.539,0.396965,0.398345,0.397655,0.394812,OPEN,0,0.0,1
2026-08-11T22:35:08.115511,25.5605,0.396569,0.397582,0.397075,0.395604,OPEN,0,0.0,1
2026-08-11T22:35:08.148256,25.5964,0.397094,0.398957,0.398025,0.396451,OPEN,0,0.0,1
2026-08-11T22:35:08.184984,25.6318,0.397341,0.400019,0.39868,0.397231,OPEN,0,0.0,1
2026-08-11T22:35:08.206460,25.6547,0.397167,0.400279,0.398723,0.397753,OPEN,0,0.0,1
2026-08-11T22:35:08.245260,25.6923,0.407444,0.404393,0.405919,0.400611,OPEN,0,0.0,1
2026-08-11T22:35:08.280086,25.7269,0.409368,0.403305,0.406337,0.402615,OPEN,0,0.0,1
2026-08-11T22:35:08.316634,25.7612,0.411029,0.403996,0.407513,0.404329,OPEN,0,0.0,1
2026-08-11T22:35:08.361009,25.8095,0.421338,0.410408,0.415873,0.40837,OPEN,0,0.0,1
2026-08-11T22:35:08.396056,25.8433,0.425906,0.414081,0.419993,0.412438,OPEN,0,0.0,1
2026-08-11T22:35:08.435629,25.8819,0.428636,0.41641,0.422523,0.415968,OPEN,0,0.0,1
2026-08-11T22:35:08.465679,25.9128,0.433974,0.416119,0.425047,0.419145,OPEN,0,0.0,1
2026-08-11T22:35:08.500111,25.9467,0.436667,0.41701,0.426838,0.421838,OPEN,0,0.0,1
2026-08-11T22:35:08.536971,25.982,0.439193,0.416737,0.427965,0.423982,OPEN,0,0.0,1
2026-08-11T22:35:08.567774,26.0151,0.432588,0.415231,0.42391,0.423957,OPEN,0,0.0,1
2026-08-11T22:35:08.602940,26.0498,0.429409,0.41367,0.421539,0.423111,OPEN,0,0.0,1
2026-08-11T22:35:08.640790,26.0845,0.426801,0.412458,0.41963,0.421892,OPEN,0,0.0,1
2026-08-11T22:35:08.679491,26.1261,0.43727,0.415584,0.426427,0.423479,OPEN,0,0.0,1
2026-08-11T22:35:08.712664,26.1605,0.441192,0.417834,0.429513,0.425591,OPEN,0,0.0,1
2026-08-11T22:35:08.749221,26.1954,0.444085,0.419858,0.431972,0.427824,OPEN,0,0.0,1
2026-08-11T22:35:08.785048,26.2301,0.45608,0.440222,0.448151,0.434939,OPEN,0,0.0,1
2026-08-11T22:35:08.818502,26.2648,0.462353,0.44946,0.455906,0.442277,OPEN,0,0.0,1
2026-08-11T22:35:08.852830,26.2999,0.465268,0.453657,0.459463,0.448292,OPEN,0,0.0,1
2026-08-11T22:35:08.886750,26.3335,0.474413,0.455262,0.464838,0.454083,OPEN,0,0.0,1
2026-08-11T22:35:08.920727,26.3673,0.472087,0.45483,0.463459,0.457365,OPEN,0,0.0,1
2026-08-11T22:35:08.952936,26.4006,0.469892,0.454324,0.462108,0.459025,OPEN,0,0.0,1
2026-08-11T22:35:08.990193,26.4356,0.467559,0.455361,0.46146,0.459877,OPEN,0,0.0,1
2026-08-11T22:35:09.023433,26.469,0.467582,0.45586,0.461721,0.460522,OPEN,0,0.0,1
2026-08-11T22:35:09.046128,26.4934,0.43923,0.425398,0.432314,0.45065,OPEN,0,0.0,1
2026-08-11T22:35:09.164955,26.6114,0.091085,0.090253,0.090669,0.324656,OPEN,0,0.0,1
2026-08-11T22:35:09.198028,26.6451,0.073706,0.062666,0.068186,0.234892,CLOSING,0,0.0,1
2026-08-11T22:35:09.235662,26.6799,0.081167,0.058567,0.069867,0.177133,CLOSING,0,0.0,1
2026-08-11T22:35:09.267054,26.7142,0.076774,0.07037,0.073572,0.140887,CLOSED,0,0.0,1
2026-08-11T22:35:09.301470,26.7485,0.079495,0.075453,0.077474,0.118692,CLOSED,0,0.0,1
2026-08-11T22:35:09.334426,26.7821,0.07758,0.076457,0.077019,0.104106,CLOSED,0,0.0,1
2026-08-11T22:35:09.367821,26.816,0.07536,0.074799,0.07508,0.093947,CLOSED,0,0.0,1
2026-08-11T22:35:09.403219,26.8502,0.080555,0.075145,0.07785,0.088313,CLOSED,0,0.0,1
2026-08-11T22:35:09.440608,26.8834,0.083706,0.076069,0.079887,0.085364,CLOSED,0,0.0,1
2026-08-11T22:35:09.463009,26.9105,0.085642,0.07669,0.081166,0.083895,CLOSED,0,0.0,1
2026-08-11T22:35:09.498285,26.9455,0.073943,0.077116,0.07553,0.080967,CLOSED,0,0.0,1
2026-08-11T22:35:09.533132,26.9807,0.07043,0.078488,0.074459,0.078689,CLOSED,0,0.0,1
2026-08-11T22:35:09.556913,27.0032,0.068726,0.073811,0.071268,0.076092,CLOSED,0,0.0,1
2026-08-11T22:35:09.588126,27.0359,0.07014,0.07026,0.0702,0.07403,CLOSED,0,0.0,1
2026-08-11T22:35:09.625471,27.0704,0.071421,0.069689,0.070555,0.072814,CLOSED,0,0.0,1
2026-08-11T22:35:09.657241,27.1037,0.086405,0.103645,0.095025,0.080588,CLOSED,0,0.0,1
2026-08-11T22:35:09.691135,27.1381,0.093902,0.115589,0.104746,0.089043,CLOSED,0,0.0,1
2026-08-11T22:35:09.727856,27.1727,0.099152,0.12138,0.110266,0.096471,CLOSED,0,0.0,1
2026-08-11T22:35:09.767824,27.2143,0.105469,0.144141,0.124805,0.106388,CLOSED,0,0.0,1
2026-08-11T22:35:09.801143,27.2488,0.109933,0.146076,0.128005,0.113954,CLOSED,0,0.0,1
2026-08-11T22:35:09.836408,27.2825,0.113768,0.154868,0.134318,0.121081,CLOSED,0,0.0,1
2026-08-11T22:35:09.867094,27.3159,0.115164,0.130604,0.122884,0.121712,CLOSED,0,0.0,1
2026-08-11T22:35:09.901986,27.3504,0.115051,0.120305,0.117678,0.1203,CLOSED,0,0.0,1
2026-08-11T22:35:09.936758,27.3837,0.114679,0.109805,0.112242,0.11748,CLOSED,0,0.0,1
2026-08-11T22:35:09.972955,27.4211,0.094761,0.084522,0.089642,0.107737,CLOSED,0,0.0,1
2026-08-11T22:35:10.006631,27.4557,0.083668,0.078815,0.081242,0.098463,CLOSED,0,0.0,1
2026-08-11T22:35:10.044770,27.4902,0.078641,0.075782,0.077212,0.091025,CLOSED,0,0.0,1
2026-08-11T22:35:10.078040,27.5246,0.076349,0.083352,0.079851,0.087114,CLOSED,0,0.0,1
2026-08-11T22:35:10.112138,27.5595,0.085774,0.090527,0.088151,0.087477,CLOSED,0,0.0,1
2026-08-11T22:35:10.147738,27.595,0.088484,0.093452,0.090968,0.088699,CLOSED,0,0.0,1
2026-08-11T22:35:10.180241,27.6277,0.099234,0.106914,0.103074,0.09373,CLOSED,0,0.0,1
2026-08-11T22:35:10.214017,27.6613,0.111487,0.117933,0.11471,0.101073,CLOSED,0,0.0,1
2026-08-11T22:35:10.250305,27.6953,0.119334,0.123475,0.121405,0.108189,CLOSED,0,0.0,1
2026-08-11T22:35:10.275233,27.724,0.118758,0.11028,0.114519,0.110404,CLOSED,0,0.0,1
2026-08-11T22:35:10.297969,27.7445,0.116181,0.102971,0.109576,0.110114,CLOSED,0,0.0,1
2026-08-11T22:35:10.331821,27.7769,0.110695,0.091714,0.101205,0.106996,CLOSED,0,0.0,1
2026-08-11T22:35:10.363022,27.8117,0.106576,0.10871,0.107643,0.107222,CLOSED,0,0.0,1
2026-08-11T22:35:10.382878,27.8318,0.101908,0.112004,0.106956,0.107129,CLOSED,0,0.0,1
2026-08-11T22:35:10.418286,27.8665,0.098497,0.117745,0.108121,0.107476,CLOSED,0,0.0,1
2026-08-11T22:35:10.453635,27.9009,0.092344,0.116415,0.104379,0.106393,CLOSED,0,0.0,1
2026-08-11T22:35:10.486446,27.9349,0.092731,0.113653,0.103192,0.105272,CLOSED,0,0.0,1
2026-08-11T22:35:10.522630,27.9696,0.093702,0.112405,0.103053,0.104496,CLOSED,0,0.0,1
2026-08-11T22:35:10.566598,28.0132,0.098639,0.130453,0.114546,0.108013,CLOSED,0,0.0,1
2026-08-11T22:35:10.599773,28.0473,0.101133,0.131258,0.116196,0.110877,CLOSED,0,0.0,1
2026-08-11T22:35:10.636101,28.0822,0.104089,0.134341,0.119215,0.113795,CLOSED,0,0.0,1
2026-08-11T22:35:10.665853,28.1149,0.098994,0.130133,0.114564,0.114064,CLOSED,0,0.0,1
2026-08-11T22:35:10.700703,28.1492,0.094536,0.125354,0.109945,0.112623,CLOSED,0,0.0,1
2026-08-11T22:35:10.736738,28.1835,0.091729,0.12248,0.107105,0.110691,CLOSED,0,0.0,1
2026-08-11T22:35:10.762552,28.2088,0.108735,0.124169,0.116452,0.112708,CLOSED,0,0.0,1
2026-08-11T22:35:10.797814,28.243,0.125168,0.138449,0.131809,0.119393,CLOSED,0,0.0,1
2026-08-11T22:35:10.830696,28.2777,0.13229,0.138943,0.135617,0.125071,CLOSED,0,0.0,1
2026-08-11T22:35:10.855175,28.3019,0.124857,0.137382,0.13112,0.127188,CLOSED,0,0.0,1
2026-08-11T22:35:10.888203,28.3363,0.12078,0.132173,0.126477,0.126939,CLOSED,0,0.0,1
2026-08-11T22:35:10.924515,28.3704,0.119589,0.1293,0.124444,0.126066,CLOSED,0,0.0,1
2026-08-11T22:35:10.956649,28.4034,0.115763,0.125588,0.120675,0.124179,CLOSED,0,0.0,1
2026-08-11T22:35:11.062905,28.5099,0.096105,0.102087,0.099096,0.1154,CLOSED,0,0.0,1
2026-08-11T22:35:11.097602,28.5438,0.099679,0.10554,0.10261,0.110924,CLOSED,0,0.0,1
2026-08-11T22:35:11.161850,28.6072,0.092081,0.080739,0.08641,0.102344,CLOSED,0,0.0,1
2026-08-11T22:35:11.197008,28.6424,0.088815,0.079872,0.084343,0.096044,CLOSED,0,0.0,1
2026-08-11T22:35:11.232091,28.6777,0.089232,0.080815,0.085024,0.092187,CLOSED,0,0.0,1
2026-08-11T22:35:11.259306,28.7068,0.088325,0.105479,0.096902,0.093837,CLOSED,0,0.0,1
2026-08-11T22:35:11.296711,28.7421,0.088562,0.106134,0.097348,0.095066,CLOSED,0,0.0,1
2026-08-11T22:35:11.334622,28.7776,0.090122,0.117618,0.10387,0.098148,CLOSED,0,0.0,1
2026-08-11T22:35:11.356920,28.8044,0.094394,0.110293,0.102344,0.099616,CLOSED,0,0.0,1
2026-08-11T22:35:11.496610,28.9448,0.056044,0.056307,0.056176,0.084412,CLOSED,0,0.0,1
2026-08-11T22:35:11.531861,28.9791,0.057283,0.060405,0.058844,0.075463,CLOSED,0,0.0,1
2026-08-11T22:35:11.561105,29.0087,0.064807,0.064711,0.064759,0.071717,CLOSED,0,0.0,1
2026-08-11T22:35:11.595740,29.0426,0.071494,0.068798,0.070146,0.071167,CLOSED,0,0.0,1
2026-08-11T22:35:11.629856,29.0775,0.073881,0.071738,0.07281,0.071742,CLOSED,0,0.0,1
2026-08-11T22:35:11.654614,29.1006,0.072973,0.069504,0.071238,0.071566,CLOSED,0,0.0,1
2026-08-11T22:35:11.686423,29.1341,0.07461,0.07469,0.07465,0.072645,CLOSED,0,0.0,1
2026-08-11T22:35:11.724350,29.1699,0.076181,0.078157,0.077169,0.074229,CLOSED,0,0.0,1
2026-08-11T22:35:11.760054,29.207,0.079437,0.082676,0.081057,0.076618,CLOSED,0,0.0,1
2026-08-11T22:35:11.862361,29.3097,0.103627,0.084888,0.094258,0.082792,CLOSED,0,0.0,1
2026-08-11T22:35:11.897582,29.344,0.118999,0.093625,0.106312,0.091024,CLOSED,0,0.0,1
2026-08-11T22:35:11.959150,29.4077,0.097452,0.093739,0.095595,0.092624,CLOSED,0,0.0,1
2026-08-11T22:35:11.994702,29.4418,0.090115,0.094199,0.092157,0.092461,CLOSED,0,0.0,1
2026-08-11T22:35:12.017055,29.4649,0.086988,0.094544,0.090766,0.091867,CLOSED,0,0.0,1
2026-08-11T22:35:12.057106,29.5046,0.092379,0.129688,0.111033,0.098576,CLOSED,0,0.0,1
2026-08-11T22:35:12.091405,29.5382,0.097478,0.139253,0.118366,0.105502,CLOSED,0,0.0,1
2026-08-11T22:35:12.123114,29.5707,0.098365,0.137298,0.117832,0.109817,CLOSED,0,0.0,1
2026-08-11T22:35:12.156200,29.6045,0.098662,0.131899,0.115281,0.11173,CLOSED,0,0.0,1
2026-08-11T22:35:12.282420,29.7298,0.102538,0.127452,0.114995,0.112872,CLOSED,0,0.0,1
2026-08-11T22:35:12.317274,29.7646,0.103478,0.12696,0.115219,0.113694,CLOSED,0,0.0,1
2026-08-11T22:35:12.361612,29.8071,0.107017,0.111279,0.109148,0.112103,CLOSED,0,0.0,1
2026-08-11T22:35:12.395832,29.8419,0.104607,0.097304,0.100956,0.108201,CLOSED,0,0.0,1
2026-08-11T22:35:12.430985,29.877,0.103808,0.088428,0.096118,0.103972,CLOSED,0,0.0,1
2026-08-11T22:35:12.466475,29.9129,0.101434,0.100381,0.100908,0.102899,CLOSED,0,0.0,1
2026-08-11T22:35:12.499285,29.9458,0.101638,0.101601,0.101619,0.102451,CLOSED,0,0.0,1
2026-08-11T22:35:12.534842,29.9796,0.101852,0.105012,0.103432,0.102795,CLOSED,0,0.0,1
2026-08-11T22:35:12.573603,30.0192,0.111827,0.130761,0.121294,0.109269,CLOSED,0,0.0,1
2026-08-11T22:35:12.606619,30.0519,0.108861,0.128243,0.118552,0.112518,CLOSED,0,0.0,1
2026-08-11T22:35:12.637427,30.0866,0.106631,0.124684,0.115658,0.113617,CLOSED,0,0.0,1
2026-08-11T22:35:12.660801,30.1074,0.106074,0.123848,0.114961,0.114087,CLOSED,0,0.0,1
2026-08-11T22:35:12.693942,30.1415,0.095829,0.119142,0.107485,0.111777,CLOSED,0,0.0,1
2026-08-11T22:35:12.730168,30.1761,0.092684,0.11848,0.105582,0.109609,CLOSED,0,0.0,1
2026-08-11T22:35:12.764010,30.2114,0.092215,0.118067,0.105141,0.108045,CLOSED,0,0.0,1
2026-08-11T22:35:12.798956,30.2454,0.091511,0.112465,0.101988,0.105925,CLOSED,0,0.0,1
2026-08-11T22:35:12.832996,30.2791,0.091741,0.11112,0.101431,0.104352,CLOSED,0,0.0,1
2026-08-11T22:35:12.858969,30.3066,0.111438,0.120229,0.115834,0.108371,CLOSED,0,0.0,1
2026-08-11T22:35:12.893263,30.3404,0.123796,0.128182,0.125989,0.114537,CLOSED,0,0.0,1
2026-08-11T22:35:12.925291,30.3735,0.13069,0.131759,0.131224,0.120378,CLOSED,0,0.0,1
2026-08-11T22:35:12.966262,30.4141,0.126239,0.132925,0.129582,0.123599,CLOSED,0,0.0,1
2026-08-11T22:35:13.001322,30.4489,0.117427,0.133217,0.125322,0.124202,CLOSED,0,0.0,1
2026-08-11T22:35:13.037819,30.4831,0.112397,0.134457,0.123427,0.123931,CLOSED,0,0.0,1
2026-08-11T22:35:13.063317,30.5076,0.109524,0.134782,0.122153,0.123309,CLOSED,0,0.0,1
2026-08-11T22:35:13.094170,30.5413,0.108008,0.14703,0.127519,0.124782,CLOSED,0,0.0,1
2026-08-11T22:35:13.127970,30.5747,0.109882,0.160124,0.135003,0.12836,CLOSED,0,0.0,1
2026-08-11T22:35:13.160428,30.6082,0.115236,0.154728,0.134982,0.130677,CLOSED,0,0.0,1
2026-08-11T22:35:13.194330,30.6421,0.121597,0.150858,0.136228,0.13262,CLOSED,0,0.0,1
2026-08-11T22:35:13.229232,30.6758,0.126698,0.147307,0.137002,0.134154,CLOSED,0,0.0,1
2026-08-11T22:35:13.257873,30.7037,0.118288,0.147099,0.132693,0.133643,CLOSED,0,0.0,1
2026-08-11T22:35:13.285034,30.7327,0.112887,0.142852,0.127869,0.131622,CLOSED,0,0.0,1
2026-08-11T22:35:13.323719,30.7686,0.110084,0.140053,0.125068,0.129328,CLOSED,0,0.0,1
2026-08-11T22:35:13.356666,30.8018,0.107718,0.137406,0.122562,0.12696,CLOSED,0,0.0,1
2026-08-11T22:35:13.391063,30.8382,0.093197,0.107869,0.100533,0.117711,CLOSED,0,0.0,1
2026-08-11T22:35:13.424213,30.8719,0.088084,0.100133,0.094109,0.10945,CLOSED,0,0.0,1
2026-08-11T22:35:13.461019,30.9067,0.082367,0.092977,0.087672,0.101828,CLOSED,0,0.0,1
2026-08-11T22:35:13.492388,30.9398,0.092442,0.112291,0.102366,0.102016,CLOSED,0,0.0,1
2026-08-11T22:35:13.526482,30.9743,0.105071,0.113988,0.109529,0.104646,CLOSED,0,0.0,1
2026-08-11T22:35:13.563600,31.0095,0.14982,0.137709,0.143764,0.118337,CLOSED,0,0.0,1
2026-08-11T22:35:13.598594,31.0445,0.171143,0.170914,0.171028,0.136779,CLOSED,0,0.0,1
2026-08-11T22:35:13.633515,31.0789,0.17659,0.174753,0.175672,0.150392,CLOSED,0,0.0,1
2026-08-11T22:35:13.655564,31.1028,0.235765,0.225384,0.230575,0.178456,CLOSED,0,0.0,1
2026-08-11T22:35:13.777022,31.2212,0.330515,0.300451,0.315483,0.226415,CLOSED,0,0.0,1
2026-08-11T22:35:13.801497,31.2474,0.339419,0.311343,0.325381,0.261053,OPENING,0,0.0,1
2026-08-11T22:35:13.836485,31.2815,0.342467,0.318326,0.330396,0.285323,OPEN,0,4.636397,1
2026-08-11T22:35:13.862644,31.3081,0.357963,0.336519,0.347241,0.306994,OPEN,0,0.0,1
2026-08-11T22:35:13.893385,31.3411,0.368549,0.346205,0.357377,0.324628,OPEN,0,0.0,1
2026-08-11T22:35:13.961465,31.4054,0.36105,0.339892,0.350471,0.333673,OPEN,0,0.0,1
2026-08-11T22:35:13.991327,31.4391,0.358029,0.337533,0.347781,0.338611,OPEN,0,0.0,1
2026-08-11T22:35:14.027058,31.4734,0.356358,0.336086,0.346222,0.341275,OPEN,0,0.0,1
2026-08-11T22:35:14.056331,31.5019,0.357511,0.341497,0.349504,0.344155,OPEN,0,0.0,1
2026-08-11T22:35:14.086090,31.5341,0.358862,0.345632,0.352247,0.346987,OPEN,0,0.0,1
2026-08-11T22:35:14.124877,31.5708,0.360073,0.34859,0.354331,0.349558,OPEN,0,0.0,1
2026-08-11T22:35:14.158978,31.6042,0.360757,0.350414,0.355586,0.351667,OPEN,0,0.0,1
2026-08-11T22:35:14.190301,31.6389,0.365383,0.360409,0.362896,0.355597,OPEN,0,0.0,1
2026-08-11T22:35:14.211050,31.66,0.367216,0.36541,0.366313,0.359348,OPEN,0,0.0,1
2026-08-11T22:35:14.246661,31.6945,0.369156,0.370165,0.369661,0.362957,OPEN,0,0.0,1
2026-08-11T22:35:14.282377,31.7291,0.373754,0.373651,0.373702,0.366718,OPEN,0,0.0,1
2026-08-11T22:35:14.316410,31.7635,0.374124,0.374301,0.374212,0.369341,OPEN,0,0.0,1
2026-08-11T22:35:14.367037,31.8127,0.373715,0.371752,0.372734,0.370529,OPEN,0,0.0,1
2026-08-11T22:35:14.390000,31.8368,0.373564,0.371303,0.372434,0.371195,OPEN,0,0.0,1
2026-08-11T22:35:14.409585,31.8583,0.373927,0.372314,0.373121,0.371869,OPEN,0,0.0,1
2026-08-11T22:35:14.455532,31.9015,0.376327,0.373822,0.375075,0.372991,OPEN,0,0.0,1
2026-08-11T22:35:14.490984,31.9374,0.377109,0.372113,0.374611,0.373558,OPEN,0,0.0,1
2026-08-11T22:35:14.512156,31.9601,0.377187,0.370223,0.373705,0.373609,OPEN,0,0.0,1
2026-08-11T22:35:14.552275,31.9943,0.377313,0.367978,0.372645,0.373272,OPEN,0,0.0,1
2026-08-11T22:35:14.574466,32.0215,0.378312,0.369943,0.374127,0.373571,OPEN,0,0.0,1
2026-08-11T22:35:14.608430,32.055,0.37848,0.370062,0.374271,0.373816,OPEN,0,0.0,1
2026-08-11T22:35:14.643759,32.0891,0.378499,0.369579,0.374039,0.373894,OPEN,0,0.0,1
2026-08-11T22:35:14.674969,32.1227,0.377878,0.363379,0.370628,0.372751,OPEN,0,0.0,1
2026-08-11T22:35:14.708932,32.1566,0.380639,0.3643,0.37247,0.372653,OPEN,0,0.0,1
2026-08-11T22:35:14.764340,32.2073,0.381409,0.364791,0.3731,0.372809,OPEN,0,0.0,1
2026-08-11T22:35:14.792702,32.2395,0.381838,0.365195,0.373516,0.373057,OPEN,0,0.0,1
2026-08-11T22:35:14.815055,32.2619,0.382042,0.365469,0.373755,0.373301,OPEN,0,0.0,1
2026-08-11T22:35:14.874678,32.3182,0.214868,0.220608,0.217738,0.318854,OPEN,0,0.0,1
2026-08-11T22:35:14.896318,32.344,0.194152,0.206569,0.200361,0.277381,OPEN,0,0.0,1
2026-08-11T22:35:14.928871,32.3781,0.187494,0.200931,0.194213,0.248272,CLOSING,0,0.0,1
2026-08-11T22:35:14.967514,32.4124,0.185766,0.198914,0.19234,0.228696,CLOSING,0,0.0,1
2026-08-11T22:35:15.001423,32.4465,0.093842,0.085345,0.089594,0.18001,CLOSED,0,0.0,1
2026-08-11T22:35:15.033049,32.4801,0.076696,0.067087,0.071891,0.142169,CLOSED,0,0.0,1
2026-08-11T22:35:15.066289,32.5129,0.072077,0.068048,0.070063,0.116931,CLOSED,0,0.0,1
2026-08-11T22:35:15.087365,32.5356,0.187831,0.190825,0.189328,0.14227,CLOSED,0,0.0,1
2026-08-11T22:35:15.121151,32.5699,0.266677,0.261634,0.264156,0.18493,CLOSED,0,0.0,1
2026-08-11T22:35:15.162598,32.6097,0.35951,0.330937,0.345223,0.241033,CLOSED,0,0.0,1
2026-08-11T22:35:15.196476,32.6434,0.382577,0.348659,0.365618,0.284638,OPENING,0,0.0,1
2026-08-11T22:35:15.232069,32.6774,0.386682,0.353916,0.370299,0.314619,OPEN,1,0.299362,1
2026-08-11T22:35:15.271829,32.718,0.416946,0.387348,0.402147,0.345254,OPEN,0,0.0,1
2026-08-11T22:35:15.306485,32.7533,0.423402,0.398777,0.41109,0.368296,OPEN,0,0.0,1
2026-08-11T22:35:15.338997,32.7875,0.424578,0.404916,0.414747,0.384554,OPEN,0,0.0,1
2026-08-11T22:35:15.366648,32.8092,0.424009,0.40719,0.4156,0.39542,OPEN,0,0.0,1
2026-08-11T22:35:15.389416,32.8357,0.438859,0.422277,0.430568,0.407722,OPEN,0,0.0,1
2026-08-11T22:35:15.424490,32.8705,0.445035,0.429817,0.437426,0.418118,OPEN,0,0.0,1
2026-08-11T22:35:15.458668,32.9037,0.44649,0.432014,0.439252,0.425515,OPEN,0,0.0,1
2026-08-11T22:35:15.489029,32.9368,0.450477,0.434604,0.44254,0.431474,OPEN,0,0.0,1
2026-08-11T22:35:15.511851,32.9588,0.451714,0.437793,0.444753,0.436122,OPEN,0,0.0,1
2026-08-11T22:35:15.567870,33.0135,0.44472,0.42983,0.437275,0.436525,OPEN,0,0.0,1
2026-08-11T22:35:15.601830,33.0482,0.441784,0.426382,0.434083,0.435671,OPEN,0,0.0,1
2026-08-11T22:35:15.634583,33.0818,0.439879,0.423948,0.431914,0.434356,OPEN,0,0.0,1
2026-08-11T22:35:15.670829,33.117,0.436856,0.422215,0.429535,0.432669,OPEN,0,0.0,1
2026-08-11T22:35:15.703274,33.151,0.44531,0.428427,0.436869,0.434139,OPEN,0,0.0,1
2026-08-11T22:35:15.725917,33.1732,0.447992,0.434312,0.441152,0.436593,OPEN,0,0.0,1
2026-08-11T22:35:15.763342,33.2081,0.450193,0.439685,0.444939,0.439514,OPEN,0,0.0,1
2026-08-11T22:35:15.795611,33.2418,0.409209,0.375657,0.392433,0.423036,OPEN,0,0.0,1
2026-08-11T22:35:15.829782,33.2763,0.399986,0.346813,0.3734,0.405663,OPEN,0,0.0,1
2026-08-11T22:35:15.865321,33.3126,0.394386,0.337297,0.365841,0.391726,OPEN,0,0.0,1
2026-08-11T22:35:15.901697,33.3466,0.095093,0.086495,0.090794,0.286399,OPEN,0,0.0,1
2026-08-11T22:35:15.937548,33.3825,0.058159,0.053712,0.055936,0.205737,CLOSING,0,0.0,1
2026-08-11T22:35:15.959168,33.4064,0.078303,0.05954,0.068922,0.157852,CLOSING,0,0.0,1
2026-08-11T22:35:16.077771,33.5232,0.238038,0.226293,0.232166,0.183862,CLOSED,0,0.0,1
2026-08-11T22:35:16.110704,33.5574,0.267039,0.241214,0.254126,0.208454,CLOSED,0,0.0,1
2026-08-11T22:35:16.143070,33.5901,0.286815,0.254081,0.270448,0.230152,CLOSED,0,0.0,1
2026-08-11T22:35:16.177822,33.6235,0.332838,0.301007,0.316922,0.260522,OPENING,0,0.0,1
2026-08-11T22:35:16.208926,33.6569,0.344326,0.320387,0.332356,0.285664,OPEN,1,0.27441,1
2026-08-11T22:35:16.242383,33.6904,0.346383,0.329528,0.337956,0.303966,OPEN,0,0.0,1
2026-08-11T22:35:16.280256,33.7249,0.357688,0.350866,0.354277,0.321575,OPEN,0,0.0,1
2026-08-11T22:35:16.304527,33.7504,0.362043,0.35819,0.360116,0.335064,OPEN,0,0.0,1
2026-08-11T22:35:16.364529,33.8107,0.358786,0.364548,0.361667,0.344375,OPEN,0,0.0,1
2026-08-11T22:35:16.398228,33.8435,0.357371,0.36581,0.36159,0.350401,OPEN,0,0.0,1
2026-08-11T22:35:16.431796,33.8773,0.356694,0.366917,0.361805,0.354392,OPEN,0,0.0,1
2026-08-11T22:35:16.463826,33.9107,0.356357,0.367866,0.362112,0.357094,OPEN,0,0.0,1
2026-08-11T22:35:16.497282,33.9444,0.346787,0.367502,0.357145,0.357112,OPEN,0,0.0,1
2026-08-11T22:35:16.531428,33.978,0.34039,0.36601,0.3532,0.355743,OPEN,0,0.0,1
2026-08-11T22:35:16.563702,34.0114,0.336208,0.362901,0.349554,0.353577,OPEN,0,0.0,1
2026-08-11T22:35:16.592800,34.042,0.339178,0.361116,0.350147,0.352376,OPEN,0,0.0,1
2026-08-11T22:35:16.628880,34.0758,0.340758,0.358012,0.349385,0.35133,OPEN,0,0.0,1
2026-08-11T22:35:16.666201,34.1126,0.342108,0.356251,0.349179,0.350577,OPEN,0,0.0,1
2026-08-11T22:35:16.700111,34.147,0.258559,0.274988,0.266774,0.321246,OPEN,0,0.0,1
2026-08-11T22:35:16.736949,34.1809,0.246762,0.251128,0.248945,0.295941,OPEN,0,0.0,1
2026-08-11T22:35:16.758936,34.2059,0.12686,0.172477,0.149668,0.244745,CLOSING,0,0.0,1
2026-08-11T22:35:16.878305,34.3236,0.193635,0.204237,0.198936,0.228712,CLOSED,0,0.0,1
2026-08-11T22:35:16.911097,34.358,0.206424,0.203229,0.204827,0.220352,CLOSED,0,0.0,1
2026-08-11T22:35:16.945762,34.3909,0.212079,0.202374,0.207226,0.215758,CLOSED,0,0.0,1
2026-08-11T22:35:16.968436,34.4148,0.269772,0.262683,0.266227,0.233422,CLOSED,0,0.0,1
2026-08-11T22:35:17.001984,34.4481,0.308107,0.310142,0.309125,0.259918,OPENING,0,0.0,1
2026-08-11T22:35:17.039099,34.4829,0.327119,0.330188,0.328654,0.283976,OPEN,1,0.277034,1
2026-08-11T22:35:17.063820,34.5085,0.380374,0.364533,0.372453,0.314943,OPEN,0,0.0,1
2026-08-11T22:35:17.088367,34.5344,0.397175,0.380029,0.388602,0.340724,OPEN,0,0.0,1
2026-08-11T22:35:17.178858,34.625,0.418658,0.407739,0.413199,0.36609,OPEN,0,0.0,1
2026-08-11T22:35:17.210604,34.6582,0.420986,0.41003,0.415508,0.383386,OPEN,0,0.0,1
2026-08-11T22:35:17.246549,34.6926,0.419537,0.410593,0.415065,0.394474,OPEN,0,0.0,1
2026-08-11T22:35:17.280387,34.7267,0.433771,0.426358,0.430065,0.40693,OPEN,0,0.0,1
2026-08-11T22:35:17.369215,34.8151,0.406348,0.412634,0.409491,0.407827,OPEN,0,0.0,1
2026-08-11T22:35:17.403696,34.8501,0.397177,0.411925,0.404551,0.40668,OPEN,0,0.0,1
2026-08-11T22:35:17.439816,34.8865,0.393157,0.412351,0.402754,0.405306,OPEN,0,0.0,1
2026-08-11T22:35:17.463339,34.9108,0.108524,0.068565,0.088544,0.29444,OPEN,0,0.0,1
2026-08-11T22:35:17.487191,34.9327,0.071385,0.033122,0.052254,0.209674,CLOSING,0,0.0,1
2026-08-11T22:35:17.592833,35.0408,0.062878,0.042143,0.05251,0.154667,CLOSED,0,0.0,1
2026-08-11T22:35:17.628430,35.0748,0.065748,0.051489,0.058619,0.12105,CLOSED,0,0.0,1
2026-08-11T22:35:17.652032,35.098,0.068584,0.054997,0.061791,0.100309,CLOSED,0,0.0,1
2026-08-11T22:35:17.676358,35.1234,0.295943,0.24752,0.271732,0.160307,CLOSED,0,0.0,1
2026-08-11T22:35:17.766959,35.2143,0.401196,0.386618,0.393907,0.242067,CLOSED,0,0.0,1
2026-08-11T22:35:17.803905,35.2511,0.40576,0.396819,0.401289,0.297795,OPENING,0,0.0,1
2026-08-11T22:35:17.839868,35.2868,0.405554,0.400017,0.402786,0.334542,OPEN,1,0.354165,1
2026-08-11T22:35:17.879472,35.3261,0.414684,0.412386,0.413535,0.362189,OPEN,0,0.0,1
2026-08-11T22:35:17.911615,35.3593,0.417559,0.41695,0.417255,0.381462,OPEN,0,0.0,1
2026-08-11T22:35:17.948548,35.3943,0.418932,0.418792,0.418862,0.394552,OPEN,0,0.0,1
2026-08-11T22:35:17.973287,35.4188,0.415032,0.418041,0.416537,0.402247,OPEN,0,0.0,1
2026-08-11T22:35:18.005612,35.4523,0.410823,0.415734,0.413278,0.406108,OPEN,0,0.0,1
2026-08-11T22:35:18.041109,35.488,0.40821,0.414193,0.411201,0.407891,OPEN,0,0.0,1
2026-08-11T22:35:18.074647,35.5215,0.096754,0.112292,0.104523,0.301712,OPEN,0,0.0,1
2026-08-11T22:35:18.110444,35.5558,0.043235,0.052671,0.047953,0.212896,CLOSING,0,0.0,1
2026-08-11T22:35:18.145083,35.591,0.045733,0.048666,0.047199,0.154902,CLOSING,0,0.0,1
2026-08-11T22:35:18.171521,35.6188,0.075269,0.062546,0.068907,0.124804,CLOSED,0,0.0,1
2026-08-11T22:35:18.194429,35.6406,0.08714,0.071854,0.079497,0.108947,CLOSED,0,0.0,1
2026-08-11T22:35:18.229904,35.6758,0.094614,0.074351,0.084482,0.100384,CLOSED,0,0.0,1
2026-08-11T22:35:18.262007,35.7085,0.298708,0.286577,0.292642,0.167675,CLOSED,0,0.0,1
2026-08-11T22:35:18.296429,35.7438,0.342923,0.328459,0.335691,0.22648,CLOSED,0,0.0,1
2026-08-11T22:35:18.330767,35.7785,0.350951,0.340405,0.345678,0.268199,OPENING,0,0.0,1
2026-08-11T22:35:18.382160,35.8269,0.400556,0.398609,0.399583,0.314184,OPEN,1,0.271042,1
2026-08-11T22:35:18.415161,35.862,0.405975,0.406949,0.406462,0.346481,OPEN,0,0.0,1
2026-08-11T22:35:18.439070,35.8857,0.405125,0.407797,0.406461,0.367474,OPEN,0,0.0,1
2026-08-11T22:35:18.472346,35.9191,0.421897,0.4282,0.425049,0.387625,OPEN,0,0.0,1
2026-08-11T22:35:18.504618,35.9531,0.427983,0.434874,0.431429,0.402956,OPEN,0,0.0,1
2026-08-11T22:35:18.539047,35.9869,0.430221,0.437306,0.433764,0.413739,OPEN,0,0.0,1
2026-08-11T22:35:18.565544,36.0128,0.426148,0.433127,0.429637,0.419303,OPEN,0,0.0,1
2026-08-11T22:35:18.604014,36.048,0.423398,0.427655,0.425527,0.421481,OPEN,0,0.0,1
2026-08-11T22:35:18.635910,36.0822,0.421862,0.425148,0.423505,0.42219,OPEN,0,0.0,1
2026-08-11T22:35:18.664371,36.1115,0.423017,0.425558,0.424288,0.422924,OPEN,0,0.0,1
2026-08-11T22:35:18.685305,36.1343,0.421306,0.425569,0.423438,0.423104,OPEN,0,0.0,1
2026-08-11T22:35:18.709896,36.1572,0.420316,0.425903,0.423109,0.423106,OPEN,0,0.0,1
2026-08-11T22:35:18.775434,36.2224,0.057608,0.072861,0.065235,0.297851,OPEN,0,0.0,1
2026-08-11T22:35:18.810797,36.2578,0.050215,0.049566,0.04989,0.211065,CLOSING,0,0.0,1
2026-08-11T22:35:18.833752,36.2809,0.05512,0.045406,0.050263,0.154784,CLOSING,0,0.0,1
2026-08-11T22:35:18.874138,36.3191,0.100283,0.081669,0.090976,0.132451,CLOSED,0,0.0,1
2026-08-11T22:35:18.907346,36.3558,0.108697,0.087397,0.098047,0.12041,CLOSED,0,0.0,1
2026-08-11T22:35:18.940771,36.3873,0.110993,0.090235,0.100614,0.113481,CLOSED,0,0.0,1
2026-08-11T22:35:18.983402,36.4297,0.243088,0.204609,0.223849,0.15211,CLOSED,0,0.0,1
2026-08-11T22:35:19.016017,36.4629,0.259603,0.234536,0.247069,0.185346,CLOSED,0,0.0,1
2026-08-11T22:35:19.052038,36.4983,0.26382,0.24839,0.256105,0.210111,CLOSED,0,0.0,1
2026-08-11T22:35:19.087094,36.5338,0.325539,0.337805,0.331672,0.252658,OPENING,0,0.0,1
2026-08-11T22:35:19.120038,36.5672,0.337392,0.350594,0.343993,0.284625,OPEN,1,0.309411,1
2026-08-11T22:35:19.162345,36.6026,0.340513,0.354833,0.347673,0.306692,OPEN,0,0.0,1
2026-08-11T22:35:19.194877,36.6384,0.360536,0.369317,0.364927,0.327074,OPEN,0,0.0,1
2026-08-11T22:35:19.218064,36.6651,0.367354,0.370018,0.368686,0.341638,OPEN,0,0.0,1
2026-08-11T22:35:19.255139,36.7015,0.369872,0.372802,0.371337,0.352033,OPEN,0,0.0,1
2026-08-11T22:35:19.288354,36.7354,0.086253,0.086569,0.086411,0.259065,OPEN,0,0.0,1
2026-08-11T22:35:19.322261,36.7687,0.036141,0.019401,0.027771,0.178112,CLOSING,0,0.0,1
2026-08-11T22:35:19.355354,36.8021,0.034556,0.020526,0.027541,0.125412,CLOSING,0,0.0,1
2026-08-11T22:35:19.390850,36.8366,0.131832,0.103486,0.117659,0.122699,CLOSED,0,0.0,1
2026-08-11T22:35:19.422070,36.8689,0.210464,0.161854,0.186159,0.14491,CLOSED,0,0.0,1
2026-08-11T22:35:19.453303,36.9014,0.226132,0.188155,0.207144,0.166692,CLOSED,0,0.0,1
2026-08-11T22:35:19.496207,36.9417,0.338143,0.333906,0.336025,0.225958,CLOSED,0,0.0,1
2026-08-11T22:35:19.529472,36.9765,0.360306,0.365886,0.363096,0.273956,OPENING,0,0.0,1
2026-08-11T22:35:19.562518,37.0103,0.373647,0.375571,0.374609,0.309185,OPEN,1,0.241583,1
2026-08-11T22:35:19.597817,37.0442,0.398385,0.404505,0.401445,0.341476,OPEN,0,0.0,1
2026-08-11T22:35:19.633732,37.079,0.407416,0.412409,0.409912,0.365429,OPEN,0,0.0,1
2026-08-11T22:35:19.670099,37.1139,0.407877,0.413895,0.410886,0.381339,OPEN,0,0.0,1
2026-08-11T22:35:19.700544,37.1474,0.421992,0.419604,0.420798,0.39515,OPEN,0,0.0,1
2026-08-11T22:35:19.737830,37.1824,0.430705,0.42205,0.426378,0.406079,OPEN,0,0.0,1
2026-08-11T22:35:19.771189,37.2185,0.431628,0.42207,0.426849,0.413349,OPEN,0,0.0,1
2026-08-11T22:35:19.804264,37.2508,0.418807,0.42135,0.420078,0.415704,OPEN,0,0.0,1
2026-08-11T22:35:19.837669,37.2849,0.40216,0.407394,0.404777,0.41188,OPEN,0,0.0,1
2026-08-11T22:35:19.872296,37.3201,0.392522,0.399458,0.39599,0.406318,OPEN,0,0.0,1
2026-08-11T22:35:19.908039,37.3524,0.101796,0.087698,0.094747,0.297268,OPEN,0,0.0,1
2026-08-11T22:35:19.941498,37.3865,0.048193,0.023597,0.035895,0.205788,CLOSING,0,0.0,1
2026-08-11T22:35:19.978472,37.4263,0.036775,0.012764,0.02477,0.142431,CLOSING,0,0.0,1
2026-08-11T22:35:20.010168,37.4585,0.102286,0.063542,0.082914,0.1216,CLOSED,0,0.0,1
2026-08-11T22:35:20.049755,37.4947,0.140063,0.099789,0.119926,0.121014,CLOSED,0,0.0,1
2026-08-11T22:35:20.080745,37.5285,0.3081,0.269839,0.28897,0.179799,CLOSED,0,0.0,1
2026-08-11T22:35:20.180540,37.6258,0.393661,0.375482,0.384571,0.251469,OPENING,0,0.0,1
2026-08-11T22:35:20.214271,37.6601,0.398611,0.380458,0.389535,0.299792,OPEN,1,0.273636,1
2026-08-11T22:35:20.236520,37.6834,0.399711,0.383939,0.391825,0.332003,OPEN,0,0.0,1
2026-08-11T22:35:20.276426,37.7235,0.412626,0.398494,0.40556,0.357748,OPEN,0,0.0,1
2026-08-11T22:35:20.311100,37.7572,0.41318,0.402246,0.407713,0.375236,OPEN,0,0.0,1
2026-08-11T22:35:20.344811,37.7914,0.411185,0.403477,0.407331,0.386469,OPEN,0,0.0,1
2026-08-11T22:35:20.378507,37.8246,0.414098,0.401972,0.408035,0.394017,OPEN,0,0.0,1
2026-08-11T22:35:20.413305,37.8593,0.408988,0.400701,0.404844,0.397807,OPEN,0,0.0,1
2026-08-11T22:35:20.447071,37.8936,0.407469,0.395952,0.40171,0.399173,OPEN,0,0.0,1
2026-08-11T22:35:20.486590,37.9342,0.069909,0.085322,0.077615,0.286628,OPEN,0,0.0,1
2026-08-11T22:35:20.522800,37.9695,0.043949,0.051288,0.047619,0.202975,CLOSING,0,0.0,1
2026-08-11T22:35:20.555997,38.0027,0.039923,0.043975,0.041949,0.146616,CLOSING,0,0.0,1
2026-08-11T22:35:20.589156,38.0362,0.092383,0.119799,0.106091,0.132432,CLOSED,0,0.0,1
2026-08-11T22:35:20.622463,38.0708,0.127801,0.137795,0.132798,0.13256,CLOSED,0,0.0,1
2026-08-11T22:35:20.657736,38.1053,0.15923,0.157384,0.158307,0.141571,CLOSED,0,0.0,1
2026-08-11T22:35:20.683529,38.1294,0.319541,0.321764,0.320652,0.20425,CLOSED,0,0.0,1
2026-08-11T22:35:20.718670,38.1632,0.362163,0.353645,0.357904,0.258029,OPENING,0,0.0,1
2026-08-11T22:35:20.750723,38.1957,0.371895,0.367579,0.369737,0.297127,OPEN,1,0.22616,1
2026-08-11T22:35:20.785395,38.2306,0.389219,0.377103,0.383161,0.327239,OPEN,0,0.0,1
2026-08-11T22:35:20.820129,38.2644,0.390591,0.378127,0.384359,0.347231,OPEN,0,0.0,1
2026-08-11T22:35:20.851783,38.2982,0.389898,0.379673,0.384786,0.360375,OPEN,0,0.0,1
2026-08-11T22:35:20.888676,38.3347,0.397088,0.396073,0.39658,0.373047,OPEN,0,0.0,1
2026-08-11T22:35:20.923195,38.3703,0.402576,0.402413,0.402494,0.383353,OPEN,0,0.0,1
2026-08-11T22:35:20.960676,38.4034,0.403756,0.406598,0.405177,0.390992,OPEN,0,0.0,1
2026-08-11T22:35:20.983099,38.4299,0.407349,0.404502,0.405926,0.396219,OPEN,0,0.0,1
2026-08-11T22:35:21.016634,38.4647,0.40468,0.400532,0.402606,0.398454,OPEN,0,0.0,1
2026-08-11T22:35:21.054640,38.5,0.404183,0.399029,0.401606,0.399557,OPEN,0,0.0,1
2026-08-11T22:35:21.085624,38.5336,0.12007,0.126878,0.123474,0.302928,OPEN,0,0.0,1
2026-08-11T22:35:21.119215,38.5675,0.089584,0.063065,0.076325,0.223617,CLOSING,0,0.0,1
2026-08-11T22:35:21.153918,38.6021,0.090295,0.048984,0.069639,0.169725,CLOSING,0,0.0,1
2026-08-11T22:35:21.188854,38.6356,0.11046,0.086782,0.098621,0.144839,CLOSED,0,0.0,1
2026-08-11T22:35:21.223301,38.6714,0.118243,0.108792,0.113517,0.133876,CLOSED,0,0.0,1
2026-08-11T22:35:21.259414,38.7028,0.122284,0.117374,0.119829,0.12896,CLOSED,0,0.0,1
2026-08-11T22:35:21.288019,38.7343,0.289683,0.296789,0.293236,0.186456,CLOSED,0,0.0,1
2026-08-11T22:35:21.320355,38.768,0.329078,0.334339,0.331709,0.237295,CLOSED,0,0.0,1
2026-08-11T22:35:21.354904,38.8008,0.336674,0.344406,0.34054,0.273431,OPENING,0,0.0,1
2026-08-11T22:35:21.390121,38.8351,0.403101,0.395009,0.399055,0.317399,OPEN,1,0.26753,1
2026-08-11T22:35:21.422106,38.8684,0.41535,0.405443,0.410397,0.349948,OPEN,0,0.0,1
2026-08-11T22:35:21.456116,38.9034,0.417204,0.409232,0.413218,0.372093,OPEN,0,0.0,1
2026-08-11T22:35:21.494450,38.942,0.408412,0.407895,0.408154,0.384714,OPEN,0,0.0,1
2026-08-11T22:35:21.527880,38.9766,0.406876,0.405238,0.406057,0.392184,OPEN,0,0.0,1
2026-08-11T22:35:21.566698,39.0109,0.406075,0.405153,0.405614,0.396884,OPEN,0,0.0,1
2026-08-11T22:35:21.599706,39.0441,0.408696,0.404322,0.406509,0.400253,OPEN,0,0.0,1
2026-08-11T22:35:21.620855,39.0687,0.411274,0.404794,0.408034,0.402976,OPEN,0,0.0,1
2026-08-11T22:35:21.645978,39.0911,0.4118,0.405853,0.408826,0.405024,OPEN,0,0.0,1
2026-08-11T22:35:21.670114,39.1157,0.113177,0.149182,0.13118,0.309179,OPEN,0,0.0,1
2026-08-11T22:35:21.699675,39.1477,0.073781,0.093811,0.083796,0.230295,CLOSING,0,0.0,1
2026-08-11T22:35:21.733534,39.1802,0.063382,0.071768,0.067575,0.173343,CLOSING,0,0.0,1
2026-08-11T22:35:21.782719,39.232,0.018153,0.017092,0.017622,0.118841,CLOSED,0,0.0,1
2026-08-11T22:35:21.820606,39.2672,0.01516,0.014885,0.015023,0.082504,CLOSED,0,0.0,1
2026-08-11T22:35:21.852352,39.3004,0.016156,0.01373,0.014943,0.058858,CLOSED,0,0.0,1
2026-08-11T22:35:21.874712,39.3226,0.035669,0.017688,0.026679,0.047595,CLOSED,0,0.0,1
2026-08-11T22:35:21.907648,39.3564,0.057098,0.025471,0.041285,0.045387,CLOSED,0,0.0,1
2026-08-11T22:35:21.942372,39.3897,0.069753,0.027478,0.048616,0.046517,CLOSED,0,0.0,1
2026-08-11T22:35:21.974427,39.4233,0.279358,0.216401,0.24788,0.116994,CLOSED,0,0.0,1
2026-08-11T22:35:22.014113,39.4571,0.327932,0.285166,0.306549,0.183338,CLOSED,0,0.0,1
2026-08-11T22:35:22.044336,39.4903,0.342767,0.314525,0.328646,0.234196,CLOSED,0,0.0,1
2026-08-11T22:35:22.074324,39.5208,0.379472,0.347421,0.363447,0.279434,OPENING,0,0.0,1
2026-08-11T22:35:22.107652,39.5546,0.386226,0.358984,0.372605,0.312044,OPEN,1,0.406875,1
2026-08-11T22:35:22.139836,39.5877,0.386447,0.362692,0.37457,0.333928,OPEN,0,0.0,1
2026-08-11T22:35:22.182822,39.6284,0.389386,0.371693,0.38054,0.350242,OPEN,0,0.0,1
2026-08-11T22:35:22.218485,39.6622,0.389192,0.374829,0.38201,0.361361,OPEN,0,0.0,1
2026-08-11T22:35:22.251416,39.6973,0.388001,0.376113,0.382057,0.368605,OPEN,0,0.0,1
2026-08-11T22:35:22.281173,39.7288,0.383523,0.383474,0.383499,0.373817,OPEN,0,0.0,1
2026-08-11T22:35:22.317071,39.7637,0.379396,0.385019,0.382207,0.376754,OPEN,0,0.0,1
2026-08-11T22:35:22.355463,39.7993,0.377205,0.385524,0.381365,0.378368,OPEN,0,0.0,1
2026-08-11T22:35:22.378661,39.8249,0.379015,0.383037,0.381026,0.379298,OPEN,0,0.0,1
2026-08-11T22:35:22.411594,39.8583,0.379459,0.379763,0.379611,0.379408,OPEN,0,0.0,1
2026-08-11T22:35:22.447667,39.8935,0.381021,0.377818,0.379419,0.379412,OPEN,0,0.0,1
2026-08-11T22:35:22.471303,39.9191,0.381782,0.379101,0.380442,0.379772,OPEN,0,0.0,1
2026-08-11T22:35:22.502149,39.9495,0.382328,0.378293,0.38031,0.37996,OPEN,0,0.0,1
2026-08-11T22:35:22.537441,39.9844,0.383156,0.377456,0.380306,0.380082,OPEN,0,0.0,1
2026-08-11T22:35:22.584561,40.0293,0.391315,0.381652,0.386483,0.382322,OPEN,0,0.0,1
2026-08-11T22:35:22.620806,40.0635,0.393597,0.383183,0.38839,0.384446,OPEN,0,0.0,1
2026-08-11T22:35:22.649395,40.0964,0.394693,0.383946,0.389319,0.386152,OPEN,0,0.0,1
2026-08-11T22:35:22.682140,40.1287,0.394535,0.385349,0.389942,0.387478,OPEN,0,0.0,1
2026-08-11T22:35:22.720987,40.1644,0.393993,0.385932,0.389962,0.388348,OPEN,0,0.0,1
2026-08-11T22:35:22.757220,40.2005,0.393701,0.386642,0.390172,0.388986,OPEN,0,0.0,1
2026-08-11T22:35:22.788991,40.2367,0.396216,0.390327,0.393272,0.390486,OPEN,0,0.0,1
2026-08-11T22:35:22.827631,40.2708,0.396181,0.391268,0.393725,0.39162,OPEN,0,0.0,1
2026-08-11T22:35:22.857040,40.3037,0.39533,0.390324,0.392827,0.392042,OPEN,0,0.0,1
2026-08-11T22:35:22.891555,40.3376,0.396396,0.392593,0.394495,0.392901,OPEN,0,0.0,1
2026-08-11T22:35:22.925072,40.3711,0.397122,0.39433,0.395726,0.393889,OPEN,0,0.0,1
2026-08-11T22:35:22.958975,40.4055,0.397437,0.395785,0.396611,0.394842,OPEN,0,0.0,1
2026-08-11T22:35:22.986198,40.4328,0.404457,0.397994,0.401225,0.397076,OPEN,0,0.0,1
2026-08-11T22:35:23.021996,40.4677,0.410141,0.400283,0.405212,0.399924,OPEN,0,0.0,1
2026-08-11T22:35:23.057021,40.502,0.414024,0.402545,0.408285,0.40285,OPEN,0,0.0,1
2026-08-11T22:35:23.078026,40.5261,0.418209,0.418672,0.418441,0.408307,OPEN,0,0.0,1
2026-08-11T22:35:23.116054,40.5613,0.419627,0.426039,0.422833,0.413391,OPEN,0,0.0,1
2026-08-11T22:35:23.150914,40.5967,0.42171,0.430665,0.426188,0.41787,OPEN,0,0.0,1
2026-08-11T22:35:23.183816,40.6299,0.438469,0.440097,0.439283,0.425364,OPEN,0,0.0,1
2026-08-11T22:35:23.218051,40.6649,0.446478,0.44169,0.444084,0.431916,OPEN,0,0.0,1
2026-08-11T22:35:23.240944,40.6878,0.451065,0.443498,0.447282,0.437294,OPEN,0,0.0,1
2026-08-11T22:35:23.273973,40.7211,0.450595,0.447244,0.448919,0.441363,OPEN,0,0.0,1
2026-08-11T22:35:23.307656,40.7547,0.449661,0.448897,0.449279,0.444133,OPEN,0,0.0,1
2026-08-11T22:35:23.342557,40.7893,0.449307,0.450209,0.449758,0.446102,OPEN,0,0.0,1
2026-08-11T22:35:23.383829,40.8305,0.446324,0.445261,0.445792,0.445994,OPEN,0,0.0,1
2026-08-11T22:35:23.421661,40.8664,0.445726,0.443034,0.44438,0.445429,OPEN,0,0.0,1
2026-08-11T22:35:23.451555,40.8993,0.445484,0.441368,0.443426,0.444728,OPEN,0,0.0,1
2026-08-11T22:35:23.477417,40.9241,0.142854,0.155403,0.149128,0.341268,OPEN,0,0.0,1
2026-08-11T22:35:23.500058,40.9471,0.093772,0.075134,0.084453,0.251383,OPEN,0,0.0,1
2026-08-11T22:35:23.538193,40.9822,0.07733,0.060141,0.068736,0.187456,CLOSING,0,0.0,1
2026-08-11T22:35:23.582648,41.0267,0.047502,0.046064,0.046783,0.138221,CLOSING,0,0.0,1
2026-08-11T22:35:23.608527,41.0535,0.052242,0.055898,0.05407,0.108768,CLOSED,0,0.0,1
2026-08-11T22:35:23.630774,41.0785,0.05798,0.061543,0.059762,0.091616,CLOSED,0,0.0,1
2026-08-11T22:35:23.670881,41.118,0.066277,0.035014,0.050646,0.077276,CLOSED,0,0.0,1
2026-08-11T22:35:23.703347,41.1522,0.062302,0.034117,0.048209,0.067103,CLOSED,0,0.0,1
2026-08-11T22:35:23.739284,41.1858,0.060734,0.034113,0.047424,0.060215,CLOSED,0,0.0,1
2026-08-11T22:35:23.784281,41.2322,0.050839,0.042753,0.046796,0.055518,CLOSED,0,0.0,1
2026-08-11T22:35:23.804850,41.2539,0.051934,0.047878,0.049906,0.053554,CLOSED,0,0.0,1
2026-08-11T22:35:23.827418,41.2744,0.054666,0.052929,0.053798,0.053639,CLOSED,0,0.0,1
2026-08-11T22:35:23.877472,41.3242,0.064934,0.054538,0.059736,0.055773,CLOSED,0,0.0,1
2026-08-11T22:35:23.914688,41.3594,0.06965,0.055031,0.062341,0.058072,CLOSED,0,0.0,1
2026-08-11T22:35:23.946942,41.3938,0.072913,0.055519,0.064216,0.060222,CLOSED,0,0.0,1
2026-08-11T22:35:23.976860,41.4259,0.062325,0.03956,0.050943,0.056974,CLOSED,0,0.0,1
2026-08-11T22:35:24.010794,41.4593,0.059285,0.033738,0.046511,0.053312,CLOSED,0,0.0,1
2026-08-11T22:35:24.045876,41.4943,0.056204,0.027675,0.04194,0.049332,CLOSED,0,0.0,1
2026-08-11T22:35:24.091208,41.5372,0.067519,0.048106,0.057813,0.0523,CLOSED,0,0.0,1
2026-08-11T22:35:24.112877,41.5613,0.069416,0.053223,0.06132,0.055457,CLOSED,0,0.0,1
2026-08-11T22:35:24.149164,41.5963,0.071294,0.057267,0.06428,0.058545,CLOSED,0,0.0,1
2026-08-11T22:35:24.183141,41.6318,0.276345,0.271885,0.274115,0.133995,CLOSED,0,0.0,1
2026-08-11T22:35:24.219285,41.6663,0.316844,0.308746,0.312795,0.196575,CLOSED,0,0.0,1
2026-08-11T22:35:24.251851,41.6993,0.325431,0.318597,0.322014,0.240479,CLOSED,0,0.0,1
2026-08-11T22:35:24.286316,41.7344,0.412145,0.380347,0.396246,0.294997,OPENING,0,0.0,1
2026-08-11T22:35:24.319699,41.7667,0.415304,0.387022,0.401163,0.332155,OPEN,1,0.784464,1
2026-08-11T22:35:24.358745,41.8013,0.415785,0.392329,0.404057,0.357321,OPEN,0,0.0,1
2026-08-11T22:35:24.380631,41.8286,0.415317,0.411376,0.413346,0.37693,OPEN,0,0.0,1
2026-08-11T22:35:24.416763,41.8631,0.41796,0.422696,0.420328,0.392119,OPEN,0,0.0,1
2026-08-11T22:35:24.450560,41.8983,0.417694,0.430032,0.423863,0.403229,OPEN,0,0.0,1
2026-08-11T22:35:24.487186,41.9349,0.42416,0.428961,0.42656,0.411395,OPEN,0,0.0,1
2026-08-11T22:35:24.522583,41.9692,0.427131,0.429672,0.428401,0.417347,OPEN,0,0.0,1
2026-08-11T22:35:24.557877,42.0046,0.428606,0.429398,0.429002,0.421426,OPEN,0,0.0,1
2026-08-11T22:35:24.601570,42.0474,0.432401,0.443628,0.438014,0.427232,OPEN,0,0.0,1
2026-08-11T22:35:24.636906,42.0822,0.435058,0.44978,0.442419,0.432548,OPEN,0,0.0,1
2026-08-11T22:35:24.667064,42.1147,0.437429,0.45264,0.445035,0.436918,OPEN,0,0.0,1
2026-08-11T22:35:24.689922,42.1369,0.43624,0.450167,0.443203,0.439118,OPEN,0,0.0,1
2026-08-11T22:35:24.713365,42.1596,0.435498,0.447485,0.441491,0.439949,OPEN,0,0.0,1
2026-08-11T22:35:24.748782,42.1967,0.43447,0.444666,0.439568,0.439815,OPEN,0,0.0,1
2026-08-11T22:35:24.776200,42.2241,0.431986,0.424154,0.42807,0.435705,OPEN,0,0.0,1
2026-08-11T22:35:24.811253,42.2586,0.430443,0.408051,0.419247,0.429944,OPEN,0,0.0,1
2026-08-11T22:35:24.832271,42.2811,0.429318,0.403258,0.416288,0.425165,OPEN,0,0.0,1
2026-08-11T22:35:24.885643,42.3341,0.083746,0.098847,0.091297,0.308311,OPEN,0,0.0,1
2026-08-11T22:35:24.919994,42.3689,0.061504,0.064741,0.063123,0.222495,CLOSING,0,0.0,1
2026-08-11T22:35:24.957812,42.4025,0.055613,0.049513,0.052563,0.163019,CLOSING,0,0.0,1
2026-08-11T22:35:24.990458,42.4383,0.035803,0.045372,0.040588,0.120168,CLOSED,0,0.0,1
2026-08-11T22:35:25.026088,42.4712,0.033454,0.046387,0.03992,0.092081,CLOSED,0,0.0,1
2026-08-11T22:35:25.061630,42.5048,0.035659,0.048232,0.041946,0.074534,CLOSED,0,0.0,1
2026-08-11T22:35:25.084696,42.5315,0.043623,0.016922,0.030273,0.059043,CLOSED,0,0.0,1
2026-08-11T22:35:25.119526,42.5656,0.049869,0.012821,0.031345,0.049348,CLOSED,0,0.0,1
2026-08-11T22:35:25.152978,42.601,0.051646,0.012768,0.032207,0.043349,CLOSED,0,0.0,1
2026-08-11T22:35:25.175880,42.623,0.049151,0.02395,0.036551,0.04097,CLOSED,0,0.0,1
2026-08-11T22:35:25.198743,42.646,0.048138,0.03261,0.040374,0.040761,CLOSED,0,0.0,1
2026-08-11T22:35:25.235335,42.6811,0.046327,0.038429,0.042378,0.041327,CLOSED,0,0.0,1
2026-08-11T22:35:25.295562,42.7419,0.050986,0.04985,0.050418,0.044509,CLOSED,0,0.0,1
2026-08-11T22:35:25.328817,42.776,0.055404,0.057379,0.056391,0.048668,CLOSED,0,0.0,1
2026-08-11T22:35:25.366026,42.811,0.058134,0.06232,0.060227,0.052714,CLOSED,0,0.0,1
2026-08-11T22:35:25.388807,42.836,0.308309,0.292861,0.300585,0.139469,CLOSED,0,0.0,1
2026-08-11T22:35:25.424895,42.8715,0.374251,0.35801,0.36613,0.2188,CLOSED,0,0.0,1
2026-08-11T22:35:25.458417,42.9042,0.384052,0.374791,0.379421,0.275018,OPENING,0,0.0,1
2026-08-11T22:35:25.490386,42.9374,0.425373,0.420618,0.422995,0.32681,OPEN,1,0.568577,1
2026-08-11T22:35:25.526082,42.9723,0.430301,0.428942,0.429621,0.362794,OPEN,0,0.0,1
2026-08-11T22:35:25.564075,43.0062,0.43232,0.428713,0.430516,0.386497,OPEN,0,0.0,1
2026-08-11T22:35:25.592701,43.0399,0.437304,0.442357,0.43983,0.405163,OPEN,0,0.0,1
2026-08-11T22:35:25.626629,43.0736,0.440187,0.442812,0.441499,0.417881,OPEN,0,0.0,1
2026-08-11T22:35:25.661116,43.1078,0.441379,0.441791,0.441585,0.426177,OPEN,0,0.0,1
2026-08-11T22:35:25.684672,43.1314,0.446548,0.442757,0.444652,0.432644,OPEN,0,0.0,1
2026-08-11T22:35:25.716894,43.1645,0.449463,0.443262,0.446363,0.437445,OPEN,0,0.0,1
2026-08-11T22:35:25.751883,43.2002,0.449851,0.443741,0.446796,0.440718,OPEN,0,0.0,1
2026-08-11T22:35:25.788037,43.2339,0.448359,0.441173,0.444766,0.442135,OPEN,0,0.0,1
2026-08-11T22:35:25.819174,43.2666,0.447266,0.441469,0.444367,0.442916,OPEN,0,0.0,1
2026-08-11T22:35:25.840626,43.288,0.446656,0.441248,0.443952,0.443279,OPEN,0,0.0,1
2026-08-11T22:35:25.881769,43.3297,0.442748,0.43564,0.439194,0.441849,OPEN,0,0.0,1
2026-08-11T22:35:25.917216,43.3646,0.442224,0.431909,0.437066,0.440175,OPEN,0,0.0,1
2026-08-11T22:35:25.955470,43.3991,0.440722,0.429203,0.434963,0.438351,OPEN,0,0.0,1
2026-08-11T22:35:25.990568,43.4369,0.333659,0.388962,0.36131,0.411386,OPEN,0,0.0,1
2026-08-11T22:35:26.013026,43.4605,0.31838,0.382161,0.350271,0.389996,OPEN,0,0.0,1
2026-08-11T22:35:26.052446,43.4975,0.315506,0.374523,0.345015,0.374252,OPEN,0,0.0,1
2026-08-11T22:35:26.089460,43.5368,0.090094,0.09224,0.091167,0.275172,OPEN,0,0.0,1
2026-08-11T22:35:26.124030,43.571,0.056654,0.039336,0.047995,0.19566,CLOSING,0,0.0,1
2026-08-11T22:35:26.160571,43.607,0.049643,0.029157,0.0394,0.140969,CLOSING,0,0.0,1
2026-08-11T22:35:26.181666,43.6303,0.029022,0.016806,0.022914,0.09965,CLOSED,0,0.0,1
2026-08-11T22:35:26.217908,43.664,0.024832,0.014469,0.019651,0.07165,CLOSED,0,0.0,1
2026-08-11T22:35:26.242122,43.687,0.024631,0.014248,0.01944,0.053376,CLOSED,0,0.0,1
2026-08-11T22:35:26.275769,43.7239,0.028118,0.015943,0.02203,0.042405,CLOSED,0,0.0,1
2026-08-11T22:35:26.311285,43.7584,0.032953,0.017291,0.025122,0.036356,CLOSED,0,0.0,1
2026-08-11T22:35:26.349149,43.7923,0.035288,0.019743,0.027515,0.033262,CLOSED,0,0.0,1
2026-08-11T22:35:26.395076,43.8423,0.037519,0.053249,0.045384,0.037505,CLOSED,0,0.0,1
2026-08-11T22:35:26.431892,43.8776,0.038353,0.064026,0.051189,0.042294,CLOSED,0,0.0,1
2026-08-11T22:35:26.465474,43.9117,0.040141,0.072917,0.056529,0.047276,CLOSED,0,0.0,1
2026-08-11T22:35:26.499559,43.9479,0.305922,0.261421,0.283671,0.130015,CLOSED,0,0.0,1
2026-08-11T22:35:26.535075,43.9818,0.343932,0.307763,0.325848,0.198556,CLOSED,0,0.0,1
2026-08-11T22:35:26.567693,44.0144,0.351023,0.324362,0.337693,0.247254,CLOSED,0,0.0,1
2026-08-11T22:35:26.604186,44.0519,0.399581,0.392759,0.39617,0.299374,OPENING,0,0.0,1
2026-08-11T22:35:26.638715,44.0854,0.400935,0.398323,0.399629,0.334464,OPEN,1,0.514476,1
2026-08-11T22:35:26.677755,44.12,0.399257,0.39936,0.399308,0.357159,OPEN,0,0.0,1
2026-08-11T22:35:26.712258,44.1583,0.418734,0.432332,0.425533,0.38109,OPEN,0,0.0,1
2026-08-11T22:35:26.748548,44.1923,0.421363,0.439717,0.43054,0.398397,OPEN,0,0.0,1
2026-08-11T22:35:26.780602,44.227,0.424447,0.441814,0.433131,0.410554,OPEN,0,0.0,1
2026-08-11T22:35:26.811326,44.2597,0.420434,0.438514,0.429474,0.417176,OPEN,0,0.0,1
2026-08-11T22:35:26.849559,44.2947,0.421724,0.436461,0.429092,0.421347,OPEN,0,0.0,1
2026-08-11T22:35:26.885497,44.3288,0.423596,0.43566,0.429628,0.424245,OPEN,0,0.0,1
2026-08-11T22:35:26.919562,44.3659,0.427088,0.438686,0.432887,0.42727,OPEN,0,0.0,1
2026-08-11T22:35:26.954951,44.3995,0.429168,0.440521,0.434844,0.429921,OPEN,0,0.0,1
2026-08-11T22:35:26.987342,44.4329,0.434535,0.44174,0.438137,0.432797,OPEN,0,0.0,1
2026-08-11T22:35:27.088266,44.535,0.205888,0.242191,0.22404,0.359732,OPEN,0,0.0,1
2026-08-11T22:35:27.121881,44.569,0.207043,0.224332,0.215687,0.309316,OPEN,0,0.0,1
2026-08-11T22:35:27.160770,44.6042,0.205077,0.224708,0.214892,0.276268,OPEN,0,0.0,1
2026-08-11T22:35:27.189708,44.6367,0.047363,0.040834,0.044099,0.195009,CLOSING,0,0.0,1
2026-08-11T22:35:27.224419,44.671,0.034207,0.030195,0.032201,0.138026,CLOSING,0,0.0,1
2026-08-11T22:35:27.260800,44.7056,0.035086,0.028684,0.031885,0.100877,CLOSED,0,0.0,1
2026-08-11T22:35:27.284892,44.7326,0.041543,0.028533,0.035038,0.077833,CLOSED,0,0.0,1
2026-08-11T22:35:27.319444,44.7659,0.043551,0.029724,0.036637,0.063415,CLOSED,0,0.0,1
2026-08-11T22:35:27.354716,44.7995,0.046777,0.034131,0.040454,0.055378,CLOSED,0,0.0,1
2026-08-11T22:35:27.382661,44.8311,0.057792,0.040464,0.049128,0.053191,CLOSED,0,0.0,1
2026-08-11T22:35:27.421636,44.8667,0.065973,0.046303,0.056138,0.054222,CLOSED,0,0.0,1
2026-08-11T22:35:27.443609,44.8911,0.066412,0.048315,0.057364,0.055322,CLOSED,0,0.0,1
2026-08-11T22:35:27.476560,44.9245,0.056179,0.03343,0.044805,0.051641,CLOSED,0,0.0,1
2026-08-11T22:35:27.499146,44.9465,0.053678,0.031129,0.042403,0.048408,CLOSED,0,0.0,1
2026-08-11T22:35:27.522178,44.969,0.051792,0.029648,0.04072,0.045717,CLOSED,0,0.0,1
2026-08-11T22:35:27.598607,45.046,0.235057,0.234482,0.23477,0.111885,CLOSED,0,0.0,1
2026-08-11T22:35:27.622535,45.0703,0.259912,0.256883,0.258397,0.163165,CLOSED,0,0.0,1
2026-08-11T22:35:27.663441,45.1062,0.271174,0.267115,0.269145,0.200258,CLOSED,0,0.0,1
2026-08-11T22:35:27.691918,45.139,0.369117,0.379025,0.374071,0.261092,OPENING,0,0.0,1
2026-08-11T22:35:27.716443,45.1629,0.387946,0.395948,0.391947,0.306891,OPEN,1,0.526261,1
2026-08-11T22:35:27.752377,45.1969,0.394788,0.401169,0.397979,0.338772,OPEN,0,0.0,1
2026-08-11T22:35:27.782796,45.2309,0.398681,0.410513,0.404597,0.361811,OPEN,0,0.0,1
2026-08-11T22:35:27.818620,45.266,0.402636,0.416693,0.409665,0.37856,OPEN,0,0.0,1
2026-08-11T22:35:27.855542,45.3006,0.403742,0.41803,0.410886,0.389874,OPEN,0,0.0,1
2026-08-11T22:35:27.883310,45.3296,0.421708,0.426204,0.423956,0.401802,OPEN,0,0.0,1
2026-08-11T22:35:27.905252,45.3521,0.426206,0.426258,0.426232,0.410353,OPEN,0,0.0,1
2026-08-11T22:35:27.940215,45.3867,0.427833,0.425993,0.426913,0.416149,OPEN,0,0.0,1
2026-08-11T22:35:27.990228,45.437,0.425141,0.431322,0.428231,0.420378,OPEN,0,0.0,1
2026-08-11T22:35:28.023745,45.4709,0.423482,0.43356,0.428521,0.423228,OPEN,0,0.0,1
2026-08-11T22:35:28.060723,45.5049,0.420961,0.433601,0.427281,0.424647,OPEN,0,0.0,1
2026-08-11T22:35:28.091108,45.5378,0.434117,0.447612,0.440864,0.430323,OPEN,0,0.0,1
2026-08-11T22:35:28.115520,45.5625,0.439554,0.451437,0.445495,0.435633,OPEN,0,0.0,1
2026-08-11T22:35:28.151715,45.5969,0.443232,0.45349,0.448361,0.440088,OPEN,0,0.0,1
2026-08-11T22:35:28.186469,45.6337,0.441979,0.45046,0.44622,0.442234,OPEN,0,0.0,1
2026-08-11T22:35:28.221066,45.6685,0.442182,0.449402,0.445792,0.443479,OPEN,0,0.0,1
2026-08-11T22:35:28.255764,45.7031,0.441767,0.448312,0.44504,0.444025,OPEN,0,0.0,1
2026-08-11T22:35:28.296771,45.7423,0.166883,0.133198,0.150041,0.341131,OPEN,0,0.0,1
2026-08-11T22:35:28.332883,45.7775,0.106407,0.084357,0.095382,0.255119,OPEN,0,0.0,1
2026-08-11T22:35:28.370024,45.8121,0.088108,0.07502,0.081564,0.194374,CLOSING,0,0.0,1
2026-08-11T22:35:28.398133,45.8436,0.06126,0.041829,0.051545,0.144384,CLOSING,0,0.0,1
2026-08-11T22:35:28.420493,45.868,0.059701,0.046462,0.053081,0.112428,CLOSED,0,0.0,1
2026-08-11T22:35:28.457045,45.9019,0.058608,0.049679,0.054144,0.092029,CLOSED,0,0.0,1
2026-08-11T22:35:28.484680,45.9305,0.055175,0.064433,0.059804,0.08075,CLOSED,0,0.0,1
2026-08-11T22:35:28.514750,45.9628,0.059368,0.068214,0.063791,0.074814,CLOSED,0,0.0,1
2026-08-11T22:35:28.547068,45.9959,0.061941,0.074851,0.068396,0.072568,CLOSED,0,0.0,1
2026-08-11T22:35:28.580450,46.0284,0.06927,0.077675,0.073472,0.072884,CLOSED,0,0.0,1
2026-08-11T22:35:28.616606,46.0642,0.072179,0.074861,0.07352,0.073107,CLOSED,0,0.0,1
2026-08-11T22:35:28.650772,46.0974,0.074337,0.073831,0.074084,0.073449,CLOSED,0,0.0,1
2026-08-11T22:35:28.697630,46.1456,0.078286,0.095589,0.086938,0.07817,CLOSED,0,0.0,1
2026-08-11T22:35:28.731881,46.1802,0.080019,0.095269,0.087644,0.081486,CLOSED,0,0.0,1
2026-08-11T22:35:28.766783,46.214,0.080851,0.097053,0.088952,0.084099,CLOSED,0,0.0,1
2026-08-11T22:35:28.800447,46.2483,0.091069,0.145028,0.118048,0.095981,CLOSED,0,0.0,1
2026-08-11T22:35:28.835987,46.2824,0.093589,0.134297,0.113943,0.102268,CLOSED,0,0.0,1
2026-08-11T22:35:28.872643,46.3168,0.096267,0.134959,0.115613,0.106939,CLOSED,0,0.0,1
2026-08-11T22:35:28.903364,46.351,0.146416,0.137669,0.142043,0.119225,CLOSED,0,0.0,1
2026-08-11T22:35:28.925775,46.3733,0.159972,0.136184,0.148078,0.129324,CLOSED,0,0.0,1
2026-08-11T22:35:28.962947,46.4084,0.168891,0.134719,0.151805,0.137192,CLOSED,0,0.0,1
2026-08-11T22:35:28.988315,46.4343,0.251876,0.230317,0.241097,0.173559,CLOSED,0,0.0,1
2026-08-11T22:35:29.022665,46.468,0.283628,0.26783,0.275729,0.209318,CLOSED,0,0.0,1
2026-08-11T22:35:29.056395,46.5028,0.294711,0.287211,0.290961,0.237893,CLOSED,0,0.0,1
2026-08-11T22:35:29.095714,46.5421,0.330915,0.324476,0.327696,0.269324,OPENING,0,0.0,1
2026-08-11T22:35:29.131067,46.5773,0.33738,0.338824,0.338102,0.293396,OPEN,1,0.765238,1
2026-08-11T22:35:29.153724,46.6003,0.339655,0.343014,0.341335,0.310175,OPEN,0,0.0,1
2026-08-11T22:35:29.193423,46.6405,0.347125,0.365973,0.356549,0.326406,OPEN,0,0.0,1
2026-08-11T22:35:29.226443,46.6736,0.347719,0.367882,0.3578,0.337394,OPEN,0,0.0,1
2026-08-11T22:35:29.247925,46.6953,0.352737,0.37358,0.363159,0.346411,OPEN,0,0.0,1
2026-08-11T22:35:29.285569,46.733,0.359399,0.370267,0.364833,0.352859,OPEN,0,0.0,1
2026-08-11T22:35:29.320874,46.7666,0.365088,0.370932,0.36801,0.358162,OPEN,0,0.0,1
2026-08-11T22:35:29.352252,46.7988,0.368296,0.371401,0.369849,0.362252,OPEN,0,0.0,1
2026-08-11T22:35:29.388493,46.8362,0.378548,0.376436,0.377492,0.367586,OPEN,0,0.0,1
2026-08-11T22:35:29.495757,46.9429,0.407718,0.393766,0.400742,0.379191,OPEN,0,0.0,1
2026-08-11T22:35:29.531022,46.9769,0.410517,0.395451,0.402984,0.387518,OPEN,0,0.0,1
2026-08-11T22:35:29.594138,47.0392,0.413934,0.405821,0.409877,0.395344,OPEN,0,0.0,1
2026-08-11T22:35:29.628648,47.0731,0.421164,0.409932,0.415548,0.402415,OPEN,0,0.0,1
2026-08-11T22:35:29.660958,47.1068,0.424049,0.411688,0.417869,0.407824,OPEN,0,0.0,1
2026-08-11T22:35:29.688640,47.1367,0.136992,0.148647,0.142819,0.315072,OPEN,0,0.0,1
2026-08-11T22:35:29.724484,47.1704,0.065107,0.080675,0.072891,0.230309,CLOSING,0,0.0,1
2026-08-11T22:35:29.757822,47.204,0.054267,0.074423,0.064345,0.172222,CLOSING,0,0.0,1
2026-08-11T22:35:29.791740,47.2386,0.037401,0.060393,0.048897,0.129058,CLOSED,0,0.0,1
2026-08-11T22:35:29.827160,47.2729,0.039371,0.05589,0.047631,0.100558,CLOSED,0,0.0,1
2026-08-11T22:35:29.858366,47.3066,0.03979,0.0551,0.047445,0.081969,CLOSED,0,0.0,1
2026-08-11T22:35:29.897404,47.346,0.057152,0.05715,0.057151,0.073282,CLOSED,0,0.0,1
2026-08-11T22:35:29.932213,47.3791,0.064858,0.054351,0.059605,0.068495,CLOSED,0,0.0,1
2026-08-11T22:35:29.968555,47.4137,0.065146,0.055638,0.060392,0.065659,CLOSED,0,0.0,1
2026-08-11T22:35:29.990194,47.4384,0.074624,0.062559,0.068592,0.066686,CLOSED,0,0.0,1
2026-08-11T22:35:30.027371,47.4736,0.082893,0.066293,0.074593,0.069453,CLOSED,0,0.0,1
2026-08-11T22:35:30.050036,47.4973,0.087182,0.068503,0.077843,0.07239,CLOSED,0,0.0,1
2026-08-11T22:35:30.084304,47.5323,0.088553,0.073343,0.080948,0.075385,CLOSED,0,0.0,1
2026-08-11T22:35:30.117451,47.5656,0.089866,0.080193,0.085029,0.07876,CLOSED,0,0.0,1
2026-08-11T22:35:30.153052,47.5995,0.091559,0.08416,0.087859,0.081945,CLOSED,0,0.0,1
2026-08-11T22:35:30.187495,47.6353,0.083355,0.077623,0.080489,0.081435,CLOSED,0,0.0,1
2026-08-11T22:35:30.222700,47.6697,0.079088,0.075684,0.077386,0.080018,CLOSED,0,0.0,1
2026-08-11T22:35:30.256862,47.7039,0.076192,0.073418,0.074805,0.078193,CLOSED,0,0.0,1
2026-08-11T22:35:30.291337,47.7388,0.073637,0.072826,0.073232,0.076457,CLOSED,0,0.0,1
2026-08-11T22:35:30.326377,47.7728,0.06867,0.079213,0.073942,0.075577,CLOSED,0,0.0,1
2026-08-11T22:35:30.360167,47.8068,0.069103,0.083935,0.076519,0.075906,CLOSED,0,0.0,1
2026-08-11T22:35:30.392700,47.8391,0.107147,0.084005,0.095576,0.082791,CLOSED,0,0.0,1
2026-08-11T22:35:30.428564,47.8735,0.117932,0.083514,0.100723,0.089067,CLOSED,0,0.0,1
2026-08-11T22:35:30.460916,47.9076,0.12364,0.083245,0.103443,0.094098,CLOSED,0,0.0,1
2026-08-11T22:35:30.501280,47.9487,0.29247,0.300837,0.296654,0.164993,CLOSED,0,0.0,1
2026-08-11T22:35:30.535514,47.9826,0.326101,0.334929,0.330515,0.222926,CLOSED,0,0.0,1
2026-08-11T22:35:30.572358,48.0168,0.330378,0.33791,0.334144,0.261852,OPENING,0,0.0,1
2026-08-11T22:35:30.598518,48.0451,0.362731,0.354487,0.358609,0.295717,OPEN,0,0.874762,1
2026-08-11T22:35:30.631648,48.0794,0.36498,0.360964,0.362972,0.319256,OPEN,0,0.0,1
2026-08-11T22:35:30.666297,48.1136,0.365191,0.361804,0.363497,0.334741,OPEN,0,0.0,1
2026-08-11T22:35:30.699316,48.1453,0.364464,0.364254,0.364359,0.345107,OPEN,0,0.0,1
2026-08-11T22:35:30.730832,48.1791,0.368047,0.368493,0.36827,0.353214,OPEN,0,0.0,1
2026-08-11T22:35:30.764067,48.2119,0.371212,0.372086,0.371649,0.359666,OPEN,0,0.0,1
2026-08-11T22:35:30.788543,48.2362,0.382884,0.396398,0.389641,0.370157,OPEN,0,0.0,1
2026-08-11T22:35:30.820032,48.268,0.389182,0.405985,0.397584,0.379757,OPEN,0,0.0,1
2026-08-11T22:35:30.853485,48.3026,0.391387,0.407616,0.399502,0.386667,OPEN,0,0.0,1
2026-08-11T22:35:30.890676,48.3397,0.392391,0.40494,0.398666,0.390867,OPEN,0,0.0,1
2026-08-11T22:35:30.924871,48.3718,0.394392,0.404995,0.399694,0.393956,OPEN,0,0.0,1
2026-08-11T22:35:30.948666,48.3954,0.394223,0.404072,0.399147,0.395773,OPEN,0,0.0,1
2026-08-11T22:35:31.002735,48.4487,0.082794,0.102291,0.092543,0.289642,OPEN,0,0.0,1
2026-08-11T22:35:31.025519,48.4719,0.055312,0.064445,0.059878,0.209225,CLOSING,0,0.0,1
2026-08-11T22:35:31.060046,48.506,0.043198,0.047007,0.045103,0.151782,CLOSING,0,0.0,1
2026-08-11T22:35:31.094822,48.5417,0.055366,0.023176,0.039271,0.112403,CLOSED,0,0.0,1
2026-08-11T22:35:31.130514,48.5764,0.068387,0.026224,0.047305,0.089619,CLOSED,0,0.0,1
2026-08-11T22:35:31.165948,48.6129,0.075362,0.033499,0.05443,0.077303,CLOSED,0,0.0,1
2026-08-11T22:35:31.196940,48.6458,0.13645,0.109947,0.123199,0.093366,CLOSED,0,0.0,1
2026-08-11T22:35:31.231446,48.6795,0.169318,0.161433,0.165375,0.118569,CLOSED,0,0.0,1
2026-08-11T22:35:31.267472,48.7126,0.185499,0.189741,0.18762,0.142737,CLOSED,0,0.0,1
2026-08-11T22:35:31.291109,48.7396,0.357544,0.388205,0.372875,0.223285,CLOSED,0,0.0,1
2026-08-11T22:35:31.313744,48.7614,0.394623,0.414588,0.404606,0.286747,OPENING,0,0.0,1
2026-08-11T22:35:31.347812,48.7952,0.40581,0.415371,0.410591,0.330093,OPEN,1,0.323296,1
2026-08-11T22:35:31.399839,48.8472,0.381036,0.381892,0.381464,0.348073,OPEN,0,0.0,1
2026-08-11T22:35:31.431470,48.8795,0.381572,0.370201,0.375886,0.357808,OPEN,0,0.0,1
2026-08-11T22:35:31.464367,48.9125,0.381233,0.362829,0.372031,0.362786,OPEN,0,0.0,1
2026-08-11T22:35:31.499309,48.9468,0.093569,0.11425,0.103909,0.272179,OPEN,0,0.0,1
2026-08-11T22:35:31.520185,48.9692,0.046629,0.060559,0.053594,0.195674,CLOSING,0,0.0,1
2026-08-11T22:35:31.557417,49.0038,0.031805,0.047579,0.039692,0.14108,CLOSING,0,0.0,1
2026-08-11T22:35:31.590635,49.0379,0.143852,0.175686,0.159769,0.147621,CLOSED,0,0.0,1
2026-08-11T22:35:31.627185,49.0729,0.205603,0.201513,0.203558,0.167199,CLOSED,0,0.0,1
2026-08-11T22:35:31.649829,49.0971,0.243014,0.226178,0.234596,0.190788,CLOSED,0,0.0,1
2026-08-11T22:35:31.692275,49.138,0.365962,0.361283,0.363623,0.25128,OPENING,0,0.0,1
2026-08-11T22:35:31.727081,49.1727,0.38942,0.390914,0.390167,0.299891,OPEN,1,0.203531,1
2026-08-11T22:35:31.761585,49.2078,0.394638,0.401844,0.398241,0.334313,OPEN,0,0.0,1
2026-08-11T22:35:31.795323,49.2414,0.395959,0.405309,0.400634,0.357525,OPEN,0,0.0,1
2026-08-11T22:35:31.829218,49.2753,0.41142,0.41006,0.41074,0.37615,OPEN,0,0.0,1
2026-08-11T22:35:31.863554,49.3097,0.417697,0.413954,0.415825,0.390037,OPEN,0,0.0,1
2026-08-11T22:35:31.896052,49.3422,0.427005,0.412511,0.419758,0.400439,OPEN,0,0.0,1
2026-08-11T22:35:31.932538,49.378,0.428356,0.411365,0.419861,0.407237,OPEN,0,0.0,1
2026-08-11T22:35:31.965754,49.4119,0.427532,0.410778,0.419155,0.411408,OPEN,0,0.0,1
2026-08-11T22:35:31.995332,49.4416,0.134044,0.12966,0.131852,0.313564,OPEN,0,0.0,1
2026-08-11T22:35:32.028847,49.4756,0.098277,0.082427,0.090352,0.235439,CLOSING,0,0.0,1
2026-08-11T22:35:32.066123,49.5124,0.099223,0.072683,0.085953,0.183119,CLOSING,0,0.0,1
2026-08-11T22:35:32.101680,49.5479,0.124491,0.083009,0.10375,0.15534,CLOSED,0,0.0,1
2026-08-11T22:35:32.216452,49.6642,0.337438,0.326279,0.331858,0.217121,CLOSED,0,0.0,1
2026-08-11T22:35:32.250953,49.698,0.359482,0.353285,0.356384,0.265863,OPENING,0,0.0,1
2026-08-11T22:35:32.273314,49.7201,0.365028,0.362004,0.363516,0.300042,OPEN,1,0.244489,1
2026-08-11T22:35:32.307811,49.7541,0.393309,0.388115,0.390712,0.331776,OPEN,0,0.0,1
2026-08-11T22:35:32.343141,49.7894,0.401689,0.397786,0.399738,0.355563,OPEN,0,0.0,1
2026-08-11T22:35:32.392042,49.8383,0.233976,0.236916,0.235446,0.313522,OPEN,0,0.0,1
2026-08-11T22:35:32.427947,49.874,0.195494,0.192196,0.193845,0.271635,OPEN,0,0.0,1
2026-08-11T22:35:32.463550,49.9095,0.185733,0.168845,0.177289,0.238614,CLOSING,0,0.0,1
2026-08-11T22:35:32.490453,49.9372,0.108001,0.125932,0.116966,0.196037,CLOSING,0,0.0,1
2026-08-11T22:35:32.524494,49.9709,0.081913,0.105545,0.093729,0.160229,CLOSED,0,0.0,1
2026-08-11T22:35:32.561530,50.0069,0.074564,0.099187,0.086876,0.134555,CLOSED,0,0.0,1
2026-08-11T22:35:32.599783,50.0408,0.071055,0.095524,0.08329,0.116612,CLOSED,0,0.0,1
2026-08-11T22:35:32.622467,50.0692,0.292008,0.278367,0.285187,0.175614,CLOSED,0,0.0,1
2026-08-11T22:35:32.655741,50.1036,0.354045,0.337176,0.345611,0.235113,CLOSED,0,0.0,1
2026-08-11T22:35:32.698088,50.1415,0.417227,0.420887,0.419057,0.299493,OPENING,0,0.0,1
2026-08-11T22:35:32.721287,50.1681,0.426812,0.435171,0.430991,0.345518,OPEN,1,0.258569,1
2026-08-11T22:35:32.754923,50.2022,0.426691,0.436881,0.431786,0.375711,OPEN,0,0.0,1
2026-08-11T22:35:32.795897,50.2426,0.176834,0.199924,0.188379,0.310145,OPEN,0,0.0,1
2026-08-11T22:35:32.819403,50.266,0.131041,0.171348,0.151194,0.254512,OPEN,0,0.0,1
2026-08-11T22:35:32.853783,50.3006,0.109268,0.146655,0.127962,0.21022,CLOSING,0,0.0,1
2026-08-11T22:35:32.906160,50.352,0.136127,0.139679,0.137903,0.184909,CLOSED,0,0.0,1
2026-08-11T22:35:32.938512,50.386,0.144755,0.147961,0.146358,0.171416,CLOSED,0,0.0,1
2026-08-11T22:35:32.971850,50.4192,0.149604,0.152448,0.151026,0.164279,CLOSED,0,0.0,1
2026-08-11T22:35:32.998320,50.4414,0.15205,0.154365,0.153208,0.160404,CLOSED,0,0.0,1
2026-08-11T22:35:33.030638,50.4772,0.349056,0.332921,0.340988,0.223609,CLOSED,0,0.0,1
2026-08-11T22:35:33.064012,50.5105,0.384871,0.365736,0.375304,0.276702,OPENING,0,0.0,1
2026-08-11T22:35:33.098845,50.5434,0.38173,0.378687,0.380209,0.312929,OPEN,1,0.242749,1
2026-08-11T22:35:33.118945,50.5677,0.381243,0.384825,0.383034,0.337466,OPEN,0,0.0,1
2026-08-11T22:35:33.153347,50.6018,0.38238,0.389348,0.385864,0.354405,OPEN,0,0.0,1
2026-08-11T22:35:33.191251,50.6359,0.102187,0.130913,0.11655,0.271156,OPEN,0,0.0,1
2026-08-11T22:35:33.212499,50.6606,0.062072,0.075819,0.068946,0.200382,CLOSING,0,0.0,1
2026-08-11T22:35:33.246439,50.6954,0.055096,0.062526,0.058811,0.150832,CLOSING,0,0.0,1
2026-08-11T22:35:33.310402,50.7577,0.086047,0.194654,0.14035,0.147164,CLOSED,0,0.0,1
2026-08-11T22:35:33.346308,50.7929,0.137392,0.249409,0.1934,0.163346,CLOSED,0,0.0,1
2026-08-11T22:35:33.381709,50.8271,0.167688,0.27085,0.219269,0.182919,CLOSED,0,0.0,1
2026-08-11T22:35:33.414072,50.8609,0.187072,0.280362,0.233717,0.200699,CLOSED,0,0.0,1
2026-08-11T22:35:33.446991,50.8943,0.348388,0.334592,0.34149,0.249976,CLOSED,0,0.0,1
2026-08-11T22:35:33.483904,50.9291,0.388311,0.352833,0.370572,0.292184,OPENING,0,0.0,1
2026-08-11T22:35:33.515823,50.9631,0.364273,0.323961,0.344117,0.310361,OPEN,1,0.302515,1
2026-08-11T22:35:33.550249,50.9969,0.331106,0.318562,0.324834,0.315426,OPEN,0,0.0,1
2026-08-11T22:35:33.586622,51.0305,0.291052,0.31068,0.300866,0.31033,OPEN,0,0.0,1
2026-08-11T22:35:33.622327,51.0691,0.127828,0.138259,0.133044,0.24828,CLOSING,0,0.0,1
2026-08-11T22:35:33.654958,51.1027,0.100427,0.106507,0.103467,0.197595,CLOSING,0,0.0,1
2026-08-11T22:35:33.676273,51.1239,0.091911,0.097624,0.094767,0.161606,CLOSED,0,0.0,1
2026-08-11T22:35:33.712873,51.1591,0.258342,0.235511,0.246926,0.191468,CLOSED,0,0.0,1
2026-08-11T22:35:33.809348,51.2545,0.379611,0.358671,0.369141,0.253654,OPENING,0,0.0,1
2026-08-11T22:35:33.843857,51.2899,0.396285,0.375998,0.386141,0.300024,OPEN,1,0.220741,1
2026-08-11T22:35:33.896345,51.3419,0.153278,0.160509,0.156893,0.249928,CLOSING,0,0.0,1
2026-08-11T22:35:33.930306,51.377,0.118431,0.14927,0.13385,0.209301,CLOSING,0,0.0,1
2026-08-11T22:35:33.963496,51.4104,0.113374,0.14995,0.131662,0.182127,CLOSED,0,0.0,1
2026-08-11T22:35:33.993961,51.441,0.214437,0.191526,0.202981,0.189426,CLOSED,0,0.0,1
2026-08-11T22:35:34.030092,51.4759,0.250311,0.198474,0.224392,0.201664,CLOSED,0,0.0,1
2026-08-11T22:35:34.063405,51.5107,0.271449,0.206221,0.238835,0.214674,CLOSED,0,0.0,1
2026-08-11T22:35:34.100549,51.5454,0.279556,0.208738,0.244147,0.22499,CLOSED,0,0.0,1
2026-08-11T22:35:34.130546,51.5785,0.359391,0.310683,0.335037,0.263506,OPENING,0,0.0,1
2026-08-11T22:35:34.164865,51.6117,0.38029,0.348445,0.364368,0.298808,OPEN,1,0.269777,1
2026-08-11T22:35:34.197634,51.645,0.399456,0.387729,0.393593,0.331982,OPEN,0,0.0,1
2026-08-11T22:35:34.304328,51.7476,0.128925,0.130742,0.129833,0.26123,OPEN,0,0.0,1
2026-08-11T22:35:34.333910,51.7816,0.103949,0.097267,0.100608,0.205013,CLOSING,0,0.0,1
2026-08-11T22:35:34.391049,51.8375,0.312571,0.268641,0.290606,0.23497,CLOSED,0,0.0,1
2026-08-11T22:35:34.426978,51.8724,0.345416,0.287925,0.316671,0.263565,OPENING,0,0.0,1
2026-08-11T22:35:34.449536,51.896,0.353923,0.293002,0.323462,0.284529,OPEN,1,0.114399,1
2026-08-11T22:35:34.488197,51.9299,0.356632,0.292971,0.324801,0.298625,OPEN,0,0.0,1
2026-08-11T22:35:34.516374,51.9651,0.391951,0.345523,0.368737,0.323164,OPEN,0,0.0,1
2026-08-11T22:35:34.551685,51.9986,0.402953,0.365724,0.384338,0.344575,OPEN,0,0.0,1
2026-08-11T22:35:34.584428,52.0319,0.404606,0.374884,0.389745,0.360384,OPEN,0,0.0,1
2026-08-11T22:35:34.618554,52.0659,0.410571,0.395371,0.402971,0.37529,OPEN,0,0.0,1
2026-08-11T22:35:34.651895,52.0993,0.410509,0.401806,0.406157,0.386093,OPEN,0,0.0,1
2026-08-11T22:35:34.693627,52.1423,0.150195,0.151367,0.150781,0.303734,OPEN,0,0.0,1
2026-08-11T22:35:34.716072,52.1624,0.125686,0.122399,0.124042,0.240842,CLOSING,0,0.0,1
2026-08-11T22:35:34.747769,52.197,0.124971,0.118563,0.121767,0.199166,CLOSING,0,0.0,1
2026-08-11T22:35:34.794839,52.2432,0.177681,0.1488,0.16324,0.186592,CLOSED,0,0.0,1
2026-08-11T22:35:34.815624,52.2641,0.191028,0.156409,0.173718,0.182086,CLOSED,0,0.0,1
2026-08-11T22:35:34.850015,52.2972,0.203798,0.164387,0.184092,0.182788,CLOSED,0,0.0,1
2026-08-11T22:35:34.885857,52.3308,0.213546,0.173751,0.193649,0.186589,CLOSED,0,0.0,1
2026-08-11T22:35:34.917010,52.3633,0.298249,0.281025,0.289637,0.222656,CLOSED,0,0.0,1
2026-08-11T22:35:34.949652,52.3964,0.330214,0.321469,0.325842,0.258771,OPENING,0,0.0,1
2026-08-11T22:35:34.982277,52.4291,0.343294,0.341843,0.342568,0.2881,OPEN,1,0.266717,1
2026-08-11T22:35:35.017112,52.4636,0.081516,0.096576,0.089046,0.218431,CLOSING,0,0.0,1
2026-08-11T22:35:35.050427,52.4977,0.048364,0.067014,0.057689,0.162171,CLOSING,0,0.0,1
2026-08-11T22:35:35.101602,52.5483,0.226408,0.263884,0.245146,0.191213,CLOSED,0,0.0,1
2026-08-11T22:35:35.135100,52.5821,0.274081,0.310935,0.292508,0.226666,CLOSED,0,0.0,1
2026-08-11T22:35:35.169469,52.6166,0.29353,0.326045,0.309787,0.255759,OPENING,0,0.0,1
2026-08-11T22:35:35.206176,52.6525,0.40822,0.372382,0.390301,0.302848,OPEN,1,0.188901,1
2026-08-11T22:35:35.238689,52.6865,0.429217,0.384114,0.406666,0.339184,OPEN,0,0.0,1
2026-08-11T22:35:35.272580,52.7203,0.4362,0.395805,0.416002,0.366071,OPEN,0,0.0,1
2026-08-11T22:35:35.316099,52.7633,0.415464,0.395147,0.405305,0.379803,OPEN,0,0.0,1
2026-08-11T22:35:35.398184,52.8453,0.056919,0.082347,0.069633,0.271243,OPEN,0,0.0,1
2026-08-11T22:35:35.431915,52.8791,0.027225,0.042001,0.034613,0.188423,CLOSING,0,0.0,1
2026-08-11T22:35:35.494313,52.9412,0.176327,0.212588,0.194457,0.190535,CLOSED,0,0.0,1
2026-08-11T22:35:35.527875,52.9763,0.220673,0.245427,0.23305,0.205415,CLOSED,0,0.0,1
2026-08-11T22:35:35.561713,53.0104,0.239639,0.256184,0.247912,0.220289,CLOSED,0,0.0,1
2026-08-11T22:35:35.612250,53.0607,0.390249,0.385805,0.388027,0.278997,OPENING,0,0.0,1
2026-08-11T22:35:35.646123,53.0936,0.41558,0.414202,0.414891,0.32656,OPEN,1,0.214485,1
2026-08-11T22:35:35.682061,53.128,0.418132,0.420805,0.419469,0.359078,OPEN,0,0.0,1
2026-08-11T22:35:35.715652,53.1623,0.421432,0.425808,0.42362,0.381668,OPEN,0,0.0,1
2026-08-11T22:35:35.799803,53.2472,0.184361,0.150739,0.16755,0.306727,OPEN,0,0.0,1
2026-08-11T22:35:35.835716,53.2821,0.133287,0.102309,0.117798,0.240602,CLOSING,0,0.0,1
2026-08-11T22:35:35.869251,53.3163,0.113655,0.083819,0.098737,0.190949,CLOSING,0,0.0,1
2026-08-11T22:35:35.897146,53.3441,0.095633,0.070306,0.082969,0.153156,CLOSED,0,0.0,1
2026-08-11T22:35:35.930506,53.3778,0.09722,0.069729,0.083474,0.128767,CLOSED,0,0.0,1
2026-08-11T22:35:36.013716,53.4604,0.300774,0.282656,0.291715,0.185799,CLOSED,0,0.0,1
2026-08-11T22:35:36.046641,53.4941,0.31759,0.309948,0.313769,0.230589,CLOSED,0,0.0,1
2026-08-11T22:35:36.084909,53.5279,0.323644,0.318922,0.321283,0.262332,OPENING,0,0.0,1
2026-08-11T22:35:36.106773,53.5546,0.362405,0.353125,0.357765,0.295733,OPEN,1,0.272499,1
2026-08-11T22:35:36.202451,53.6484,0.396029,0.394152,0.395091,0.330508,OPEN,0,0.0,1
2026-08-11T22:35:36.235251,53.6815,0.406744,0.401324,0.404034,0.356242,OPEN,0,0.0,1
2026-08-11T22:35:36.257683,53.7056,0.407444,0.401235,0.40434,0.373076,OPEN,0,0.0,1
2026-08-11T22:35:36.300191,53.748,0.394967,0.354622,0.374794,0.373678,OPEN,0,0.0,1
2026-08-11T22:35:36.334085,53.7815,0.370423,0.329774,0.350098,0.365425,OPEN,0,0.0,1
2026-08-11T22:35:36.369458,53.8158,0.356402,0.323179,0.339791,0.356453,OPEN,0,0.0,1
2026-08-11T22:35:36.406677,53.8526,0.102872,0.070526,0.086699,0.262039,OPEN,0,0.0,1
2026-08-11T22:35:36.440898,53.8872,0.048605,0.045317,0.046961,0.186762,CLOSING,0,0.0,1
2026-08-11T22:35:36.476341,53.9224,0.040996,0.039071,0.040033,0.135407,CLOSING,0,0.0,1
2026-08-11T22:35:36.500787,53.9469,0.070644,0.062075,0.06636,0.11124,CLOSED,0,0.0,1
2026-08-11T22:35:36.532957,53.9806,0.093223,0.077903,0.085563,0.102253,CLOSED,0,0.0,1
2026-08-11T22:35:36.569423,54.0156,0.105355,0.091787,0.098571,0.100965,CLOSED,0,0.0,1
2026-08-11T22:35:36.604085,54.0512,0.327461,0.252655,0.290058,0.167147,CLOSED,0,0.0,1
2026-08-11T22:35:36.638177,54.0857,0.380376,0.311631,0.346003,0.229747,CLOSED,0,0.0,1
2026-08-11T22:35:36.675968,54.1228,0.392306,0.339699,0.366003,0.277436,OPENING,0,0.0,1
2026-08-11T22:35:36.710150,54.1569,0.422024,0.378196,0.40011,0.320372,OPEN,1,0.269689,1
2026-08-11T22:35:36.745808,54.1925,0.428993,0.399441,0.414217,0.353218,OPEN,0,0.0,1
2026-08-11T22:35:36.903067,54.3479,0.417399,0.398069,0.407734,0.372299,OPEN,0,0.0,1
2026-08-11T22:35:36.937305,54.3831,0.409608,0.41274,0.411174,0.385905,OPEN,0,0.0,1
2026-08-11T22:35:36.970675,54.418,0.405478,0.414181,0.409829,0.394278,OPEN,0,0.0,1
2026-08-11T22:35:37.005342,54.4514,0.40401,0.410297,0.407153,0.398785,OPEN,0,0.0,1
2026-08-11T22:35:37.103353,54.5477,0.391486,0.403347,0.397416,0.398306,OPEN,0,0.0,1
2026-08-11T22:35:37.136044,54.5823,0.384389,0.398782,0.391586,0.395954,OPEN,0,0.0,1
2026-08-11T22:35:37.171034,54.6178,0.380911,0.396812,0.388862,0.393471,OPEN,0,0.0,1
2026-08-11T22:35:37.206773,54.6531,0.385237,0.387244,0.38624,0.390941,OPEN,0,0.0,1
2026-08-11T22:35:37.240746,54.6862,0.383363,0.382976,0.38317,0.388221,OPEN,0,0.0,1
2026-08-11T22:35:37.274413,54.7197,0.381803,0.381168,0.381486,0.385864,OPEN,0,0.0,1
2026-08-11T22:35:37.307694,54.7537,0.378669,0.380211,0.37944,0.383615,OPEN,0,0.0,1
2026-08-11T22:35:37.340095,54.7873,0.378046,0.379645,0.378845,0.381946,OPEN,0,0.0,1
2026-08-11T22:35:37.372825,54.82,0.377623,0.37851,0.378066,0.380588,OPEN,0,0.0,1
2026-08-11T22:35:37.399861,54.848,0.381773,0.373293,0.377533,0.379519,OPEN,0,0.0,1
2026-08-11T22:35:37.436488,54.8838,0.381329,0.371399,0.376364,0.378415,OPEN,0,0.0,1
2026-08-11T22:35:37.514106,54.9572,0.262521,0.293136,0.277829,0.343209,OPEN,0,0.0,1
2026-08-11T22:35:37.535354,54.9833,0.260558,0.286268,0.273413,0.318781,OPEN,0,0.0,1
2026-08-11T22:35:37.571581,55.0176,0.259832,0.280966,0.270399,0.301847,OPEN,0,0.0,1
2026-08-11T22:35:37.606001,55.0528,0.260331,0.277171,0.268751,0.290263,OPEN,0,0.0,1
2026-08-11T22:35:37.636796,55.0834,0.04944,0.117671,0.083555,0.217916,CLOSING,0,0.0,1
2026-08-11T22:35:37.671714,55.1212,0.019879,0.053125,0.036502,0.154421,CLOSING,0,0.0,1
2026-08-11T22:35:37.704242,55.1527,0.116868,0.135012,0.12594,0.144453,CLOSED,0,0.0,1
2026-08-11T22:35:37.801975,55.248,0.231802,0.298726,0.265264,0.186737,CLOSED,0,0.0,1
2026-08-11T22:35:37.837152,55.2837,0.273831,0.321869,0.29785,0.225626,CLOSED,0,0.0,1
2026-08-11T22:35:37.871214,55.3181,0.298217,0.324205,0.311211,0.255581,OPENING,0,0.0,1
2026-08-11T22:35:37.915121,55.3615,0.371126,0.339791,0.355458,0.290538,OPEN,1,0.278087,1
2026-08-11T22:35:37.938263,55.3841,0.361573,0.316167,0.33887,0.307454,OPEN,0,0.0,1
2026-08-11T22:35:37.970854,55.4177,0.36054,0.308118,0.334329,0.316861,OPEN,0,0.0,1
2026-08-11T22:35:38.009055,55.4558,0.398445,0.358269,0.378357,0.338384,OPEN,0,0.0,1
2026-08-11T22:35:38.043245,55.4905,0.372572,0.34715,0.359861,0.345901,OPEN,0,0.0,1
2026-08-11T22:35:38.065139,55.5125,0.369,0.348601,0.358801,0.350416,OPEN,0,0.0,1
2026-08-11T22:35:38.104535,55.5514,0.361611,0.352749,0.35718,0.352784,OPEN,0,0.0,1
2026-08-11T22:35:38.137539,55.5837,0.374884,0.359511,0.367197,0.357828,OPEN,0,0.0,1
2026-08-11T22:35:38.169040,55.6169,0.379782,0.36165,0.370716,0.362339,OPEN,0,0.0,1
2026-08-11T22:35:38.214136,55.6616,0.405588,0.36925,0.387419,0.371117,OPEN,0,0.0,1
2026-08-11T22:35:38.247234,55.6959,0.407071,0.37442,0.390745,0.377987,OPEN,0,0.0,1
2026-08-11T22:35:38.309849,55.758,0.400886,0.353456,0.377171,0.377701,OPEN,0,0.0,1
2026-08-11T22:35:38.345071,55.7927,0.407276,0.364759,0.386017,0.380612,OPEN,0,0.0,1
2026-08-11T22:35:38.381462,55.8276,0.411858,0.372948,0.392403,0.384739,OPEN,0,0.0,1
2026-08-11T22:35:38.405550,55.8516,0.411882,0.370742,0.391312,0.387039,OPEN,0,0.0,1
2026-08-11T22:35:38.438081,55.8856,0.126448,0.101238,0.113843,0.291421,OPEN,0,0.0,1
2026-08-11T22:35:38.471883,55.9202,0.091141,0.06491,0.078025,0.216732,CLOSING,0,0.0,1
2026-08-11T22:35:38.506002,55.9545,0.038258,0.03675,0.037504,0.154002,CLOSING,0,0.0,1
2026-08-11T22:35:38.605527,56.0516,0.056396,0.101702,0.079049,0.127769,CLOSED,0,0.0,1
2026-08-11T22:35:38.641307,56.0843,0.070202,0.107627,0.088914,0.11417,CLOSED,0,0.0,1
2026-08-11T22:35:38.669713,56.1167,0.076151,0.10906,0.092605,0.106622,CLOSED,0,0.0,1
2026-08-11T22:35:38.710737,56.1578,0.099625,0.119857,0.109741,0.107714,CLOSED,0,0.0,1
2026-08-11T22:35:38.747881,56.1944,0.091378,0.114725,0.103051,0.106082,CLOSED,0,0.0,1
2026-08-11T22:35:38.781549,56.2262,0.085353,0.110563,0.097958,0.103238,CLOSED,0,0.0,1
2026-08-11T22:35:38.803172,56.2506,0.086902,0.100895,0.093898,0.099969,CLOSED,0,0.0,1
2026-08-11T22:35:38.840224,56.2848,0.091976,0.119972,0.105974,0.102071,CLOSED,0,0.0,1
2026-08-11T22:35:38.872194,56.3187,0.09441,0.13595,0.11518,0.106659,CLOSED,0,0.0,1
2026-08-11T22:35:38.906956,56.354,0.048101,0.094737,0.071419,0.094325,CLOSED,0,0.0,1
2026-08-11T22:35:38.929868,56.3769,0.055271,0.114367,0.084819,0.090998,CLOSED,0,0.0,1
2026-08-11T22:35:38.964448,56.4115,0.066389,0.132239,0.099314,0.093909,CLOSED,0,0.0,1
2026-08-11T22:35:38.995259,56.444,0.086178,0.134777,0.110478,0.099708,CLOSED,0,0.0,1
2026-08-11T22:35:39.029449,56.4781,0.106771,0.153173,0.129972,0.1103,CLOSED,0,0.0,1
2026-08-11T22:35:39.048907,56.4982,0.110223,0.151217,0.13072,0.117447,CLOSED,0,0.0,1
2026-08-11T22:35:39.113732,56.5609,0.10056,0.184794,0.142677,0.126278,CLOSED,0,0.0,1
2026-08-11T22:35:39.146181,56.5905,0.111556,0.219959,0.165758,0.140096,CLOSED,0,0.0,1
2026-08-11T22:35:39.169759,56.6162,0.118674,0.223591,0.171133,0.150959,CLOSED,0,0.0,1
2026-08-11T22:35:39.206838,56.6539,0.140705,0.241289,0.190997,0.164972,CLOSED,0,0.0,1
2026-08-11T22:35:39.243235,56.6885,0.165195,0.253973,0.209584,0.180586,CLOSED,0,0.0,1
2026-08-11T22:35:39.275447,56.7229,0.178698,0.26527,0.221984,0.195076,CLOSED,0,0.0,1
2026-08-11T22:35:39.297407,56.7467,0.218352,0.265332,0.241842,0.211444,CLOSED,0,0.0,1
2026-08-11T22:35:39.333336,56.7804,0.269352,0.288249,0.278801,0.235019,CLOSED,0,0.0,1
2026-08-11T22:35:39.366615,56.8146,0.277905,0.296165,0.287035,0.253225,OPENING,0,0.0,1
2026-08-11T22:35:39.401209,56.8483,0.327956,0.307744,0.31785,0.275844,OPEN,0,0.92815,1
2026-08-11T22:35:39.435988,56.8834,0.306035,0.302026,0.304031,0.285709,OPEN,0,0.0,1
2026-08-11T22:35:39.470630,56.9177,0.290031,0.301509,0.29577,0.28923,OPEN,0,0.0,1
2026-08-11T22:35:39.507598,56.9552,0.317583,0.300803,0.309193,0.296217,OPEN,0,0.0,1
2026-08-11T22:35:39.543866,56.9896,0.323776,0.308171,0.315974,0.303132,OPEN,0,0.0,1
2026-08-11T22:35:39.576123,57.0239,0.319334,0.306151,0.312742,0.306496,OPEN,0,0.0,1
2026-08-11T22:35:39.611228,57.0578,0.08635,0.094584,0.090467,0.230886,CLOSING,0,0.0,1
2026-08-11T22:35:39.633892,57.0816,0.059244,0.081552,0.070398,0.174715,CLOSING,0,0.0,1
2026-08-11T22:35:39.657675,57.1044,0.056075,0.08315,0.069613,0.137929,CLOSING,0,0.0,1
2026-08-11T22:35:39.707871,57.1553,0.145716,0.128337,0.137027,0.137613,CLOSED,0,0.0,1
2026-08-11T22:35:39.743452,57.1899,0.185129,0.154548,0.169838,0.148892,CLOSED,0,0.0,1
2026-08-11T22:35:39.774176,57.2233,0.207383,0.168563,0.187973,0.16257,CLOSED,0,0.0,1
2026-08-11T22:35:39.810442,57.2597,0.248758,0.223067,0.235913,0.18824,CLOSED,0,0.0,1
2026-08-11T22:35:39.845574,57.2935,0.271496,0.255487,0.263491,0.214578,CLOSED,0,0.0,1
2026-08-11T22:35:39.880010,57.3263,0.283927,0.270391,0.277159,0.236481,CLOSED,0,0.0,1
2026-08-11T22:35:39.913226,57.3614,0.319204,0.306035,0.31262,0.26313,OPENING,0,0.0,1
2026-08-11T22:35:39.950399,57.3966,0.335756,0.327197,0.331476,0.287051,OPEN,1,0.338794,1
2026-08-11T22:35:39.985529,57.4321,0.345556,0.337503,0.34153,0.306119,OPEN,0,0.0,1
2026-08-11T22:35:40.021082,57.466,0.377715,0.351934,0.364825,0.326666,OPEN,0,0.0,1
2026-08-11T22:35:40.054714,57.5006,0.394196,0.368052,0.381124,0.345726,OPEN,0,0.0,1
2026-08-11T22:35:40.086452,57.5346,0.400931,0.374738,0.387835,0.360464,OPEN,0,0.0,1
2026-08-11T22:35:40.120874,57.5679,0.408771,0.394919,0.401845,0.374947,OPEN,0,0.0,1
2026-08-11T22:35:40.155160,57.6014,0.411782,0.403991,0.407886,0.386476,OPEN,0,0.0,1
2026-08-11T22:35:40.188252,57.635,0.414213,0.407945,0.411079,0.395087,OPEN,0,0.0,1
2026-08-11T22:35:40.224061,57.6714,0.170592,0.125586,0.148089,0.308638,OPEN,0,0.0,1
2026-08-11T22:35:40.258359,57.7064,0.109052,0.084465,0.096758,0.23448,CLOSING,0,0.0,1
2026-08-11T22:35:40.295994,57.7414,0.093527,0.076602,0.085065,0.182185,CLOSING,0,0.0,1
2026-08-11T22:35:40.319530,57.7652,0.134492,0.138248,0.13637,0.166149,CLOSED,0,0.0,1
2026-08-11T22:35:40.352242,57.8005,0.150479,0.167917,0.159198,0.163716,CLOSED,0,0.0,1
2026-08-11T22:35:40.388206,57.8342,0.159021,0.185434,0.172227,0.166695,CLOSED,0,0.0,1
2026-08-11T22:35:40.421859,57.8687,0.237403,0.240413,0.238908,0.19197,CLOSED,0,0.0,1
2026-08-11T22:35:40.454339,57.9021,0.275383,0.263506,0.269444,0.219086,CLOSED,0,0.0,1
2026-08-11T22:35:40.493855,57.9359,0.289847,0.272506,0.281177,0.240818,CLOSED,0,0.0,1
2026-08-11T22:35:40.520902,57.966,0.336527,0.30205,0.319288,0.268282,OPENING,0,0.0,1
2026-08-11T22:35:40.553584,57.9993,0.34741,0.322732,0.335071,0.291658,OPEN,1,0.292973,1
2026-08-11T22:35:40.585585,58.0325,0.350423,0.33324,0.341831,0.309219,OPEN,0,0.0,1
2026-08-11T22:35:40.620266,58.0671,0.392297,0.360039,0.376168,0.332651,OPEN,0,0.0,1
2026-08-11T22:35:40.655496,58.1007,0.402637,0.36565,0.384144,0.350673,OPEN,0,0.0,1
2026-08-11T22:35:40.693380,58.1353,0.405525,0.371378,0.388452,0.363896,OPEN,0,0.0,1
2026-08-11T22:35:40.717161,58.1642,0.404502,0.385129,0.394816,0.374718,OPEN,0,0.0,1
2026-08-11T22:35:40.753791,58.1997,0.401969,0.38802,0.394995,0.381815,OPEN,0,0.0,1
2026-08-11T22:35:40.787448,58.2328,0.401852,0.391469,0.396661,0.387011,OPEN,0,0.0,1
2026-08-11T22:35:40.809092,58.2564,0.4244,0.406784,0.415592,0.397014,OPEN,0,0.0,1
2026-08-11T22:35:40.831349,58.2784,0.435559,0.412157,0.423858,0.406409,OPEN,0,0.0,1
2026-08-11T22:35:40.863810,58.3128,0.444013,0.417414,0.430714,0.414916,OPEN,0,0.0,1
2026-08-11T22:35:40.905984,58.3532,0.129987,0.171876,0.150932,0.322521,OPEN,0,0.0,1
2026-08-11T22:35:40.934053,58.382,0.084474,0.114079,0.099277,0.244386,CLOSING,0,0.0,1
2026-08-11T22:35:40.967048,58.416,0.086253,0.099769,0.093011,0.191405,CLOSING,0,0.0,1
2026-08-11T22:35:41.012631,58.4592,0.077484,0.118536,0.09801,0.158716,CLOSED,0,0.0,1
2026-08-11T22:35:41.033229,58.4815,0.074944,0.119558,0.097251,0.137203,CLOSED,0,0.0,1
2026-08-11T22:35:41.067108,58.515,0.079498,0.122942,0.10122,0.124609,CLOSED,0,0.0,1
2026-08-11T22:35:41.109004,58.5569,0.113882,0.141461,0.127671,0.125681,CLOSED,0,0.0,1
2026-08-11T22:35:41.147589,58.592,0.140915,0.151445,0.14618,0.132856,CLOSED,0,0.0,1
2026-08-11T22:35:41.180331,58.6268,0.153421,0.157092,0.155256,0.140696,CLOSED,0,0.0,1
2026-08-11T22:35:41.212864,58.6595,0.266399,0.258049,0.262224,0.183231,CLOSED,0,0.0,1
2026-08-11T22:35:41.248779,58.6947,0.307153,0.309046,0.3081,0.226935,CLOSED,0,0.0,1
2026-08-11T22:35:41.282979,58.7291,0.323205,0.330232,0.326719,0.261859,OPENING,0,0.0,1
2026-08-11T22:35:41.305641,58.7527,0.341656,0.336758,0.339207,0.288931,OPEN,1,0.370692,1
2026-08-11T22:35:41.340453,58.7875,0.35036,0.344082,0.347221,0.309333,OPEN,0,0.0,1
2026-08-11T22:35:41.375841,58.8221,0.353655,0.347055,0.350355,0.32369,OPEN,0,0.0,1
2026-08-11T22:35:41.420334,58.8662,0.346323,0.342435,0.344379,0.330932,OPEN,0,0.0,1
2026-08-11T22:35:41.453599,58.8996,0.342478,0.343712,0.343095,0.335189,OPEN,0,0.0,1
2026-08-11T22:35:41.483345,58.9324,0.339752,0.343707,0.341729,0.337478,OPEN,0,0.0,1
2026-08-11T22:35:41.518229,58.9669,0.350894,0.345503,0.348199,0.34123,OPEN,0,0.0,1
2026-08-11T22:35:41.555832,59.0005,0.360494,0.343415,0.351954,0.344984,OPEN,0,0.0,1
2026-08-11T22:35:41.586930,59.0335,0.366325,0.343418,0.354872,0.348444,OPEN,0,0.0,1
2026-08-11T22:35:41.619481,59.0668,0.355291,0.343985,0.349638,0.348862,OPEN,0,0.0,1
2026-08-11T22:35:41.655112,59.0998,0.351449,0.344543,0.347996,0.348559,OPEN,0,0.0,1
2026-08-11T22:35:41.690199,59.1323,0.34836,0.343606,0.345983,0.347657,OPEN,0,0.0,1
2026-08-11T22:35:41.718538,59.1658,0.34853,0.340778,0.344654,0.346606,OPEN,0,0.0,1
2026-08-11T22:35:41.755107,59.1997,0.351291,0.341053,0.346172,0.346454,OPEN,0,0.0,1
2026-08-11T22:35:41.775372,59.2239,0.350685,0.341186,0.345936,0.346273,OPEN,0,0.0,1
2026-08-11T22:35:41.817091,59.2627,0.344959,0.343631,0.344295,0.34558,OPEN,0,0.0,1
2026-08-11T22:35:41.851412,59.2973,0.340163,0.340816,0.34049,0.343799,OPEN,0,0.0,1
2026-08-11T22:35:41.884805,59.332,0.337988,0.339193,0.33859,0.341976,OPEN,0,0.0,1
2026-08-11T22:35:41.908275,59.3559,0.337376,0.339711,0.338543,0.340774,OPEN,0,0.0,1
2026-08-11T22:35:41.941903,59.3897,0.336303,0.339209,0.337756,0.339718,OPEN,0,0.0,1
2026-08-11T22:35:41.977886,59.4237,0.335483,0.340967,0.338225,0.339195,OPEN,0,0.0,1
2026-08-11T22:35:42.009357,59.4564,0.319697,0.335964,0.327831,0.335218,OPEN,0,0.0,1
2026-08-11T22:35:42.042623,59.4912,0.318393,0.329428,0.323911,0.33126,OPEN,0,0.0,1
2026-08-11T22:35:42.067079,59.514,0.317135,0.325417,0.321276,0.327766,OPEN,0,0.0,1
2026-08-11T22:35:42.120157,59.5651,0.144252,0.159404,0.151828,0.266187,OPEN,0,0.0,1
2026-08-11T22:35:42.142372,59.5901,0.12732,0.130198,0.128759,0.218087,CLOSING,0,0.0,1
2026-08-11T22:35:42.175684,59.623,0.122371,0.119802,0.121087,0.184137,CLOSING,0,0.0,1
2026-08-11T22:35:42.215032,59.662,0.093113,0.108458,0.100786,0.154964,CLOSED,0,0.0,1
2026-08-11T22:35:42.247528,59.6934,0.084413,0.097266,0.09084,0.132521,CLOSED,0,0.0,1
2026-08-11T22:35:42.278523,59.726,0.084246,0.098883,0.091565,0.118186,CLOSED,0,0.0,1
2026-08-11T22:35:42.309945,59.7568,0.101274,0.119665,0.11047,0.115485,CLOSED,0,0.0,1
2026-08-11T22:35:42.346286,59.7907,0.111848,0.13147,0.121659,0.117646,CLOSED,0,0.0,1
2026-08-11T22:35:42.378237,59.8242,0.118063,0.132293,0.125178,0.120282,CLOSED,0,0.0,1
2026-08-11T22:35:42.413041,59.8594,0.137857,0.134571,0.136214,0.125858,CLOSED,0,0.0,1
2026-08-11T22:35:42.445464,59.8926,0.142304,0.129886,0.136095,0.129441,CLOSED,0,0.0,1
2026-08-11T22:35:42.479412,59.9266,0.146056,0.128779,0.137418,0.132233,CLOSED,0,0.0,1
2026-08-11T22:35:42.521485,59.9707,0.152871,0.137363,0.145117,0.136742,CLOSED,0,0.0,1
2026-08-11T22:35:42.557383,60.0045,0.156652,0.143157,0.149905,0.141349,CLOSED,0,0.0,1
